	scaffoldsTV46	scaffolds13110	scaffolds130651	scaffolds10102	scaffolds101A	scaffoldsAR01802	scaffolds13216	scaffoldsTV28	scaffoldsTV2	scaffolds5A20	scaffolds131098	scaffolds12801	scaffoldsAR991107	scaffolds5D62	scaffolds10109	scaffolds5A1	scaffoldsTV147	scaffolds106A	scaffolds13108	scaffoldsIV12	scaffolds5A7	scaffoldsAR00128	scaffolds134VP	scaffolds13872	scaffoldsIV30	scaffoldsTV7	scaffoldsTV29	scaffolds13435	scaffoldsAR9984	scaffoldsTV163	scaffolds10650	scaffolds117A	scaffolds13213	scaffoldsTV135	scaffolds131096	scaffoldsTV3	scaffoldsARL04446	E_faecalis_reference_sequence	scaffolds10641	scaffoldsEF13431	scaffoldsVV10	scaffoldsAR011155	scaffolds13985	scaffoldsTV154	scaffolds10104	scaffolds10217	scaffolds13988	scaffolds13107	scaffoldsTV5	scaffolds13217	scaffolds13433	scaffolds5A6	scaffolds12327	scaffolds5A16	scaffoldsTV105	scaffolds13986	scaffoldsTV70	scaffolds5A19	scaffoldsEF13212	scaffoldsTV19	scaffolds10646	scaffolds121VP	scaffolds132VP	scaffolds5A8	scaffolds131VP	scaffolds5A12	scaffoldsARL09542	scaffolds5A15	scaffoldsAR0036	scaffoldsAR96360	scaffoldsTV33	scaffoldsAR991024	scaffolds13105	scaffolds13219	scaffolds113A	scaffolds13761	scaffoldsTV112	scaffolds5A5	scaffoldsTV30	scaffolds13432	scaffolds12768	scaffolds10212	scaffoldsIV23	scaffoldsTV103	scaffoldsVV9	scaffoldsTV148	scaffoldsTV13	scaffoldsTV102	scaffolds10105	scaffoldsTV106	scaffoldsAR01912	scaffoldsAR01215	scaffoldsVV5	scaffolds13106	scaffolds120320	scaffoldsTV126	scaffolds5A9	scaffoldsTV9	scaffoldsTV32	scaffoldsIV22	scaffolds5A4	scaffoldsAR01673	scaffoldsTV121	scaffolds5A2	scaffoldsAR99190	scaffoldsVV14	scaffoldsIV18	scaffolds13109	scaffolds5A18	scaffoldsVV15	scaffoldsVV8	scaffolds10101	scaffolds13545	scaffolds5A13
scaffoldsTV46	1.0	0.9981446072186837	0.9981515925141244	0.9976104924514738	0.9975329295470883	0.9980906201550389	0.9981340395480226	0.9974668353105374	0.9988963556646792	0.9982739450510744	0.9989589719957462	0.9981382868244437	0.9990658336400443	0.9976916713681242	0.9974136278735634	0.9976640988892872	0.9847969979797979	0.99777681899964	0.9982333918967372	0.9971139106554376	0.9978240811198852	0.9969606443574226	0.9982711558854719	0.9984540894338263	0.997649764369868	0.9970216519901375	0.9979927629733522	0.9981422677499118	0.9976278215693302	0.9978205749559084	0.9975902551203738	0.9986622328379332	0.9982213740727659	0.9868412665330663	0.9978831992945325	0.9989765316901409	0.9861582436149313	0.9877146406570844	0.9981540201729107	0.9984173488865326	0.9976111679361624	0.9977802267818576	0.9984185143261408	0.9982950417827299	0.9974136566091955	0.9976053666427029	0.9983624681753891	0.9981212676553672	0.9980064225648214	0.9982078086956522	0.9983420212014135	0.998912773775216	0.9979939294532628	0.9989294380403461	0.9976629352517985	0.9982315240452617	0.9982763661295853	0.9980272756640344	0.9974926410348546	0.9977793093826298	0.9976607225017972	0.9989819819168173	0.9981736925795052	0.9978155184786509	0.9994417655417408	0.9994679632248941	0.7339526609963548	0.9980590524048818	0.9972528983994434	0.9980622588652484	0.9979607823960881	0.9973833881932024	0.9979055665372397	0.9982007346056895	0.9981984794908064	0.9994371469127041	0.9865088464598251	0.9981189698492461	0.9977614270687238	0.9984878351609483	0.99929690070922	0.9973434685816875	0.9966267641812343	0.9873978496784567	0.9978354781667268	0.9847625484652666	0.9980152513966482	0.9974049622980252	0.9979517092479309	0.9865055483346872	0.9974058832063838	0.9864315583398591	0.9976983391977481	0.9986101733286169	0.9993162220645619	0.9865445621019109	0.9978675493362037	0.998009076433121	0.9982128286713287	0.9976243774527292	0.9989111599423631	0.9977539320054946	0.9871450200642055	0.9981557260963334	0.9974893716337523	0.9976646552340122	0.9966172117101038	0.9975796478620196	0.9981898741912292	0.7396453333333334	0.9977372452692868	0.9978413345323742	0.9973871705565529	0.9989306162162165
scaffolds13110	0.9993486877667143	1.0	0.9996686685256186	0.9993317130620988	0.9993446825962911	0.9989560841423949	0.999590916057123	0.9990036691410394	0.9997544055201698	0.9995600560813179	0.9996942707240294	0.9990830038965639	0.9994397721425948	0.998894670487106	0.9993770970042796	0.9990226083840917	0.9864328733306355	0.9992666833095579	0.9992603919491526	0.999049173705472	0.9990545399212316	0.999228956241033	0.9996924408077995	0.9994659113475177	0.9987367836676218	0.998615892027172	0.9993046211048159	0.9996507839721255	0.9993297930788441	0.9990793617784153	0.9992549661319075	0.9996791067690162	0.9996419944309085	0.9879600521460088	0.9996180801393729	0.9995669427657304	0.9869958551068884	0.9882537648993013	0.9994078986799856	0.9996180585569886	0.9991105286183013	0.9993566630939619	0.9996982451253483	0.9993418329794763	0.9993489407988587	0.9993660871117457	0.999606867595819	0.9996588397212545	0.9997211083481351	0.9996300559245019	0.9995862613240418	0.9993002190305206	0.9993099787158568	0.9993032543103446	0.9990978584197353	0.9996548311869126	0.9991868430397728	0.9989998352435531	0.9992655776045358	0.9997876124690045	0.9993294646680945	0.9992316389290884	0.9996451585918439	0.9990268971694733	0.9999335928770952	0.9998269922698524	0.7393418345323741	0.9990814802867384	0.9984845021489973	0.9990622537207655	0.9997094867256636	0.9993225285714288	0.9995858536585367	0.9994016146202981	0.9996257087988829	0.9999252811735941	0.9871135606661379	0.9990623870967741	0.9993497567954219	0.9996829612835717	0.9995191936056839	0.9993068105601143	0.9991240503597123	0.987671808340016	0.9985172563176896	0.9864441481181707	0.9992887916371369	0.9993243785714286	0.9993072921869427	0.9872420302287583	0.9988164985486212	0.9878001868431296	0.9991277937477543	0.9996795885634591	0.9995415097690942	0.987354575059571	0.999062078108205	0.9995372406417112	0.9995926896067416	0.9987658428571429	0.9992994542190308	0.9995717402047299	0.9880368619582665	0.9991205093256815	0.9989795919828205	0.9986625672283972	0.9991699352750808	0.9993742998936547	0.9990365341926244	0.7390920619785459	0.9984723703433163	0.9993718285714287	0.9993548918823113	0.9993246858168763
scaffolds130651	0.9993885298295454	0.9996354152128403	1.0	0.9992548019978597	0.9992184266856938	0.9990544680086267	0.9995294918203969	0.9990163967468176	0.9997621026548673	0.9995030510846746	0.9995433811690585	0.9990763239985821	0.9990995733725635	0.9991011792114695	0.9992431501962183	0.9990544508050091	0.9864066194904973	0.9992005531763026	0.9993154837570623	0.9991860990825688	0.99904532234957	0.9990988235294117	0.9995476759581883	0.9994753693181819	0.9985971030042918	0.9987726214285715	0.9992918761061945	0.9995582346796656	0.9992509946524064	0.9991277789738071	0.9992208205494114	0.9995611006617904	0.9996083385579938	0.9879280561122243	0.999572669683258	0.9995559110320286	0.9869989517405062	0.9882570648604271	0.9992780549607424	0.9995335271587746	0.9988270222060431	0.9991919921456623	0.999635395608226	0.9994099505125487	0.9992076418123439	0.9992192041399001	0.999578784395681	0.9996042777584407	0.9995391725852274	0.9995544522226113	0.9995556387051864	0.9992872345767575	0.9992393097345132	0.999272938643703	0.9991021043229725	0.9995637273361228	0.9991438573456353	0.9990691198568874	0.9992514888337468	0.9995448603746907	0.9991853262032087	0.9992784737793852	0.9995852246603971	0.9990575670840787	0.9998608595387842	0.9997848139044944	0.7383144019138755	0.9991123828264757	0.998605885509839	0.9990890506553313	0.9997066076487251	0.9991350535331905	0.9995449408077995	0.9992994611839774	0.9995506450488145	0.9998615043630018	0.9870132368107895	0.9990528024337867	0.9993269857142856	0.9996128277545329	0.9994878878239263	0.9992128306595365	0.9990877929547091	0.9878080152365678	0.9984966726878614	0.9864209381318237	0.9991692149929279	0.9991996896182661	0.999299875089222	0.9873275469387756	0.998566286751361	0.9875653330736269	0.9990849353448278	0.9996282694986073	0.9995169602272728	0.9871143050039713	0.9990832915921287	0.9994998610121169	0.9995139845668186	0.9987563125894136	0.9993599426111907	0.999550380549683	0.9880945808263136	0.9992251560818083	0.9988775725026853	0.9986639290830945	0.9990186951833215	0.9992598830616585	0.9990855639097744	0.7389238210399033	0.998458199708455	0.9993081805208707	0.9992427771873894	0.9993222776183643
scaffolds10102	0.9991646290264207	0.9995233250000002	0.9994625303354746	1.0	0.9994439201710621	0.9987730157566875	0.9993923153763824	0.998759272596327	0.9995916149963953	0.9993948552020021	0.9994660978222065	0.9988471036475264	0.9993975	0.9992080387235568	0.9994435281539557	0.9991370128939828	0.9873656798693345	0.9993684313725489	0.9991777922547954	0.9992324640883977	0.9991272447151559	0.9993270950323974	0.9994388338088445	0.9996388821428572	0.9983941700109449	0.9983473544395924	0.9991456499819948	0.999446778451659	0.9994440822898032	0.9988978508771932	0.9994596576319544	0.9994634619506967	0.9994913770959685	0.987785472536349	0.9993936078431374	0.9994014125316913	0.9873371652593487	0.9880723276929426	0.999548791012839	0.999434998216197	0.9990959956076135	0.9994101677373304	0.9995269486081371	0.999166377385668	0.999418696116851	0.9994874848376739	0.9993919885755088	0.9994358987161198	0.999533414192614	0.999498418421992	0.9994231002497326	0.999480815959741	0.9990549314079423	0.9994917685118619	0.9992550160886665	0.9994412165536926	0.9989868078175895	0.9991854747402364	0.9994620221112697	0.9997212193362193	0.999460802425107	0.9994307210144928	0.9994436688079943	0.9991342631767658	0.9998193803724928	0.999727340501792	0.7389182073170733	0.9991122401433693	0.9990226407555394	0.9988112878787879	0.999386063446287	0.9994123533619457	0.9994314851838629	0.9995155551588718	0.9994150178571427	0.9998006012884753	0.9871861088709678	0.9991063681948426	0.9992639242810338	0.999601594565606	0.9993724927536232	0.9994232786885248	0.9994525135623871	0.9877168244336569	0.9982300957642727	0.9872626979591838	0.9989886873422285	0.9994413388075687	0.9995182317290552	0.9872214805725972	0.998775395840934	0.9879989095955591	0.9989018411420206	0.999528921813638	0.9994423957955779	0.9873536172789666	0.9991765639555715	0.9994413081395349	0.9994207967131118	0.9985934901531728	0.9995071685231763	0.9994536651095941	0.9878678172999193	0.9994054257994968	0.9991100646087582	0.9984573986116188	0.9992117309772809	0.9994534367201426	0.9991770154066643	0.7385503422982886	0.9982983178265725	0.9994901284338211	0.9994493473609128	0.9994813043478261
scaffolds101A	0.9991617689792954	0.9997293000717875	0.9997166977745875	0.9996834862056612	1.0	0.9990390537555227	0.999651456241033	0.9991680332610269	0.99976048136084	0.999602854578097	0.9998034302116972	0.9990862364031906	0.9994925546094039	0.9993694816414688	0.999733000358038	0.9993751997121266	0.9877277159230454	0.9996354600787685	0.9994097414420978	0.9994956159822421	0.9994121826681049	0.9995294904228407	0.9997612087517936	0.9998160768126347	0.998830729204837	0.998818734455011	0.9995296055012669	0.999668177251525	0.9995500143729786	0.9992356812339334	0.9996746095988538	0.9997009806034484	0.9996858694872713	0.9882869975688817	0.9996072202295554	0.9994807231104651	0.9874567513099558	0.988227518549052	0.9998212647796488	0.9997322684852837	0.9991552457813647	0.9996928417653392	0.9997983458916397	0.9995059522085445	0.9996644559770939	0.9996994412607451	0.9996685565529625	0.9996520014347202	0.9996022831215972	0.9996701864467552	0.9996223071402943	0.9995262103746398	0.9992786910804929	0.9995400540735401	0.9994842235801583	0.9996768626747938	0.9993186904328846	0.9993902302986686	0.9996543938307031	0.9997213545816734	0.9997024041562164	0.9994650726744184	0.9996481263460161	0.9993921930140439	0.9998347126436784	0.9997572024451636	0.7381451231527095	0.9994679214697406	0.9992202300949599	0.9991241022850926	0.9997235240854764	0.9996356223021582	0.9996682118491924	0.9998059518678162	0.999601533764368	0.9998256270212003	0.9875320476575121	0.999405305975522	0.9992696455973694	0.9997837154150199	0.9994342244823828	0.9996710136103153	0.9994543892714752	0.9882266585563667	0.9988656751757308	0.987677344517185	0.9994878905400506	0.9996766606886658	0.9997852955929775	0.9874109180327868	0.9990095607613471	0.9879016937723125	0.9988865690223361	0.999756702586207	0.9994606100217867	0.9875558844911148	0.999436061915047	0.9996533576642337	0.9997276696588869	0.9989602087147568	0.9995413400576371	0.9996436980859515	0.9883275669099756	0.9994161892767183	0.9993313801801802	0.9989295671313277	0.9995284643245202	0.9996385908927933	0.9994509424460433	0.7388452992518703	0.9988003736920777	0.9997437015781923	0.9996355503764792	0.9995522234234233
scaffoldsAR01802	0.9994415256045517	0.9991210982658959	0.9990864275414565	0.9988053178978318	0.9987844468945241	1.0	0.9991129895420123	0.9982671793029105	0.9993296250901226	0.9991891702586208	0.9991159241877255	0.9989501156487169	0.9992792827638002	0.9987556823910694	0.9986631252295264	0.9986948280907098	0.9857979416598192	0.9986618338846013	0.9991127000720981	0.9986201316284317	0.9986625824175824	0.9986376776556778	0.9990976631806707	0.9989605999263893	0.9981776511289148	0.9981816189786309	0.9984722382151856	0.9991276523620627	0.9988281183777861	0.9991067733812949	0.9986672089607052	0.9990740909090912	0.9990947727272728	0.9878885353946296	0.998981826368876	0.9996660216606499	0.9874179086254431	0.988253155737705	0.9987330944505698	0.9990869888207716	0.9989394837056024	0.9986027610294117	0.9991634296028882	0.9990222090517241	0.9986806093979442	0.9987212490815577	0.9990076199062387	0.9991057209805336	0.9996178468208092	0.9992058217962373	0.9990082263878876	0.9993236189775654	0.9990271309996389	0.9993065807876335	0.9986607607497244	0.9991390902527075	0.9990817352732435	0.9987759919472915	0.9988240705363705	0.9995801876578853	0.9987506683804628	0.9993216427783902	0.999145037865128	0.9987592566825341	0.9996674392455569	0.9996780230880232	0.7364265270935961	0.9986902560351133	0.9980961224489795	0.9989553984853952	0.9993022048918824	0.9987722413162705	0.9990603894698882	0.9986620675725303	0.9991628050541516	0.9996581920289854	0.9869771	0.9987486483516483	0.9991854406409324	0.9989586101083033	0.9994600761973876	0.9987753580609624	0.9988896323529411	0.9874610264765784	0.9981136045655378	0.9856137166324436	0.9986475413371675	0.9986545391112744	0.9988046233002574	0.9872378044739023	0.9984948723640402	0.9868750059642147	0.9986713864201922	0.9991805122655123	0.9995003413217138	0.9871582244488978	0.998787949469059	0.9992880092923518	0.9990527443202308	0.9984242919548598	0.9992824117647058	0.9991808580508476	0.988070048879837	0.9989373842762674	0.99858728440367	0.99819633054241	0.9986513789319679	0.9988706940874036	0.998796881641627	0.7372751282051282	0.9983121629521374	0.9987899485672298	0.9987418685756242	0.999339919058131
scaffolds13216	0.9995108553100498	0.999828392857143	0.9998151713286713	0.9993255050143266	0.9993090580229228	0.9993239033189033	1.0	0.9994539545615904	0.9998570181043662	0.9997307557117749	0.9998488756148981	0.9993547720797722	0.9993768551367331	0.9991993129496404	0.9993213538681949	0.9991519138240575	0.9867213057583131	0.9993568172043011	0.9995350496102056	0.9992211712707183	0.9991731836148041	0.9992073038156947	0.9998939713086076	0.9994133179067284	0.9990611897915169	0.9991554858372176	0.999834414799004	0.9998937635536901	0.99932090096532	0.9993424721122707	0.9993207736389684	0.9998977248862444	0.9998779741077677	0.9883088223472669	0.9997918734708146	0.999711807486631	0.9872812162162165	0.9882582778462804	0.9993863489788606	0.9998821406086045	0.9990334502923978	0.9993371961276445	0.9998911861441567	0.9997334646787362	0.9993530085959885	0.9993170655678968	0.9998423251748253	0.9998274833974137	0.9997715675097968	0.999859841883345	0.9998630594405596	0.9992562809917356	0.999452564923515	0.9992516828478963	0.9991659411975619	0.999826609517145	0.999453831908832	0.9991839174147218	0.9993477773826459	0.9999108161816891	0.9993465211166787	0.9992009782608695	0.999834177746676	0.9991941178584262	0.9999462298528381	0.9998429380717805	0.7368117195121952	0.9991765948275863	0.9987519468390805	0.9993955156472261	0.9998466820603907	0.9993334025787965	0.9998298006993007	0.9993652880512092	0.99979365323993	0.9999403848845347	0.987519368044515	0.9991881824712644	0.9994637665592555	0.999880654303709	0.999574303526897	0.9992932426628489	0.9988316342692584	0.9882922467845658	0.9990165758896153	0.9866865058775841	0.9995918714488636	0.9993100501253133	0.9993776173414547	0.9876250552599263	0.9989414963503651	0.9875907167900273	0.9991834859408795	0.9998657817418679	0.9995387526728438	0.9874542567567567	0.9991463231597846	0.9998139419978518	0.9998162662909476	0.9991787495508444	0.9992465468918433	0.9997964851485149	0.9883316525934861	0.9990986520488856	0.998969827586207	0.999029553474973	0.9991635822510823	0.9993351795236405	0.9991902946460655	0.7380552078239608	0.9989296956362305	0.9993618237190971	0.9993258549591184	0.9992284584980236
scaffoldsTV28	0.9980116023842917	0.9992689520426287	0.9992348542999289	0.9988071671490594	0.9986138114161851	0.998512162840746	0.99910804973357	1.0	0.9997614330653618	0.9991537725185449	0.9995755883398508	0.998688043940468	0.9993023492647061	0.998618275737941	0.998708710725894	0.9985405507559395	0.9854297246963565	0.9988393277918323	0.9989063426925847	0.9978914385835485	0.9985451313422096	0.9986707147937409	0.9991597019162528	0.9992908034744842	0.9982537732474964	0.9984270723104056	0.998835363540569	0.9991308884150675	0.9988300827933765	0.9981000992204111	0.9987590754785123	0.9994381401137981	0.9990507310149043	0.9872611326078194	0.9989341234918382	0.999525408915409	0.9863638558487594	0.9876790110791958	0.9993744150670045	0.9992260341151387	0.9980070130813955	0.9988866908037655	0.999245218317359	0.9982783502271932	0.99867457235655	0.9988031405854717	0.9991644029850747	0.9991404404973356	0.9989078519035978	0.9992404971590909	0.9991737810945273	0.9992287689530684	0.9987254091392135	0.999263019140484	0.9986630980817951	0.9991142228530872	0.9983761258741258	0.9985816384587685	0.9988026211135216	0.9989897139867457	0.9987475009041592	0.9991509627216795	0.9990279865056817	0.9986941909909912	0.9999200961196155	0.9998174610481587	0.7347233868974042	0.9985334269258459	0.997849614973262	0.9985981003201709	0.9990613767863369	0.9984727269465374	0.9990896909413853	0.9992014016660631	0.9991240433854907	0.9998827182044889	0.9869706269968052	0.9986848324324323	0.998252302538787	0.9993560682545324	0.9994315335463259	0.9987415623869802	0.9974498676207515	0.987346533494754	0.998042060627932	0.9852838834951456	0.9988981710296685	0.9985701589595377	0.999053532176428	0.9858777491830065	0.9983219840116277	0.98635	0.997795048404446	0.9993845289726272	0.9995188237384504	0.9870003277378098	0.9986196397694527	0.9989232836350728	0.998576218309859	0.998360967511603	0.999196717171717	0.9991248638268158	0.9875499435028249	0.9990294736842106	0.9984922290241266	0.9982689473684211	0.997529146953405	0.9988215943600867	0.9987785740007202	0.7382817961165048	0.9983536648451731	0.9988857437567863	0.9988081200289227	0.9992519783393502
scaffoldsTV2	0.9989824709199858	0.999819020234292	0.9997725177556818	0.9994823733719246	0.9994239392844236	0.9991034618155621	0.9997974866879659	0.9997131722689077	1.0	0.9997868982630271	0.9997524122029087	0.9992273338073231	0.9992159366948842	0.9992727998554913	0.9993966004335262	0.9992087833935018	0.9860713892264075	0.9993555310693643	0.9994485966174884	0.9984445719557195	0.9992214935064934	0.9993889964285714	0.9997561418439714	0.9994708378475983	0.9991638107232816	0.9990558575478383	0.9995620487460262	0.9998040625000001	0.9994745815295818	0.9988081902386889	0.9994227755692086	0.9997405115452932	0.999795399077687	0.9883200444264943	0.9997449503193754	0.9995579036229337	0.9872736309758989	0.9877302130274478	0.9994639934947596	0.9997836066737665	0.9988852172325665	0.9994294934876992	0.9998078467541681	0.9991562447257386	0.9994324421965317	0.9994562450307193	0.9997191193181817	0.9997900248491303	0.9996226404494384	0.9998255855216465	0.9997426411075612	0.9992561502347418	0.9994648701529706	0.9992773193641619	0.9991830897250362	0.9996669741042924	0.9993173647224175	0.9992157870036102	0.9994462197325622	0.9998468955851436	0.9994408824593128	0.9991857877580587	0.9997856001420455	0.9992149205776175	0.999869978693182	0.9998201204819277	0.7349965244667503	0.9991701984843019	0.9984392274678112	0.9992231227694505	0.9998249964961459	0.9994502702702706	0.9997948313809016	0.9994724972894831	0.9997880825329064	0.999851122159091	0.9875331165203511	0.9992222932466597	0.9990250815602838	0.9997949946751864	0.9994622751510841	0.9994157034358047	0.9982939546599496	0.9882876677445432	0.999042227866473	0.9861438882138517	0.9996888884992988	0.9994156182212581	0.9993213583815029	0.9869525828898895	0.9988574772147285	0.9875197877358489	0.9988597334293948	0.9998139453124999	0.999512927783707	0.9875235209580838	0.9991705162454874	0.9996379836123975	0.9993647301587302	0.9990946879483502	0.9992441985559569	0.999839096005606	0.9882869588045234	0.9992608877661493	0.9991193749999998	0.9990197984886651	0.9983953907093988	0.9994804119985544	0.9992165367965369	0.7379196703296704	0.9990031254585472	0.9994654828209766	0.9994478785688472	0.9992685048754063
scaffolds5A20	0.9992188699964575	0.9995970267417312	0.9995952141853933	0.9991261160874241	0.9990737285100286	0.9990715674318508	0.9995369417134833	0.9990415077683618	0.9997692748496642	1.0	0.9996474269623373	0.9990419469964664	0.9992781095991172	0.9989776912080056	0.9990632808022923	0.9988948197072475	0.9865766937449227	0.9990370763167324	0.9994133926664295	0.9978782509090909	0.9988743678571428	0.9989919283154121	0.9995550456781449	0.9992153559928446	0.998654515898535	0.9986326945039258	0.9994526282278032	0.9995803266596417	0.9991497721609115	0.9978904501949665	0.999067411385607	0.9996507803163445	0.9995972909346452	0.9869512480127186	0.9995771804775281	0.999505055062167	0.9872323678982916	0.9884010376188508	0.9991173127911143	0.9996122023182299	0.9989651220400728	0.9991314736464681	0.9996729430379746	0.9993635557909606	0.9991038717765045	0.9990801181948424	0.9995554127151387	0.999588992275281	0.9996847088068184	0.9996185965529373	0.999567805477528	0.9991388407871198	0.9992623633156967	0.9991593913354815	0.9987963499462175	0.999588460456942	0.9991563346331087	0.9989110853266691	0.9990953840657377	0.9997571923620935	0.999062659269864	0.9990214657039711	0.9995617252283907	0.9989126250000001	0.9998305954897816	0.9998780131761443	0.7399945299145299	0.9989485035714286	0.9984828459063282	0.9990228955752213	0.9996399150743099	0.9991448965763194	0.999547267298911	0.9990856361686921	0.999582943449245	0.9998243365012318	0.9871728833134209	0.9989377964285714	0.9993641970021413	0.9997138247712879	0.9995244298866854	0.9990470758768791	0.9987952924291353	0.9869122093949045	0.9985572083784762	0.9865099187982135	0.9993112482319662	0.9990560042964555	0.9991627946972412	0.9874867213114754	0.9987078358750907	0.9872564930015553	0.9986823797559226	0.9996251598173516	0.9995139723600284	0.9871837992831541	0.9989103820064262	0.9995547681883025	0.9995072464788733	0.9988469503038971	0.9991389123434705	0.9996091411474831	0.9870814086748905	0.9991406840974213	0.9987944941008223	0.9986405619183967	0.998942161107168	0.999095325	0.9989145873526261	0.7385274639423076	0.9987118062636562	0.9991580444126074	0.9991051678571431	0.9991581675017897
scaffolds131098	0.9995585021398005	0.9999113119943722	0.9999095251494902	0.9996011593682701	0.9996062293906812	0.9993760187861273	0.9999180801687766	0.9997501314387212	0.9999136150568183	0.9998245406546992	1.0	0.9994375400498399	0.9994440922509228	0.9993073947463117	0.9996131182795699	0.9994364074874011	0.986821870182556	0.9995715632843312	0.9995743692088381	0.9992878081180814	0.9994261416756564	0.9994642363112393	0.9999079100807869	0.9996098211731045	0.9991104210147537	0.9992763339317775	0.9998186628733998	0.999920133661625	0.9996097706093191	0.9994255991363801	0.999588129032258	0.9998414707952147	0.9999011841180604	0.9883476768488747	0.9999061990154711	0.999726530103313	0.9871699642289348	0.9880840197287301	0.9996220430107526	0.9999374393246572	0.9990993489392831	0.9995566582914573	0.9999176009834914	0.9997574493783304	0.9996182186379929	0.9995766571018652	0.9998343514938489	0.9998857489451476	0.9997545033819866	0.999897273366128	0.9998517897327709	0.9994703275737942	0.9995448094050587	0.999485280979827	0.9994657584471603	0.9999287561489812	0.9995138417676409	0.9994487441525728	0.9995936506800287	0.9999287038352271	0.9996022955523672	0.9994242519970952	0.9998882026028844	0.9994536262153405	0.9999311775043939	0.999877108136668	0.7362059485924113	0.9994450539956805	0.9986016918646508	0.9994414880740478	0.9998830621669628	0.9995906355475762	0.9999000035174112	0.9995980959198282	0.9998701620288833	0.9999200105522335	0.9877778118772419	0.999442159827214	0.999437624507345	0.9999392118226602	0.999539231043076	0.9995931599713055	0.9991717502706604	0.988220570969039	0.9990591182873731	0.9868927261663285	0.9997108573461403	0.9995992246949033	0.9996034408602151	0.9878426822276822	0.9990770120394015	0.9878856724003128	0.999142726945245	0.9998979317622231	0.9995955500178001	0.9878385366826158	0.9994065023389708	0.999888530992476	0.9998897424135499	0.999139486535009	0.9994927969762419	0.9998750938717677	0.9883337178456592	0.9994416336811804	0.9992532829917297	0.9991021750090024	0.9993955836646188	0.9995969051878355	0.9994345451276518	0.7377952392638036	0.9989610055045873	0.9995970997846374	0.9995990017889086	0.9994855455527548
scaffolds12801	0.9991754782915638	0.9991270965468642	0.9990501127554617	0.9986732554796981	0.9986514639397202	0.9986802292263611	0.9990984536808736	0.9985956615059817	0.9991905563380283	0.9990899121265379	0.9991427544910181	1.0	0.999237605939877	0.9985778953029759	0.9987093362038034	0.9986598744169358	0.9862611201629328	0.9986312917115179	0.9987849339521598	0.9987454154411767	0.9986932795698927	0.9986245025053687	0.9990988877155931	0.9989066954332976	0.9987815495432186	0.9980626102418207	0.9990148924162259	0.9991022903453136	0.9987919734957023	0.998682484848485	0.998774908438061	0.999150451817861	0.9991269552974305	0.9878165518622347	0.999037706939063	0.9991613861386139	0.9871982586275287	0.9878857456503728	0.9987303195691202	0.9990526189636941	0.999262141066953	0.9987146402877697	0.9991276161971832	0.9990216742877241	0.9987691711517761	0.9986446372126437	0.998999753434308	0.9991035447498239	0.9991692340275325	0.9991141936619718	0.9990762134554421	0.9989203739661995	0.9996537028056806	0.9989385899280574	0.9986632913669066	0.9991227279127068	0.9990407643536454	0.9986998852223816	0.9988049532710281	0.999131954225352	0.9986493321364452	0.9988674810263823	0.9990636539816773	0.9988029325197415	0.9993342090395482	0.9992704540654701	0.737529575	0.9988256101938263	0.9979212602935911	0.9987647954866009	0.9991445496129486	0.998690855404438	0.9990867477096548	0.9988088960805465	0.9990546311330744	0.9993433968926556	0.9868945555116555	0.998664474345174	0.9986291462113127	0.999053961931618	0.9998800937500002	0.9986811849192101	0.9990565186246417	0.98780477929374	0.9987290567375888	0.9862217963340122	0.9988270098730608	0.9987584584980239	0.9987406927494616	0.9875603784450843	0.9989794860813705	0.9867397518417991	0.9988254282692985	0.9991003207613676	0.9999012890896457	0.9867932753852232	0.9987401471115896	0.999062273534636	0.9989937799717915	0.9989996980337077	0.9989261812297734	0.9989779444834856	0.9878955671342686	0.9988693460294648	0.9989242846949695	0.9989031703026037	0.9986063070837828	0.9987473778735633	0.9986850824964133	0.7393373333333334	0.9985900825260136	0.9987161408551924	0.9987699353448275	0.9989388888888889
scaffoldsAR991107	0.9993860954848262	0.9994389555555557	0.9994156164383564	0.9994795250463823	0.999425233506301	0.9990047080838322	0.999404983339504	0.9993853922651933	0.9994180309734513	0.9994094696132598	0.9994110432852387	0.9994884992679355	1.0	0.9994594534711965	0.9994115863602671	0.9994730993719987	0.9885637370814386	0.9994165900667161	0.9989835320584929	0.999404720793534	0.9994076744186046	0.9993393262150221	0.9993882278949314	0.999451394141639	0.9995791135135135	0.9991539712389381	0.9993864501845019	0.999427388888889	0.9994616531065088	0.9989692161254199	0.9994008858413639	0.9993798259903741	0.9994103995560488	0.988070556222489	0.9994311181044058	0.9993171091445427	0.988262352700491	0.9882542709196355	0.9994513120830246	0.9994180488707887	0.9996291873426825	0.9994502040059348	0.9994264113947467	0.9994196939528025	0.9994396220822528	0.9994411012235819	0.9993527296296297	0.9994150055534988	0.9992387144440342	0.9994364470762399	0.9993877786005182	0.9994477104874446	0.9995407768052517	0.9992731339977852	0.999434513372957	0.9994149241583427	0.9993725268618008	0.99947341211226	0.9994349331848552	0.999423339483395	0.9994313872403562	0.9993581865284974	0.9993960533135876	0.9994516925351072	0.9994407552758239	0.9993828660779986	0.7326989962825279	0.9994208200960474	0.9991632383419689	0.9993864156515321	0.9993991089837998	0.9993918171765573	0.9994041910403554	0.9994008234421368	0.9992964060763245	0.9994057719363201	0.9882769939393939	0.9994050350942003	0.9992424151917405	0.9994186301369864	0.9995175722120658	0.9994130229970327	0.999360577274388	0.9880369723668402	0.9994536100950988	0.9885736115702478	0.9992029056047197	0.9994426995915336	0.9994638065233507	0.9886755080879303	0.9997068034557235	0.9874269059011165	0.9992418878842676	0.9994329433543132	0.9995256986501277	0.9882562479806138	0.9994336571850757	0.9994082905027935	0.999373297557365	0.9996213397988506	0.9994589143279174	0.999139663496708	0.9880372789115647	0.9993791734317345	0.9993843104719765	0.9994244882459314	0.9992219523809525	0.9994673172541745	0.999461675276753	0.7390899877149878	0.9992588685463202	0.9994454805194807	0.9994420890538035	0.9994559216845217
scaffolds5D62	0.9996634258271077	0.999503227779777	0.9995131344356578	0.9994906474820145	0.9993989611790081	0.9993422538766678	0.9994647194244606	0.999029272334294	0.9997864512635377	0.9995339778016471	0.9996860000000003	0.9991245034308415	0.9993905210643014	1.0	0.9994120568140957	0.9995204366499643	0.9876838761279737	0.9994370647482015	0.9992580962800875	0.9993316068122918	0.9995482915472781	0.9993111127115593	0.9994386731391586	0.999750983429395	0.998544087751371	0.9987569737800439	0.9994941955266957	0.9994932722042432	0.9994991759226085	0.9994663483351626	0.9994283171521037	0.9995825944584383	0.9994956957928804	0.9882172598297528	0.9995190330697341	0.9998744166666665	0.9874100282599919	0.9880037334983497	0.9995751493342929	0.9995129654924516	0.999105835777126	0.9994723029866859	0.9995857805755397	0.9995810810810811	0.999446350233729	0.9994296007194245	0.9994273155811443	0.9994676762589927	0.9996461839246924	0.9995896638358103	0.9994358950395399	0.9998176122082586	0.999187700650759	0.9998198887293611	0.9995831076701477	0.9995150682961899	0.9995698611111111	0.9995066702470462	0.9994491480948959	0.9997498267773367	0.9994043812949643	0.9997982898550725	0.9994852283351313	0.9994777363896848	0.9998353479985574	0.999866143626571	0.7362866785714286	0.9995894946236561	0.9991428418038655	0.9992097650885435	0.9997350487188743	0.9995367300789663	0.9994732602444285	0.9997653621621624	0.9994950665707089	0.9998116330209084	0.9875115778853913	0.9995446597421205	0.9992916090280306	0.9997730198198199	0.9994838701487124	0.9993968237410072	0.9993907241129617	0.9882446975233455	0.9983743551952838	0.987640832308323	0.9992973124098122	0.9994371690647482	0.9996036645068394	0.9875449302134648	0.9987671897810221	0.987450533596838	0.9986502446923353	0.9996299172364159	0.9995241603191878	0.9879269296116506	0.999557797277937	0.9995236882267442	0.9994830464530068	0.9987651734209567	0.999835064608758	0.9995943393552956	0.9883384421906694	0.9998000789379262	0.9991356845131154	0.998703579795022	0.9993287648970746	0.9994730039525692	0.9996080558539207	0.7374525600961539	0.9984220648527768	0.9995234256926955	0.9994264786201938	0.9998348043087972
scaffolds10109	0.9994834133042529	0.9996637275985663	0.9995760515944107	0.9996599928366764	0.9996865330948121	0.999077016188374	0.9995995557147975	0.9990229515895952	0.9996929971077367	0.9995368543758967	0.9997607741935486	0.9991724239130436	0.9995614253980007	0.9993839042821159	1.0	0.9994304244604318	0.9875680221583915	0.999521052254832	0.9993892870134594	0.9994041848428836	0.9994855771305287	0.9995062707581227	0.9997299032604802	0.9998210326281821	0.9986694175824178	0.9988586539868325	0.9992827838033261	0.9996660967741936	0.999627489224138	0.9993227359529931	0.9995620214669053	0.9997391490125673	0.9996323344074471	0.988077024390244	0.999573588825215	0.9996804107597238	0.9873898911729141	0.9883774710743802	0.9997194058697209	0.9996462007168458	0.9992316850220264	0.9996111752060196	0.9997408563238983	0.9995411038726023	0.9996194563662374	0.9995970042949179	0.999558045894586	0.9996173235399499	0.999645110707804	0.9995925931232091	0.9995552776782516	0.9997436602957087	0.9992572417542587	0.9997397691197693	0.999563244699964	0.9996362750716334	0.9994423163636362	0.9994430683453236	0.9996397671085633	0.9996682699963807	0.9996690616045844	0.9996854343874954	0.9996342273216207	0.9994493230104431	0.9999030700179533	0.9998319237684288	0.7385695721271394	0.999498912886969	0.9991296024799416	0.9992070874138559	0.9996383061889251	0.9995822665229886	0.9996173252061671	0.9996883710082526	0.9995996879483502	0.9999179525862072	0.987513809138698	0.9994766846652269	0.9993565241228073	0.9997649587073607	0.9995040247003272	0.9996047709377238	0.9994993113446903	0.9879473515052888	0.9985650332594235	0.9874796472518458	0.9992067390517555	0.9996340064562411	0.9995856048675734	0.9874586513157894	0.9989401426481345	0.9878308892417628	0.9990274660799413	0.9996898637015781	0.9995348729121278	0.9875661796843384	0.999524580784455	0.9995093761400949	0.9996500933237618	0.9989037381126555	0.9996879819819822	0.9995172438672438	0.988168555736371	0.999621635446686	0.9992601799856011	0.9987701869501465	0.999440383502171	0.9995614965986396	0.9994933980582524	0.7393585766871167	0.9985586034353996	0.9997288745519715	0.999609570200573	0.9997566534439237
scaffolds5A1	0.9994234696092619	0.9996102092352094	0.999644990990991	0.999648882882883	0.9995830450450452	0.9993858327219372	0.999612038170688	0.9993320411107105	0.9996204368231049	0.9996354193548388	0.9996247855855854	0.9992388720173536	0.9993330388170059	0.9996778522768017	0.99955400432121	1.0	0.9877720328542094	0.9995263950973323	0.9993937828947367	0.9993969770029675	0.9996215836617698	0.9994371835557158	0.999522018018018	0.9996626774774776	0.9987276571637427	0.9989789034608378	0.9995920180505415	0.9996134270270272	0.999655016146394	0.9993138098720294	0.9995626090090088	0.9996527958152959	0.9996259776737487	0.9882277313311688	0.999605583573487	0.9996658653149892	0.9875603802588997	0.9878186374896779	0.9996360310021629	0.999617431556196	0.9989957613469986	0.9995762522522524	0.9996477793799567	0.9996170583994233	0.9995746489016925	0.9996185987031702	0.9995705909909911	0.9995805581562839	0.9995425769091567	0.9996368445726649	0.9995549027377522	0.9997099462943072	0.99929573960217	0.9997044591690544	0.9995960482708934	0.9995902307969707	0.9993869406227371	0.9996987370304116	0.9996039755131438	0.9997054801444045	0.9995937846597046	0.9997111662441145	0.9995891744772892	0.9995657679914072	0.9997244332129962	0.9997660465949821	0.7359817200474497	0.9996421812320918	0.9991806486880468	0.9993615133960898	0.9996263948033203	0.9996239626704952	0.9995594846846847	0.9996713976945246	0.9995976217971851	0.9996992895780744	0.9877357102387697	0.9996243613595708	0.9991965671641793	0.9996006344628695	0.9993682898550726	0.9995425207057976	0.9993234840810418	0.9881398862713241	0.99875522718877	0.9877531691297209	0.9993519343197401	0.9995852468468469	0.9996410374639768	0.987838207973695	0.9989280519005849	0.9874035776545167	0.9983574312935142	0.9996544160057679	0.9993832717391307	0.9878139813689752	0.9996335433070865	0.9996274080815434	0.9995788248017303	0.9988062367555718	0.9997396061582527	0.9996158255227109	0.9882128246753247	0.9996513046594985	0.9992634881209503	0.9987006734992678	0.9994036212504516	0.9996255727665707	0.9996990938395416	0.7376326682692307	0.9987007348004476	0.9996655583573487	0.999614987396471	0.999747529538131
scaffoldsTV147	0.9861728728606357	0.9870776835236542	0.9870603913575213	0.9883692665842604	0.9882448332647179	0.9864234816646065	0.9870573257236038	0.9864092266992267	0.9866701792260691	0.9869845617611088	0.9871483442088093	0.9871311849118491	0.9885008416252073	0.9882075474031328	0.9883316103789127	0.988236188710342	1.0	0.9881982139917697	0.9867610175725378	0.9876978890728476	0.9881552512355849	0.9878491177677472	0.987058101832994	0.9884579942339374	0.987030930709307	0.9861523815359478	0.9866771405161819	0.9869569384427233	0.988388196788802	0.9860591581528403	0.9884144128553771	0.9871203466557912	0.9869589975550124	0.9938903477588872	0.9869501587947883	0.9865635224489797	0.9851566386890487	0.987374453157243	0.9883538030490318	0.9870610065199675	0.9883011423841059	0.9883422496909765	0.9871661475743989	0.9862042542787285	0.9883189337175793	0.9882672322899505	0.987012010603589	0.9869745906313645	0.9862601014610389	0.9870732504078302	0.9870263595597227	0.9884196163366337	0.9872787628021302	0.9884275288778878	0.9880711738056013	0.9870663854930726	0.9864128839103871	0.9881374124433459	0.9883602551440329	0.9864980211726385	0.9882331988472622	0.9882479417879418	0.9869744073319755	0.9882477677100492	0.9872396287229702	0.9872677120717782	0.7368179131483715	0.9882048517298188	0.9863555002041651	0.9868029279279279	0.9865295694557271	0.9882452471169687	0.9869388467807662	0.9884534705640181	0.9870665878516103	0.9872410240718076	0.9861468901453958	0.9883362020618557	0.9863548446443173	0.9870449571952712	0.9874353341533416	0.9883706466227347	0.9872351807723913	0.9937913965183752	0.9872721249486232	0.999455139329806	0.9862989492900609	0.9881320896750309	0.9883251359143327	0.9982166594124047	0.9881647701863355	0.9863300079554493	0.9871410320723685	0.9871283448838156	0.987438269782698	0.9862241414141413	0.9883104328112119	0.986540214876033	0.9864629473684211	0.9870245958145261	0.9883796948453609	0.9866433984533984	0.9937638360402166	0.9883187546391753	0.988481196369637	0.9870751950718686	0.9869028858784894	0.9883691152263374	0.9883435711340206	0.738596924004825	0.9870001730531521	0.9883560362587557	0.9882695310571781	0.9884322597938144
scaffolds106A	0.9995059381818183	0.9997656054617321	0.9997687243981315	0.9998071633752244	0.9997943850842596	0.9992184439528025	0.9997229346264368	0.9993493123416575	0.9998059869612458	0.9996730611510793	0.9997975771715721	0.9992882752360206	0.9995910938079348	0.9996107104219257	0.9997273359627107	0.9995365405405405	0.9877156691297208	1.0	0.9994488775510206	0.9994879510929974	0.9995549388048954	0.9996255808903367	0.9997271474703984	0.9998724533045978	0.9988325954478708	0.9989925714285717	0.9994866075307748	0.9997449227452392	0.9997443824270796	0.9993132010290333	0.9997404734576756	0.9998105283968367	0.9997764070351758	0.9883244218241042	0.9996978779174149	0.9997215138282386	0.9877264277035238	0.9883945586406964	0.9997915566714491	0.9997565948275863	0.9992274181684445	0.9997181077199282	0.9997690093323764	0.9995942753623189	0.9997511939763356	0.9997708647290995	0.9997228771551726	0.9997461781609197	0.9997062804213585	0.999778007896626	0.9997497557471264	0.9997539696860339	0.9993950145243282	0.9997683423618636	0.9996700647715006	0.9997648940754041	0.9993500400000003	0.9995962054054054	0.9997542226211849	0.999872766497462	0.9997624192390524	0.9996910702584637	0.9997658626887131	0.9995760548142806	0.9999428191298094	0.9998439899171767	0.737526500622665	0.9996021240533718	0.9992990526700806	0.9992830330548494	0.9997442624139182	0.99972081742888	0.9997368918433346	0.9997956449874238	0.9997382740021574	0.9999152985611512	0.9876644692058346	0.9995928658976208	0.9993777103145576	0.9998726942446046	0.9995608727272728	0.9997572900215365	0.9995378867102396	0.9882922095393396	0.9987801814142909	0.9875661484823626	0.9994547662196446	0.9997127550287357	0.9997834325681492	0.9876525503907857	0.9991109284403671	0.9878278679395385	0.999081072740632	0.9997724362199065	0.9995378815406976	0.9878130170316303	0.9995602162162164	0.9997527442371024	0.9997360208483106	0.9989722397360703	0.9997174170274168	0.999760614605929	0.9883218289205704	0.9996952992069216	0.9993774954889932	0.9989266727941177	0.9994933284989124	0.9997746642728905	0.9995791825711199	0.737191938271605	0.9987222808988766	0.9997638972701148	0.9997360538599642	0.9997442908697223
scaffolds13108	0.9993662780593774	0.999758640569395	0.9997347460035525	0.9994465841223599	0.999406420247633	0.9994006895306861	0.9997358792184726	0.9992760778658977	0.9998548754062837	0.9997183249999999	0.9996866357142858	0.9990905495300072	0.9993623752345216	0.9990311293859649	0.9993944428259286	0.9991462162162162	0.9865570268074736	0.9993953770491804	1.0	0.9990302842183993	0.999093776479182	0.9992684004392386	0.9997393956629934	0.9994764676076728	0.9987753136396791	0.9987269152419062	0.9996091440953413	0.9997470753375978	0.9994278436363636	0.9993618990990991	0.9993762964311725	0.9997010408525755	0.9997503874866691	0.9884530679062248	0.9997360284191831	0.9995551792828685	0.9874690302066773	0.988271204769737	0.9994232083029863	0.9997040888099467	0.9990743148904566	0.9993915591985428	0.9997513437611092	0.9994571001440922	0.999434368401893	0.9994094828841952	0.9997149378330373	0.999745111900533	0.9998292738439307	0.9997440085744909	0.9997463161634103	0.9993257242136064	0.9993638939011189	0.9993286676427526	0.9991429544626595	0.9997073293029872	0.9992614073806079	0.9991211683096021	0.999433815551537	0.9999007545126355	0.9994008224163028	0.999266459100958	0.9997434529307283	0.9991090284879475	0.9999257142857144	0.9998895490336436	0.7369144897959184	0.99910276743337	0.998523725917848	0.999092838569881	0.9996979135135134	0.9994166678805535	0.9997344827586208	0.9993794396240059	0.9997064069726076	0.9999339608540926	0.9873672759856632	0.999097531044558	0.9994010876682432	0.9997626004980434	0.9995506734250543	0.9993998580786027	0.9991163036303631	0.9882492363636364	0.9985728213627993	0.9866523151909019	0.999580393359798	0.999414664967225	0.9994115549890751	0.987564856557377	0.9988910300111152	0.9876568816358631	0.9990719992676678	0.9997421207815276	0.9995518079710145	0.98733715651135	0.999120171595473	0.9997240436363636	0.9996899678111588	0.998800415451895	0.9993522970007316	0.9997023265012586	0.9883625494949495	0.9993669692532943	0.9990494190719766	0.9986839146296973	0.9993498644688645	0.9994226292947559	0.9991444026306173	0.7382242997542997	0.9987922665690223	0.9994352784856209	0.999445978300181	0.9993721039151116
scaffoldsIV12	0.9981778296296296	0.9991579347423064	0.9991843449296817	0.999400680044593	0.9992727377414562	0.998542622456669	0.9991302700702923	0.998144325323475	0.9986488818955944	0.998637880794702	0.9991806706187478	0.9989031008902077	0.9996363639719456	0.9990116053511706	0.9992676857355126	0.99898453432282	0.9871653661563922	0.9992543924191749	0.9989991151106112	1.0	0.998947961381359	0.9985425886262924	0.999093800888231	0.9994345919881306	0.9988493379919088	0.9979955843195266	0.9988295398886827	0.9992158370370371	0.9993371200889548	0.9968487615869487	0.999234210330732	0.999238726868986	0.9992355386893745	0.986924808	0.999105569526627	0.9984155980683507	0.9881881574675323	0.9877684911120297	0.9994838229825213	0.9991818941916392	0.9993051033210332	0.9992039598811293	0.9992419948186531	0.9979750793650795	0.9991570638455828	0.9992866877323421	0.999125863854976	0.9992512287194671	0.9981997440652819	0.9991375945144553	0.9991384276729559	0.9994187825763217	0.9990633802295444	0.9994398175725988	0.9990667050948308	0.999138981858571	0.9980523655913979	0.9989909766060158	0.9992553965900669	0.9984845619223661	0.9992949572966952	0.9992959872849663	0.9991501739452257	0.9990925390334572	0.9995699851466765	0.9986312435803375	0.7332624402515724	0.9989603713330857	0.9983952878228783	0.9987178550185875	0.9980758604135893	0.9991643618201996	0.999213983709737	0.999276037805782	0.9991678695813265	0.9995898664688428	0.9878233401388322	0.9990335449146251	0.9983529641934292	0.9991371417993338	0.9995109691793539	0.9992991827637445	0.999297823571945	0.9867988506207449	0.9988563016759776	0.9872013322300371	0.9978447413155951	0.9992808918617615	0.9992425436316376	0.9869944532224533	0.9991826131762973	0.9878106508638007	0.9990928219278883	0.9992286787564768	0.9994959077380952	0.9879882521489971	0.9989935735512628	0.9991355597154624	0.998254637841833	0.99896230429989	0.9994775651526433	0.9982110651537337	0.9871286223468161	0.9992687565152644	0.9991892862426036	0.9987187536764708	0.9970262807525326	0.9993938250555968	0.9991107657992564	0.7390828624078624	0.9987274859708197	0.9993735562987738	0.9992415005557616	0.999434784065525
scaffolds5A7	0.9994782461205343	0.9998009992784994	0.9998086909484313	0.9998037261261261	0.9997808603311736	0.9994381192828395	0.9998119040750091	0.9995483693304535	0.999787734149856	0.9997990590339894	0.9998026990990991	0.999460119219653	0.9995109469417834	0.9998167905646891	0.9997705579553636	0.9998432237312365	0.9880989158110883	0.9997967806985956	0.9994340153452684	0.9995853743513715	1.0	0.9997112378553438	0.9998174873828406	0.9998388932948811	0.9989769730123998	0.9991836690909089	0.9997250036049028	0.9998042316017316	0.9998023162423807	0.9994039730025537	0.9998162765574361	0.9997971150378651	0.9997846126126128	0.988186584178499	0.9998114785430942	0.9998314476534296	0.9874558104838711	0.9881567792421747	0.9998274226061914	0.9998198196898664	0.9991452226277372	0.9997852610731003	0.9998105225225224	0.9997814321698454	0.999792679150162	0.9997859776737487	0.9997805373241978	0.9997865308330329	0.9996864213564215	0.9998144196106706	0.9997994013703572	0.9998633774124375	0.9994631358381503	0.9998701895565091	0.9997444380403459	0.9998159372746936	0.9994032202166065	0.9998440264380136	0.9997931482149298	0.9998573999278759	0.9997915922190203	0.999844804913295	0.9997902380093762	0.9997811222301646	0.9998450991705733	0.9998606614229532	0.7352462334536704	0.9998779235167977	0.9993748617176128	0.9995274052688561	0.9997512275017997	0.999807880200861	0.9997889574314573	0.9998088095238097	0.9997844043321301	0.9998346969696968	0.9878752642194434	0.9998290493209436	0.9993078015988371	0.9997950577200578	0.9995288046226076	0.9997702989913545	0.999507953068592	0.9880770251623378	0.9989801546391753	0.988067118226601	0.9995898198198198	0.9997351965380454	0.9998168358531316	0.9881230452674897	0.9991603351548269	0.9875699960505528	0.9985086501276906	0.9998133068878471	0.9995111022768343	0.9878279983857949	0.9997579171132549	0.9997723572208075	0.9997493876080691	0.9990127656477438	0.9998709935668335	0.9997933645196113	0.9881471643002029	0.9998497034655235	0.9994536216798277	0.9989385808099235	0.9996249945867918	0.9998096357735305	0.999818642857143	0.7379309454545455	0.9988608178438662	0.9997769261261261	0.9998110854670035	0.9998593924231594
scaffoldsAR00128	0.9987223478574003	0.999592606498195	0.9995430663780664	0.9995836235549131	0.9995582605557561	0.9990508299669482	0.9995863924963925	0.9991763084612637	0.9997998461538462	0.9995374910136592	0.9996406457431458	0.998985932754881	0.9996490952732643	0.9993316943042538	0.999563240707326	0.9993090450450451	0.9876856594528378	0.99952359566787	0.9993337833882181	0.9987393375046008	0.999256096507022	1.0	0.9996092465753423	0.9996534066330209	0.9986798868613138	0.998675681818182	0.9991168975468976	0.9996059833994947	0.9995986299892128	0.9985707734204793	0.9995457416095274	0.9995914698447094	0.9995898521989905	0.9878742597087379	0.9995703174603174	0.9995507255747127	0.9877164680000001	0.9881074394747641	0.9996012125586432	0.9995569083694086	0.9994078388278388	0.9995725424340917	0.9996709776334776	0.9988931707317071	0.9995720165945167	0.99955659566787	0.9995076190476192	0.9995970310245309	0.9998139978448276	0.9995757807428778	0.9995771572871572	0.9996372796242774	0.9992389113924052	0.9995991543187569	0.9993142547033286	0.9995828092318787	0.9990761292639139	0.9993019344380403	0.9995934403173461	0.9996841633823002	0.9995946153846155	0.9995483629764067	0.9995274711399712	0.999291009372747	0.9998886148282096	0.9998844164265129	0.7350692063492065	0.9993500504686376	0.9988550505780346	0.9989580327272728	0.999675684662138	0.9995789012567327	0.9995549115842657	0.9994497224224946	0.9995269147398845	0.9999123046309696	0.9872273416700282	0.9993156036036037	0.9990561925443359	0.9996188475433527	0.999602506347479	0.9995523040808958	0.9988539834472832	0.987530291380008	0.9985709285187916	0.9874079616795761	0.9993532569792412	0.9995567172812727	0.9995628906531937	0.9872991911764706	0.9990347468123859	0.9874016910891089	0.9988297185672513	0.9995465620490621	0.9995779180268407	0.9871636561743343	0.9993356144144145	0.9993671807930159	0.999042930416069	0.9989094679300293	0.9996606358381503	0.9995612834224599	0.9879448441926344	0.999508689530686	0.9992282558558558	0.9987625721592984	0.9985062428160919	0.9995732876712329	0.9993571495495498	0.7375747665847665	0.9985180683506687	0.9995695410191543	0.9995720728190337	0.999659244669317
scaffolds134VP	0.9993884743954481	0.999873119105833	0.9998328257073001	0.9995659749552773	0.9995448177269479	0.9991390742074927	0.9998563687150838	0.9995099114730879	0.9998439199716712	0.9997414636714637	0.9998487351086196	0.9992269815340911	0.9994300442151806	0.9990772567324956	0.9995424901750625	0.9992132519741567	0.9867408380566802	0.9994581350482317	0.999518542108988	0.9992341273932254	0.9991766822094692	0.9993871746944644	1.0	0.99960638365897	0.999043658886894	0.9990034383954155	0.9997038879035117	0.9998725392944465	0.9995263925634609	0.9992732818671455	0.9994781886387997	0.9998182034253758	0.9998691660851361	0.9882404494382023	0.9997779092495638	0.9995621116246001	0.9872470487901628	0.9882092648870636	0.9995704789135097	0.9998180125742228	0.9991126506024096	0.9994756672629698	0.9998643250784792	0.9995273184555437	0.9995216220078601	0.9995503218884121	0.9997562443280977	0.9998330691340782	0.9996861896306818	0.9998542011212336	0.9997842318435756	0.9992988649425287	0.9994691610380376	0.9992806182602444	0.9992560659261913	0.9998404570830427	0.9993177087033748	0.9992184781048097	0.9995436353944563	0.9997887677053825	0.999543147353362	0.9992411082940963	0.9998213831645129	0.9992094827586206	0.9999256409360812	0.9998326010544816	0.7366826303030303	0.9991705635319454	0.9986415793251975	0.9992419701810437	0.9998487947536334	0.9995220981023988	0.9998208941669577	0.9995195486851457	0.999800583916084	0.9999029594689028	0.9874941984126985	0.9991945852782764	0.9994307296137339	0.9998561146051712	0.9995118443496803	0.9995573068669528	0.9991188188692833	0.9880871841155235	0.9989693123416576	0.9867206108414238	0.9995619616885421	0.999549946313529	0.9995185244730262	0.9876297627811862	0.9990370757465405	0.9878125944682509	0.9991306506110712	0.9998412224938876	0.9995349964438124	0.9874602223987292	0.9991829971284998	0.9997960293066477	0.9998264743138635	0.99909860981727	0.9992714793536803	0.999811318953324	0.9881876565008025	0.9992767540394973	0.9991792718794835	0.9990195616241465	0.9993231412103747	0.9995542202486679	0.9992223170731707	0.7391474725274725	0.9988851245421245	0.9995397137745974	0.9995376269982238	0.9993216133668702
scaffolds13872	0.9993347859216256	0.9998877087794433	0.9998972779165181	0.9998852064631959	0.9998456527977044	0.9991782554287817	0.9998545649072754	0.9996072477396021	0.9998228478496566	0.9998438163558107	0.999816807444524	0.999227389412618	0.9994812726600077	0.9996115135135134	0.9998435975609756	0.9996268635217861	0.9878169328419328	0.9998689881593111	0.999526608821403	0.9995886853766617	0.9995454872348076	0.999697896066402	0.9998371810406274	1.0	0.999014961524368	0.9990251187431494	0.9997710897900074	0.9998563325008918	0.9998582167204879	0.9992379105571848	0.9998445927520632	0.9998614882226982	0.9999121774768353	0.9882691325496555	0.9998496576319545	0.9994518359941944	0.9876990553088415	0.9881925791855203	0.9998563020086084	0.9998433915834524	0.9991710414374769	0.9998375995694295	0.9998663934426231	0.9996127677279304	0.9998388880918223	0.9998731312769009	0.999866383737518	0.9998525927246792	0.9996981768756797	0.9998839133548159	0.9998613195435092	0.9995828592005761	0.9995024120420748	0.9996160972972973	0.9995857959037011	0.9998383987161199	0.999311005444646	0.9995904031677465	0.9998773832442066	0.9998595729279767	0.999837824838478	0.9995118722786647	0.9998519057815847	0.9995639769452449	0.9999213195435094	0.9998594328786792	0.7364036930455636	0.9995814620093626	0.9993910058309038	0.999253069666183	0.9998239182344429	0.9998668294434471	0.9998277559757403	0.9998695010691375	0.999842176554682	0.9998831680342491	0.9874787389202258	0.9995794670507742	0.9992993034281547	0.9998566571530504	0.9995451850507983	0.9998255005382131	0.9995359023508138	0.9881080996758509	0.9990141078684892	0.9879484889434891	0.999648326693227	0.9998350700179535	0.999872862266858	0.9876181247435372	0.9991824414348461	0.9878982751784299	0.9991221436423596	0.9998877381377098	0.9995143722786647	0.9875702822580645	0.9995531425485962	0.9998072325666302	0.9998175323275862	0.9990659956076136	0.9996360749009722	0.9998242042583906	0.9882370936359952	0.999573323741007	0.9995081762589929	0.9990401651376147	0.9996659479015919	0.9998801283880172	0.9996086978417266	0.7385529232643119	0.9989408489154825	0.999876407035176	0.9998624563279858	0.9996543768011529
scaffoldsIV30	0.9970584370529327	0.9974521482277122	0.9972874088634739	0.9970359868661074	0.9969727252827436	0.9970221281216071	0.9972979235167978	0.997475172905526	0.9976272444603288	0.9971669416785208	0.9974934955277281	0.9974877058409571	0.9982394035714287	0.996675118224809	0.9968481954064893	0.9969447471807932	0.9850718572587187	0.9971060021905804	0.997324641304348	0.9972036995271009	0.9968754112081514	0.9967900978970269	0.997421656529517	0.9972080255474453	1.0	0.9970404491978611	0.9972617350946092	0.9974334025044723	0.99692454248366	0.9970334609826589	0.9969016812545587	0.9974006654740607	0.997382009295674	0.9865226095538887	0.9973725696926377	0.9977603613595707	0.9857387842669845	0.9865919694467382	0.9970914014598541	0.9974530793991414	0.9977241190979566	0.9971100146198832	0.9975693703041144	0.9970895614973263	0.9968969544626596	0.997012337709701	0.9972989099356683	0.997221775634155	0.9970312999999998	0.9973258103756709	0.9973845851216022	0.9975036237695953	0.9976207150368036	0.9975078628738147	0.9970297626871123	0.9972124991061853	0.9970504361816231	0.9967644149709304	0.9969580641633249	0.9972040499108735	0.9969656726212176	0.9974429385964914	0.997376373390558	0.9968320800000002	0.9980695226130654	0.9979009914407989	0.7342721760391199	0.9968909425036393	0.9965075017998559	0.9970833725490194	0.9971678573975047	0.9968958360536815	0.9973895277280859	0.9972509996351699	0.997352754919499	0.9980022373610613	0.9864415608986994	0.996843082515449	0.9972657769066287	0.997422794275492	0.9983710966149506	0.9968180138483966	0.9968488646911816	0.9868329232594937	0.9976385121350684	0.9851702108678021	0.9971213440285206	0.9971073304157548	0.9970278409919766	0.986081331967213	0.9976535051182492	0.9851946284829721	0.9975480857740585	0.9974966153846154	0.9983930891158859	0.9863132453721939	0.9968327008360595	0.9971833417266188	0.9973392849481587	0.997663152060963	0.9975441034985423	0.9970882825779037	0.9865982259976294	0.9971953515482695	0.997135034382917	0.99773106870229	0.9966982416396981	0.9969675583090382	0.9967777409967261	0.7423556904761905	0.9980074226441632	0.9971047683327254	0.9970460845789283	0.997486224489796
scaffoldsTV7	0.998375575411008	0.9994234757422157	0.9993416329479767	0.9990374274163912	0.9987924201248621	0.9989969354250272	0.9991699025974026	0.9990783879003559	0.9997390146376296	0.999134683680805	0.9995770886075946	0.998875133767173	0.9992942284866468	0.9990294428152491	0.9986510601614086	0.9987976619099889	0.9864550183448837	0.998796520940485	0.9990552908891328	0.9981821674694332	0.998863139194139	0.9989007756433492	0.9992107842428621	0.9992445143487858	0.9985913217768149	1.0	0.9987498027259685	0.999142818477084	0.9988355681818182	0.9982863380281691	0.9987020917431195	0.9995377693420102	0.9993156044749187	0.987744677484787	0.9991185101010104	0.9997907183702645	0.9872483824701195	0.987749839769926	0.9990062697537672	0.9993349602888087	0.9983972093876053	0.9987466323907456	0.9996347214182345	0.9984949125936496	0.9988149834862385	0.9986606642201835	0.9992718352601156	0.9991604834054835	0.999030593280915	0.9992633670886076	0.999311329479769	0.9993373780711403	0.9989376725695699	0.9993574137931035	0.998736490455213	0.9991671593783882	0.9990197280858678	0.9989834456243135	0.9987167450404114	0.99900911000356	0.9986636316947909	0.9993188280675972	0.9991444436416187	0.9989165408574571	0.9997596776530243	0.9997670183651421	0.7313551243781095	0.9991000549853373	0.9982665994962219	0.999189098805646	0.9991535247948627	0.9988740797658252	0.9992652926300579	0.9991239168812064	0.9991293205637876	0.9997333453887884	0.987933967107902	0.9991407069597069	0.9985055452601569	0.9991780794223829	0.9993205247918928	0.9987109761467892	0.997424027777778	0.9878467181153533	0.9988592257121988	0.9862795643322475	0.998991055258467	0.9988587904411766	0.9990341020932795	0.9870068459958933	0.9984673826979473	0.9874835123309467	0.9983117095255343	0.9995544813877846	0.9993971960926195	0.9878983192940232	0.9989355327718784	0.9990359028281364	0.998663782234957	0.9987739718106253	0.9993366642228737	0.9992642384341639	0.9879420625253756	0.9992140498899487	0.9983870201834861	0.9987348282097649	0.997542592321755	0.9989363078618663	0.9990106888970318	0.7379180887792849	0.9983206532110093	0.9988893059125965	0.9988243791329905	0.9993473587674246
scaffoldsTV29	0.9981526797614874	0.9989779745493106	0.998968470505122	0.9985160639827463	0.9984403591954022	0.997976047925608	0.9989483574708585	0.9984488772298007	0.9990237675561797	0.9989446938775509	0.9989910035335691	0.9983489936440678	0.9990432036697248	0.9981235934144597	0.9984207183908045	0.9981047208303508	0.9854069751324909	0.9985113079410708	0.9986477435530088	0.9981505075395367	0.9982500358294517	0.9979269360028602	0.9989501447740112	0.9988054712230218	0.9976452423378476	0.9974059206798869	1.0	0.9990851855779428	0.9984168732091692	0.9980346500888098	0.9982247434517403	0.9990154539032144	0.9988021983062807	0.9872899032648126	0.9985160331452752	0.9991541419491524	0.9864643242172018	0.9876465359207266	0.9988894710327455	0.9991119476846944	0.9976491090184716	0.9984859856115105	0.9991509720749382	0.9981782971268396	0.998447763016158	0.998576360043119	0.9990223868458273	0.9988454802259888	0.9983677231201687	0.9990239660657477	0.9989729282938892	0.9991350863309353	0.9985945303672317	0.9991458504135204	0.9981590075512407	0.9989446273401626	0.9979847838312832	0.9981924435686134	0.99855205248023	0.9983758257522743	0.9984898454349389	0.9990433261183261	0.9986414548022599	0.9981813440860213	0.9999168570415043	0.9997806951305578	0.7352720724094882	0.9981413185238265	0.997654605779522	0.9983585141843974	0.998544840630473	0.9981605287602715	0.9988328990112995	0.998794498020871	0.9989200600919053	0.9998977021276596	0.9866421647433345	0.9981972277936965	0.9981391516436904	0.998940600494525	0.9993988526912183	0.9983336099137933	0.997821757337151	0.9873493179983858	0.9979535541951746	0.9852978940936864	0.998207142857143	0.9983704885057471	0.9987050611071173	0.9860192469135802	0.9978076683562636	0.9865984540117417	0.9975502465166132	0.9991699151643689	0.999441455897981	0.986711749003984	0.9982566630824373	0.9985211461619348	0.9986899717912554	0.9980530922693268	0.9991377338129498	0.9984958745180512	0.9874585720048406	0.9986226740847093	0.9981779906709725	0.9980041749999999	0.9978663623344075	0.9984146173194397	0.9982816983160159	0.7394221718377088	0.9979097817388141	0.9987313525179856	0.9986348184106436	0.9991524379719523
scaffolds13435	0.9994975730577333	0.9997556029360365	0.9997002339385475	0.9992652682403435	0.99922443490701	0.9991745244956772	0.999756335078534	0.9991934468085107	0.999882179623713	0.9996505614035087	0.9998227492977527	0.9992789292066881	0.9993979032853452	0.9991016199712643	0.999222378397711	0.9990419469343852	0.986781044534413	0.9991714566929134	0.9994681026548673	0.9991336066176472	0.9990818198133523	0.9990925521207763	0.9998127822439707	0.9993669914651494	0.9989436957301758	0.9990032557306592	0.9995999218194741	1.0	0.9992141592288468	0.9993010611510792	0.9991849391988555	0.9997788846153846	0.9997653494060097	0.9881920641282566	0.9997176893542757	0.9997331158645275	0.9871285685963521	0.9883322350041084	0.9993124552612743	0.9998099021663174	0.9990604233576642	0.9992889111747854	0.9998478399161133	0.9996578361120965	0.999262421316166	0.9992000894454384	0.9997113971358715	0.9997283804537521	0.9997389027431424	0.999735384075763	0.9997617254628013	0.9992543175287356	0.999364353233831	0.9992790294751978	0.9991183918338108	0.9997603808525508	0.9994635078347578	0.9991075860832137	0.9992309694602273	0.9998469031571477	0.9992083702644746	0.9992124483882653	0.9997161229479568	0.9991311984212415	0.9999745043782838	0.9998541892367218	0.7379007255139056	0.9991014352350197	0.9986357173601149	0.9993084760213143	0.9997995099431818	0.9992397317596567	0.999724752094972	0.9992693179396094	0.9997116748251748	0.9999488212661771	0.9875187082670907	0.9990966559024042	0.9994860221983529	0.9998478531468533	0.9995458496615605	0.9992156075768407	0.998772272563826	0.9881763833199679	0.9988414980050782	0.986737049777418	0.9994654719659333	0.9992232356095818	0.999303822476736	0.9876209599673204	0.9988203386744355	0.9877822438644331	0.9990940820734339	0.9998208036338226	0.9995816393442624	0.9875555666003976	0.9990800968436158	0.9997001608866642	0.9997381315974666	0.9990766535150646	0.9992710632183909	0.9996916749116608	0.988273524458701	0.999238906868033	0.9988767934002869	0.9988996513299786	0.9990839503060858	0.9992594036208733	0.9990895477386934	0.7383867153284672	0.9987859970728137	0.9992966833631488	0.9992345793397232	0.9992638433908045
scaffoldsAR9984	0.9992073823316439	0.999465218794835	0.9995032736389685	0.9994452495511671	0.9993988868940753	0.9990180153789818	0.999384416607015	0.9986585075702956	0.9997037883712531	0.9994546032880631	0.999558704235463	0.9990361446654612	0.9996331777777777	0.9993316325798351	0.9994614331896551	0.9994048655432054	0.9875541946034342	0.9994253108156665	0.999214136429608	0.9992519549981554	0.9993405487804878	0.9994066606757729	0.999488899641577	0.999635399784869	0.998400445580716	0.9985236052439913	0.9992479797614746	0.9994316935195131	1.0	0.9990560709064329	0.9994382980251346	0.9996247578040905	0.9994600394123971	0.9878598099474323	0.9994146027201146	0.9996584199055576	0.9870799436165928	0.9882846001648804	0.9995001976284585	0.9994805085959886	0.9992560813782991	0.9994902948579647	0.9995574578702042	0.9993029848594089	0.9994202585278278	0.9994675880661394	0.9994404405444126	0.9993876314847943	0.9997626395939085	0.9994541556113301	0.9994607091690544	0.9998003742353363	0.9991071144817625	0.9998182066978754	0.999337334532374	0.9994081411174786	0.9991369406227371	0.999331835125448	0.999407582260372	0.9998244597036501	0.9994733716337524	0.9997072159709619	0.9993514168157426	0.9994326845878138	0.9998980165586753	0.9998926640372894	0.7389864473684211	0.9994411537083484	0.999068430021755	0.9988608598265896	0.9996327689530686	0.9994561401000713	0.9994686743102831	0.999430479599141	0.9993490681003584	0.9999194570298455	0.9869544877460829	0.9994038378766142	0.999414161196207	0.9995369178327951	0.9995870188816268	0.9994034625044852	0.9994990941898233	0.9876343643724697	0.9981521525985995	0.9874867538838922	0.9990009841384284	0.9994246192528736	0.999553583752696	0.9871334642126789	0.9987780591025173	0.9874205047318612	0.9987836570172225	0.9995412002866357	0.9995815074464222	0.9872770853462157	0.9994353818572966	0.9994624181818184	0.9994856865564343	0.9985861810879884	0.9998211514933428	0.9994425457809695	0.9879825768608415	0.9995789564591578	0.9990909677419354	0.998319349177331	0.9992544964028777	0.9994294277539342	0.9993775322812052	0.738547744270205	0.9982568812802383	0.9995661372619478	0.9993756652360515	0.9998083555235695
scaffoldsTV163	0.9973864242852101	0.9977117302158274	0.997722493711822	0.9970824488304092	0.9970779437545653	0.9979023548387096	0.9976724730409778	0.9971250336283187	0.9977158389499825	0.996781379921958	0.9980375729204177	0.9972465938395416	0.9976263030528669	0.9970290410461314	0.9971615350877194	0.9970340014524328	0.9840247430190207	0.9974805781192828	0.9978778173318951	0.9955078064992614	0.9973704943656851	0.9964126115107914	0.9977595577130529	0.9975868763716166	0.9970782559825963	0.996512340957827	0.9975500106761567	0.9976828720345076	0.9970751232777376	1.0	0.9971188117001828	0.9980639474631162	0.9978081452192669	0.9864554135037953	0.997611644524237	0.9977648381358947	0.9859125994486019	0.9864357563368765	0.9975938140556369	0.997778454904779	0.9967088892975359	0.9971676500732065	0.9979313052858685	0.9976083967582807	0.9970077383997078	0.9971987134502925	0.9978934232290542	0.9975900431189365	0.9973585602836881	0.9976762230215828	0.9977540258806613	0.9977866034985424	0.9972895128939827	0.9978085787172012	0.9971956151880247	0.9975955355859094	0.9971486257102273	0.9972228934932753	0.9970326880934991	0.9973153097345133	0.9971806361974406	0.9977692330168005	0.9977198095580309	0.9973109963636363	0.9984342012261089	0.9972392588652482	0.7354220381406437	0.9972768327272727	0.9965932154340835	0.9974967936736161	0.9975142528328612	0.9970311470054446	0.9977615683453237	0.9974635113386978	0.9975912194244605	0.9984156880403459	0.9861708057439171	0.9973305997818978	0.9973341785206259	0.9977816355140188	0.9980252459605028	0.9970135745614035	0.9960752315484805	0.9867508366693355	0.9968885552304316	0.983853637833468	0.9975868355776045	0.997053932871215	0.9973777468910022	0.9858976766856214	0.9966579368575623	0.9855875276461294	0.9965104036363636	0.9978425512037372	0.997996118491921	0.9862414205905826	0.9971918472727272	0.9974435055615358	0.9978450053399788	0.9968518523878436	0.9978840597667636	0.9970660608203677	0.9866182047181128	0.9974822408148418	0.9968805640465793	0.9968563610003627	0.995060962432916	0.9971709868421051	0.9974868545454545	0.7400965277777778	0.997162423580786	0.9973612362838331	0.9971277347460725	0.9978709985422742
scaffolds10650	0.9993058030523255	0.99965206241033	0.9996207101865138	0.999675956225332	0.9996314403439628	0.9989250736377026	0.999613468436155	0.9991731729377712	0.9997208001448226	0.9995736637931033	0.9996750358680059	0.9990450271837622	0.9994642333333333	0.9993429193664507	0.9995922994269343	0.9993165010799137	0.9877718726899385	0.9995921139376567	0.9993635129231889	0.9994031335553091	0.9993412589928058	0.9994798662811711	0.9996264336917564	0.9997486441893831	0.9987476127612762	0.9987750750640791	0.9995004782608695	0.9996391209185506	0.9996455611510793	0.9990985457216306	1.0	0.9996806068222621	0.9996406344086021	0.988090868859115	0.9995709645034063	0.9994946562386322	0.9874522505050506	0.9882999379909053	0.9997080494801004	0.9996403731611051	0.9991516250000001	0.9996279755922471	0.9997191571018651	0.9993702209344442	0.9996224355300861	0.9996510896057349	0.9996169454414933	0.9996363020086083	0.9996049291681803	0.9996598099677306	0.9996042216642755	0.9995256112513523	0.9992753681537906	0.9995482142857144	0.9994439244604315	0.9996297060931899	0.9990936396658193	0.9993725387108391	0.9996432173601147	0.9996004130434785	0.9996155396199353	0.9994679861868412	0.9996204628632939	0.9993770136887608	0.999841379310345	0.9997565046796255	0.7389716810877626	0.9993942888008642	0.9991084837413228	0.9990676442831216	0.9996490105110547	0.9996049208633093	0.9995379232424678	0.9997034278535535	0.9996381854114266	0.999815989938915	0.9873904850444624	0.999360234149856	0.9992957498171177	0.9997694719827587	0.999486617005814	0.9996020831839367	0.9994632548024648	0.9879063307598537	0.9986618423973361	0.9876201805498563	0.9993700000000001	0.9996029002153626	0.9996990071684587	0.9875592716049383	0.9989487884333822	0.987770265978563	0.9989814778144482	0.9997075780409044	0.9994853234011629	0.9874214435907804	0.9993396290961469	0.9995885850091408	0.9995412895114945	0.9988931307213477	0.9995480093761269	0.9996420021684137	0.9880500771730302	0.9995545297297297	0.9992783122971511	0.9987958370044053	0.9994068779427742	0.9996605987809251	0.9994189164866809	0.7386337560975611	0.9987076327599101	0.9996923016157989	0.9996276622445323	0.9995399567099569
scaffolds117A	0.999457460035524	0.9998211080041943	0.9998017969295185	0.9995094098712447	0.9994889484978541	0.9992581664265129	0.9998442847173763	0.999602306874557	0.9998078285511867	0.999701472134595	0.9998027884952648	0.9992959701492538	0.9992176197494473	0.9993327233584499	0.9994966201716738	0.9992776084618145	0.9864462257281552	0.9994569302325581	0.999503937035727	0.999386160353071	0.9992540781922525	0.9993368907260962	0.9998198742577717	0.999498326226013	0.9989171700143473	0.9990935241502684	0.9997348297872342	0.9998528516579407	0.9994584315827081	0.9992767456896552	0.9994483977110157	1.0	0.9998424825418993	0.9881843155359293	0.9998384193998604	0.9996441906794733	0.9871536800317585	0.9881822454844007	0.9995092846924176	0.999806834205934	0.9988592307692308	0.9994755889724312	0.9998647327977648	0.9996138973451326	0.9995114735336196	0.9994389982110913	0.9998472590782123	0.9998402058618282	0.9997055385709207	0.9998429929824562	0.9998565806001396	0.9993650663796197	0.9994426882102272	0.9993813280689162	0.9993172261989979	0.9998009116311564	0.9994933629576964	0.9992831290322581	0.9995471865008884	0.9998673371104815	0.9995054002859186	0.9993639218523878	0.9998122171787711	0.9992273467192542	0.9999516503496504	0.9998072191011237	0.7374833702337024	0.9992482717820008	0.9988298063822157	0.9993282469836764	0.9997510276399716	0.999489048981051	0.9998090718771806	0.9994528302556819	0.9998017988124346	0.9999631505413902	0.9873432658730158	0.9992465579060595	0.9994123882731499	0.9997794312630847	0.9995385206258891	0.9994860221586848	0.9992026376394388	0.9880916619831394	0.9987813960216998	0.9865110190052567	0.9995145889440114	0.9994572854077253	0.9994865772532191	0.9873748692810459	0.9987736112122316	0.9874647472783826	0.9990478101402372	0.9998518004187021	0.9995125124378109	0.9873621714966256	0.9992543476702511	0.9997982243658449	0.9997550369068541	0.9989197240143369	0.9993844851094368	0.9997841249117855	0.9882017543155359	0.9992484170854272	0.9991309074605451	0.9988952442528735	0.9992413256484151	0.9994797762784091	0.9992884863701579	0.7373974697336563	0.9987434613977314	0.9994801716124418	0.9995049325284093	0.9993687195121952
scaffolds13213	0.9992185088967972	0.9996382135380323	0.9996086013254272	0.9991066321428572	0.9990627863003924	0.9989162122302159	0.9995851185495118	0.9991587898089174	0.9996570311394197	0.9995104629954401	0.9996268546409808	0.9989678183753103	0.999241857722079	0.998796771766392	0.999103999286479	0.9987691224928368	0.9864828721682848	0.9990635902926482	0.9993455763790665	0.9989668014705881	0.9987587540279271	0.9989380595408895	0.9995592090592336	0.9993043718949608	0.9986865805525653	0.998666487839771	0.9994303544842255	0.9995865399372167	0.9990888655012486	0.9990436908177905	0.9990538672850519	0.9997010897659798	1.0	0.9879978388131515	0.9995486052998607	0.9995091536273116	0.9870303050713155	0.9882224958949096	0.9991729714285715	0.9995559316120027	0.9989657581293387	0.9990576544091395	0.9996546199442118	0.9994061565710237	0.9990485372814841	0.9990961099214846	0.9996466782972785	0.9995932775453277	0.9996220504619759	0.9996050332516625	0.9995738563458857	0.999062078994614	0.9992203904863328	0.9990125862068965	0.998830046511628	0.9995754966887417	0.9991853556187767	0.9987632270773638	0.9990963626685593	0.9996086716259299	0.9990724669760799	0.9990065834238147	0.9995974459176552	0.9987278502328916	0.9999245893044391	0.9997910337552743	0.7377338259833134	0.9987762150537636	0.9985095304659498	0.9989599893617022	0.9996520899752038	0.9990652144388851	0.9995629752354378	0.9991171149751596	0.9995704472396927	0.9998752743795875	0.9869849088025376	0.9987053278394841	0.9993383583690988	0.9996001955307263	0.9995271560611447	0.9990984648339878	0.9987482835552359	0.9878095390781563	0.9985205822784811	0.9865927953074435	0.9993125780141844	0.9990569060378708	0.9991333773652268	0.98734694160882	0.9986679963636362	0.987339518072289	0.9989093529834651	0.9996684886561954	0.9995217716115259	0.9869370777160983	0.9987782228591903	0.999506975	0.9995009132420093	0.9989189251164458	0.9990588406317301	0.9995480945659847	0.9880749939831528	0.9990759275206316	0.9987323228346456	0.9988731272465853	0.9989453474972994	0.9991227375886526	0.9988816941260745	0.7395745520581114	0.9985981588579794	0.9991274588992138	0.9990966276595744	0.9990680574506284
scaffoldsTV135	0.9881577854251012	0.9882363066343043	0.9882205737373738	0.9878970114006514	0.9879573493485343	0.9879239624949042	0.9879952159870812	0.9878957073565076	0.9885980153908466	0.9869913618210862	0.9884260169834209	0.9883830371567045	0.9885537208366855	0.9879479168365266	0.9877386691086691	0.988006620464737	0.9939242758089368	0.9880919478402608	0.9884130154220779	0.9863899124552329	0.9881970840130505	0.9878694021960146	0.9883265481002426	0.988179902359642	0.9880618767507003	0.9877943460601136	0.9882389320388348	0.988230198139911	0.9879987195121952	0.9872468722642259	0.9878826465798046	0.9883512575818845	0.9882457333333333	1.0	0.9882190306946689	0.9885389813311689	0.9874689081170168	0.9879255298570228	0.9880871352893235	0.9884190824575586	0.988369296340973	0.988097751527495	0.9884244017784962	0.9883097572815536	0.9879776556776557	0.987995018329939	0.9881507841552143	0.9880129297820822	0.9883862307692308	0.9882043671653863	0.9884211039223615	0.9884974254188804	0.9884181774193548	0.9884741029832449	0.9879790586797066	0.9882297535353536	0.9883864557988646	0.9881290534475724	0.9878286799350121	0.9882961504245854	0.988090232179226	0.9882414010651372	0.9881213933764136	0.9881405875152998	0.9886902631578948	0.986870167064439	0.7342444943820224	0.9882114571428572	0.987443847092314	0.988280336713996	0.9882777234128589	0.9880076219512195	0.9883441811564901	0.9881910532736885	0.9882252223120453	0.9886729919028341	0.987731223819302	0.988094147634584	0.9878151926977689	0.9883513222806309	0.9888742805173809	0.9878630565730565	0.9879064141821112	0.999257196460177	0.9883164049919485	0.9939640793528506	0.988141144359078	0.9877954190398698	0.9881161572942136	0.9940461937984496	0.987910481540931	0.9878950931928686	0.9879988746495797	0.9884348726243429	0.9888576223210674	0.9878671722153719	0.9882337821297429	0.9881225897226754	0.9883271393841168	0.9881759471365638	0.9884734327748262	0.9881813006824568	0.9992516130173329	0.9884073733660131	0.9879505774705165	0.9882187059294871	0.9861616699722332	0.9878593460601138	0.9882136285714285	0.7412485903614459	0.9880790177133656	0.9880881907090465	0.9879454408776921	0.9884820800980794
scaffolds131096	0.9993298930862438	0.9998378724150017	0.9998324142757175	0.9992930598351847	0.9992636067335242	0.9991387012987013	0.9998347534102835	0.9994136550745211	0.99980660397445	0.9997501441631506	0.9998311388400705	0.9992355769230769	0.9993212601626016	0.9990959280575539	0.9992861461318051	0.9990242677674084	0.9867241791649777	0.99922544249373	0.999534594115562	0.9991680361090641	0.9989941537908731	0.9992139769452449	0.999799464660602	0.9993446956212176	0.9990187234807624	0.9989286487455198	0.999592117981521	0.9998719524142757	0.9993023819742489	0.9991944928057556	0.999259115329513	0.9998631197478992	0.9998232971648583	0.9882690285026093	1.0	0.9995649340463457	0.9872890349483718	0.9882880246406572	0.999338040128986	0.9998492932120364	0.9989877733089579	0.9992715017921149	0.9998738991949597	0.9995105886524822	0.9993074319484241	0.999291157706093	0.9998030185379504	0.9998309933543196	0.9996896189458692	0.9998182208157527	0.999823476740119	0.999107029454023	0.9994820099608681	0.9991388245866283	0.9991035138042308	0.9998104725236263	0.999283663225347	0.9990104558506819	0.9993633535065858	0.9997832943262411	0.9993070461868958	0.9990791881116345	0.9997804478656405	0.999033721264368	0.9999526086956522	0.9998444209785285	0.7370938827838828	0.9990178248384782	0.9986688173975559	0.9992303627311522	0.9998128454706927	0.9992641547277938	0.9998310006997901	0.999339299181786	0.9997927575332867	0.9999528561428072	0.9875022465208748	0.9990358061041293	0.9994199677881175	0.999785342897131	0.9995192735042734	0.9993007268170425	0.9988647423423425	0.9882375381526104	0.9988775735561208	0.9866668354943273	0.9995913813920456	0.9993450949480474	0.9992881840974213	0.9874163327882258	0.9989004344651333	0.9877514163090129	0.99912274333093	0.999871011196641	0.9995805028530671	0.987476201272872	0.9990081987800501	0.9998132474042248	0.9998091367159971	0.9990361408551921	0.9991030771992818	0.9998357430997876	0.9882594138900039	0.9990912549442645	0.9989965600287564	0.9989280266474615	0.9990460281385282	0.9993546140163645	0.9990589655172414	0.7383318826405868	0.9988806744868037	0.9993160458452723	0.9993862931341161	0.9991348293208767
scaffoldsTV3	0.9991140303244006	0.9999476779964223	0.9999056882373972	0.9996446083788708	0.999581878412814	0.9995777789776819	0.9998928898426322	0.9996092140350876	0.9998626729891114	0.9998395202558636	0.9998934227467811	0.9994767676407698	0.9993802797202797	0.9993784598698484	0.9995770757465404	0.999471376942537	0.9866248960456584	0.9995770029133284	0.9996476223269299	0.9986037504641664	0.9995274765003618	0.9992996098783107	0.9998995889921374	0.9996171470160117	0.9990877019748655	0.9993328657456607	0.9996817859673991	0.9999054415445119	0.9995414972875227	0.999073430813124	0.9996142805100182	0.9998432892384697	0.9999032963889881	0.9886497205346295	0.9998927948534666	1.0	0.9873990027810885	0.9875426825266612	0.9996006443392793	0.9998965189421014	0.9990595836376919	0.9996037076193949	0.999896669049321	0.9993413080168777	0.9995992935178443	0.9996134426229509	0.9998147355253753	0.9998946709585121	0.9996730560451181	0.9999314449213162	0.9998445675482488	0.99945845319841	0.9995040249554366	0.9995286148282098	0.9995745103749546	0.9999052163031819	0.9995801655512504	0.9994679580773401	0.9995938915180199	0.9998796733403583	0.9995730856102004	0.999492618273745	0.9998980257510731	0.999571494752081	0.9999339484978541	0.9997967092198583	0.7328444320987655	0.9995533128167995	0.9981464518438955	0.9996049928774929	0.9997255707762557	0.999531369219653	0.9998818770110833	0.9996258187772928	0.9998945793054063	0.999890550393138	0.9882349879711306	0.999478185760752	0.9988745264278115	0.9999475509474438	0.9994110794442463	0.999589912568306	0.9982669416426515	0.9885527471636953	0.9991361016333941	0.9866452689486553	0.9996405514576749	0.999574781500364	0.9995150036416607	0.9877875432098766	0.9990385636164782	0.9873994516765286	0.9986095274170274	0.9999215016088667	0.9995165383244207	0.988197420778179	0.9994468474331165	0.9996886214285715	0.9993876633522727	0.9990692371060171	0.9995103108059271	0.9998632665964174	0.9886159376265694	0.9994403936439149	0.9992052227453823	0.9990381243262667	0.9983724756756757	0.9996349017467248	0.999542863340564	0.7375425916870417	0.9989578717948718	0.9996082805100183	0.999594574235808	0.9994690097578603
scaffoldsARL04446	0.9857654025670946	0.9853309151349237	0.9852532331120657	0.9855368267306922	0.9855324649859943	0.9863368670027143	0.9852705505661851	0.9845955572755418	0.9855382595182595	0.9853232955876611	0.985448582615505	0.9857395495495496	0.9870079117286474	0.9855465332265811	0.9855456862745099	0.9855627993592312	0.9825388588235293	0.9855363650920737	0.9855508428067425	0.985740236472946	0.9857299679101484	0.9854586558287075	0.9852674960937501	0.9859045983935742	0.9854978729281768	0.9848279400311526	0.9857064148727984	0.9852653124999999	0.9856124289715886	0.9856020373250389	0.9855458583433374	0.9853991353677622	0.9852761577508787	0.9867966612111293	0.9852515423662631	0.9855036409657321	1.0	0.9890303114813473	0.9856866092184369	0.9853824589523066	0.9862981774771191	0.985498566350711	0.9854546205007825	0.985377812257564	0.9855371948779512	0.9855519022827394	0.9853843953033269	0.985265876610699	0.9853724496904025	0.9852837460937499	0.9852505974228818	0.9859826599597585	0.9857060093896713	0.9859853440643863	0.9856550963081863	0.9852900195312501	0.9852118988807411	0.9857390208667737	0.9855617807122848	0.9852676057431121	0.9855343217286915	0.9868679603399434	0.9852467122217884	0.9856019719438877	0.9856634797959984	0.9856944043887147	0.7461497418630754	0.9857097914159647	0.9856489263565892	0.9849665963266901	0.9852061362771223	0.9860356295108261	0.9852650019538882	0.9856948455675892	0.985282837045721	0.9856765215686275	0.9878220216049383	0.9857297150882824	0.9855023918971562	0.985479921630094	0.986197570754717	0.9855363145258101	0.9845581097079716	0.9863653191489362	0.9855854563335956	0.9826669725490196	0.9848843568945539	0.9856364905962386	0.9857539775461106	0.9842092393915133	0.9860250080450524	0.9861942260350617	0.9857489180713447	0.9854755633802817	0.9862055979543667	0.9878602200772201	0.9856979061371841	0.9859247591297592	0.9844147356233116	0.9855974723974764	0.9859848149637972	0.9851417001545595	0.9866283926380368	0.9859874416733709	0.985192650939624	0.9854887780843515	0.9847073381009138	0.9855920288115247	0.9856522262334536	0.739726690821256	0.985550648477659	0.9856546193910256	0.9855575390156064	0.9859947927565392
E_faecalis_reference_sequence	0.9861341864268194	0.9858897748669669	0.9858722526573999	0.9858672969647252	0.9858407995079951	0.9867571260162602	0.9858821022494887	0.9860043311582382	0.985984692213616	0.9858892883435583	0.9858676941946034	0.9864084903331961	0.9868330099502488	0.9858864065708418	0.9858408114754099	0.9858935359342915	0.9861804777594728	0.9858323657236571	0.9858908462796403	0.9866004915324246	0.9858870320197045	0.9860268803593303	0.9858625776143791	0.9858723433019254	0.9864964074074074	0.9860075591836736	0.9861095197044334	0.9858728670756647	0.9858778114754099	0.9860492034313724	0.9858505204918033	0.9858442167689161	0.9858793865030676	0.9864595414387886	0.9858742722812756	0.9859874296205631	0.9908317373662857	1.0	0.9858501967213115	0.9858757767784136	0.986334902359642	0.9859480688806888	0.9858703270645953	0.9860528338097182	0.9858517745901639	0.9858563934426229	0.9858527127659575	0.9858692269938649	0.9858687576374746	0.9858820990180033	0.9858196770237123	0.9858825041050904	0.9864375699013158	0.9858718062397372	0.9858535617562578	0.9858764104660671	0.9859969024390245	0.9858774928190398	0.9858676311475411	0.9859732259380098	0.9858575604756048	0.9869295988420181	0.9858930784955028	0.985887487684729	0.9858911815208504	0.985888522308637	0.7503939795918367	0.9858652236356176	0.9866486704730832	0.9853357055464927	0.9857739310068191	0.9862301933360758	0.9858717784137369	0.985876915198689	0.9859126012269939	0.9858628250204415	0.989315516822051	0.9858665311986865	0.9861776246933769	0.9858876737530662	0.9863740238388821	0.9858441885245901	0.9862642170160296	0.9862711232646193	0.9868826787181594	0.986191469740634	0.9859375305623472	0.9860012105047189	0.9858594344262295	0.9864928170177613	0.9866750351094588	0.9881884009642427	0.9862155943204868	0.9858915617334424	0.9864364609053498	0.9892530186385737	0.9857531185884284	0.9858989636882904	0.9856283759642712	0.9864852471169688	0.985875281083299	0.9859660472697637	0.9862603828355069	0.9858442997946613	0.9860335942622951	0.9864902018121912	0.9858795968737145	0.9858719549180327	0.985869552728765	0.7376481678486998	0.9865486872427984	0.9858597213114755	0.9858555960671856	0.9858844334975371
scaffolds10641	0.9994761941112321	0.9997468113342898	0.9997804951560819	0.9998316923628541	0.9997965902578796	0.9992399447310244	0.999782837159254	0.9996288812454742	0.9997360882140274	0.9996831131059246	0.9997851433691756	0.9993223685165036	0.9995249555884531	0.9995187473002158	0.9998166117478511	0.9996076745860332	0.9878246248462484	0.9997728018631317	0.9994834497816595	0.9995895636094675	0.9996207979870597	0.999568778901734	0.999817419354839	0.9998048566308246	0.9990117845364602	0.9988988071716063	0.9996655233611011	0.9997884284176536	0.999841082733813	0.9993698568281939	0.999713628223496	0.9997901579325198	0.9997807526881721	0.9882831480730225	0.9997660043041607	0.9995923029422449	0.9875757229402262	0.9883887086092716	1.0	0.9997805631276901	0.9991808917431194	0.9997277295552368	0.9998888813194693	0.9996285921100254	0.9998047743553009	0.9997833751343607	0.9996086841161708	0.9997055934026534	0.9995633405875952	0.9997969343850845	0.9997272202295554	0.9997113652737752	0.999412687704026	0.9997274080749822	0.9996940043134436	0.9998094872714236	0.9994525309090909	0.9995839294710328	0.9997692613840086	0.9998574501992031	0.9997953046594983	0.9996560065406976	0.9997914357501795	0.9996087247838616	0.9999121982758622	0.9998038209920919	0.7386535135135135	0.9996379762333455	0.9993296639883127	0.9993592162554429	0.9997004779145547	0.9997503597122301	0.9997663639626704	0.9997712195121952	0.9997426678635547	0.9998870233393177	0.9880280989055534	0.9995832289416847	0.9993543973703436	0.9997787221823405	0.9994918845315907	0.9997995591397851	0.9995786630434783	0.9881894153471378	0.998677035120148	0.9880038022969647	0.999611040609137	0.9998492531418312	0.9997231435732188	0.9878349404027948	0.9990075740944019	0.988176315161162	0.9989852984254853	0.9998567480258435	0.9995519469669453	0.9878784933171325	0.9995783699172366	0.9997479093567252	0.9997591956912029	0.9989295208485736	0.9997297190201728	0.9997578764897075	0.988210275862069	0.9996825305975523	0.9994102738738739	0.9988859442610928	0.9995251972493668	0.9997993044101829	0.9995877418194895	0.7394562701363073	0.9989403550074739	0.9997954447632711	0.9997407816421655	0.9997054935158501
scaffoldsEF13431	0.9993075169219807	0.9997894426919034	0.999780199440168	0.9992836966654716	0.9992679928315412	0.9991327282569469	0.999800825463449	0.9994958579040853	0.9998022080227194	0.9997102249560633	0.9997979156414762	0.9991885673556664	0.9992726607538802	0.9990547410071942	0.9992680645161289	0.9989972603231597	0.9868130344827586	0.9992194334887059	0.9994612832328963	0.999111885819521	0.9989676005747127	0.9991461153153154	0.9997843122156108	0.9993409722222222	0.9989676303487955	0.9989261348153459	0.9996661913229018	0.9998036284114767	0.9992966905187836	0.999207494600432	0.9992676057347671	0.9997157227861394	0.9997729996499826	0.9883046265060241	0.9997891010842953	0.9995165846702319	0.9873085141040924	0.988278262119967	0.9992968243727599	1.0	0.9989352121433797	0.9992499892434566	0.9998150122506125	0.9995091731724628	0.9993008566308244	0.9992538759411974	0.9997038440013992	0.999783168940189	0.9996587170349253	0.9997845147679325	0.9997394018887722	0.9990607686781608	0.9994268482905984	0.999087027318476	0.9990195659971305	0.9998033053221289	0.9993651781895938	0.9989992354630296	0.9992798612099647	0.9998408839190627	0.9992812392550142	0.9990113736861181	0.9997532691634582	0.9990197772988506	0.9998563301787593	0.9997903166783952	0.7371111843711843	0.998991536804309	0.9985992058929213	0.9991902524893314	0.9998104585851404	0.9992753189964159	0.9997847935619315	0.9992923336890788	0.9997581744919412	0.9998480294014701	0.9875294550517104	0.9989999497307004	0.9993669602577875	0.9998094259712987	0.9994657647058824	0.9992478689111748	0.9988577757750541	0.9881670080321285	0.9989854542151164	0.9867997566909976	0.9995542486678508	0.999290935483871	0.9992866200716845	0.9875784404420794	0.9988749744338934	0.9877511587982833	0.9990729895420123	0.9997806613016096	0.999522069211559	0.9874748210023866	0.9989709655419957	0.9997585816618911	0.9997646124031008	0.9989930733285407	0.9990825933908046	0.99976661004954	0.9883357492969063	0.9989712652767793	0.9989325700934579	0.998897287463977	0.9990631649224107	0.9993005940946283	0.9989904346264368	0.7382588249694003	0.9988199120234605	0.9992767538516661	0.9992893916755604	0.9990704024434064
scaffoldsVV10	0.9985046398537476	0.9989063366336635	0.9987756808199122	0.9988858501652588	0.9988480212922174	0.9986330471318963	0.9988675036603222	0.998724888726742	0.9988003248175182	0.9987196282798833	0.9988489487179488	0.9990762157287157	0.9996247958452723	0.9987711676427526	0.9988565369078224	0.9986629923273657	0.9880459150865624	0.9988683333333334	0.9987115144766147	0.9990458614369502	0.9986408150584795	0.9988820372398688	0.9988661831501832	0.9989139559633029	0.9993709380530973	0.9981468911539862	0.9985444704163624	0.9988727316001464	0.9989068176835951	0.9984338091715975	0.9988771208226221	0.9988632186012449	0.9987726656902234	0.9879653836930455	0.9988691398243046	0.9987281542397658	0.9877762788844621	0.9878160391198044	0.9988545631424377	0.9988665080527085	1.0	0.9988134594197576	0.9988811245421246	0.9984983533697633	0.998829930300807	0.9988728450807635	0.9988264019033676	0.998871720351391	0.9984400914076783	0.9989080835470867	0.9988975951683747	0.9989000840950638	0.9991816869627508	0.9988924295645809	0.9984989149560118	0.9988704617075853	0.9985172374679838	0.9986633637691745	0.9988021737536658	0.998519121399927	0.9987430766409975	0.9988247690615836	0.9987559941413402	0.998768109689214	0.9989957740278798	0.9989556580386438	0.7327787313432836	0.9987839744058502	0.998706884164223	0.9985535435654391	0.9985996764917325	0.9987855583941607	0.9987545058565155	0.9989198606527319	0.9987397251740565	0.9989793846153846	0.9875527359617682	0.9987925584795321	0.9983820903131829	0.9987737115666179	0.9993284313018391	0.9988488407923698	0.9989513683831472	0.9880513370696556	0.9993247417840374	0.9879662561779242	0.9984543690736689	0.99880898789879	0.9987885688073395	0.987839426094137	0.9996755602988262	0.9866669306540584	0.9991657935393259	0.9987926939970717	0.9992524641319943	0.9876922718214428	0.9987538765071245	0.998659557810801	0.9985391371115175	0.9992774699221515	0.9988762888482634	0.9987004672220211	0.9880254	0.9988882430453881	0.9990252348016019	0.9992180263626648	0.9986716714905933	0.9988113861386139	0.9987811663619743	0.7384053259532596	0.9991572498200142	0.9987628026412325	0.9989098055759353	0.9988869590643273
scaffoldsAR011155	0.9989043495639535	0.9992009695885511	0.9991060880458126	0.9991934455587395	0.9991239663805437	0.9984042155425219	0.9991340644007157	0.9984191483219054	0.9992972109826589	0.9990783554281619	0.9990677797640328	0.9985419276672695	0.9992638649851634	0.998834101184069	0.9991081873435824	0.9987797919655669	0.9867905065359477	0.9990603326180256	0.9988378027556201	0.9988076548672566	0.998819569892473	0.9989974297043979	0.9990677877055041	0.999243512160229	0.9977831711777616	0.9977509369303682	0.9984260072202168	0.9991803471725128	0.9991570957332377	0.9983631894659838	0.999083834048641	0.999285376344086	0.9991275080443331	0.9873926532258065	0.999075	0.9994044307020736	0.9865902216943785	0.9880934335117333	0.999180400572246	0.9990892701252235	0.9990620316525579	1.0	0.9991524276010012	0.99872565138939	0.999162981766178	0.9990962754919501	0.9990645454545455	0.9991693953488373	0.9995477026535804	0.999192253218884	0.9991350661896244	0.999429534799856	0.9987678806509946	0.9994591558441558	0.998871692362854	0.9991838505541653	0.9985721827411168	0.9987702044476329	0.9991848765652952	0.9995499673676576	0.9991243235504653	0.9993988650418335	0.9991685714285714	0.9988033070017954	0.9997621043165468	0.9996674432841195	0.7393230107526882	0.998811306063868	0.998582042227885	0.9984727170767005	0.9990807292418771	0.9991366487455197	0.9991353937007874	0.9990514203935598	0.9991360702760848	0.999758061151079	0.9863782771084337	0.9987848905633296	0.9991903547915145	0.9992481348637016	0.9994035709090908	0.9991030243378668	0.9994091031227307	0.987158711631664	0.9977739483394834	0.9868083442354865	0.9984585941452838	0.9991078036546042	0.9991248301751875	0.9866322781186095	0.9984344448502558	0.9871219479495268	0.9989085787734118	0.9991352254831781	0.9993912477264459	0.9863936027342178	0.9988649856527976	0.9990958521485799	0.9990585023289144	0.9980113111760409	0.9994101694304255	0.9991500216138327	0.9874576854838709	0.999069769784173	0.9987743067528736	0.9978070691547751	0.9988202708559046	0.9991796101573677	0.9987932401433692	0.738549265944645	0.9976773191648025	0.9991697851002865	0.9991380150214593	0.9994452597402597
scaffolds13985	0.9994093499111899	0.9997376349703937	0.9997299163763067	0.9994301784439686	0.9994047450980391	0.999152479338843	0.9996840229885058	0.9992910144927537	0.9997547932131495	0.9996156967787115	0.9996726554856744	0.9992396104815865	0.9993884920926813	0.9990880451127818	0.9994342709447415	0.9992036604584528	0.9865394186515947	0.9993839229671896	0.9993986233674551	0.9990823339449542	0.9992019391771021	0.9992528637992831	0.9997330062630481	0.9994362380446334	0.9987748336314848	0.9987916434440872	0.9994671079646017	0.9997444111498258	0.9994160071301248	0.9991182849982099	0.9994083707664885	0.9997360669456068	0.9997500243647757	0.9880302079168333	0.9996803657262278	0.9995917039403621	0.9871201741195094	0.9882278005744768	0.9994701675579322	0.9996962578397213	0.9990712454479244	0.999375501606569	1.0	0.999483276776246	0.9994352727272727	0.9993928326792723	0.999663955431755	0.9997235597352839	0.9997031181269954	0.9997286158685773	0.9997037338906304	0.9993738033728023	0.999321715095677	0.9994104919210054	0.9992741279485345	0.9997572258962757	0.9992666914893618	0.9991794020766203	0.9994261906449328	0.9998481245576786	0.9994276382447379	0.9993567631103075	0.9997089581881534	0.9992052435530085	0.999941821989529	0.9997906704106703	0.7373066866746699	0.9992169269340974	0.9985316141732284	0.9992125106232296	0.9996725874867444	0.9994045	0.9997010871080142	0.999389248493442	0.9997116369982547	0.9999172076788831	0.9872563733650417	0.9991788717765043	0.9994296607142857	0.9996471941443013	0.9995406810925862	0.9994281270067784	0.999113577586207	0.9880188115246099	0.998553233489715	0.9864753954802261	0.9993294725663716	0.9994403283369024	0.9994014474153299	0.9875832205462699	0.9988693539019966	0.9875795258453168	0.9991497883028345	0.9997363031358886	0.9995521965933287	0.9874723174603173	0.9991986860007163	0.9996686131907307	0.9996516426816427	0.9988299535714285	0.9994123789020453	0.9996873095909732	0.9880349500199921	0.9992015370834826	0.9990433154506438	0.9987012791114296	0.9991792307692308	0.9994734585400427	0.9991842790697675	0.7383795365853659	0.998634419284149	0.9993980071428573	0.9994044507441531	0.9994006348637016
scaffoldsTV154	0.9991215966386555	0.9993303485064012	0.9994029185922502	0.9989351827723488	0.9989414647377939	0.9990639482200648	0.9991818579040852	0.9984041690042078	0.999126029515109	0.9993130347025496	0.9995701388394446	0.9990769843527737	0.9991933198081889	0.9990274459654178	0.998931986970684	0.998884778697373	0.9856106960744637	0.9989892329956586	0.9992248503425891	0.9980114517317613	0.9990139971191936	0.9982915128755366	0.9993992288557213	0.9992391603329713	0.9983167923850575	0.9979991047416844	0.998812840028189	0.9993147263681591	0.9989413251710481	0.9989273982300887	0.9989056372194064	0.9996391992882562	0.9991324369449377	0.9876224969843186	0.9992356782670454	0.9993890059922454	0.9870024061635718	0.9877582813781789	0.999234563563926	0.9994707465339496	0.9983330418943536	0.9989120536037669	0.9994081378820184	1.0	0.9989172865412447	0.9989461861644333	0.9993300177683014	0.999319314143568	0.9989345211267605	0.9993067579097048	0.9994206289978677	0.9995801949458485	0.9989730099502488	0.9995902851985561	0.9987911311890133	0.9994139530750087	0.9985475342947591	0.9990766066282422	0.9988662798264645	0.9986035296179461	0.9990232102786827	0.9995495727733527	0.9993622297297298	0.9989715465032444	0.999927216678546	0.9999125044279137	0.7342967415730337	0.9989876756756758	0.9982703910415928	0.9991226816239318	0.9987752664796634	0.9989703850305865	0.9993030525941718	0.9991207308248913	0.9992625587188612	0.9999224287749288	0.9872960644647831	0.9990674900972273	0.9988464552501762	0.9995062873399717	0.9995125187032419	0.9988617070524412	0.9977408787661406	0.9877263687600645	0.998392015222907	0.9854943752527295	0.9987030375306911	0.9988633754969279	0.998991035106768	0.9870603249390739	0.998247829570284	0.9870575860719875	0.998090506829619	0.9994067685744757	0.9995624500713267	0.9873533373158104	0.9990111851585014	0.9989776917613636	0.9992800633134015	0.9983635839598999	0.9994906856730422	0.998730476357268	0.9878028571428573	0.9993300432744322	0.9986038442120447	0.9983635560344827	0.9978482502689136	0.9990409403254974	0.9990361635446686	0.7368152466907342	0.9983528571428572	0.9989264748461817	0.999077902350814	0.9996026787003609
scaffolds10104	0.9993904652853509	0.9997639252336447	0.9997338533429188	0.9998038807042761	0.9997634266236095	0.9991343756906078	0.9997830794107081	0.999303440665702	0.9998952336110106	0.9997374937072995	0.9999012765192375	0.9991548711433759	0.9995591094619666	0.9995353263613416	0.9997334720229557	0.9994717038904901	0.9877325821018063	0.9997799461400358	0.9995473277433469	0.9995263801407929	0.999456551475882	0.9996505714285715	0.9997375080789946	0.9999472194244606	0.9989261857562408	0.998817704978038	0.9996990431315694	0.9998185046728973	0.9997480165586754	0.9993517861080488	0.9997295226130655	0.9998568225980569	0.9997667971274686	0.9883519332519334	0.999715298132184	0.9995925463805021	0.9877287237479806	0.9884758667769963	0.9998562010771994	0.9997882602444287	0.9992538314317263	0.9997993062544933	0.9998607222421845	0.9995982741116752	1.0	0.9997508758076096	0.9997414090582315	0.999778613007546	0.9997166363966582	0.9997752011494254	0.9998047268152411	0.9996087693973296	0.9993968105950652	0.9996549693029976	0.9995520136887608	0.9998071541501976	0.9992714067611779	0.9995025297297297	0.9997691448077615	0.999894089920232	0.9997913249551168	0.9995908151382824	0.9997377238403453	0.9995084704184706	0.9999501727861773	0.9998940381844379	0.7372925970873787	0.9995203317706455	0.9992338633040936	0.9991648092989468	0.9998154403769483	0.9997639956803457	0.9997633908665948	0.999860464028777	0.9997458956834533	0.9999390964722822	0.9875120518008903	0.9995277677605481	0.9994100840643274	0.9998780201583874	0.9995910141766631	0.9997407971274688	0.9995286243194192	0.988198248472505	0.9988611962962962	0.9875446658466586	0.9995629452303232	0.9997493599424668	0.9998557609475951	0.9873849548069022	0.9990854215542521	0.9879096496815286	0.9991505951506247	0.9998322374100718	0.9995692330061795	0.9876893638573744	0.9994964468468467	0.9997274552102379	0.9997498056854984	0.9989890355702237	0.9996552200577202	0.9997548500180702	0.9883643444625407	0.9997052362062747	0.9994407287157286	0.9989506174200662	0.9995116316171138	0.999757294286741	0.9995752665706052	0.7388119557195573	0.998709442573887	0.9998114552641038	0.9997479454022988	0.9996875306859205
scaffolds10217	0.9993324800290487	0.9997594836859091	0.9997338400860525	0.9997649301325691	0.9997183041144903	0.9990306252298641	0.999724539261384	0.9993295157209976	0.9998013960216998	0.9996515373563218	0.9997135315186247	0.999122636725824	0.9995556037037038	0.999442332613391	0.9996816565295171	0.9993885863309353	0.9875037863282848	0.9996607981388691	0.9994693818181819	0.9994936057692307	0.9994227596119298	0.9995810509209102	0.9996579090583603	0.9998652633464709	0.9988694102564103	0.9987659627329193	0.9995143363471972	0.999732201505916	0.9997458225574711	0.9991457750091608	0.9996724803149608	0.9997098457122353	0.9997408739255015	0.9880738093306289	0.999664409025788	0.9995626206896552	0.9874989197904072	0.9882818283120098	0.9997723773720014	0.9997228673835128	0.9992465381791483	0.9996812571633237	0.9997574247851003	0.9994685316455696	0.9996708476394851	1.0	0.999711036585366	0.9997049229666786	0.9997281088929221	0.9997318738803296	0.9996997240143369	0.9995908756756756	0.9993639470822764	0.9996290627253065	0.9994847326874776	0.9996912965616046	0.9993116460755814	0.9994385503597123	0.9997033631805158	0.9996709077757686	0.9997080981375358	0.999528424110385	0.9997134062387953	0.9994133897085284	0.9999522936109118	0.9998374694464414	0.7372537860576924	0.999409985611511	0.9992834075155055	0.9990937427536233	0.999674951175407	0.9996887895114942	0.9996675358680058	0.999747997851003	0.9997004020100504	0.9999069838420107	0.9874148627925746	0.9994664951421375	0.999356672753835	0.9997175565123791	0.9994991690856313	0.999712402434658	0.9994489050036259	0.9879986926512383	0.9988547115384616	0.987561121571838	0.9993540224475018	0.999717761836442	0.999632229778096	0.9873675697865353	0.9990501610541727	0.9876465992865636	0.9990756949028236	0.9997611334289813	0.9995609549745826	0.9873091485068604	0.9994175440489034	0.9996708360715592	0.9996329386437031	0.998911895353092	0.9995728808066258	0.9997103356189103	0.9880759683313034	0.9995504895608351	0.9993497408207344	0.99881804108584	0.9994514378848244	0.9997703151862463	0.9994593314162473	0.7395765844636252	0.9987424766529699	0.9997748943031174	0.9996949820916905	0.9996398486486485
scaffolds13988	0.9994576263345195	0.9997952044739604	0.9998105623471883	0.9995065604867575	0.9995102791696493	0.9992497334293949	0.9998209008379888	0.9995560965223562	0.9997895352962044	0.9996900421052632	0.9998304491228069	0.999380842516886	0.999356963562753	0.99914957959037	0.9995375017895493	0.9993152675044884	0.986987964242178	0.999508299319728	0.9995598371681415	0.9991643198529413	0.9993584117858426	0.9994190931989924	0.99983857791754	0.9995684738527214	0.9990896519555078	0.9992460286738352	0.9998272307145398	0.9998291267900804	0.9994951965689778	0.9993556187050362	0.9994986327845383	0.9999153372946522	0.9998286827393433	0.9883484782608696	0.9998328351955309	0.9995969028123887	0.9871775317965024	0.9882265254934209	0.9995243307086614	0.99980054488299	0.9990045517492714	0.9994917096774195	0.9998886652690426	0.9996766241134755	0.9995225554760201	0.9994838753581664	1.0	0.999844500698324	0.9996951796513696	0.9998026701754388	0.9999189661194551	0.9993366283662479	0.9994657584369451	0.9993444216954022	0.9994114014336917	0.9998179811386659	0.9994602383493418	0.9992767264895908	0.9995659076376555	0.9997304498760182	0.9995187660944206	0.9993171971066906	0.9998209919664688	0.9993036409335727	0.9998600803914717	0.9997360168598525	0.7374167200986436	0.999371709770115	0.9986474273412271	0.9993712468916519	0.9998467968750001	0.9995098854688618	0.9997912604748607	0.99958429943101	0.9997589122070654	0.9999050087320993	0.987692614587485	0.9993075188509873	0.9993812553648067	0.9998197240656654	0.9995242943476715	0.9995243776824034	0.9990531955427752	0.9883226921529176	0.9990758710612098	0.9870433346872461	0.9996447355342564	0.9994748121645798	0.9994986578382249	0.9880714901477832	0.9989847523670794	0.9878531860828773	0.9991071675053919	0.9998692732354997	0.9994570362473347	0.9876518294141091	0.9992666331658292	0.9997587200572041	0.9997420830401127	0.999106724014337	0.9993481508078993	0.9997851184164016	0.9883184299516908	0.9993670848310566	0.999183737881508	0.9991214798850574	0.9993378458213257	0.9995274493783305	0.9993830111390587	0.7379225185185186	0.9988939809732894	0.9995230672870438	0.9995590692717585	0.9993320718132853
scaffolds13107	0.9993298361239756	0.9996793319342427	0.9996406599162012	0.9991763519313307	0.9991457081545064	0.9991268371757924	0.9996546841186738	0.9991735815602836	0.999808281860135	0.9995343243243244	0.999728746488764	0.999208143009605	0.999253334562892	0.9990094899425286	0.9991576537911301	0.9989962553802008	0.9868034671532847	0.9991599785254117	0.9993749982300887	0.9990318779860347	0.9990406173725772	0.9990709417685117	0.9997169461914744	0.999297883315546	0.9987944655667146	0.9989572134670488	0.9995208066808815	0.9996816201117318	0.999135576579793	0.9992914861460958	0.9991955241502684	0.999702869626005	0.9996943605870021	0.988182193263833	0.9996358394415359	0.9995910513186028	0.9870545934153114	0.9881342992190711	0.9992583178239085	0.9996826021655606	0.9989252554744527	0.9991864267812388	0.9997580041943377	0.9995854806669031	0.9991538720057205	0.9991178282647586	0.9996701711491442	1.0	0.9996372578347579	0.999701210951211	0.999664095670391	0.999114631956912	0.9992821456483126	0.9991526877470355	0.9990937441777142	0.9996869706498953	0.9994008903133902	0.9989903586800574	0.99915265008881	0.9997203900709221	0.9991692563460851	0.9990789287006878	0.9996667202235417	0.9989891962683889	0.999828098739496	0.9997184845288328	0.7378493099273608	0.9990324578399714	0.9985413087128002	0.9991691264204543	0.999760987215909	0.9991208297567954	0.9996806811037375	0.9993146233120115	0.9996374536551242	0.9998452062937065	0.987385394998015	0.9990102368137782	0.9993502397137747	0.9997495069930069	0.9994639693841225	0.9991354395997142	0.9988173812949641	0.9880433266533066	0.9986937368611813	0.9867971625456019	0.9994758167613637	0.9991667441860465	0.9992221546170368	0.9876172667757773	0.9987370877320713	0.987619626604434	0.9988381488138031	0.9997355555555555	0.9994649554684718	0.9873348749503772	0.9989944081779054	0.9996270064377683	0.9996359198030248	0.9989157798494085	0.9991394183123877	0.9996159908159662	0.9882224388287205	0.9991804277498203	0.9987868615494979	0.998770779454023	0.9989793194094349	0.9991906673766419	0.998999447236181	0.7390861482381531	0.9986320958302853	0.9992137902648532	0.9991485516506923	0.9991358764367815
scaffoldsTV5	0.9969157112897586	0.998805390070922	0.9987910138248849	0.9984261985559567	0.9982954345474216	0.9981063877917415	0.9986398547129696	0.9975240555555555	0.9982816405433647	0.9986734699646641	0.9988362522139568	0.9982508826657216	0.9986173112338859	0.9981152271088681	0.9982155079250721	0.9981278839221343	0.9841833520449079	0.9983200684931508	0.9985478348294435	0.9964601357798165	0.9981430234234234	0.9973162850053173	0.9986807398230089	0.9985241197691198	0.9977589315166728	0.9969449419218585	0.998215482054891	0.9987856402979781	0.9984721801801802	0.9967918130511465	0.9982073928700035	0.9988164242639234	0.9985950637393768	0.9869803012048194	0.9986506872121858	0.9981798423817863	0.9853733515198754	0.9862354981699879	0.998484797979798	0.9987351843971631	0.9976861443148687	0.9982308447653431	0.9987592882436261	0.9969276089229697	0.998323264864865	0.9984173232323232	0.9986088979447202	0.9986322155264092	1.0	0.9987865627214739	0.9987602658631691	0.9987556724511931	0.9985675558708762	0.9987569403254973	0.997974987360058	0.9986645168141594	0.9972107359609349	0.9981850955643709	0.9983029797979799	0.9977471686956522	0.9983866582461204	0.9986363695652175	0.9987593905031894	0.9982146267580236	0.999310106534091	0.999345429078014	0.7351461945812808	0.9981972900900903	0.9962326988636364	0.998223498396865	0.9987401001381214	0.9983062432529687	0.9987397022332505	0.998422844765343	0.9987350710227272	0.9992934790334046	0.9860057869634341	0.9981853535353535	0.9968042179261865	0.9986541034727142	0.9989776154939587	0.9982852994227994	0.9962287995712754	0.9872238736926789	0.9977779522431258	0.984046307569083	0.9987326952315135	0.9982340951694306	0.9983578522522523	0.984608505050505	0.9976430218181819	0.9861148475371384	0.99745936109117	0.9987789471818503	0.9989912304409674	0.9861272991249006	0.9981714352686623	0.9983889496096522	0.9972256737836892	0.9977336636851522	0.9987113733285148	0.997927524373259	0.9871044676576939	0.9983008258204111	0.9981078354978357	0.9977318658055258	0.9973902165424211	0.9984244929628292	0.9981874018018019	0.7391575210589652	0.997711645384896	0.9985360476878614	0.9984165548340549	0.9987582971800436
scaffolds13217	0.9993381805458362	0.9997010861948143	0.9996767075736327	0.9993520314735335	0.9992983136834583	0.9991096919263456	0.9996982299334036	0.9993663845609067	0.9997407155508324	0.999610786516854	0.9996797127845884	0.9990704398722953	0.9992058713235293	0.999017984468761	0.9993117434798143	0.9990488912809472	0.98661484014569	0.9993210293066476	0.9993950426439233	0.9991752612214865	0.9990305521692362	0.9992202478448277	0.9996523914565826	0.999445126650018	0.9988503119397635	0.9988453240243466	0.9996570166725788	0.9996832457062742	0.9993385811293781	0.999096783919598	0.9993521908506077	0.999712456140351	0.9997016182136603	0.988155877157768	0.999662407991588	0.9994192324093818	0.9868350356859635	0.9879975277207392	0.9993658041458185	0.9996585764375878	0.9989135167638484	0.999358060822898	0.9997278563922943	0.9995015136476427	0.9993310968202929	0.9993459063282087	0.9996931475639679	0.9996955730809675	0.9996036328125001	1.0	0.9996900000000001	0.999060735821967	0.9993314062499999	0.999074985632184	0.9990739720630372	0.9996741345480029	0.9992950961874781	0.9990639074273413	0.9993545542082738	0.9997422458377614	0.9993260243117628	0.9990502315484804	0.9996644389901826	0.9989763186221744	0.9997737482468444	0.9996782185523542	0.7375994471153847	0.9990421931083993	0.9986180720338982	0.9990914868701208	0.999713699503898	0.9993615968492661	0.9996662201963535	0.9993959457530336	0.9996747910080787	0.9997634829884252	0.9872600357710652	0.9990427386934674	0.9992882767250625	0.9997716140350879	0.9994119985800497	0.9992960028602075	0.9989082674335013	0.9880232276194301	0.9989396922519914	0.9866406634304207	0.9995058105711246	0.9992868884120172	0.9994243674052894	0.9875112209064925	0.9988531624863686	0.9877194416243654	0.9990927597173146	0.9997515327955104	0.9993655733049344	0.9873331503579952	0.9990203803372802	0.9996522722400856	0.9996092894829407	0.9990060787119858	0.9991073725771716	0.9997358866481223	0.9880999839421919	0.9991226946537495	0.9990021154535674	0.9989284781048099	0.9991904610951009	0.9993680806278988	0.9990797131588385	0.7388581927710842	0.9987227239488117	0.999363771019678	0.9993439300998574	0.9990942821249104
scaffolds13433	0.9993488007117439	0.9997090447865641	0.9996504504189945	0.9993576556907658	0.999341807444524	0.9990220525747209	0.9997040663176265	0.9992209184397163	0.999795540971976	0.9996059417748159	0.9996943980343982	0.9990466868112335	0.9991773589081518	0.9990725547969816	0.9993430744452401	0.9990477833572453	0.9865083319838056	0.9993205943430005	0.9993706935598019	0.9992485793154215	0.998958510943667	0.9992428273381294	0.9996994861936388	0.9994745907473309	0.9987573500897666	0.9986991449016099	0.9994441249556265	0.9997295530726257	0.9993314076455876	0.9991446513299785	0.9992973407301361	0.9997676519916142	0.9996915857492141	0.9880209109149277	0.9997165165794067	0.9995041075881724	0.9871585606661382	0.9882222568732048	0.9993830601288476	0.9996841061452514	0.9989052427893392	0.9993611532951291	0.9997299091544375	0.9993901487778958	0.9993744846098784	0.9993109022556391	0.9997042737430168	0.9997173403141361	0.9997338568376068	0.9996941242541243	1.0	0.9991907686781608	0.9993507602131438	0.9991911107117183	0.9990519699140401	0.999709150646627	0.9991473338073231	0.9990003621369666	0.9994254603626022	0.9997561396667847	0.9993549141630902	0.9991936001448751	0.9996787840670858	0.9989983279512019	0.9998834325744309	0.9997759212376934	0.7375860391198045	0.9990053120516499	0.9987077223816355	0.9990513103693183	0.9997696022727273	0.9993787723693629	0.9996799127094971	0.9993418378954855	0.9996703286713285	0.9999181818181818	0.9870217644726407	0.9990100502152081	0.9993766213314245	0.9998580062959076	0.9995386400854398	0.9993272281831188	0.9992149801658855	0.9880113849859494	0.9986260847519016	0.9863887788111606	0.9992971170212767	0.9993258196134575	0.9993539441660702	0.9871662433646387	0.9986879242534598	0.9876349922118379	0.9991543263688761	0.99969187150838	0.9994849341402633	0.9870503133677113	0.9990215596988168	0.9996570657612581	0.9996454766092157	0.9988406925008972	0.9992099712643677	0.9996535063559323	0.9881213855421686	0.9992563610212155	0.999016464465183	0.9987424685591089	0.9991278486486487	0.9993730834813501	0.9990144886975242	0.7385457231149567	0.9985791142020499	0.9993401252236139	0.9994208703374777	0.9992272008623789
scaffolds5A6	0.9995615320836337	0.999858376130199	0.999859938605995	0.999846557080925	0.9998122218208093	0.9995718676900586	0.9998259350180506	0.9996152177042101	0.9997778597122302	0.9998092887776983	0.9998418713872832	0.9994324909877433	0.9994741678939617	0.9998164985693848	0.999814956647399	0.9998402105638831	0.9880145199835189	0.9998237102601155	0.9995898791651412	0.9996103570100411	0.9997904892857145	0.9996347177274363	0.9998468713872832	0.9998439942217409	0.9990213697632059	0.9992029157588962	0.9997972144144143	0.9998270314192849	0.9998347925608012	0.9995368793292017	0.9998105529454283	0.9998040700613939	0.9998325144508671	0.9884168839103872	0.9998479350180506	0.99979908008658	0.9877121636952998	0.9882492517569245	0.9998235946531793	0.9998518483754515	0.9991302661319725	0.9998116341287059	0.9998274674855492	0.9998217241379311	0.9998132984104047	0.9998409107336466	0.9997980541516245	0.999813895306859	0.9996685209235208	0.999844430791471	0.9998218122743683	1.0	0.9994829945945947	0.9998196179935737	0.9998440274269218	0.9998075786049873	0.9995435544340302	0.999853638958259	0.9998261854926019	0.9997966882416397	0.9998059855595669	0.9998048666186012	0.9998166184971098	0.9998141270974651	0.9998417787418654	0.9998435964285715	0.7354496176821984	0.9998349589432346	0.9993371376679985	0.99957005409304	0.9997751889168767	0.999814570508232	0.9998067027807873	0.9998587080476362	0.9998105169920465	0.9998210577617327	0.9880454813915858	0.9998222840827982	0.9992656184258251	0.9998564860960636	0.9994685276073623	0.9998160324909746	0.9994919740634004	0.9883746128769356	0.9990395288921604	0.9880285131795715	0.9996695863309353	0.999851220657277	0.9998502203757224	0.9880464521452146	0.9991543346700692	0.9871040165876778	0.9983561515928231	0.9998404911520404	0.999487798628654	0.9880151031970863	0.999770524438102	0.9997935172413793	0.9998550451752801	0.9990604697742171	0.9998284338209064	0.9998098454904779	0.988358484725051	0.9997830964285714	0.9994480839612486	0.9989660087559284	0.9996392401872524	0.9998550090220136	0.9998408139950019	0.7374616259168704	0.9989775213675215	0.9998327302275191	0.9998398159509203	0.9998542311808777
scaffolds12327	0.9991226716206655	0.9992537486725663	0.9992197525627432	0.9989254151624547	0.9988835342960292	0.9986847037701975	0.9992117879858657	0.998897793079096	0.9992825644648534	0.9992391590429276	0.9992247329324373	0.9996709638135006	0.9993226538740043	0.998675383507382	0.9988758916967508	0.9988332482014388	0.9866082068965518	0.9988238100397258	0.9988612970261557	0.9989993805309735	0.9988309611231102	0.9988205933117583	0.9992647010965691	0.9989824936845904	0.9992459641728135	0.9983141740991794	0.999157899575672	0.9992141392718275	0.9989779253409907	0.9987496597421202	0.9989130144404333	0.9991725044216483	0.9992278536067892	0.9879823545816733	0.9992081625441698	0.9991715182688897	0.9873556150793651	0.9879283429752066	0.9989414120621164	0.9992351679038528	0.9993191848409009	0.9989250976845152	0.9992598974177572	0.9991336957289093	0.9988927870036102	0.9989052690501987	0.9991776422764229	0.9992205477031803	0.9991333958923511	0.9992385886098337	0.9991960551431602	0.9989334161267098	1.0	0.9989343840057637	0.9987568497109827	0.9992294198797312	0.9990853998584571	0.9988594676258994	0.9989162869502525	0.9992429569513057	0.9988862554112555	0.9988634093376763	0.9992054047366561	0.9988769316546763	0.9993291002479632	0.9993324480450864	0.7337746398046398	0.9988713920863309	0.9981118557071069	0.9989515145081386	0.9992471670787708	0.9989483231597847	0.9991808766348534	0.9989682335976929	0.9991983256637168	0.9993282596391937	0.9870946356833399	0.9988582655631523	0.9986207407407409	0.9992641386628935	0.9999039770354906	0.9988935606060606	0.9990668196486198	0.9879059250398723	0.9992234934187124	0.9865440794809408	0.999040377691493	0.9988434439235485	0.998965178764897	0.9876638032786885	0.9992597210300431	0.9869485326086956	0.999017066525124	0.9992566937765203	0.9998098681471201	0.9872835829720141	0.9988251258992805	0.9991876512455515	0.9992294831858408	0.9992321355813135	0.998915921526278	0.999218971468827	0.9879660239043826	0.998901469740634	0.9991869842406876	0.9991519880155093	0.9987900504868376	0.9989367459459462	0.9988729517638588	0.7385133538083539	0.9990511716230743	0.9989620216606498	0.9989123099099101	0.9989418610511159
scaffolds5A16	0.9996443885672939	0.9999153417721519	0.9998865534682081	0.9998851137594799	0.9998395846876129	0.9996117981651375	0.9998926425992779	0.9996907039711193	0.9998501481213873	0.9998991564967696	0.9999159010473094	0.9995266955892987	0.9995034625322998	0.9999216822094692	0.9998910469314081	0.9998862334407447	0.9883382132564842	0.9998414342485552	0.9996581458409673	0.9996138404452692	0.9998945157819226	0.9997457292418774	0.999914990964944	0.9998686926688335	0.9990936516648374	0.999253560495627	0.9998902131502891	0.9999094328034681	0.9998602333931779	0.9996106588579795	0.9998939725532684	0.9998931972543353	0.999909166064982	0.9884710470779221	0.9998881220657277	0.9998829652425778	0.987866357749899	0.9881149917491748	0.9998608489884393	0.9998891368725172	0.9991844460694698	0.9998888014440432	0.9998837319364161	0.9998994518571945	0.9998985492601951	0.9998493066088842	0.9998159082701338	0.9999177797833935	0.9997549981903727	0.9998974078091108	0.9998877500902853	0.9999093875358166	0.9995618306801737	1.0	0.9998814043321299	0.9998944002890174	0.9996331691416154	0.9998829430719659	0.99989	0.9998509888127032	0.999832461205341	0.9998889829895042	0.9998444416335383	0.9999285294117648	0.9999148336948662	0.9999063668935864	0.7373534841075795	0.9999104266762282	0.9992724380466473	0.9996056465048898	0.9998988724250092	0.9998995977011496	0.999884600938967	0.9998621768953068	0.9998522648335744	0.9999135391838209	0.9882036676101901	0.9998884747583244	0.9993090025482346	0.999890870350307	0.9995357603186098	0.9998707542403464	0.9995944323933479	0.9884758384084451	0.9990839623338257	0.9883571234567902	0.999763514099783	0.9999344183526012	0.9998591194514618	0.988345836768343	0.9991832967836257	0.9878770455445545	0.9987523863636365	0.9998790751445088	0.9995961231884058	0.98820053802589	0.9998829512893981	0.9998912859744994	0.9999223382724973	0.9991118720292506	0.9998740580229228	0.9998756570397113	0.9884772767857143	0.9999232245337158	0.99954265129683	0.999078784328085	0.9997178504335259	0.999805777697582	0.9998749121548943	0.7379879111644658	0.9990352890712423	0.9998485095633345	0.999913072202166	0.9999527803654604
scaffoldsTV105	0.9993400072621641	0.9996267122302159	0.9995918361480416	0.9995932579022988	0.9995789511494255	0.9992109161147903	0.9995741113105925	0.9993642297934036	0.9998195902828136	0.9995205319913733	0.9996783572969087	0.9992157686729514	0.9995445474777449	0.9995790637378467	0.9995933943965517	0.999563923049263	0.987646954377312	0.999589568810636	0.9993377923497268	0.999235177646188	0.9996002625899282	0.9993654321880652	0.999628577075099	0.9997051364942527	0.9986644676180021	0.9988125977347463	0.9994842997097243	0.9995901867816095	0.9995826618705036	0.9992067057960382	0.9995972367948258	0.9995713577586206	0.9995067995689657	0.9879798739837398	0.9995942564655171	0.9998595889414332	0.9876169866342649	0.9884364883913764	0.9995444129263915	0.9995887791741471	0.9989084855152183	0.999579669183747	0.9996282536830756	0.9994991142443964	0.9995728843390805	0.9995865098743267	0.9994765075376882	0.9996297450628364	0.999447844420211	0.9995673975557153	0.9995783447037703	0.9998654967602592	0.9992385061638868	0.9998760122478386	1.0	0.9996143601725376	0.9993912059571376	0.9995451401869159	0.9995947829207034	0.9995237509051411	0.9994624578399713	0.9998450798258346	0.9996117103844772	0.9995956762589928	0.9998737558516383	0.9998454787616992	0.7380577818627451	0.9995731258992807	0.9990231432748538	0.9992946482958667	0.9995007324147934	0.9995691216702665	0.999567945402299	0.9996147147470399	0.9995514670981663	0.9998853505933117	0.9877391977309562	0.9995731499460626	0.9990648447204967	0.9994836481149012	0.9995409927272729	0.9995968449389806	0.9992981413043479	0.9879750223668158	0.9986224241302738	0.987749083436087	0.9993675135918811	0.9995441816223978	0.9995968211206896	0.9877028630193335	0.9988059934017597	0.9877730410522121	0.9988444228655184	0.999596095545977	0.9995502762631769	0.9878039627228526	0.9995244428468726	0.9994717227505487	0.9996251814588574	0.9986812266569023	0.9998825449964003	0.9995862495479204	0.987961228141521	0.9996965706051874	0.9992160036101084	0.9986677447744775	0.999408086956522	0.9996162670495334	0.9995699424460432	0.7380561717791412	0.9987102277819269	0.9995677953321365	0.9995741831238779	0.9998756443484523
scaffolds13986	0.9992197793594307	0.9996604432809776	0.999600185055866	0.9993252467811158	0.9993126357142859	0.9990039229106629	0.9996202024432809	0.9988950477876106	0.9998302163120567	0.9995490284110836	0.9997677279102386	0.9990796770759404	0.9994430088495577	0.9989057619218358	0.9993489210432298	0.9990621213208901	0.986663640048642	0.9992868752234538	0.9993894546742211	0.9991113107511048	0.9991226264800862	0.9992611354653252	0.999710244157656	0.9995321763869132	0.9988054633620689	0.9987074570200573	0.9994848562300318	0.9996527155322863	0.9993048464285715	0.9991683938196192	0.9993512759113651	0.9997184889821619	0.9996632030704815	0.9881382791817089	0.9995599441730636	0.9995905909576361	0.9870913537117905	0.9882502015631428	0.9994913519313304	0.9997064290705799	0.9991022750548646	0.9993545561918394	0.9997800767888306	0.9994550141843972	0.9993310928571428	0.9993115194851626	0.9996598672720921	0.9996118492672718	0.999730387900356	0.9996506514886164	0.9996127060055866	0.9993094244604318	0.9992778196022727	0.9993187585462397	0.9991607780566512	1.0	0.9992686197082888	0.999060032304379	0.99931484375	0.9997570556935083	0.9993697424892705	0.9992773422770124	0.9996011727748694	0.9990776876122085	0.9999232855143457	0.9998418092221047	0.7386272426470588	0.9991311745689653	0.9983313127690102	0.9990570014194465	0.9997258105711245	0.9992831223175965	0.9996254415357767	0.9994593881181074	0.9995941349178609	0.9999376793839693	0.9873171053677934	0.9991134015804598	0.9994417914725907	0.9998866934919524	0.9995405302491105	0.9992723624017156	0.9991657627118643	0.9880979847450823	0.9986956207021355	0.9864785945727015	0.9993749698046182	0.9993211699463328	0.9994561230329043	0.9873054519427403	0.9988001563636363	0.9876611925175369	0.9990486105111592	0.9997392030758477	0.9995698077607689	0.9873374264120923	0.9991157953321366	0.9996433273766975	0.999628603096411	0.998966697741126	0.9993299460431654	0.9996126527728718	0.9881392659446451	0.99915251527129	0.9990116200716846	0.9987873570658036	0.9992219834114677	0.9993227085552008	0.9990936813778255	0.7383771980676329	0.998632821546354	0.9994406375358166	0.9993344034090909	0.9993213170205111
scaffoldsTV70	0.9986234233003074	0.9987170981357721	0.9987065554775281	0.9982246459227468	0.9982327584973166	0.9985488080168776	0.9986970400280899	0.998552105628909	0.9988880285118219	0.9986857177957178	0.9986738883034774	0.9986110778443115	0.9989637894350696	0.9984015015861826	0.9982022524133001	0.9982050143061515	0.985656685483871	0.9981611230329042	0.9984096827094473	0.997902077542063	0.9981486077308519	0.9982448547129694	0.9986758798735512	0.9982190414878397	0.9983375462962965	0.9982339276939278	0.9984568011224134	0.9987369571328181	0.9982647407937077	0.9979757218683653	0.9981459471050752	0.9987430042164442	0.9987087592267134	0.9876852264529059	0.998626697086697	0.9992157916812304	0.9864840528977051	0.9877467315490672	0.9982179256080113	0.9986832244467863	0.9981714719710669	0.9981815257879656	0.998749919213207	0.998272987465181	0.9981905648909546	0.9982295957066191	0.9986402106002108	0.9986929153494907	0.9986759212817835	0.9987665340712557	0.9987075140449438	0.9988005954088953	0.998615895811334	0.9988069813352476	0.9981964592274678	0.9987123822909346	1.0	0.9982380329041486	0.998249767774205	0.9988047428769982	0.9982360793423872	0.9988699280834233	0.9987074438202248	0.998259917739628	0.9992581994362227	0.9992596268919394	0.7355126617826617	0.9981792062924563	0.9974241172365668	0.9985279131355934	0.9988254191304349	0.9982254214285715	0.9987065437302426	0.9981976868072937	0.9986688955328877	0.9992563661971829	0.9869681151419559	0.9982115849731664	0.997927234117234	0.9986205409202671	0.9991672341928646	0.9982590314510366	0.9975321652421653	0.987682010433387	0.9980946272401434	0.9857389641273681	0.9987445324991312	0.9982666237942124	0.9981773078298176	0.9867742432872254	0.9980355519363012	0.986708940397351	0.9983507017543858	0.9987162640449438	0.999174109540636	0.9870438950276242	0.998212417739628	0.9985900211789622	0.9982059888385072	0.9982646567057987	0.9987695374686268	0.9988369422617015	0.9878354673084637	0.9984542831541218	0.9980862106017192	0.9982493975044564	0.9972465619421635	0.9982422766261615	0.9982346241947028	0.7405508242424242	0.9982366484716156	0.99820532546495	0.9982453233297608	0.9988061885980639
scaffolds5A19	0.9996481969587258	0.9998450307191905	0.9998243037518039	0.9998173258751355	0.9997701371346085	0.9995869699192957	0.9997882437793005	0.9995155342960287	0.9997855182376308	0.9998208351254482	0.9998273836160232	0.9994622539797393	0.9995446545991874	0.9998298600645856	0.9997839335979792	0.9998445884037221	0.9879882962962963	0.9997550649819497	0.9995656071689831	0.9995939383815887	0.9998138301683986	0.9996195924990986	0.9997838880866425	0.9998209163059164	0.9989111102994886	0.999146271865889	0.999722122965642	0.9998065548340548	0.9998348385939742	0.9994910460863204	0.9997991083032491	0.999744632034632	0.9998009058101769	0.9883323292682927	0.9998205301117924	0.9998329409634191	0.9876141777777778	0.9883459248554914	0.9997999566943341	0.9998271943743238	0.999204288327845	0.9998134525099315	0.9998075315770482	0.9998031831290557	0.9998005232767954	0.9997893465703971	0.9996971835557158	0.9997928777497296	0.9997248333333333	0.9998330541516245	0.9997381932924632	0.9999325635517365	0.999493555153707	0.9998428760744986	0.9997919473494412	0.9998057833935018	0.9995054052098408	1.0	0.9997857843490805	0.9997488740526886	0.9997853948791923	0.9999105535455861	0.9997950992421509	0.9998370440702256	0.9999093205637875	0.9999349677419356	0.7355854577883473	0.999850694842407	0.9993374016034985	0.9995520774520451	0.9997871480144406	0.9998093216080401	0.9997879545454547	0.999816170212766	0.9997968761285663	0.9998915229159149	0.9880449332794178	0.9997920722977811	0.9993396576839039	0.9997870093795095	0.9995231243204061	0.999760620266859	0.9995324656543746	0.9882436493083807	0.9989277031019203	0.9879770752776637	0.9995689675090254	0.9998201155234658	0.9997097112955612	0.98802739184178	0.9991225538911216	0.9874700988533017	0.998589061927446	0.9998306168831169	0.9995937382160986	0.9879816221682848	0.9997999176807444	0.9998001165755922	0.9998171923493324	0.9989997955458196	0.9999285714285714	0.9998168085106383	0.9882975162601625	0.9997567753493373	0.9994715622750181	0.9988549945155394	0.9995832334897148	0.9997731423423425	0.9998451396848137	0.7379466707021791	0.9988529672375279	0.999828236566895	0.9997952847873107	0.9999489434097422
scaffoldsEF13212	0.999305322463768	0.9996567176931294	0.9996681158905084	0.999685798138869	0.9996957602862255	0.9990047229357799	0.9996864392324095	0.9991714956647401	0.9997681640766173	0.9995684851732761	0.9997694422595639	0.9990732537097359	0.9994563488543977	0.9993516780452751	0.9996784293381039	0.9993939756010047	0.9880324078624078	0.9996563694951663	0.9994386043995671	0.9994532965415748	0.9993896373429085	0.9995774027377523	0.9997587148451406	0.9998450160199359	0.9988185385458532	0.9988366241341596	0.999580625904486	0.9996700710984713	0.9996650017876297	0.9991646627565983	0.9996286976744188	0.9998025809896762	0.9997128779793667	0.9881031285367824	0.9997211975835112	0.9994680254083484	0.9874532046642542	0.9883606570841889	0.999757179670723	0.9997486877667142	0.999140731261426	0.9997199749193837	0.9997748185053382	0.9994614698447094	0.9996721431127015	0.999653687790906	0.9997716749644383	0.9996758528784649	0.9996522262509063	0.9996560593068955	0.9997815398293031	0.99951404454023	0.9993066160520606	0.9995076635514019	0.999473726262988	0.9996719139096407	0.9992138898949656	0.9993874919268031	1.0	0.9997325794797688	0.999746416309013	0.9995032621288921	0.9996741358463729	0.9994026310122038	0.9998648966500355	0.9997469459362693	0.7363572582619338	0.9993905599425701	0.9991251488743647	0.9991157380607814	0.9997073371924748	0.999682397995705	0.9997038015647225	0.9997651832088225	0.9996356517094017	0.9998802171591313	0.9874155953338697	0.9993946733668342	0.9993089435336977	0.9998367343304844	0.999473761334784	0.9996778047908472	0.9994662018018019	0.9879324292643493	0.9987668265682658	0.987904848608838	0.9995043295988435	0.9996437540221667	0.9997368385248835	0.9875336721311476	0.9989758525009127	0.9879828876582277	0.9988981980994153	0.9997704660263251	0.9994687096774194	0.9874462253521127	0.9994044025834229	0.9995889115398617	0.9996970082407739	0.9989413920350749	0.999537471264368	0.9996438035264485	0.9880847898140664	0.9995122825305538	0.9993273895870735	0.9988264141968533	0.9995268756756757	0.9996904794034093	0.9994439030520649	0.7374486913580246	0.9987112821468506	0.9997303724928367	0.9997177095170454	0.9995380495689656
scaffoldsTV19	0.9982976782578152	0.999322639233771	0.9991838022678952	0.9987046428571429	0.9986367988464312	0.9987353583003241	0.9991421793054572	0.9988901643931444	0.9996399334733894	0.9991641946902655	0.9995296413352275	0.9988113406827881	0.9992085540391	0.9988232382671481	0.998704044011544	0.9985714527757752	0.9858875202922078	0.9987312802019475	0.998923301005747	0.9976797903641046	0.9986487495495496	0.9987783713471134	0.9992872102091458	0.9991437364620939	0.9982603303411131	0.9982824240282685	0.9989231699576869	0.9991844259390503	0.9987953220582942	0.9982218052594174	0.9987529231324431	0.9993997019162527	0.9991607054236086	0.9876244144869215	0.999162231668438	0.9996190249912004	0.986826741795176	0.9875303571428572	0.9987525495852867	0.9992611378943639	0.998418412408759	0.9987494107013738	0.9993615774548034	0.9984060196215837	0.9986316552470248	0.9986565800865801	0.9992021091811415	0.9991759780297662	0.9989859537166901	0.9991775398794753	0.9992494330262228	0.9991993887884267	0.9988405861456484	0.9991845480838757	0.9986062752890174	0.999183671155209	0.9987945301542778	0.998706235124414	0.9986488460151459	1.0	0.9986237756941939	0.9991205654222545	0.9991906626506024	0.9987073258751353	0.9998157269818698	0.9998348120567377	0.7352293480934811	0.9985918565248738	0.9977610488762042	0.9988710370634355	0.9990343321678323	0.998706522833513	0.999266459957477	0.9989597942980875	0.9993052575488455	0.9997933641207816	0.9868105715427659	0.9988181378563695	0.9980662725026476	0.9992750141743444	0.9994487887424298	0.998649195816805	0.9971964493013257	0.9876484730056407	0.9983686076867296	0.9857054600729632	0.9990516730836543	0.998547218018018	0.9987907611832612	0.9865104376278118	0.9983132386156647	0.9870365	0.9982460215827337	0.9994131347517731	0.9994835342368045	0.98687526	0.9986968831168832	0.9989787313432835	0.9984589490333918	0.9984755858115372	0.9991826852186485	0.9993463916083916	0.9877834232782924	0.9991059934971098	0.9984579047962495	0.9982790086206896	0.9973701255380202	0.9987012220620045	0.9987426289217455	0.7388180499405469	0.9981950274624681	0.99878136002886	0.9986587783783784	0.9992006073752713
scaffolds10646	0.99945588384755	0.9996052616487455	0.9996625205871822	0.9997073075546008	0.9996748872180452	0.999182632352941	0.9996297924865831	0.9990092232658961	0.9996816010119263	0.9995562249283668	0.9996508742386242	0.9991887350489309	0.9995567964404894	0.9994400215827338	0.9996261846814603	0.9994510233393178	0.9873169533169532	0.99961401504298	0.9994329422448237	0.9993999741506648	0.9994213146551724	0.9995196823104694	0.9996135696383818	0.9997396882837692	0.9985779597806217	0.9987350729927009	0.9993299927667271	0.9996246349319973	0.9996156133428982	0.9990634604105572	0.9996059291084854	0.9996370451289398	0.9996764577363898	0.9879749817444219	0.999617534883721	0.999694063976736	0.9874929511505854	0.9883482954075299	0.9997236282234956	0.9996137473156764	0.9992142201834863	0.9996330656149158	0.9997036868505912	0.9994008989169675	0.9996782133906195	0.9995719792412311	0.999595848246242	0.9996607015032213	0.9996775635439362	0.9996991221784307	0.9996255082319258	0.9997404247660189	0.9992383972503619	0.9997307168587896	0.9995128766140603	0.999674772482981	0.9992942851959362	0.999447816876122	0.9997102182468695	0.9998073408104198	1.0	0.9996967598982928	0.9995963945578231	0.9994549622709307	0.999910610632184	0.9998359051724138	0.7384407099143206	0.9994792669780813	0.9992373287172012	0.9991457690915673	0.9996256982633864	0.9996216469321852	0.9995762025769507	0.9995990658554044	0.9996685166606952	0.9999137567276642	0.9875121399676375	0.9995014049586779	0.9993797737226277	0.9996197814403439	0.9995216751453488	0.9996685652951702	0.9994942231075697	0.9877687408610885	0.9985035241965275	0.9871793944353517	0.9991372037572255	0.9996225635517365	0.9996906301467955	0.9873785350841199	0.9989800329549615	0.9878582168387611	0.9990156566397653	0.9996765436962751	0.999523660130719	0.9875566450829623	0.999526889367816	0.9995943456069997	0.9995672707736388	0.9987322705667276	0.9997404283657307	0.9996313868876081	0.9880471051563134	0.9993795215827338	0.9993018617212819	0.9986196045404614	0.9994162450307191	0.9996352968526467	0.9994722026590012	0.7380572906403942	0.998491271913465	0.9997077909058361	0.9996632987477638	0.9997159971202304
scaffolds121VP	0.9996588228902572	0.999901230881282	0.9998423054545456	0.9998599163332123	0.9998323345454546	0.9995555116959066	0.9999007270083606	0.9995640021652835	0.9998184682080927	0.9998365968964273	0.9998987995634777	0.9995234480260776	0.9994472496318116	0.9998666161068979	0.9998818145454544	0.9998173369369369	0.9879755329738699	0.9998367770098218	0.9995995722713866	0.9996250465202828	0.9998220670995671	0.9996506069364165	0.9998951546016734	0.9998525009087605	0.9990122700729925	0.9992668740902475	0.999831566570188	0.9998992290909093	0.9998207573025606	0.9994288624725678	0.9998714623499454	0.999891629090909	0.9998893052018916	0.9883563454471213	0.999852671755725	0.999754266137757	0.9881093752535498	0.9882382919768402	0.9998566327272727	0.999860218102508	0.999228765972983	0.9998639701601165	0.9998644416151328	0.9998687197980527	0.9999004763636363	0.9998168	0.9998196109090911	0.9999026026899311	0.9997152826086957	0.9998962008733625	0.9998933515085425	0.999865425072046	0.9995226973207821	0.9997865477477477	0.9998171184593022	0.999908413968716	0.999649558131112	0.9998884690201729	0.9998983829941862	0.9998329469122428	0.9998364389534885	1.0	0.9998281884321571	0.999844312522555	0.9998907207863124	0.9997383333333333	0.7343469565217392	0.9998401443001445	0.9992695733041577	0.9995896921405287	0.9998140845070423	0.999888023046453	0.9999131225009087	0.9998656265891757	0.9998538965768391	0.9998972119229371	0.9881904813915858	0.9997384792792794	0.9992992024763292	0.9999012031988368	0.9994973514492753	0.9998695058139535	0.9994896244131457	0.9883036315359478	0.9991323017336776	0.9880205845771144	0.999633216606498	0.9998538981818181	0.9997542618181819	0.9880168134607396	0.9992200547445258	0.9870237311058075	0.9984974067300662	0.9998654872727272	0.9995373076923076	0.9881534318089843	0.9998283165104542	0.9998545553935861	0.9998670109090912	0.9991403209336251	0.9998170100864555	0.9998332226632985	0.9883273662719476	0.9997550180245134	0.9995029418142395	0.998983209200438	0.9996016353790614	0.9998489970930233	0.9998224278499279	0.7384222195416165	0.9988895500185944	0.9998479949146387	0.9998976925872094	0.9997932600864553
scaffolds132VP	0.9992601957295374	0.9997124501922406	0.9996696859734822	0.999334524660472	0.9993531772694784	0.9989697119193374	0.9996433949755757	0.9990177569099928	0.9996926799007444	0.9995492779530318	0.9996701507713885	0.9990602379261364	0.9994590560471975	0.998879817007535	0.9993585198426885	0.9990393797059878	0.9866279359286294	0.9993123462088699	0.9993862300884955	0.9990490077177507	0.9991024650161465	0.9992164462809916	0.9996845584642237	0.9994638549075393	0.9986666081661892	0.9987872548317823	0.9992887331440735	0.9996352581995814	0.999302625	0.9989996800862688	0.9993757433881344	0.9996170914804471	0.9996816096368715	0.9880592418772562	0.9996218276944542	0.9995670787317421	0.9870204047619048	0.9882981679703582	0.9994329721030044	0.999632537521815	0.9991173686131387	0.9993670426065164	0.9997164141061454	0.9993684702549573	0.9993517161244192	0.9993251771019678	0.9996432414515005	0.9996781723055459	0.9997082734069064	0.9996706907433381	0.9996314166085136	0.9992892813510601	0.9992828611998582	0.9993156526429341	0.9991220837808805	0.9996532670157069	0.9990360888099467	0.9990485657941917	0.9993398367057154	0.9997668840836583	0.9993455484101467	0.999262854038392	1.0	0.9990685089605735	0.999925521343597	0.9998230988392541	0.7385385072815533	0.999088093189964	0.9984748385939741	0.999067926267281	0.9996585926976248	0.9993253540772533	0.9996351937172776	0.9993813712255774	0.9996157617051011	0.9999256453305353	0.9872667914012739	0.9990717575322812	0.999445800214823	0.9996518756549077	0.9995154325382699	0.999357227581279	0.9990482877697843	0.9877505292702488	0.9986219761129206	0.9866207299270073	0.9992783870967743	0.9993229174115124	0.9993946137339057	0.98736102700491	0.9988314046579331	0.9876833671478735	0.9990315857605179	0.9997187958115182	0.9995561730153079	0.9872842333731581	0.9990630441018287	0.9996365214285716	0.9996097891036907	0.9988629835243554	0.9993180165289257	0.999630611091487	0.9880895948656236	0.9991471099928109	0.9990196734840332	0.9987907068532471	0.9991611527377522	0.9993746006389778	0.9990417079296735	0.7387104490291263	0.9985789067641682	0.9993742095851215	0.9993647319843807	0.9993226383896476
scaffolds5A8	0.9995500724112961	0.9997339494584838	0.9997492972972971	0.9997214321789322	0.9996728787878787	0.9994411848862801	0.9996824360360362	0.9994615240158902	0.9997683375496927	0.999690017914726	0.9997928906531938	0.9993573733719248	0.9995635194085029	0.9997286831718696	0.9996864826839827	0.9997635148692224	0.988215539983512	0.9996573800072176	0.9994825566934893	0.9994506824925816	0.9997068398423504	0.999555468637347	0.9996885533910534	0.9997817857142858	0.9988009422936449	0.9989500801165331	0.9995636659436009	0.9997202198990627	0.999714967718795	0.9994916666666669	0.9996981680490444	0.9996506238730618	0.9997112874143527	0.9881884709231394	0.9997192504504504	0.9999150108774474	0.9876186938940558	0.9884215674110837	0.9997383507758931	0.9997267783783784	0.9991963556531286	0.9996978339350183	0.9997817827499098	0.99977047979798	0.9996839321789323	0.99971159870083	0.9996223819819821	0.9996902774774776	0.9996868525896416	0.9997196572871573	0.999655736936937	0.9998969702402296	0.9993848553868404	0.9999198277717974	0.9997592393655371	0.9997242099567099	0.9993875244299675	0.9997652220630373	0.9997042651296829	0.999665916967509	0.9996666798846431	0.9998991597247376	0.9997254234234234	1.0	0.9998882406069365	0.9999184924623116	0.7356011190476192	0.9997797851772288	0.9992607291286912	0.9994063001808318	0.9997839776011561	0.9997069612068968	0.9996603965392935	0.9997379091564527	0.9996632623601588	0.9998648394081557	0.9878744592952613	0.999719047277937	0.9993303350327749	0.999839628293035	0.9995393437273387	0.9996705443403028	0.9995282501807664	0.988030179007323	0.9988221906169191	0.9883003915910965	0.9996027499097799	0.999710118918919	0.9997435582822088	0.9881061211871393	0.9990605153508771	0.9877099722552518	0.9987479574624127	0.9997242234234233	0.9995244561276286	0.9879283907580056	0.9997240923737917	0.9996679504914453	0.9996924810674359	0.9989289302665205	0.9999474686267482	0.9996959430219978	0.9882527339300243	0.9998746860423395	0.9993526575441124	0.9988322823701536	0.9995237138728323	0.9997458105187321	0.9997634229390682	0.7375194921402661	0.998788896757361	0.999727876712329	0.9996994776657059	0.9999172570813913
scaffolds131VP	0.9993984081196581	0.9999647639034629	0.9999327981811823	0.9996587925474739	0.9996116714387977	0.9992437630913688	0.9999157922350475	0.99972569400071	0.9998928130542746	0.9998206572934975	0.9998943719298247	0.9993294914651493	0.9994547585698489	0.9991670129403306	0.9996108732999284	0.99931014028777	0.986764963474026	0.9996017293233084	0.9996013085106384	0.9993059697640118	0.999300046712181	0.9994851259899208	0.999918242487771	0.9996693311988617	0.9992144592166727	0.999216681019017	0.9997975133214921	0.9999245171448568	0.9995997312791113	0.9993264244604316	0.9996223255813953	0.9998864450664802	0.9999558196434812	0.988442420459122	0.9999052256033578	0.9995806832740215	0.9872634671968191	0.9882539884631232	0.9996139083750896	0.9998994821553534	0.9991207009857614	0.9996136608103262	0.999938993710692	0.9996653922612708	0.9996087437365785	0.9996515252416756	0.9998752937062938	0.9999263203917454	0.9997220988971895	0.999936482976483	0.9998781881776846	0.9992831679252067	0.9995567461730156	0.999336905361641	0.9993520480631278	0.9999039636490737	0.9993898646723647	0.9993108881697232	0.9996200355871885	0.9998988325053229	0.9995959563037249	0.9992539593908629	0.9999247149352921	0.9993155843221863	1.0	0.9998293490499649	0.7362395443349753	0.9993092125134844	0.9987398669543329	0.9993255085348506	0.9999094178203763	0.9996277753857195	0.999900689293212	0.9996385226059096	0.999895159369527	0.9999239979013642	0.9876277383326685	0.9993094208633093	0.999437467765043	0.9999504828551434	0.9995193172119489	0.9996120128939828	0.999127507204611	0.9883452356020942	0.9991434686480609	0.9867747139959434	0.999753315565032	0.9996096775349339	0.9996307730851826	0.9877256334563346	0.9991256824817519	0.9876695927956148	0.9991412765192378	0.9999564987757958	0.9995570956274439	0.9875846092503986	0.999281873426825	0.9998823065902579	0.9998597110641296	0.9992293898061736	0.9993177490111471	0.999904527098831	0.9884313779210315	0.9992957476635513	0.9992721415738413	0.9992083159409859	0.9994087608381504	0.9996640320284698	0.9993182285303631	0.7377325248756219	0.9990581291269258	0.9996286057347672	0.9996250889679716	0.9993282236605537
scaffolds5A12	0.9995352672566373	0.9999290484612664	0.9998731861533027	0.9993744764303708	0.999360593738755	0.9993942462311557	0.999903941425547	0.9996145204513398	0.9998121602541477	0.9998874505036471	0.9999161462380785	0.9993725141643061	0.9991748406009527	0.9992407964285716	0.9994100539568345	0.9992681860299358	0.9870991615791616	0.9993492692584595	0.9996419161891118	0.9984136699597512	0.9992255281941471	0.9991993159025789	0.9998853180212015	0.9993762787356323	0.9989887951376474	0.9991649803781664	0.9998555453582775	0.9999042690677967	0.9993451103988605	0.9982890705924085	0.9994029625629949	0.999876004945249	0.9999067889908255	0.9874797283260088	0.9998741722555594	0.999627390226629	0.987360956937799	0.9879586191261336	0.9993687904967601	0.9998750194140488	0.9989276861605523	0.9993942533285352	0.9998667255386791	0.9997697318278052	0.999405343401654	0.9993529856115109	0.9998291172316386	0.9999021418489767	0.9997395079646016	0.9999101555869874	0.9998982168079098	0.9993241583452211	0.9995363469026548	0.9992107023172904	0.9992365981981981	0.999908455284553	0.9995447271438695	0.9993219215686274	0.9994094719827586	0.9998347390691115	0.9993518446601942	0.999126551475882	0.9998432014134278	0.999252425	0.9998988547189818	1.0	0.7375983803680981	0.9992791827266239	0.9985309500000001	0.9994150283486888	0.9998403177966101	0.9994028037050231	0.9998899611444719	0.9993816481149013	0.9998469837340878	0.999906332509707	0.9878245101959217	0.9991748218104062	0.9993154108858058	0.9999039830508474	0.9994979787610621	0.9993911902193456	0.998884713876967	0.9874049160671464	0.9990874855491331	0.9871440195280716	0.999688895164137	0.9993989557075981	0.9993831067961165	0.9880493300452118	0.9989223367198841	0.9873279477175185	0.9986060525368836	0.9998610769774011	0.999537408720312	0.9878193922431028	0.999207310984308	0.9998598966131907	0.9999193663716816	0.9991150929235169	0.9992740499108735	0.9998232088763649	0.9874386056731921	0.9991979864334168	0.9990258107142858	0.9989974803149605	0.9991634575789848	0.9993669791666666	0.9992508139950017	0.7376079951980792	0.9989092966472304	0.9993688241639697	0.9994250412926392	0.9992362388591801
scaffoldsARL09542	0.731443446191052	0.7352951300236406	0.7353708028335301	0.7353985731132076	0.7352226122931442	0.7327361612515043	0.7353428335301062	0.7317699879663055	0.7314269501822601	0.7354040259740259	0.7349917633136096	0.7328125360576923	0.7309309268292682	0.7353941745283019	0.7353238016528926	0.7356072320376914	0.7354686363636364	0.7352744746162927	0.7351539551357732	0.7318083878787879	0.7353655726092089	0.7328461010830324	0.7354566981132077	0.7346100355871887	0.7312296863691193	0.7308561881785284	0.7318491576413959	0.7353904604486422	0.7354940780141844	0.7318162123039808	0.7353692207792208	0.7350527186761228	0.7352063120567375	0.7316304975728154	0.7353487839433294	0.7315993454545455	0.745159558985667	0.7473626740331492	0.7353029432624113	0.7353961275088546	0.7308004374240583	0.7353945583038869	0.7353570956316411	0.7321657228915663	0.7355077712264151	0.7353672136953955	0.73519373081464	0.7352736288416075	0.7316555878787878	0.7353934474616293	0.7353894332939789	0.7342935476190476	0.7330540336134453	0.7340578571428571	0.735131158392435	0.7354434356552538	0.7320023012048194	0.7353067296340023	0.73545906729634	0.7317764613526571	0.735607287735849	0.7315540461725395	0.7354448406139314	0.7354792561983472	0.7339205363528007	0.7342788822829965	1.0	0.735034426035503	0.7318510144927535	0.7350664976415096	0.7323155247285886	0.7343161876484561	0.7353996340023612	0.7347715857988165	0.7353791381345927	0.7342395714285713	0.7315366259168704	0.7354170518867925	0.7306687970838397	0.7343882562277579	0.7318024092009685	0.7353331404958678	0.7316397205346296	0.7309760558252427	0.7305764578313254	0.7352414779499403	0.7320355836341755	0.7353918321513002	0.7354758913813458	0.7358067303102626	0.7319834337349397	0.7402825586854459	0.7308578007290402	0.7354453364817001	0.731490096969697	0.7314501958384334	0.7353390650887573	0.7329404578313253	0.7353771074380164	0.7313849698431846	0.7342981428571429	0.7329361686746988	0.731485	0.7342959642857143	0.7353651829988194	0.731138902291918	0.732706469879518	0.7352797872340426	0.7352243853427894	0.7403218222722159	0.7307960481927711	0.7354322786304605	0.735401759149941	0.7342982738095237
scaffolds5A15	0.9995083225341973	0.9999036018786127	0.9999183705839945	0.9998779790689281	0.999864341392999	0.999541354508945	0.9998623395818312	0.9996412153901477	0.9997560186848723	0.9998347285714287	0.9998910714285714	0.9994943299711817	0.9995728282456784	0.999839063616869	0.9998354220779221	0.9998566904422254	0.9882539777869189	0.9998292424242423	0.9996190599853695	0.9996416623376624	0.9998829300499645	0.9997154254937164	0.999847616300036	0.9998979300396683	0.9990569664967228	0.9992704570184984	0.9997492476601874	0.9998718247385503	0.9998612290103609	0.9995593219103174	0.9998266750811396	0.9998277461233321	0.999887803030303	0.9882460332927324	0.9998694342342341	0.9998737012987013	0.9877085373737374	0.9884138226804123	0.9998627968242514	0.9998952992069216	0.9992318238077904	0.9998142728256949	0.9998615873015873	0.9998025161521896	0.9998313888888888	0.9998584043321301	0.9998539293439076	0.9998573936553713	0.9997020208933718	0.9998756080837241	0.9998645025234316	0.9999210702818411	0.9995140064794816	0.999912502677615	0.9998767940858275	0.9998610393359799	0.9994850306085705	0.9998944436519258	0.9998699531362653	0.9998179195113187	0.9998505805986296	0.9998761815561958	0.9998679019466473	0.9998725748930101	0.9998982894262	0.9999405571428572	0.7360366626650661	1.0	0.999399713144517	0.9995950540345824	0.9998300467289721	0.9998157188841201	0.9998402488279841	0.9998687135135135	0.9998215492957746	0.9998949080418319	0.9879573446327684	0.9998795504816269	0.9993230373323667	0.9998591128741438	0.9995567147493689	0.9998480815001805	0.9995083746853649	0.9882400731409996	0.9990340772058822	0.9883140682846563	0.999640136494253	0.9998835052289938	0.9998504401154402	0.9883084995877988	0.999235260283946	0.9874028915187377	0.9985622356384926	0.9998801009372748	0.9995505303030303	0.9880414262626264	0.999823206134094	0.9998251414068168	0.9998668278599783	0.9990981781818182	0.9998799893009988	0.9998370089766607	0.9882275598863176	0.9998856444127097	0.9994838055954088	0.9990607395264117	0.9996213843941029	0.9998672540540541	0.999873608137045	0.737519489671932	0.9990882578008916	0.9998831421356422	0.999879427027027	0.9999402212705211
scaffoldsAR0036	0.9988372525537161	0.9986007199424047	0.998591787126933	0.9988621160160527	0.9988171647230323	0.9981069974919384	0.9985209064748201	0.9972281341419907	0.9983492627057982	0.9985797457020057	0.9985794592646001	0.9981184495843874	0.9992468434718101	0.9987971423462088	0.998820557986871	0.9987705347399054	0.9856219513184585	0.998703685745534	0.9982444585755815	0.9980877287761853	0.998715791196799	0.9983201007919368	0.9985158273381296	0.9992558400292184	0.9976066727075026	0.9973699070100145	0.9978823123877919	0.998605701438849	0.9989098295866571	0.998146309352518	0.9988139606126913	0.998561411087113	0.9986162288593019	0.9871805663430422	0.998546907587199	0.9983867349874147	0.9877442215214819	0.9878487540983606	0.9988811086797958	0.9986177653832315	0.9990210456553754	0.9989128613138687	0.9986392587261607	0.9983228256227757	0.9987840342565599	0.9987865560014594	0.9984931630082764	0.9985447050359713	0.9986177362558389	0.9986842988668555	0.9985201474289823	0.9993573508964511	0.9982496464646464	0.9993017233809001	0.9986465728900256	0.9985960985257103	0.997846385754584	0.9987381798325448	0.9989011394248273	0.9981425089477451	0.9988043164418521	0.9992395633027523	0.998570776699029	0.9987395123726347	0.9991610564399424	0.9991770280979826	0.7351395588235294	0.9988049854333576	1.0	0.9980799927562479	0.9982335653104925	0.9989241428053641	0.9984894210715568	0.9988057543731779	0.9985537018365144	0.9991512296564197	0.9868607042817127	0.9988076228613033	0.999131405076868	0.9985474837779381	0.9987765807622503	0.9987711848341232	0.9981133539468897	0.9869609278768233	0.9973712902046785	0.9854298174442191	0.9976985571428573	0.9987646751824817	0.998922810218978	0.9873539224489797	0.9983895544192839	0.9867088897668906	0.9983275520459439	0.998633450881612	0.9988194624046496	0.9869120184221066	0.9988461070648214	0.9982835755603761	0.9984904315263907	0.9978594933043792	0.9993554994511525	0.9980554246766865	0.9873349575070822	0.9991897514619883	0.9985423037790697	0.9977148929219599	0.9977986194434406	0.9989074526928677	0.9987745669577875	0.7378589354066987	0.997395481617647	0.998910598540146	0.9988361280931587	0.9993738396778917
scaffoldsAR96360	0.9996141989942529	0.9996069807280517	0.9995991910192448	0.9992979113694154	0.9992713326071168	0.9993320094134687	0.9995669041681511	0.9992815282748748	0.9996126198997856	0.999530872817955	0.9995566179615112	0.9995021137339055	0.9994865075841657	0.999104270682148	0.9992742120551925	0.9992423205221175	0.9866817925683953	0.9992683835815475	0.9993026914739883	0.9991750817236258	0.9992125426187888	0.9991458388037928	0.9995728189593729	0.9993573120232473	0.9990110285095634	0.9989122982708933	0.9994705842293907	0.9995703456878119	0.9993210659898477	0.9992278861493836	0.999265513984744	0.9995740805416962	0.9996020962566847	0.988219006863141	0.9995714214463841	0.9996745314735337	0.9871551591089898	0.9883021481481481	0.9992805630221576	0.9995705987170349	0.9991598387096775	0.9992550782102582	0.999579693513899	0.9995482178571429	0.9992674410163339	0.9992616315406976	0.9995632158119659	0.9995651371571073	0.9995709045226131	0.9996010196078432	0.999577007481297	0.9993786134301271	0.9994730164403144	0.9993854413367236	0.9992315286855484	0.9995817433155081	0.9994496378630333	0.9992116237767306	0.9992925907111756	0.9995588094386846	0.999278653846154	0.999410364298725	0.999590602280827	0.9992305732946299	0.9997158122099249	0.9996916173851088	0.7371858465286237	0.9992523032281464	0.9982780341569768	1.0	0.9995488546886188	0.9992984458968773	0.9995627655024949	0.9992477894736844	0.9995656031406139	0.9997140635033893	0.9878079536370904	0.9992286294416244	0.9991889462287985	0.9995050677120456	0.9996119340974212	0.9992548730043543	0.9991175327034885	0.9881669684721099	0.9988732228696283	0.9866634367346939	0.999309896168994	0.999256264972777	0.9993148257080612	0.9878580766062602	0.9990222482607105	0.9874109534974599	0.9991354736080983	0.999595595153243	0.9996171981368686	0.9877286051159072	0.9992345886190649	0.9995918644067797	0.9995320292439371	0.9990186748289523	0.9993867441016334	0.9995900357015352	0.9882387565603553	0.9992967792302107	0.999157137169743	0.9989619408369409	0.9990751677607584	0.9992928726877043	0.9992382988755893	0.737794742014742	0.9988775892528523	0.9992952342898656	0.9992749220166849	0.9993784101633395
scaffoldsTV33	0.9971265958188152	0.9986980558501237	0.9985867537972449	0.9984112922966163	0.9983597806544409	0.9981225061771974	0.9985316813846699	0.997764627898927	0.9987181502086232	0.9984272746478874	0.9989874080622347	0.9980808268551234	0.9990436857562408	0.9978761047345768	0.9981843729788	0.997932566403446	0.9846119687249397	0.9981754940711463	0.9982288968481376	0.9965201498538013	0.9980039705882352	0.9973497986577182	0.9985494987645605	0.9986816522678187	0.9977869096105753	0.9970360077111811	0.9983620967741935	0.9986565606221279	0.9983134015069968	0.996825199154036	0.9982039597556595	0.9990064884955752	0.9985734168725735	0.9871436673346693	0.9984569067796613	0.9984656234718826	0.9855184721689058	0.9868266934189406	0.9985628427491904	0.9986345759717314	0.9978709881847477	0.9981989992800575	0.9986554025423731	0.9970970490093848	0.9981547054597703	0.9981099676607978	0.9985164664310954	0.9985636771458848	0.9984596828679767	0.998425135898341	0.9984140854519776	0.9990051207207207	0.9982543922261485	0.9990104614275415	0.9980348397551313	0.9984599011997176	0.9975195931849791	0.9979639289558666	0.9981323561151081	0.9978824088858036	0.9980973112868441	0.9988909212427746	0.9985257152949488	0.9983298130841121	0.9995905141843973	0.9995942877341818	0.7358313027295285	0.9980194759511847	0.9964385764872521	0.9980985841022001	1.0	0.9981317335243552	0.9986103038869258	0.9986621397694525	0.9985324186704385	0.9995926534231997	0.9864958518225039	0.9982240028745958	0.9969505082369438	0.9987609688826024	0.9992835567375886	0.9980714701653487	0.9962257920968314	0.9873318145323162	0.9980670794223828	0.9844424429315178	0.9985793213916638	0.9980513407620418	0.9982987814521928	0.9851123048928426	0.9976876086956523	0.9865897234125438	0.9974822312301729	0.9985832885906041	0.9992913697657911	0.9864794210943696	0.997901704341586	0.998500519525802	0.9975414914425428	0.9979926997146933	0.9990197873873875	0.9976919861351822	0.987297484957882	0.9986079863358504	0.9981670560747662	0.9978464592274677	0.9971843655001768	0.9981196693026599	0.9983599964093357	0.7388318421052631	0.9977855243991262	0.9981868237410073	0.9981100970524803	0.9990230857966836
scaffoldsAR991024	0.9991760223988441	0.9996965023389709	0.9996810855499643	0.9996715833033466	0.9996118459877655	0.9990514745700696	0.9996928053160921	0.9990655140186918	0.9997599170872385	0.9996637683232035	0.9996774191229332	0.9990782864357864	0.999443295287187	0.999465007178751	0.9996027508090616	0.9993873469387755	0.9879976639344262	0.9995739200863932	0.9994560408312068	0.9994283610188264	0.99938445679455	0.9994827200862377	0.9996545849802374	0.999783076923077	0.9986690236794171	0.9986622391857508	0.9995253477477478	0.9996545490477903	0.9996572138769672	0.9990676597298284	0.9996535467625899	0.9996769172661871	0.9996965373563218	0.988433895631068	0.9996095332136445	0.9995054683544303	0.9874995028294259	0.9881252314049587	0.9996477897768178	0.9996577146963709	0.9991997517342097	0.9996490503597122	0.9996970118662352	0.999379870456999	0.9996222501797271	0.9996799892086331	0.9995778727991376	0.9996327073608618	0.9996474005784528	0.9997014100719426	0.9996200538986707	0.9995772479368497	0.9993192823656688	0.9995088271162124	0.9994116756756757	0.9996462917714695	0.9991377601156072	0.9993588037249284	0.9996550089766609	0.999759005046864	0.9996648525179858	0.9995146840014446	0.9996160819554278	0.9994183745963402	0.9998925693693693	0.9998469098712447	0.7376041053921568	0.9994514024390246	0.9992309107402032	0.9990761237785017	0.9996718702702704	1.0	0.9996512827883581	0.9996250233393178	0.9995377374100721	0.9998775989920806	0.9875238626262626	0.9993540974212034	0.9993223426700618	0.9997208665947501	0.9994999457504521	0.9995973570658038	0.9994789845156645	0.9880709627831715	0.9986613291605301	0.9877069942669944	0.9993301837837838	0.9996374118070556	0.9996563646170445	0.9874762166598277	0.9990001783764106	0.9874318562401263	0.9985912911485003	0.9996690726096332	0.9995249366630473	0.98743354890865	0.9994260430107527	0.9996394040697674	0.9996412491000719	0.9988497086671523	0.9995829278794403	0.9996631728350701	0.98843191825172	0.9993583494797273	0.9993171941155364	0.9987072929587741	0.9993602552120778	0.9996492100538599	0.999401818507891	0.7384736033857315	0.9985618313521545	0.9996979712230217	0.99969027658046	0.9996172361809046
scaffolds13105	0.9994121110715556	0.9996471623512946	0.9996697973445143	0.9992957142857144	0.9992613314244813	0.999080288184438	0.9996572939944133	0.9992696807378504	0.9997443703440938	0.9995305335205333	0.9996697225149279	0.9991727799502311	0.999208491331612	0.9991466079770033	0.9992882641374373	0.9990570003588087	0.9864377687954727	0.9992465914786967	0.9993289128895184	0.9992521354933726	0.9991216373429086	0.9991350395683452	0.9996338622859141	0.9994166108935564	0.9986881886657102	0.9988389262705799	0.9995220746003551	0.9996537967167306	0.999281661901358	0.9992105213951815	0.9992551360057266	0.9996933123469743	0.999634315164221	0.9880817121090617	0.9996304155027933	0.999676431372549	0.9871196988906498	0.988131737880033	0.999370776942356	0.999680775681342	0.9987920795330173	0.9992736353868196	0.9997577159846102	0.9995164161644807	0.9993072057245083	0.9992537737200143	0.9996165466620063	0.9996597206703911	0.9996419480056982	0.9996247471910114	0.9996754418442194	0.9993651509705248	0.9992688063943161	0.9993864581085942	0.9991517921146952	0.9996585494582314	0.9992718392031306	0.999117595981342	0.9993490466026325	0.9995404286220334	0.9992692739628041	0.9993567379485322	0.9995942887102411	0.9990885786073225	0.9999345757363254	0.999814021815623	0.7372446618357488	0.9991411127063893	0.9985369332855093	0.9991345205965908	0.9996556600425832	0.9992595991410164	1.0	0.9993403413940257	0.9996690199509977	0.9999020468859342	0.987174507936508	0.999165748653501	0.9993447603719601	0.9996923103809856	0.999542905982906	0.9992600643776824	0.9991672340425533	0.9881602488960257	0.998620380159305	0.9865037308003234	0.9994953283635072	0.9992986005726556	0.999340426065163	0.9872422580645162	0.998597193301784	0.9875588871595331	0.9989842239827152	0.9996863801537386	0.9995646312789456	0.9870999761904762	0.9991198672407607	0.9995826733380987	0.9996022792824483	0.9988151919626839	0.9993831020848313	0.9995744154009186	0.9882137078651685	0.9994020582943507	0.99895602513465	0.9986157507183908	0.9990929462675803	0.9993115600568585	0.9991293752244164	0.7386723607748183	0.9985213313825897	0.9993291908342287	0.999281090973703	0.9993695253505935
scaffolds13219	0.9993944339622642	0.9999054483744196	0.9998965905848788	0.9998745601436266	0.9998417121320892	0.999202825607064	0.9998705098039216	0.9996518175235339	0.9998613748191028	0.999804187880961	0.9998382515227519	0.9992839237749547	0.9994916278209397	0.9995770126126126	0.9998617372577171	0.9995846654676259	0.9879948770491804	0.9998316188083276	0.9995635814962053	0.9996225950535254	0.9995612949640287	0.9996996821957386	0.9998912665001783	0.9999035757575757	0.9990679267399267	0.9990001496896678	0.9997821783254803	0.9998613480741797	0.9998932377196127	0.9992500880410858	0.9998937832017231	0.9998139850160541	0.9998837245808063	0.9883300040567952	0.9998661604278074	0.9995506756265892	0.987800205811138	0.9883702348578493	0.9998822864321609	0.9998711408199643	0.999225194281525	0.9998394901256732	0.9998840884766322	0.9995984417932031	0.9998610624551328	0.9998560552763819	0.9998213582887701	0.9999007412687099	0.999700384754991	0.9998768315412189	0.9998315222816401	0.9996041762589929	0.9995502320522118	0.9995457646635483	0.9996373716337522	0.9998686438258387	0.9993316654571842	0.9995561380798273	0.9998736493228796	0.9998976302460203	0.9998674282639886	0.9995422633297064	0.9998788262575814	0.999590687297589	0.9999077071428571	0.9998345157819226	0.7369265613608748	0.9995827985611513	0.9993573952641165	0.9992715440376948	0.9999001919594349	0.9997951955507713	0.999865656205421	1.0	0.999747443770082	0.9999239728958632	0.9877905735056542	0.9995845935251798	0.9994015348158951	0.9998608915834523	0.9995525099891029	0.9998381456241033	0.999600441389291	0.9882041501014197	0.9990291346153847	0.9879764358869316	0.9996736314265025	0.9998439648367422	0.9998914895908114	0.9877430484798686	0.9991938754578756	0.9881809090909092	0.9991019222303743	0.9998796362339515	0.9995843059593024	0.987843397979798	0.9995450017979143	0.9998357080291969	0.9998099030868629	0.9990899304029303	0.9996184820143884	0.9998414321789321	0.988277135902637	0.9995835349172066	0.9995400288080662	0.9990342788990826	0.9996542567811935	0.9999051425516752	0.999588078445484	0.7383242857142858	0.9989577914798206	0.9998875143472025	0.9998605737704918	0.999612954300108
scaffolds113A	0.9995508164714234	0.9997465571478504	0.9997282443280977	0.9994189159212883	0.9993764832022874	0.9992230821917809	0.9997218156424583	0.9992694125973105	0.9998732330028329	0.9996681591865355	0.9997192137592138	0.9992779886282871	0.9991270445344128	0.9992631218637992	0.9993754434907011	0.9991976192183579	0.9864980902072329	0.9994037982832619	0.9994338796460177	0.9993211446448288	0.9992503621369666	0.9992901401869159	0.9997616206776111	0.9995429765291607	0.9987831958393113	0.9989823344074472	0.999532908253631	0.9997527723463688	0.9993991672623302	0.9991935032304379	0.9993872138769672	0.999778017452007	0.9997759259259261	0.9883031723027373	0.999735937172775	0.9996807150480254	0.9870492905271502	0.9878561298274445	0.9994289774758671	0.999767380370241	0.9988988759124088	0.9994318761188686	0.9997906252183024	0.9995752566371683	0.9994000679542204	0.9993644257602862	0.99970826056584	0.9997488722067038	0.9997286303806475	0.9997438723254999	0.9997949162011175	0.9993811386494252	0.9993841370738636	0.999396871408046	0.9992827292263612	0.9997612430167598	0.999410127840909	0.9992353515064563	0.9994074049057946	0.9998904249291787	0.999408426323319	0.999351737871108	0.9997377575969263	0.9992542749461594	0.9999182295311407	0.9998087803163445	0.7367483414634145	0.999248223896663	0.9986304088952654	0.9992798473553426	0.9996961486725664	0.9992888876967096	0.9997251273996512	0.9992850213219616	1.0	0.9999138706293708	0.9873279832935562	0.9992272955523671	0.999421150410861	0.9997311386657353	0.9995629847029528	0.9993532785126923	0.9992698449332852	0.9881994844945632	0.9986802422270425	0.9865219057293785	0.999434867162593	0.9993604436493739	0.9994434311270126	0.9873975564681725	0.9987203495994175	0.9876825546021841	0.9990722897196261	0.9997913826815642	0.9995524012806832	0.9872785873458019	0.9992309469153514	0.999675767309065	0.9996953886739359	0.998868283154122	0.9994022413793104	0.9997210875706215	0.9883014251207729	0.9993482040229884	0.9990539548225169	0.9987333920229969	0.9992255659697189	0.9994292717584371	0.9992299820659972	0.7387090821256038	0.9986231979509695	0.9994424642346209	0.9994224440497337	0.9993933129716134
scaffolds13761	0.9993719201995012	0.9999215621716289	0.9998920741518013	0.9994076603367966	0.9993962522393406	0.9992122979797979	0.999924625874126	0.9996791616341031	0.9998500248491303	0.9997908471001757	0.9998815741391426	0.9992882080513001	0.9993050940612322	0.9991163273381297	0.9994236725188106	0.9990725314183122	0.9870173863636365	0.9993332688172042	0.9996093905031893	0.9992442841369158	0.9990581357758622	0.9993141447605329	0.9999388799439974	0.9994097686832741	0.9991636161035226	0.9991113660810328	0.9998805905371754	0.9999315250087443	0.9993690593705293	0.9992945483987045	0.9993863238982443	0.9999068019594123	0.9999067354793562	0.9883794493569131	0.9999203181818183	0.9995279479871749	0.9872892607313196	0.9883211663244353	0.9994236581870297	0.9998986918502973	0.9989959868661075	0.9994003585514522	0.9999566165150456	0.9996253229240596	0.9994197169473306	0.9993979856630825	0.9998944160839162	0.9999359405594406	0.9996782799145298	0.9999008892794377	0.9999053146853148	0.9990572038765255	0.9995593983624065	0.9990790409482759	0.9991532903225806	0.9999233391669583	0.9993973931623932	0.9990751938262742	0.999449455709712	0.9998547179851011	0.999399366272825	0.9990491748099892	0.9998954023792864	0.99906802513465	0.9999370273109244	0.9997930555555555	0.736358007380074	0.9990710269299821	0.9988289867049944	0.9992828022759602	0.9998780774697938	0.9994122859190254	0.9999026512766704	0.9994176591960157	0.9998555761821366	1.0	0.9876690131317151	0.999070894075404	0.9994112455261275	0.9998897271773348	0.999498653846154	0.9994190655209453	0.9988921618705037	0.9882738208115709	0.999143035584604	0.9870016795131846	0.9997309236234458	0.9994161497134672	0.9993984378359013	0.9878162146661204	0.9989843706676398	0.9879687934400626	0.999098585313175	0.9999320041972718	0.9995180940505879	0.9876482809391166	0.9990451112706391	0.9998633488538683	0.9998650757308911	0.9991977207465901	0.9990697451543432	0.9998761451327431	0.988325976688103	0.9990497448796264	0.9990604419690979	0.9991379129183159	0.9991935904830571	0.9994091536273118	0.9990977658045976	0.7381168982630273	0.9990234494134898	0.999399444842407	0.9994544665718351	0.9991002476669061
scaffoldsTV112	0.987209195356285	0.9873210551558753	0.9872954015181782	0.987479659643436	0.98742306726094	0.9872175681089743	0.9871932787539937	0.9873244880000001	0.9875990108129756	0.9872054254894127	0.9873856417433027	0.9875481140350877	0.9880134851565677	0.9875174483596598	0.9873931401944894	0.9873537879401052	0.9865744788732395	0.9874125243111831	0.98719214	0.987880763546798	0.9874885170178282	0.9875833063209076	0.9873875429484619	0.9876443557536466	0.987567012728719	0.9874158040000001	0.9873642731277533	0.9871897642828605	0.9876063603238866	0.9871197599039616	0.9873038340080972	0.9873809072741807	0.9873001278465842	0.9875335728952771	0.9872377476038338	0.9877794549098198	0.9890656223175965	0.9897712510088781	0.9875489379813539	0.987407865707434	0.9876328393574296	0.9873767624443545	0.9874166346922462	0.9873466986410869	0.9874057594167678	0.9874593679092383	0.9873519824140686	0.9872965960846983	0.987149764	0.9873230747700918	0.9872810747103475	0.9877928154158215	0.9875957000795544	0.9877833008921332	0.9873423703403567	0.9871789416932909	0.9871716885702907	0.9874906642365331	0.987331380008094	0.9873206480000001	0.9874399108589951	0.9879138170731707	0.9871496046325879	0.9874786998784933	0.9875816806722689	0.9876212	0.7322510864197531	0.9875653300931552	0.9871018174539632	0.9871951845906901	0.98735432	0.9874567920711974	0.9874314508393285	0.987593799108951	0.9873041486810551	0.987581072	1.0	0.9875077359254759	0.9875779054865838	0.9873248941270474	0.9878697444089457	0.9873036249493722	0.9871618101010101	0.9875085902178381	0.9877410697305864	0.9864705472837021	0.9873475690828996	0.9873885610052696	0.9874340745240988	0.9875582751623376	0.9874368971061093	0.9974014825796889	0.9875768877347184	0.9874107434052758	0.9878439984070092	0.9994996914008323	0.9875396393841167	0.9873401211142511	0.9872381607357058	0.9874952583465817	0.9877396230239157	0.9874563164202956	0.9876212042745581	0.9876869396027564	0.9875199594649372	0.9875642161946548	0.9872875475515985	0.9873474301902064	0.9875922690437601	0.7392602955665025	0.9875152612684484	0.9873314378290806	0.9873194779441521	0.9877853406326034
scaffolds5A5	0.9996857665820951	0.9997282429501086	0.9997879682425119	0.9997755844155845	0.9997387987012987	0.9995704223283142	0.9997216949152542	0.9995060187861274	0.9998112658227848	0.9997725673249552	0.9997302236652236	0.9993778827361561	0.9995575416512402	0.9997903590664272	0.9997371881759192	0.999811049802938	0.9880942821883997	0.9997418837964636	0.9994766886205636	0.9995347830923248	0.9997593254395409	0.9996291437861272	0.9997332238267148	0.9997988961038959	0.9989203771512267	0.999093501094092	0.9997163435804702	0.9997282129963898	0.9998248688465685	0.9994920622710622	0.9997068950595024	0.9997594368231048	0.9997222827262893	0.9883321159302797	0.9997929834054834	0.9998665505984765	0.9876724313408723	0.9880915416323166	0.9997684373872248	0.999803878066378	0.9991936886446885	0.9996722466642625	0.9997720461927103	0.9997457596535548	0.9997254578226388	0.9997432756132757	0.9997231493506493	0.9997123512441399	0.9997343364757071	0.9997447254335259	0.9997055916305917	0.9998791819160388	0.9994264482259232	0.9999092572658772	0.9997771979805268	0.9997249205776174	0.9995702900652649	0.9997453763440861	0.9997209704184706	0.999917758496023	0.9997568168709446	0.9998683750453392	0.9997294837545129	0.9998346482412059	0.999857172812726	0.9998829935391242	0.7364123264311816	0.9997993077474894	0.9992442924872357	0.9995210587382163	0.9997106037599423	0.9997380690399138	0.99970862504511	0.999782665945166	0.9997475921908894	0.9998713506681113	0.9879393010101011	1.0	0.9993684104994531	0.9996609563334536	0.9995880993833878	0.9996846755587601	0.9995844166666668	0.9884445432399512	0.9988273863216267	0.9882189917695474	0.9995113019891502	0.9997313605196678	0.9997864095169431	0.9881525834363412	0.9990802489019035	0.9878911524752475	0.998755685483871	0.9997665824612054	0.9995819709618874	0.9879613950667206	0.9997305197132618	0.999725483047758	0.9997424620938629	0.9989293669959751	0.9999530534625044	0.9997988114161852	0.988294227807053	0.9998133548850575	0.9993919826964672	0.9988325668253387	0.999534201012292	0.9997740714028127	0.9998304843918192	0.7381462132352941	0.9988670772676372	0.9997813626532085	0.999735647313379	0.9999020638908832
scaffoldsTV30	0.9986766277836693	0.9990707181328545	0.9992345888689407	0.9984212116788322	0.998526594890511	0.9983446889778103	0.9989550340868318	0.9984330761061947	0.9990955535841022	0.9989219449410083	0.999232843278217	0.9983277215644062	0.9994515896487987	0.9983615180196577	0.9984983601168738	0.9984333381871132	0.9863391035611951	0.9986033783783783	0.9989310047324353	0.9980447017673048	0.998545517115805	0.998015367700072	0.9990274156496771	0.9988521739130434	0.9986539892086331	0.9979202549575071	0.9984832692991817	0.9989846142805884	0.9984799272991639	0.9982877924865831	0.9985230445906434	0.9991657737881507	0.9990064213926778	0.9874119367909239	0.9989162208676945	0.9988831789023521	0.987086854646545	0.9879454362139918	0.998853523391813	0.9992290882986362	0.998243425757023	0.998716043191801	0.9993567145421905	0.9987864300847457	0.9984417919708031	0.9985343551333578	0.9991820035906643	0.9989935378543237	0.9985451741293534	0.9990535655296232	0.9990401937567276	0.999079510412861	0.9986047132616489	0.9991016289262236	0.9984583162892622	0.9989649264442053	0.9982184298401421	0.9984799380692168	0.9985400036509674	0.998298426449788	0.9986383674214756	0.9990275549853371	0.998903677789738	0.9985026795479404	0.9998296145533141	0.9998045773638967	0.7340087944162436	0.9985597738876734	0.9982926870990733	0.9987546846846848	0.9986028991150444	0.9986456161395856	0.9990438356655902	0.9989122514619884	0.998995258992806	0.9998157487401008	0.9873036637239164	0.9986045245901641	1.0	0.99913384063173	0.9994805001799211	0.998356879562044	0.9971219558131111	0.9878709548963837	0.9986382297346418	0.9861923834832379	0.9983919292035397	0.9984666411378554	0.9988702851919561	0.9873882142857143	0.9984152810218979	0.9871904480570974	0.9984628108108108	0.999235773788151	0.9994901907847372	0.9874549437751005	0.998532667638484	0.9988003803372801	0.9990904723011363	0.9986244739676842	0.999219879430033	0.998566846017699	0.9879410272025985	0.9989628441036875	0.9982817784256561	0.998573974820144	0.9974058442028987	0.9987290869247625	0.9986342091836735	0.7388046691176472	0.9984648278388278	0.9988627412280703	0.9985329452554744	0.9991264426588751
scaffolds13432	0.999426097038887	0.9999159656501929	0.9999281401050789	0.9994197811266595	0.9993398027259686	0.999206112716763	0.9998882394119707	0.9996797937411096	0.9998395024875621	0.999800570221753	0.9998703482237075	0.9992610770328102	0.9993459401551533	0.9991404899135445	0.9993739777618363	0.9990735742538657	0.9868698292682928	0.9993596519555078	0.9995626427811282	0.9992392554367858	0.9990671223021584	0.999246213487198	0.99986565323993	0.9994081759886	0.999122860741274	0.9991108797127468	0.9998318055555556	0.9999016736694678	0.999389047277937	0.9992998270270271	0.9993867456045927	0.9998424763572681	0.999902248686515	0.9883311871227364	0.9998649107455374	0.9996216202712348	0.9872550576999602	0.988312840675175	0.9993946520803441	0.9998732212885155	0.9990363546617915	0.9993721464465183	0.9998890788091069	0.9996416133617628	0.999372417503587	0.9994136670254755	0.9998212460623032	0.9998899719986	0.9997542403708988	0.9999175475017594	0.9999022443977592	0.9990708342322907	0.9995238324420678	0.9991066043165467	0.9991323860782203	0.9998814611072179	0.9993282245989304	0.9990867325664989	0.9993941346153846	0.9999361989342808	0.9993668136200718	0.999091130844509	0.9998887005253942	0.9990706724199929	0.999980017531557	0.9998627721028532	0.7363127503015682	0.9990578317152103	0.9987001835192516	0.9993025916696333	0.9998793347563145	0.9993826793400287	0.9998565243262164	0.9994214702741191	0.9998899544179523	0.9999263025210086	0.9874952033492824	0.9990452966558792	0.9994567419354838	1.0	0.9995502782732787	0.9993717204301074	0.9989143495495496	0.988188523138833	0.9990682370047256	0.9869135229581472	0.9997215048025612	0.9993659483685909	0.9994048852223816	0.9877597743126795	0.9989849013878744	0.9878846551724138	0.9991553590761457	0.9999062710084035	0.9995744004282655	0.9874746390107698	0.9990073939611791	0.9998818178558623	0.9998224506346968	0.9991613048166786	0.9991520855807267	0.9998851116625309	0.9883169336016099	0.9990345196113709	0.9990402338970854	0.9990697152126893	0.9992037833935019	0.9994325106837606	0.9990898381294963	0.7382299150485437	0.9989705247706422	0.9993729856630826	0.9993988608045569	0.9991488205681409
scaffolds12768	0.9991150531537918	0.9993737008153137	0.9993615698086464	0.9990546292947557	0.9990161127167632	0.9987967651296829	0.999358933758413	0.9991393177801345	0.9993129540636042	0.9993661696113074	0.9993281061946903	0.9997837124912771	0.9993737931034482	0.998810259927798	0.9990237174855492	0.9989411877256319	0.9867766381766382	0.9990225505780346	0.9989441292639138	0.9987969682422452	0.9989182221420846	0.99893720259553	0.9993439278131635	0.9990543574007221	0.999426738515901	0.9984117453505007	0.999315507964602	0.9993553330970941	0.9990050935925127	0.9988513230548585	0.9990437716763007	0.9993258900709221	0.9993468991150444	0.9881084166333466	0.9993539815798796	0.9992128622159089	0.9875490984908658	0.9881010445912467	0.9990242882947977	0.999341066241587	0.99937402513465	0.9990282814761217	0.9993480707964603	0.9992488353982302	0.9990433128612718	0.9990390166305133	0.9993101877435353	0.999338646829614	0.9991987278525868	0.999376568696884	0.9993523202267093	0.9989304186214364	0.9999255977692575	0.9989403466955582	0.9988853350235424	0.9993512641643061	0.9991548635235732	0.9989485600866114	0.999030007230658	0.9993405763790665	0.9990245372378889	0.9988609107402031	0.9993300850762141	0.9989355037919828	0.9993705776045357	0.9993607874293787	0.7339430722154223	0.9989506967509025	0.998100568549838	0.9990497692580758	0.9993517934205872	0.9990423370543751	0.9993248582565556	0.9990578721098268	0.9993297408590701	0.9993465072617784	0.9872294280078895	0.9989484584837546	0.9986020656439528	0.9993492983699502	1.0	0.9990036623282719	0.9990888816972313	0.988070184	0.9993924839629367	0.9868301668701669	0.9992122556657225	0.9990164761215629	0.9989459537572255	0.9879140765117237	0.9993988302834591	0.9870875096974399	0.9991088637168141	0.9993579270021263	0.9999011920529802	0.9872007774269929	0.9989153951642007	0.9993228158458246	0.9993322285308729	0.9994552822865208	0.9989422627210393	0.9993431071049841	0.9880697401039583	0.998940317345835	0.9992970613562971	0.9992777439886849	0.9988655877034358	0.9990445845375722	0.9989535773530471	0.7386546520146522	0.9993120980533527	0.9990376021699819	0.9990549205202313	0.9989491227436824
scaffolds10212	0.9991918613933237	0.999793658886894	0.9997479132305485	0.9997705768541741	0.9997901110713008	0.9990948363368888	0.9997301505916102	0.9993124502352514	0.9998146488052136	0.9996499389806174	0.9998589335727109	0.9991487159956474	0.9995330378338279	0.9994313482335979	0.9997999032604803	0.9994255847427133	0.9877372003284073	0.9997714131994262	0.999505807860262	0.9996033654202148	0.9995219668587896	0.9996421816208394	0.9998655814788227	0.9998760825852783	0.9989744758064517	0.9990317586837294	0.9996706739130435	0.999753155252779	0.9997393208767517	0.9992942153619992	0.9997223010752688	0.9998377594254937	0.9998028812343022	0.9883258275721838	0.9997168243727599	0.9995424863685933	0.9874612046736502	0.9882196908491345	0.9999076757532283	0.9998090961262552	0.9992184262655905	0.9997808584770117	0.999886721723519	0.9995926746290265	0.9997614080974563	0.9997608100358426	0.999843463747308	0.9997322007168458	0.9996978096621868	0.9997422756640346	0.9997629939046253	0.9995630799711817	0.9993952772743748	0.9995802162162163	0.9996125835429392	0.9997621636167924	0.999384589389535	0.9995026808204389	0.999741046594982	0.9997811179450073	0.9998004084557507	0.9995193645606392	0.9997473278335727	0.999528112391931	0.9999011965504851	0.9998094789795186	0.737152129963899	0.9995587463976946	0.9992695729927007	0.9992184263959392	0.999792231884058	0.9997343925233645	0.9997084720229557	0.9998512378902047	0.9996992351885099	0.9998898492462313	0.987538638933764	0.9995412675549153	0.9993142022636	0.9998335104091889	0.9995454033430234	1.0	0.999423927536232	0.9882605777054515	0.9990065209336791	0.9877479236766515	0.9996301376811595	0.9997534971305596	0.9997719583931134	0.9873161857788738	0.9990577741107446	0.9876033254062625	0.9989663903154806	0.9998532196697775	0.9995264983654196	0.9875766909090911	0.9995366594672426	0.9996845133065989	0.999795526032316	0.9990798129126927	0.9995876953546993	0.9997132515337424	0.9883076037428805	0.9995863914924297	0.9993812044716915	0.9990812339331621	0.9996360239217108	0.9997627803654605	0.9995428674351584	0.7390063480392158	0.9989546222887061	0.9998337863033346	0.9997218846291652	0.9996113148414986
scaffoldsIV23	0.9979594608195546	0.9990965583243048	0.9990409949531364	0.9991351991310647	0.9990357546145495	0.998304148039575	0.9989789981981982	0.9980991490125674	0.9985412432626661	0.9990144364680547	0.9992689671361502	0.9989585354444045	0.9994321637426902	0.9990422523499639	0.9991294752081074	0.9990180288808662	0.9868056070549631	0.9991804527345166	0.998786445827233	0.9991004240028748	0.9991293932827736	0.9982480832735106	0.9992096607722843	0.9994453128390595	0.9986867601582167	0.997489553701016	0.9989069275153264	0.9990153821196829	0.9990442985611512	0.9977624316441852	0.9990300795660035	0.9993320476706393	0.9989903534078616	0.9876220865038045	0.998932345945946	0.9985830010834238	0.9874370564677614	0.9876094394064303	0.9994477274374775	0.9992416991341991	0.9989166318067075	0.9991766231884058	0.9991653626849514	0.9980156937970598	0.9991500977198697	0.9990237993480624	0.9992821761097078	0.9989582846846847	0.9980304352517986	0.9990849530685921	0.9990876820475848	0.9995613164556961	0.999165713259073	0.9995561672095546	0.999036208771294	0.9991050162396248	0.9981723453237409	0.9991589747292418	0.9990921861471864	0.9982241478292071	0.9990581157323689	0.9994399528130674	0.9989032036036036	0.9991628762179718	0.9995586220614829	0.9995361582733814	0.733528487804878	0.9992492418772565	0.9977346905537458	0.99865808318264	0.997992119799139	0.9991059510967277	0.9990847998557518	0.999329208815029	0.9988858555956681	0.9995433309248557	0.9872670996369505	0.9992199602601154	0.9977015743756786	0.9991687012987014	0.9996190447007932	0.9992817806731813	1.0	0.9879104695024077	0.9988732798248813	0.9866998401639344	0.9978663870967741	0.9990701916124367	0.9992972691053967	0.9866466996291717	0.9988636815561961	0.9865475990584542	0.9984844668587897	0.9991449765596826	0.9996385126353792	0.9872757818181818	0.9991323321299638	0.9990490734011629	0.9983448883285302	0.9987713295005389	0.9995037793851718	0.9980075142247511	0.9878901724137932	0.9992694538878841	0.9991640007176175	0.9986280352644837	0.9979372836879433	0.9991530097437749	0.999300397830018	0.7389131680773882	0.9985469515774027	0.9991358819268382	0.9990922727272729	0.9995367208966015
scaffoldsTV103	0.988372887266829	0.9882792270335898	0.988239406060606	0.9880110061099796	0.9879984649837134	0.987997327621379	0.9882240080808081	0.9880917078106031	0.988753623834617	0.9870528377298162	0.9881818101010101	0.9884122666666666	0.9887470145044317	0.9880685673469388	0.9880538452138492	0.9879903057480636	0.9936842167751819	0.9879537459283388	0.9881885604217356	0.9864646929824561	0.9879762550937247	0.987975645095645	0.9881692326332795	0.9879360162601627	0.98857550521251	0.987902708418056	0.9884876377633712	0.9882294583670169	0.9879826758845058	0.987606618762475	0.9879993887530562	0.9881911717171717	0.9882326949494951	0.9994717349823323	0.9881645579329835	0.9885686921202275	0.9875984232194318	0.9878110648148148	0.9880937652811735	0.9882222253634896	0.9884845568090249	0.9879612535612534	0.9882259127625203	0.9882777215702144	0.9879245646867372	0.9880068228105906	0.9882054890864995	0.9882155169628434	0.9883840583232077	0.9882220412287793	0.9882309656565655	0.9885197752349817	0.9885184342211462	0.9885196729354047	0.9879838524256013	0.988233894949495	0.9882897974068072	0.9880142210440457	0.9879608211382115	0.9882972307692309	0.9880926313645622	0.9882708930766079	0.9882370666666667	0.9880664667482661	0.9887249068825912	0.9869673715651136	0.7327668014705883	0.9879443008560946	0.9875522995522995	0.9880392017828201	0.9883495666261645	0.9879466002440016	0.9882327485852871	0.9879522876879316	0.9883264346418454	0.9886966113360325	0.9876552979860255	0.9880060318107667	0.987995505891914	0.9883540477153255	0.988915701577032	0.9880238151465798	0.9881745036319611	1.0	0.9885715787354006	0.9939253716475096	0.9883215316045382	0.9878785592185593	0.9880505745721273	0.9940329838087896	0.9883245955734407	0.9878785215272136	0.9884335914927769	0.9882168040404041	0.9888990165924726	0.9877012129934211	0.9880014635140644	0.9883425807770961	0.9881986593762657	0.9884724237560193	0.9884607679738562	0.9882415656362906	0.9994176331569666	0.9883238791343405	0.9879549755899106	0.9884034670947032	0.9864361740166865	0.9879709548963836	0.9879978670473084	0.7400457863849765	0.9884567110036275	0.9879811731160898	0.9879623283218203	0.9885321627146361
scaffoldsVV9	0.9987850452734516	0.9986872730560579	0.9987126329113925	0.9983400849963044	0.998298932397488	0.9983271015023819	0.9986600831525673	0.9988118916967509	0.9990421170520232	0.9986679366222544	0.9989901519536905	0.9990578561253561	0.9994905234460197	0.9984416095764275	0.9982882976366323	0.9982702503681885	0.9868507891491985	0.9982839453269303	0.9984170674486805	0.9987844662713121	0.9983245488029466	0.9983370709298052	0.9987576419529838	0.998712209087551	0.9993332429577465	0.998540512450379	0.998720842067221	0.9986815479204342	0.9984108980493193	0.9983883424807902	0.9983253195419284	0.9988174303293523	0.9986118395374053	0.9881474207781789	0.9986715690527838	0.9989226553468207	0.9871659206349207	0.9881855390946502	0.9986182402957486	0.9987686726943945	0.9991444444444444	0.9983427551775149	0.9987646095444688	0.9986484523809525	0.998263442804428	0.9984340169992609	0.9984921836587128	0.9986474358047019	0.9986282838522809	0.9987942857142857	0.9986075813449027	0.9987083738938054	0.9992801387900356	0.9987015271117672	0.9983573012939003	0.9986585724611493	0.9986315109989182	0.9982854602356408	0.9983680206794682	0.9987103858636855	0.9984100332594236	0.9986212375323237	0.9986563929088277	0.9982824392041267	0.9990933128167996	0.9991033213126579	0.732585671641791	0.9985649630996309	0.9981155741888443	0.9983319697515305	0.9987357003610109	0.9984106468210218	0.9987774068716094	0.9985979756187662	0.9986571769815419	0.9990634540188269	0.9879012051988971	0.9984142688766116	0.9986644965716349	0.9987098517715113	0.9996156669044223	0.9983066309567786	0.9984128623320014	0.9879481843687374	1.0	0.9867266365503079	0.998643352601156	0.9983052917282126	0.9984566383450314	0.9878177418015774	0.9992316237482117	0.98678328515625	0.9989430084745762	0.9985699819233552	0.9996605557534735	0.9878302834645669	0.9982285635359118	0.9987011082756108	0.9988008547627673	0.9993584217926187	0.9986712979351033	0.9983832460545192	0.9880177265437048	0.9985523626981204	0.9988192380952381	0.999294585537919	0.9982395975118916	0.9983691802067948	0.9983823048600883	0.7381255424528302	0.9992335243553009	0.9984306691312387	0.9983478700627539	0.9986994800884956
scaffoldsTV148	0.986689738027016	0.9875175122950819	0.9875131040131039	0.9885913476643241	0.9885557030603805	0.987000091172814	0.9874922563472563	0.986968089198036	0.9872396149119215	0.9875118509418508	0.987600696435887	0.9876090894107953	0.9887511730449252	0.9885671399006623	0.988514849111203	0.9885685270997102	0.9996668480565372	0.9885670318313352	0.9873250041050902	0.9877203814262023	0.988600951986755	0.9881642868920032	0.9874820589439215	0.9886734725093014	0.9875674927953891	0.9867853201970442	0.9870679432332373	0.9875117172131148	0.9886032616783795	0.9866492039392697	0.9885401322860686	0.9874992506142506	0.9873989516789515	0.9940495007739938	0.9874736947626842	0.9871791181296145	0.9855257068273093	0.987860679089027	0.9887019404220108	0.9874970732705688	0.9883199127544662	0.9885382126603227	0.9875194555873925	0.9867564660114659	0.9885343347107438	0.9884870897064904	0.98747905366653	0.987510778050778	0.986791697266422	0.9874439451044653	0.9874943775593775	0.9888032076253626	0.9877148826677646	0.9888176801988401	0.9884654673283706	0.9875080843225541	0.9867827332242226	0.9885967826086955	0.9885611482858322	0.9869689652351739	0.9885601074824308	0.9886413408521303	0.9875200450266067	0.9885860612329332	0.9877358237704917	0.9877412366912366	0.7370595139732684	0.9886728476821192	0.986765036885246	0.9873890733113673	0.9869189465087792	0.9885525765095119	0.9874057879656161	0.9885769351507642	0.9875008398197461	0.9877054877049182	0.9868649715909092	0.9885743336092716	0.9867235699630693	0.9874040278346295	0.9878556548599672	0.9885574121537826	0.9873201236093943	0.9940720697674419	0.9874727347611203	1.0	0.9867577936378465	0.9884842479338845	0.9884198181066558	0.9988079883594034	0.9883843308395676	0.9873201003210272	0.9875918662262594	0.9875424078624079	0.9878389991762768	0.9868548579545455	0.9885463534768212	0.9871157938487116	0.9869056916192025	0.9873327152863618	0.9887660770505385	0.987018209321341	0.9940182564897326	0.9887242294946147	0.9887261946169773	0.987490251442704	0.9872597979381443	0.9885865413223139	0.9885863685300207	0.7386781472392638	0.9875595244003309	0.9885679321753515	0.9885706278397356	0.9888090513670257
scaffoldsTV13	0.9977759210066409	0.9994626555279061	0.9993332529265697	0.9990267534345626	0.9990023752711499	0.9989305043227666	0.9993170698829373	0.9984242354580286	0.9988305020920503	0.9994429253625753	0.9995209061833688	0.9988908777540868	0.9991463854089905	0.9988387333092746	0.9988612102601157	0.9988818882882883	0.9850040233588402	0.9990654864376128	0.9993670713256485	0.9973970793534166	0.9987820447169129	0.9980173615056819	0.9993050088746892	0.9992333381555153	0.9986528919985648	0.9977648274647888	0.9990980331335919	0.9993217210787795	0.9989450990277279	0.9977872537207653	0.9989968063583815	0.9994587215909091	0.999471999289773	0.9880661470113087	0.9993959879389854	0.998708327489481	0.9859445582486318	0.9867107046843178	0.9991107016274865	0.9995187433439832	0.9984559620991253	0.9988901157742404	0.9995310660980811	0.9977580802792322	0.9989779327791831	0.9989135959522949	0.9994535879218472	0.9993117736786095	0.9994319092169093	0.9994459559346129	0.9994914270500531	0.9991495851370852	0.9992434446022729	0.9991833345362685	0.9987453073029646	0.9994315346358793	0.9981081103737337	0.998800742074928	0.9990122860238353	0.9985989032033427	0.9991119660281895	0.9990724900470502	0.9994232268370606	0.9988293768011529	0.9998144270462633	0.9998055488668556	0.73494036159601	0.998896386887608	0.9971073321492007	0.9988850802139038	0.9996068836565097	0.9990307230215828	0.9995096947106851	0.999148092485549	0.9993838393174547	0.999795156361052	0.9872906514788169	0.9989261175198269	0.9975689092188601	0.9995722683706072	0.9994388900747064	0.9990181177745663	0.9970629903536977	0.9880514066289411	0.9987201305767138	0.984847803700724	1.0	0.9989968916967509	0.9991333080260303	0.9854120413961038	0.9984482288629738	0.9872754691794268	0.9981393383674939	0.9995581256656015	0.9994783920313056	0.9872558896441423	0.9988919430425379	0.999365485592316	0.9979995127935507	0.9985925519713262	0.9991112910205553	0.9985658710801394	0.9881198464646463	0.9989592424242426	0.9988024349710982	0.9985789798850576	0.9982072914447995	0.9990368761285663	0.9989325937950938	0.7377600000000001	0.9986177712824261	0.9990310946531792	0.9990217695919106	0.999181829004329
scaffoldsTV102	0.9945096062433488	0.9951578219563687	0.9951402810962755	0.9951342811950791	0.9951278601546031	0.9947935003604903	0.9951391921320689	0.9942502088495576	0.9951745251594616	0.9950830042164441	0.9952656403940887	0.9944267706487062	0.995158970909091	0.9949904587155963	0.9951469490333921	0.9949781718915113	0.9833144979919679	0.9950699683544305	0.9946458134567463	0.9946091389290884	0.995014962989073	0.9947719010600706	0.9951451388400703	0.9952933532723437	0.9939576468481375	0.9937636477313326	0.9946785997873094	0.9951585172171471	0.9951294196271545	0.9945254614003591	0.9950764007029878	0.9951849982412945	0.9950538791286018	0.9833927872763422	0.9950869160519845	0.9953231455064193	0.9833369063611221	0.984414490872211	0.995193928948294	0.9951200526870391	0.994491451670859	0.9950863639563535	0.9952473900809004	0.9947002582242661	0.995121841827768	0.9951267897327708	0.9950879023190443	0.9950966034422201	0.9948869804618117	0.995089500703235	0.9950074438202248	0.995697296532201	0.9945429840707963	0.9957127292035399	0.9949971700105598	0.9951430450070325	0.9945129184397163	0.9949077253521127	0.9951281917134833	0.9948222646850673	0.9950501825842697	0.9955503032465217	0.9951029761068168	0.9949934788732396	0.9958383674911662	0.9957941278248588	0.7408767861142218	0.9950348097251589	0.9946271336669049	0.9943869999999998	0.9948555543747786	0.9950983761887989	0.995124325368939	0.9952625	0.9950893739008091	0.9958292342978123	0.9830243906312027	0.9949652518492427	0.9945952537526804	0.9951336510728104	0.9952478347578345	0.995135335440815	0.9949167435260732	0.9830693715194909	0.9935321945047	0.9830606859205777	0.9945290873717721	1.0	0.9952861646727656	0.9830923281061519	0.9941465782873522	0.9835500506427737	0.9943153572710953	0.9951012930428671	0.9952227411890351	0.9831766944775526	0.9950563847780126	0.9946121369960758	0.9950309384885766	0.9939448657357679	0.9956947683056244	0.9948972245762713	0.9835236012733785	0.9952430519251151	0.9947375061815612	0.993841731803514	0.994803090007087	0.9951597507022472	0.9950240126939351	0.7468978775079197	0.9937646274653033	0.9951040984182778	0.995134992977528	0.9957030374823198
scaffolds10105	0.9995467940320234	0.9998272541277818	0.9998032806891601	0.9997927070634636	0.9998248243727601	0.9992663251013639	0.9997895694294942	0.9994236011581616	0.9998132356134636	0.9997825736879942	0.9997853802008608	0.999379941902687	0.999599362726936	0.9996428468468469	0.9997415974212034	0.9995736537077033	0.9876790659565753	0.9997395017921147	0.9995396212672979	0.9995553626943007	0.999633109032026	0.9996493562386981	0.9997653942652331	0.9998765387374463	0.9989545691235792	0.9989237165873306	0.9995227743571171	0.999840657091562	0.9998177941705649	0.9993458633357826	0.9998077634408604	0.9997513859964093	0.999797902474005	0.9881397442143728	0.9997057260666907	0.9997117970170973	0.9876446141414142	0.9883991007045171	0.9998498279569893	0.9998285642498206	0.9992744762954794	0.9997977359167564	0.9998113450502154	0.999632194856936	0.9997612858166189	0.9998540552169236	0.9997027018299247	0.9997505705059205	0.9996736614602252	0.999863957660567	0.9997395658414066	0.9997612229437229	0.9994442504537203	0.9997732370985203	0.9996427292340886	0.999833853606028	0.9993717097126228	0.9995904933381349	0.9998047255113025	0.9998483436027549	0.9998283931133428	0.9996849108766824	0.9997961328545781	0.9996231110310022	0.9999363241106718	0.9998617236415975	0.7389225794621028	0.9995926548991354	0.9994002669104205	0.9993487291212781	0.9997671257702067	0.9997316978417267	0.9997660933572712	0.9998298348887293	0.9998267804527489	0.9999240639597559	0.9876903118671527	0.9996289229106629	0.999390098756401	0.9997572315978457	0.9995478080697929	0.9997564575116529	0.9995753862894451	0.9881580845872305	0.998811258327165	0.9878251168511686	0.9993791050724639	0.9997604416517055	1.0	0.9876188126540675	0.9991782960791499	0.9881384229390681	0.9991464660550459	0.9998363016157992	0.9995831225009087	0.9880783928571428	0.9996418155619595	0.9997929491401393	0.9997635249730508	0.9989414897510979	0.9997383273251623	0.9997716624503074	0.9881241226645006	0.9995733345336695	0.9994798412698412	0.9989007706422016	0.9994740535649657	0.9998056635581063	0.9996062648434689	0.7399463827160494	0.9987391816143497	0.9998305310369574	0.9997889598278336	0.9997742568542569
scaffoldsTV106	0.9883743028052804	0.9884124026512013	0.9885003148301574	0.988477265560166	0.9885548192771083	0.9881210627615064	0.9885183678541839	0.9879790422885572	0.9882767496886676	0.9885528086164044	0.9886189925373136	0.9885780649188515	0.9890905938937684	0.988613713692946	0.9885111415525113	0.9885811903774367	0.998963868852459	0.9885371665974242	0.9884719419087138	0.9878972468619246	0.9886236212624584	0.9882504716590815	0.9885789303482588	0.988706799501868	0.9884047249999999	0.9878189617940198	0.9880309420591913	0.9884131897265949	0.9886191493775934	0.9883322304832715	0.9885241386467414	0.9886315084956486	0.9886454413593039	0.9945747501951602	0.9882473096026491	0.9884676600166252	0.9869202973523422	0.9883583931552589	0.9886999667636062	0.9886162354892204	0.988791497705465	0.9885656312292359	0.9886178731343283	0.9884578771640561	0.9885119393687707	0.9885752244389029	0.9886128233830845	0.988522192291753	0.9879942124844976	0.9885138805970148	0.9886462038955657	0.9889594677754677	0.988588490016639	0.988941275976725	0.9885713787375415	0.9883970671085334	0.9879369966859983	0.9886260149439601	0.9884864979253112	0.9882550830564785	0.9884359219269103	0.9888531696053737	0.9885115499378366	0.9885918679950187	0.9888509676079734	0.9888906470344256	0.7377372049689441	0.9886871137873755	0.9884934175642088	0.9884726644462947	0.9879138207352334	0.988593172757475	0.9885380695940349	0.9887098837209303	0.9883974875621889	0.9888470995850623	0.9879557523575235	0.9887222872561229	0.9883455670529802	0.9885560356255177	0.9889651313047102	0.9885538720398838	0.9875673513513513	0.9946228683079329	0.9886202212020034	0.9990613355167395	0.987710474618242	0.9886202077274616	0.988558172757475	1.0	0.9885668210262829	0.9879319991922455	0.9886425353871772	0.9885551284175641	0.9889192493744788	0.9878769946699467	0.9886653718321563	0.9884119039595618	0.9886388979926259	0.9884561916666667	0.9888887073981713	0.9881377653399669	0.9947059508004686	0.9889638004158005	0.9884915349417637	0.9885032666666667	0.9871593371996685	0.9885809298464093	0.9887407475083057	0.7376398890258941	0.9883897785206854	0.9887017366015788	0.9885827563304277	0.9889477098919369
scaffoldsAR01912	0.9990231091510474	0.9990312179016875	0.9989978055045872	0.9990356417800661	0.9989818111682586	0.9986611362792425	0.9989886426999267	0.9988382900986483	0.9990704171240395	0.9989223037604965	0.9990360909424275	0.9992360866425993	0.9998142275837233	0.9989066752105454	0.9989875606171933	0.9989023983888686	0.9880330947455523	0.9989634729878722	0.9988407033866765	0.9994119264705883	0.9989274194729134	0.9989923703433164	0.9990273303997067	0.9990946767083027	0.9996361535714288	0.9986593382084097	0.998810578330893	0.9990042972477063	0.9990154319180086	0.9987163663329627	0.9990022160970233	0.9989847907488987	0.9989962756598242	0.9884764604258739	0.999007252384446	0.9988844456641054	0.9879205278116119	0.9880887966804979	0.9990493274531421	0.9990590422018351	0.9997980306814129	0.9990693779904306	0.9990439530619728	0.9988679012797075	0.9989550991189425	0.9989899889746415	0.9989544697247706	0.9989917681584739	0.9989750660792953	0.9990309900990099	0.9990066348623852	0.9990387871015021	0.9993764334655609	0.9990460813782991	0.9989595544918999	0.998985340909091	0.9988403414096917	0.9989589783961921	0.999019536764706	0.9991160183150184	0.9989727683823528	0.9990002460521484	0.9989967033773861	0.9989284305097177	0.9991534006610358	0.9991028305332358	0.7327693470374849	0.9989364442815248	0.9988105873715125	0.9987118397951719	0.9989720862257948	0.9990381980994153	0.9989780220183484	0.9991083088235293	0.9989990040426312	0.9991211421226589	0.9881189336016096	0.9989266996336994	0.9989568228404098	0.9990424	0.9994757509025272	0.9989546176470587	0.9993887346348518	0.9883836550060315	0.9995474448861583	0.9880296112489662	0.9987978660322108	0.9990071607208534	0.9990821131936787	0.988085070539419	1.0	0.9869870774091628	0.9993735599284438	0.9990575954478708	0.9995450325144509	0.9881778252114378	0.9989096886446887	0.9989572535991141	0.9990301138032304	0.9996610608757566	0.9990534921216562	0.998879153650563	0.988436291683407	0.9988797327964859	0.9991827011285039	0.9995544031451036	0.9990878765880217	0.999057269386255	0.9989470362239297	0.7388902994011975	0.999537556281772	0.999032563442442	0.9990196802646086	0.9990594428152492
scaffoldsAR01215	0.9864902795031057	0.9865673844375964	0.9865044226327946	0.9868995459928936	0.9869198815633636	0.985760396389325	0.9865284872979215	0.9859149129593812	0.9865022377080913	0.9864219309021114	0.9864904659222181	0.9860782851637765	0.9871318767507004	0.9867327190213102	0.9868814133438609	0.9866031848640127	0.9850911521992994	0.9868103039873667	0.9863671167315176	0.986699126290707	0.9866179731861199	0.986762380387505	0.9864481031165834	0.9869662391475927	0.9857526401236955	0.9854903320312501	0.9859165183752417	0.9865192760877937	0.98686404171586	0.9859896048513302	0.9868012189349112	0.9865276742395073	0.9865472748267898	0.9870455837359099	0.9865156829549827	0.9864474707259953	0.9873271664787674	0.9887670574162679	0.9869948854660346	0.9865685213708126	0.9868256967537609	0.9868630884676145	0.986582641509434	0.9860611102514507	0.9868705090765587	0.9869030833004342	0.9864932241910631	0.9865704157043881	0.9866686275272162	0.9865609857527916	0.9865042956120093	0.9871735513277844	0.9861903003465536	0.9870676813317479	0.9867754825949367	0.9865792491336157	0.9861476753196436	0.9865998737672582	0.9869448698738169	0.9865470519782776	0.9869184208448479	0.9868884495192307	0.9865030215550423	0.986612287066246	0.9870396362229102	0.9869438642499035	0.7437064982373679	0.9866115378548895	0.985954161781946	0.9859629184383457	0.9862771461716938	0.9867313475177305	0.9865493800539085	0.9868719763313609	0.9865491413169041	0.9870578220502901	0.9960702920774007	0.986592157790927	0.9865516581931952	0.9865921759259259	0.9867118653250775	0.9868953099091985	0.9863721975019515	0.9867283434099153	0.9856089203883496	0.9851661793372319	0.9859585758513931	0.9869172483221474	0.9868959771022503	0.9862822306163022	0.9864921727129337	1.0	0.9865923948598131	0.9865662148633039	0.9867289469608982	0.9962363473491773	0.9866517041420119	0.9862705382215289	0.9865432870905587	0.9858218255499808	0.9871308914421554	0.9862977330264673	0.9870273228663446	0.9867946853977049	0.9865939764243615	0.9856294899536322	0.9865352026761117	0.9869221884858044	0.9866115812302839	0.7415338214285714	0.9855771395076203	0.9869392575039494	0.9868980954258676	0.9871557980198019
scaffoldsVV5	0.9962207045215563	0.9961991844729347	0.9962890064102565	0.9958403375680582	0.9958214824211671	0.9959318095904796	0.9962808333333331	0.9958199822632139	0.9972174411134904	0.996161163533168	0.9970110528194147	0.9965648735066761	0.9981953292770223	0.9957315581643542	0.995653458891706	0.9957472582397684	0.9842768139440619	0.9956991956521739	0.9960761249548574	0.9963995219123506	0.9958220347574224	0.9958240093998554	0.9962896974012102	0.996863845034558	0.9966674506408038	0.9954141853035143	0.9958323082386364	0.9964149501069138	0.995938149891383	0.9957478674351586	0.9959174519753535	0.9968122047805923	0.9963058697972251	0.9853031446540881	0.9961478469750891	0.997404247407937	0.9846582320872274	0.9866152772157021	0.9962996840958604	0.996462615823236	0.996984006932409	0.9959528882438318	0.9965683006768791	0.9955981447321746	0.9958099058312206	0.9958329720913376	0.9962850231563948	0.9963610576923075	0.9958339373442507	0.9962909733893557	0.9962184188034188	0.9971499526584121	0.9967249367977528	0.9971599854227405	0.9957794920174164	0.996398514957265	0.9962301544401545	0.9957983158275988	0.9958806349782293	0.9958879162229322	0.9958466956837143	0.9970829697190806	0.996269686386315	0.9957932765494745	0.9978328832378224	0.9976065512317028	0.735213696969697	0.9960614404934688	0.9952871317555635	0.9958978571428572	0.9960725604203152	0.995688044107014	0.9963102386889918	0.9962527180232559	0.9962648396293656	0.9977901003224651	0.9847814072912584	0.995756152173913	0.9959912295664534	0.9965649108416547	0.9980542166549047	0.9958209756982227	0.9956905733618234	0.9853594212598425	0.9966941292134833	0.9839283454692557	0.995850074679943	0.9956531559898659	0.9959037586081914	0.9849734894136808	0.9968097679324897	0.9844098271225511	1.0	0.996381631054131	0.9981258545197741	0.984979053788771	0.9959603407031533	0.9960451520509193	0.9959213416370106	0.9966675198893117	0.997082988714962	0.9960475790204935	0.9857312293144209	0.9966583981111516	0.9959623938084954	0.9966720596393895	0.9954044448424069	0.995809224075417	0.9959631944947482	0.7406084277456648	0.9967618447971782	0.9959181603773583	0.995908037722162	0.9971496286858392
scaffolds13106	0.9994250356125356	0.9998293771868442	0.9998079322389104	0.9993563148479426	0.999268060822898	0.9992559971150378	0.9997808138316452	0.9994783144073811	0.9997868120567374	0.9996969055145766	0.9997613653913655	0.9993501316725979	0.9993654374307867	0.9991574991016888	0.9992768300536673	0.9991180624327233	0.9866466180048663	0.9992889370078741	0.9994823910733263	0.9991221559970567	0.999116302943288	0.9991469374550684	0.9997983572177563	0.9993670092460883	0.9989134314429289	0.999007067669173	0.999720369580668	0.9998114185883996	0.9992949624597783	0.9993427599856064	0.9993162410586552	0.9997833717679946	0.9998326948619363	0.9882173614457833	0.9997793503318196	0.9996124074074074	0.9872891176470588	0.9881643832236842	0.9993074418604652	0.9997695387840672	0.9989962167092302	0.9993057035445757	0.9998405522544564	0.9996376426799007	0.99927080472103	0.9993117394416607	0.9997616067062522	0.9998126161369194	0.9997175489149769	0.9998259761235955	0.9997971952497382	0.9992333405172413	0.9994196196231784	0.9992700287562906	0.9991801861797349	0.9997977937062937	0.9993478790035587	0.9991134361549499	0.9993080597014928	0.9997815485471298	0.9992547944225956	0.9991965737051792	0.9998120502968914	0.9991132413051275	0.9999720518207285	0.9998337931034483	0.7366920361445783	0.9991220401577625	0.9987284416517058	0.9993389023090586	0.9997617440623893	0.9993119011815254	0.9997996156533893	0.9993082699822382	0.9997665255423372	0.9999344980762506	0.987445296222664	0.9990982884822391	0.999423360743654	0.9997577917540185	0.9995682941595442	0.9992742009295674	0.9988473930240922	0.9882619453376205	0.9987426132656759	0.986741800486618	0.9995469042553192	0.9992990021459229	0.9993084579606442	0.9876489275480966	0.9988879321663019	0.9873793073929961	0.9990550539568345	1.0	0.9995635304595654	0.9874534566428004	0.9990923529411764	0.9997763769670958	0.9997345093211396	0.9989226532807457	0.999254048132184	0.9998038861386138	0.9882276425702812	0.9991320625224578	0.998953881508079	0.9988073975557152	0.9990657359307359	0.9993426003552399	0.9991209511844938	0.7380094369645044	0.9987648167155426	0.9993060894454382	0.9993117122557728	0.9992139877961235
scaffolds120320	0.9991991015625	0.9994004711300036	0.9993934466879205	0.9989730683050234	0.9989284259927799	0.9988699711399711	0.9993606090651558	0.9992291365888182	0.9994002264685068	0.9993867927864214	0.9993750955414014	0.9998104220439484	0.9992925	0.9989350108381504	0.9989288772563177	0.99887952690502	0.9868102809446253	0.9989466016612494	0.9989894113424262	0.9988818161683279	0.9988591561485755	0.9988513873873874	0.9993651575221238	0.9989739718614719	0.9994584848484848	0.9986428489620618	0.9993814493267187	0.9993684342897626	0.9989882889048992	0.9988853084648496	0.9989643574007222	0.9993461233167967	0.9993907006369428	0.9881876078274761	0.9993689624645895	0.9992630927835052	0.9875611217183771	0.9880133719008264	0.9989429422382672	0.9993759192348567	0.9992664922966681	0.9989475840867992	0.9993682342533616	0.9992894369688388	0.998944252707581	0.9989530805344891	0.9993349114730878	0.9993628541076488	0.9992304606661943	0.9993976849557522	0.9993379320113315	0.9988712238267149	0.9999433321751217	0.9988857369942199	0.9988097539797396	0.9993637097345134	0.9992022762784091	0.9988906931407943	0.9989338750451429	0.9994035893805309	0.9989299169075144	0.9988177697057755	0.9993709705986541	0.9988854223826715	0.9993946053097347	0.9993995121951218	0.7326662926829267	0.99888221299639	0.9983380540540538	0.9991007643085675	0.9993984188185354	0.9989883069164265	0.9993588062345025	0.9989765234657041	0.9993582547002484	0.9993585127478756	0.9874385731178558	0.9988854929577466	0.9987411563169165	0.9993937123627347	0.9999185863509751	0.998920928468208	0.998958324946082	0.9881125209748303	0.9994359108734402	0.9868359706959707	0.999255531161473	0.9989264956647399	0.9989711191335741	0.9878586677631579	0.9993128284278535	0.9874404283489097	0.9991925840707966	0.9993933652143109	1.0	0.9874628143476547	0.9988440938628159	0.9993799678456593	0.9993609110244595	0.9994422394366198	0.9988857472924187	0.9993968175388969	0.9881748162939298	0.9988664272825695	0.9992237401292176	0.9993658471878315	0.9987970849909583	0.9989727978339352	0.9988748953823955	0.7377816974169743	0.9993093882691616	0.9989684640404771	0.9989417148014442	0.9988798411552346
scaffoldsTV126	0.9874286661341853	0.9874757974481659	0.9874479633320047	0.9876909013742926	0.9876840379951496	0.9873744364508393	0.9874711558389795	0.9875704271457086	0.9876667758689572	0.9874645853269537	0.9874372658429654	0.9877060636182903	0.9879080551053484	0.987717696969697	0.9876817994338859	0.9877024080808081	0.9867750341777242	0.987662980186009	0.9872274990027923	0.9880664920180107	0.9876920646464648	0.9878025656565658	0.9874593941809485	0.9876530492730211	0.9877357318524397	0.9876329529130087	0.9876132853717026	0.9874639992025519	0.9876861647153815	0.987362571884984	0.9876645634599838	0.9874443882024712	0.9874554005579913	0.9876915198689062	0.9874451972897569	0.987703286741214	0.9890657392996108	0.9896895176848873	0.9876878375101051	0.987462407333599	0.9876503561424569	0.9875801090468498	0.9874607453168593	0.9875885121659355	0.9876727849636217	0.9876848585286985	0.9874061100039856	0.9874752052610601	0.9873748063872256	0.987450793460925	0.9874452690314865	0.9877915123331985	0.9877724712415709	0.9878008609539208	0.9876859239789729	0.9874687245914707	0.9874854372019078	0.9876903919191918	0.9876609168012924	0.9875754313099041	0.9876647776879547	0.9878927541514783	0.9874237943403747	0.9876923757575758	0.9875344156362187	0.9875576036682615	0.7321372435105069	0.9876805818181817	0.9873335677187376	0.9874359887910328	0.987576548284118	0.9876738312474769	0.9874680669589477	0.9876731583198708	0.9874426913875598	0.9875542264752791	0.9997049394254067	0.9876931797979798	0.9877115215654952	0.9874431446791551	0.9878134062873061	0.98767829021827	0.9874692258064517	0.9877018368183683	0.9878851561882168	0.9867553338696701	0.9874873192169398	0.9876976829761424	0.9876595513338723	0.9877328687196111	0.9876756776263033	0.9976496448390678	0.9876898207885304	0.9874425667596651	0.9878634801587302	1.0	0.9876214262626262	0.9875491582762788	0.9874638372556841	0.9875875980975031	0.9877807073565076	0.9875538749502191	0.9876005450819672	0.9878048949070332	0.9877085483218763	0.9876528946322067	0.9876092886014551	0.9876516680129239	0.9876849777777779	0.7389787004950494	0.9876823269689736	0.9876684357316086	0.987664127625202	0.9878014389652385
scaffolds5A9	0.9995994005055978	0.9998532936078006	0.9998732011535688	0.9998447710061303	0.9998044500540929	0.9995784626647145	0.9998063927927927	0.9995303137396322	0.9997742939481269	0.9998208375089479	0.9998195924990985	0.9994852219415372	0.9995346902654866	0.9998756303724929	0.9998029318427696	0.9998598320228737	0.9879208275010293	0.9998040389469887	0.9995587244152048	0.9995906379821959	0.9997974606580831	0.999660687792582	0.9998104579877393	0.9998589509733238	0.9989655600145934	0.9990937395416515	0.9997074088776615	0.9998341059841386	0.9998419262441819	0.9994586449963477	0.9997985894660895	0.9997997620764238	0.9998418031013343	0.9883190040650406	0.9998424927953888	0.9998167233273058	0.987581973311767	0.988324	0.9998113090515687	0.9998354702702703	0.9992027940102264	0.99980932876218	0.999831218896502	0.9997639582583662	0.9998015320836338	0.9998011111111111	0.999794172972973	0.9998059891891893	0.9997351320072332	0.999838712121212	0.9998177621621622	0.9999104291845494	0.999478225108225	0.9999385969935578	0.9998138270270271	0.999809678932179	0.9994952129963899	0.9998149410503753	0.999836681081081	0.999844345945946	0.9998128216216214	0.9998920556358382	0.9998013018391635	0.9998344456366237	0.9999100758396533	0.9999315610454709	0.7362322607655503	0.9998468108687882	0.9993382393597674	0.9995507003610111	0.9997747981254507	0.9998056702508962	0.9997891384282624	0.9998171902017291	0.9997884343434343	0.9999044552669554	0.9878629858585858	0.9998430557541103	0.9993098909487458	0.9997573540014421	0.9995904195298373	0.9998044396396396	0.9996012666907254	0.9883286161986163	0.9988515948434622	0.9879901934952655	0.9995947746123333	0.999858586368554	0.9998516913090516	0.9880093819530283	0.9991476067128787	0.9874064401422363	0.9985681192828395	0.9998410634462869	0.9995608387563271	0.9879182046097857	1.0	0.9997860777898947	0.9998247979797981	0.9989913671162962	0.9999241988555078	0.9998078373515654	0.9883146382113822	0.9998359556191839	0.999452561983471	0.9989136815193572	0.9995936252252251	0.9998402773775215	0.9998341222738648	0.7379939104116222	0.9989127742655264	0.9998368385003604	0.9998308069164266	0.9999251609442061
scaffoldsTV9	0.9982461063829787	0.9990179187455454	0.9987673361823363	0.9984114145810664	0.998375795578108	0.9982083985765126	0.9987843233618234	0.9981027369165488	0.9990205776045357	0.998807725657427	0.9989252282453636	0.9982799357830896	0.9990344514455152	0.9982167065217391	0.9983231472081218	0.998091545981173	0.9857685954825463	0.9982749184487135	0.9985645323221378	0.9982869427934623	0.9982284420289856	0.9980090951694304	0.998851573513706	0.9986259579100145	0.997801167146974	0.9975921737575973	0.9986109199438202	0.9988336502849003	0.9984132465654372	0.9980162482065997	0.998296515591008	0.99883288057041	0.9988237548984681	0.9875192724333063	0.9987578896797153	0.9990267533856023	0.9865826359338061	0.987339225727161	0.99856736574746	0.9988365479159245	0.998277780187997	0.9985206365951254	0.9988932692307693	0.9984424513618677	0.9983333828861494	0.9983511506352089	0.9987460384752406	0.9988254131054131	0.9984419552874378	0.998811153846154	0.9988383297720799	0.9989845160116447	0.9984796291012841	0.9990050000000001	0.9980710965867831	0.9988079715302494	0.9980585157633723	0.9981726086956522	0.998370619789779	0.9985533628005658	0.998384071791153	0.9989149927060541	0.9989241417378917	0.9981644202898551	0.9996346762075135	0.9996466892615056	0.7355746285018271	0.9981488115942031	0.9975595929394813	0.9983146907400787	0.9986855733705124	0.9983303867003974	0.9987986146723646	0.9986310965867832	0.998772276132715	0.999627957796853	0.9863861717495988	0.9982046502355927	0.9984218172081399	0.9989950927246792	0.9992725913978495	0.9983422770123278	0.9981009166666667	0.9876378290805994	0.9980197925009101	0.985753338809035	0.9981954175513095	0.9982296124592539	0.9985239963702361	0.9866718773311232	0.9978633077485378	0.9869796637658229	0.9979613440285205	0.9989859928698752	0.9993356097560977	0.9866164736630478	0.9982304095686844	1.0	0.9985701883439945	0.9980110255487584	0.9989991666666668	0.9985233144876325	0.9877522572815535	0.9984489909255898	0.9980885139543314	0.9979163783783785	0.9979744878754977	0.998382293478261	0.998197731884058	0.7398521942446044	0.9976782329169729	0.9983924383164007	0.998398873188406	0.9990000582453585
scaffoldsTV32	0.999201560084329	0.9993836437104708	0.9993549473684212	0.999149799713877	0.998961669049321	0.9989082308522114	0.9993790669940374	0.9983010382321994	0.9992990851513018	0.9992933941733941	0.9994980617977528	0.9990067305644302	0.9993070247323735	0.9990471264367815	0.9991475643776824	0.9988974847724832	0.985202954636692	0.9991378354203937	0.9989840597227161	0.997878412174551	0.9988174274453602	0.9983632761700608	0.9993381993681993	0.999266679785331	0.9982284477825465	0.9979216518964905	0.9988460289445819	0.9994875500175502	0.9990905831842575	0.9989991793960925	0.9988999248927038	0.9995795960660344	0.9992963017543859	0.9877275975855132	0.9992322826086958	0.9991424408336276	0.9867493228346456	0.988003064648118	0.9991897675250359	0.9994604805331463	0.998647223641007	0.9991015222063038	0.9992740140350879	0.9991921091290661	0.9990456882373974	0.9989369799857042	0.9994063438596491	0.9993507295685725	0.9991408218694886	0.9994759220231823	0.9993297895475273	0.9993830758174632	0.9990196599362381	0.9993977058612009	0.9990378819320215	0.9993934843695121	0.9985172711267608	0.9987784425349088	0.9990647374062164	0.9988527713382509	0.9990412575919971	0.9993525579710146	0.9993596840996842	0.9989634169953387	0.9999077484143765	0.9998312922535212	0.738369843373494	0.9988403333333332	0.9983798294849023	0.9988669347980154	0.9989478651685392	0.9991593082437278	0.999362354385965	0.9991321694067193	0.9994285910049193	0.999881551724138	0.9867658861011549	0.9988461089215336	0.9991454911660778	0.9992149228070177	0.9995464308567366	0.999185825589707	0.9979483656609196	0.9875854128070883	0.9982482272069464	0.9850880585639792	0.9985938245614036	0.998992431274545	0.9990354308187342	0.987089414378029	0.998496127504554	0.9871450117096019	0.9987207838906867	0.9993737298245614	0.9995361500177745	0.9868074302788845	0.998950078824794	0.9990339551441794	1.0	0.9985601467955603	0.9994317786561265	0.99891313244569	0.9879482272361	0.9993580618482562	0.9987864378145218	0.9982859691866715	0.9979437338593974	0.9991622051465331	0.9989588239512369	0.7384224340527579	0.998083803792852	0.9991505934930281	0.9990294178571429	0.9994518397412864
scaffoldsIV22	0.9986752593659942	0.9988877089337176	0.9988810590778097	0.9983884189288333	0.9983494027116162	0.9985295912408759	0.9988754267194816	0.9988382382490136	0.999137203450755	0.9988444133476856	0.9989540028797698	0.9991183848065318	0.9995920906801007	0.998359963410172	0.9983587028215464	0.998260727605119	0.9867437556375565	0.998307735434225	0.9987186596055514	0.9988242893772895	0.9982441761052246	0.9984147627737227	0.9987897410071943	0.998628427419355	0.9994217564730582	0.9984013900862071	0.9988646621135873	0.9988730331412103	0.9984371198830413	0.9986036479591838	0.9983823322332233	0.9989080072072072	0.9987904136690646	0.9879807447232178	0.9988635073820671	0.9990843284119554	0.9874117293835069	0.9880162200165425	0.9985674184085075	0.9988624198775656	0.9993972394165777	0.9983383418928834	0.9988519539402663	0.9985708333333334	0.9982618008784772	0.9983846004398828	0.9987871840115233	0.9988633849477853	0.998616231101512	0.9988921022318217	0.9988179042131796	0.9986817032967032	0.9992355520169852	0.9986289153536094	0.9982840697247706	0.9988707706157726	0.9986164960346071	0.9982148848263255	0.99840099009901	0.9986959497307001	0.9983603226989365	0.9986143334557472	0.9988488900900904	0.9982842736919136	0.9992354201226108	0.9992448024425287	0.7324182038834951	0.9983683528550512	0.9981918706865238	0.9985119899425285	0.9987325556353196	0.9983938897005112	0.9988494812680117	0.9986339214966984	0.9988550720980535	0.9992256364947708	0.9877047955537911	0.9983823161361142	0.9988643493889289	0.9988762896253601	0.999619403409091	0.9983630033003301	0.9984991438848921	0.988027105263158	0.9995318275372606	0.9867811357113572	0.9986904311893641	0.9983295784457478	0.9983441684981685	0.9875723758278145	0.9993447458229647	0.9866573624658603	0.9992499648506151	0.9988699495677235	0.9995849433026224	0.9877503496225665	0.9982360292504571	0.9987381828073995	0.9987591243243243	1.0	0.9986321742313323	0.9987406321428572	0.988323338651775	0.9984535575868371	0.9986070909090909	0.9994179368421054	0.9984966908300108	0.9984280051338469	0.9984170687134504	0.7379105676328501	0.9994092844428621	0.9983738848129128	0.9984230828445747	0.9986760710362504
scaffolds5A4	0.9995757122145706	0.9999338314037627	0.9999301408450703	0.9999242882947978	0.9998723591040463	0.9996072430249635	0.9998800361010831	0.999677845263919	0.9998247613882864	0.9998937818442769	0.9999150867052025	0.9995401050344078	0.9995327430683918	0.9999029766606825	0.9998084723726979	0.9998861841633826	0.9881327983539095	0.9998231575144508	0.9996511570853168	0.9996737741456166	0.9998988629842182	0.999692730227519	0.9998577384393064	0.9999112531599855	0.9990798354059987	0.9992909193724916	0.9998056734250546	0.9998956374142288	0.9999010197486535	0.9996363319897398	0.999855104768786	0.9998388118454316	0.9999013908959536	0.9884169715447155	0.999890097437748	0.9999365373459027	0.9877153176851478	0.9883469851116624	0.9998937536127168	0.999923512635379	0.9991803916544656	0.9998498698951934	0.9999021098265896	0.9998435245310247	0.9998518020946192	0.9998897831586557	0.999823476534296	0.9998845884476535	0.9996599601304822	0.9999161076978678	0.9998447148014442	0.999901322106772	0.9995554453294713	0.9999111939763357	0.9999090902527076	0.9998919732562342	0.999549793403407	0.999930533858832	0.9998794259927799	0.9998287789017343	0.9998602418772563	0.9998746488052137	0.9998994472543353	0.9999124067431852	0.9999123933477947	0.9999363378766141	0.7357072956730769	0.9999042688172044	0.9994036337103248	0.9996323062997828	0.9998517215189873	0.9998284045993532	0.999875399061033	0.9999219675090254	0.9998890310918293	0.9998856895306859	0.9881945723550871	0.9999182646109718	0.9993314395043733	0.9999156049115204	0.9995115554749819	0.9998526570397112	0.9994768004338392	0.9883360349735665	0.9990796118299444	0.9881369436445908	0.9996901337671728	0.9999062933526012	0.9998834850126399	0.9881163797364085	0.9992055705925382	0.9877389642857142	0.9987370935779817	0.9999254965691585	0.9995573050417121	0.9882005028386052	0.9998813794338948	0.9998664465523532	0.9999112102601158	0.9991056928702011	1.0	0.9998825658607002	0.9883865650406503	0.9998235365853659	0.9995386522522524	0.9989958733064811	0.9996309862716761	0.9999109599422593	0.9999191000358554	0.7373535897435896	0.9990210850111858	0.9999048501263994	0.9998987260916639	0.9999326487455199
scaffoldsAR01673	0.9982560214681442	0.9988773215547704	0.9988731558533144	0.9985048470672904	0.9984530514573589	0.9983845467372134	0.9988345153330983	0.9983231319832402	0.9990425743266877	0.9988879662209712	0.9989081920903955	0.9983451843971632	0.9984748828696925	0.998404304916873	0.9984365779057215	0.9982681609195403	0.9857340137152077	0.998455752339813	0.9986475679542203	0.9974972671033477	0.9982720337765002	0.9983152166193182	0.9988813947740112	0.998645222861251	0.9978383588465648	0.9978775643285159	0.9985599082892417	0.9988847143864596	0.9985392979942694	0.9978490947816827	0.9985152267818577	0.9989827048022599	0.9988701904761905	0.9875917370517929	0.9988900281988017	0.9988323041798386	0.9868264302416212	0.987459250203749	0.9985436789056875	0.9989195908289243	0.9982002028985507	0.9985548865682391	0.9989273879279914	0.9981625411270565	0.9984602914717524	0.9984641180705544	0.9988178941798943	0.998867144871343	0.9989654654021777	0.9989868878082667	0.9988216637292915	0.9985881346777099	0.998545545325779	0.9985360086455332	0.9982085595966871	0.9988908683374514	0.9984466712659539	0.9982982399425286	0.9984846606822262	0.999003917453655	0.9984612081984896	0.9984904949421965	0.9988641002117149	0.9982995649047108	0.9992078399433427	0.9992070486600845	0.735403057553957	0.9983210424155284	0.9971878793163587	0.998350220248668	0.9989200209863589	0.9985441875447388	0.9988560789844851	0.9985438326149425	0.9988687151429582	0.9991832343584305	0.9868783961889639	0.9982939022637443	0.9981654985855728	0.9990409607912397	0.998833667377399	0.9984631427544048	0.9973026341983646	0.9872446074133122	0.9978739538239537	0.985631685483871	0.9985852062937063	0.9984193776978417	0.9985671022318215	0.9864247803091946	0.997891159682081	0.9864642752222652	0.9979857152899824	0.9989338342151675	0.9988864237468896	0.986868085782367	0.9983253089080463	0.9987042456514023	0.9982952068723701	0.9979997013864201	0.9986149837954629	1.0	0.9877141387559809	0.9985102089337177	0.9981958578607324	0.997815081908832	0.9973533226723525	0.998547047003947	0.9983331775700935	0.738143005988024	0.9976503373231773	0.9985483015473192	0.9984914890563329	0.9986070641210374
scaffoldsTV121	0.9885938859684593	0.9885139935457846	0.9884874063632703	0.9882742584315318	0.9882493333333332	0.9880008146639512	0.9884721716357775	0.9883671901493744	0.9887710585858587	0.9872384501992033	0.9884470616686821	0.9886444560838034	0.9887219013237064	0.9883498250610252	0.9882340105648112	0.9882775183075672	0.9938772392638038	0.9882730227827503	0.9884119894864536	0.9865531942789035	0.9882649715215621	0.98824598702878	0.9884379371474618	0.9883224807458453	0.988554317727091	0.9882133495539335	0.9884944287444489	0.9884520185334408	0.9882405710814095	0.9877633612440192	0.9882703453880537	0.9884543714746172	0.9884938743455499	0.9996024973470111	0.9884679008863819	0.9884520551276854	0.9875490327868853	0.9877502136573105	0.9883559756097562	0.9884523408541499	0.9884366987565182	0.9882562413652985	0.9884557896857372	0.988579184168013	0.9882439414872003	0.9882444530296869	0.9884403748488513	0.9884697824335215	0.9886406058158319	0.9884900564743849	0.9884410632299638	0.9886368418907906	0.9886768450704225	0.9886265444172778	0.9882385138436484	0.9884830350665056	0.9885542418115648	0.9882764335095567	0.9881993430656936	0.9886421301535976	0.988246941846279	0.9881466639411284	0.9884939782345827	0.9882883550488599	0.9888246569814366	0.9870870226280269	0.7335610519645122	0.9882443182743184	0.9877869577579205	0.9880812419093852	0.9885941421073879	0.9882350648298217	0.9884731547139404	0.9881873935954602	0.9884712258064516	0.9887978378378378	0.9874191724702991	0.98825743798292	0.9883077412814275	0.9884978041901693	0.9890055904877066	0.9882439268292683	0.9883930197024527	0.9995357803672316	0.9884688107673766	0.9940322861526659	0.9885838974151859	0.9880906095083298	0.9882686184477855	0.9943653454264763	0.9883982999198077	0.9881234493927126	0.9886264783653846	0.9884797019734193	0.989016431451613	0.987461118852459	0.9882617046379172	0.9886070700896495	0.9884714262626264	0.9885638360000001	0.9886257637474541	0.9884489311449159	1.0	0.9883468416768416	0.9882114019448948	0.98855306	0.9866143722772277	0.9882181597081475	0.9882389792598617	0.7401836987951808	0.9885278462157809	0.9882505241771636	0.9881976246453182	0.9886277628361859
scaffolds5A2	0.9995643509789703	0.9999320894983761	0.9998356581319868	0.9999404727535186	0.999795308108108	0.9996038611315209	0.9998205733862243	0.9996315962441316	0.9999210765895953	0.9997804594400574	0.9998784931506849	0.9994602893309223	0.9995208862629247	0.9999081048097632	0.9998723179524153	0.9998385473457674	0.988029479294793	0.9999212008654885	0.9996427798098025	0.9995893882091214	0.9999107675753227	0.9996838072897872	0.9998949242970439	0.9999236144144144	0.9990079626920263	0.9992053394160586	0.9998921454413894	0.9998155483405483	0.9998851276519238	0.9996535617442284	0.9999192571222503	0.9999072717430528	0.9999122602739725	0.9883212768544791	0.9998198738284066	0.9999091238233166	0.9876605575757575	0.9882932026413538	0.9998974765681327	0.9998982401730977	0.999156079795022	0.9999116263974035	0.9999082804614277	0.9998791257225434	0.9998191135135136	0.9999082690227192	0.9998556529581528	0.9998520843851425	0.9997525579710146	0.9998628370583994	0.9998890187590189	0.9998891893830704	0.9995467969598264	0.9999333488872936	0.9998149152542373	0.9998113734679163	0.999504069640914	0.9998434277518824	0.9998816480346194	0.9999137807525326	0.9997897980526506	0.9998975479898587	0.9998238361602312	0.999913327351041	0.9999302344877344	0.9998825709156195	0.7368254447115384	0.9999259174147218	0.9993892113910186	0.9995003514492754	0.9998545392121431	0.9998363188197195	0.9998883399494767	0.9999359646592139	0.9998973988439306	0.9998986255411256	0.9880351010509297	0.9999399820595625	0.9992571855632518	0.999841937229437	0.9995490843286284	0.9998672799422798	0.9995061889250815	0.9883283935091278	0.9989764807976367	0.9881487453874539	0.9997531283905967	0.9998235340786152	0.999920847152127	0.9881275801150371	0.9991267848008768	0.9876401148514852	0.9986785405998536	0.9998689538239539	0.9995845997826875	0.9880937444399515	0.9998661513629843	0.9998244160583943	0.9998025505050505	0.9990073248175182	0.9999022453371592	0.9998512026002168	0.9883500121654503	1.0	0.9995402558558557	0.9989845095168375	0.9996547267462904	0.999930663541291	0.9998912867383513	0.7382475152253349	0.9989148434004474	0.9998253174603174	0.9998888175919249	0.9999203228120516
scaffoldsAR99190	0.9991016333938294	0.9993867484662577	0.9993421248196248	0.9993904990958409	0.9993168869628025	0.9987226269315675	0.9993480303030302	0.9988553779385174	0.9994157401375318	0.9993100682226214	0.9993618831168831	0.9993447927927928	0.9995463276627221	0.9991216432432433	0.9993119357168653	0.9991091462536024	0.9876777181482999	0.99929126129382	0.9991228221083455	0.9993569892870338	0.9991436020151133	0.9992086926688335	0.9993696105301118	0.9994568421052633	0.9989182275711161	0.9983561937842779	0.9990579261672096	0.9993500396825397	0.9994382938218391	0.9988120506236245	0.9993681676906399	0.999386600433526	0.9993550378378381	0.9880231348724181	0.9993485935809592	0.9992112795347149	0.9877755833669762	0.9884770726672172	0.9993644797687862	0.9993497907647907	0.9995417154352597	0.9993436718467653	0.999420674359899	0.9990479240506329	0.9993270675334056	0.9993322543352604	0.9992606673881674	0.9993441507392717	0.9994309636363637	0.9993674206349208	0.999279862914863	0.9993940195016252	0.9996684276956367	0.9994137116010119	0.9990949945711185	0.9993646755587601	0.9990103229317852	0.9991296001440924	0.999385733862243	0.9996340203193033	0.9993385177151121	0.9993187736535663	0.999361241429087	0.9991752145690589	0.9996412694394213	0.99962690424766	0.7373789166666667	0.999136910598414	0.9989541882524625	0.998848537378115	0.9993066353111432	0.9993475440489035	0.9993445290508843	0.9993869372294373	0.999316238267148	0.999634943942134	0.9873123698021801	0.9991436337418891	0.999099868324799	0.9992423385059546	0.9998488832670762	0.9993425741142443	0.9998568291802096	0.987731147142278	0.9988044387191756	0.9875823177723179	0.9989447971014493	0.9993013815551537	0.9993572398843932	0.9873975821018062	0.9992804808743168	0.987460141955836	0.9989570911086717	0.9993814796102491	0.9998913526220616	0.9875312252325112	0.99915249009009	0.9993274917853231	0.9993113453887886	0.9990265513474144	0.9994011881545685	0.9993291958168051	0.9880829173419774	0.999068500900901	1.0	0.9989228905109488	0.9991553002894356	0.9993664023071377	0.999172538710839	0.7391125763125763	0.9988264049125418	0.9994062061482821	0.9993235436193224	0.9994185982658961
scaffoldsVV14	0.9980429559297743	0.9984339158576052	0.9983731909547738	0.9981018318098721	0.9979688803512624	0.9980159949256978	0.9983633596554199	0.998313336906038	0.9984572405153901	0.9982928443968595	0.9985481351060007	0.9986292869749381	0.9990143456435999	0.9977601347414422	0.9980065398683249	0.9978639301310043	0.9862012617394855	0.9979867471642885	0.9982628052325582	0.9982273732214522	0.9978545209471767	0.9980383157511823	0.9985191091954022	0.9982347437774522	0.9988010593956236	0.9980492035714287	0.9983184001431639	0.9983703807471266	0.9980840029112082	0.9980020376402461	0.9980379582875962	0.9984697161336687	0.9983763411131061	0.9874919586809694	0.998320678148547	0.9986183130372492	0.9867746288906625	0.9875174410913602	0.9980382766191	0.9984095405599425	0.9986024345364473	0.9980405166727739	0.9984298958707362	0.9981471688682614	0.997943206581353	0.9979922595978061	0.9983048654467169	0.9984447755834829	0.9981608927931157	0.9983983938196193	0.9983323295046661	0.9983387705217075	0.9986655211267607	0.998361725647574	0.997832898391813	0.9983355854885057	0.9979914951595553	0.9979119155134742	0.9981461287961946	0.9982344234202072	0.9979499488117002	0.9983054698354663	0.9983538922800719	0.9979829008746357	0.9988376898164808	0.9987723607142858	0.7333348314606741	0.997874668367347	0.9975067544175984	0.9980342903110476	0.9982559134787272	0.9980516315406978	0.9983353034111311	0.9982023572474379	0.9984150592885374	0.998810312837109	0.9873722186878727	0.9979583327266107	0.9981485367594575	0.9983801579892281	0.9990881962583834	0.9980499378200439	0.9981241010028654	0.9873717137176939	0.9988169160197602	0.9862086448979592	0.998160954594208	0.9979545252008767	0.9979866971470372	0.9873532632013201	0.998678814159292	0.9860691951788492	0.9983712748864827	0.998351511127064	0.999125854519774	0.9872698171701113	0.997856835396941	0.9982805844155845	0.9982768077474893	0.9987943016370605	0.9983017651349382	0.9981451934682288	0.9874761685214627	0.9980986141502554	0.9981913995649022	1.0	0.9979364597618188	0.9981413213762811	0.9979653534985421	0.7408646980676328	0.9986481433109776	0.9979990493601463	0.9980434357848519	0.9983692995257206
scaffoldsIV18	0.9980494314501619	0.9993858565737049	0.9993447577729573	0.999365170413343	0.9993267693981145	0.9988090425531914	0.9994354611211574	0.998080628591954	0.9988159870317005	0.9993557178571429	0.9995244150670047	0.9989055749002539	0.9993917485337244	0.9992463889894964	0.9992934034070317	0.999195671965318	0.9866055437012722	0.9992458556925309	0.9991298317483542	0.9973770458649331	0.999044325984821	0.998313391959799	0.9993856693198264	0.9996108620065194	0.99830746382055	0.9975508833151583	0.9989847672320462	0.9993491898734176	0.9993626808204391	0.9968202957086187	0.9992059239130435	0.999258752260398	0.9991670137382502	0.9867378115015975	0.9992844958438744	0.9987328783490224	0.9869164585012088	0.987403159636063	0.9995308490566039	0.9993167787418655	0.9986155076142132	0.999213663402249	0.9994345276872965	0.9980773402727924	0.9992970677781804	0.9992556018854245	0.9993493743218805	0.9993305820679683	0.999259599427754	0.999468652662079	0.999294374548084	0.9996572483707458	0.9989797393193339	0.99962609561753	0.9990587305041712	0.999265457835686	0.9980117153153153	0.9991352582159623	0.9992586524566474	0.9982845689655173	0.9993161485507246	0.999545218023256	0.999245319840983	0.9993300036140222	0.9997883103698331	0.9997393895037486	0.7337593446601942	0.999387849656668	0.9978558309248555	0.998768037144938	0.9993015530167797	0.9992117848146813	0.9994283248914617	0.9994525497287523	0.9993272855591749	0.9997553567547991	0.9871948175182482	0.9990921712427745	0.9978339587106122	0.9992572885032537	0.9993517755991288	0.9993601050724636	0.9982180106382978	0.9868054858056777	0.9983801028277636	0.9864516844262294	0.9992104027084818	0.9990830980817953	0.9993430699528816	0.9861371194091096	0.9985949619703007	0.9871022808409362	0.9980837059891107	0.9993501193058569	0.9993585185185185	0.9871678215010142	0.9992708821402748	0.9990936744355428	0.9982846467195386	0.9984537070524411	0.9995868994211289	0.9981911257570361	0.98683925689173	0.9994105103148749	0.9989605453232215	0.9983263320043494	1.0	0.999356417208966	0.9992319710669079	0.7375741460541814	0.9983183125000001	0.9993529140993116	0.9993539356704011	0.9996540825190011
scaffolds13109	0.9993850507246376	0.9996739879046603	0.9996575488454706	0.9996976064400717	0.9996253719599429	0.998982633895818	0.9996004580965909	0.9992442810693644	0.9998974295010845	0.9995715994287754	0.9997473624017157	0.9990203583061887	0.9995167246484086	0.9993871254042402	0.9996361945636625	0.9993711334289814	0.9878166189697466	0.9996600751879701	0.9994226279740447	0.9994948692449356	0.9993710017953322	0.9995737009009008	0.9997707541800072	0.9999024430199431	0.9988420533430764	0.9988515353756383	0.9997080926529135	0.9996450976909413	0.9996722273864854	0.9992429629629629	0.9996740107334529	0.9997318042704626	0.9997138940256046	0.9881496765062676	0.9996300035511364	0.9995744428312159	0.9874804426559357	0.9883725616776317	0.9997559362692446	0.9997514397440456	0.9992299194434275	0.9997705232974912	0.9998110213523131	0.9995781105491328	0.9996403826895565	0.9996377702219043	0.9996685815854959	0.999651640625	0.9997055982596085	0.9996762406283474	0.999671616915423	0.9995805391804458	0.9992685502530729	0.9995225997842502	0.9994750662844859	0.9996497973693567	0.9992297138717856	0.9994122353785433	0.999665651402201	0.9998240390173411	0.9996564569181264	0.9995472044960114	0.9996455081734188	0.9994459317773791	0.999953229946524	0.9998347600286533	0.7370061016949153	0.9994257127468582	0.9991279557007989	0.9991637771345876	0.9997569584086801	0.9996548818897638	0.9995783481349914	0.9998280825329064	0.9996596727143368	0.9998945283018869	0.9874708011272144	0.9993907899461401	0.9993832021857924	0.9998710430758277	0.9995415716878402	0.9996138277340958	0.999409271021292	0.9880581957928803	0.9988225960118168	0.9877636151960785	0.999413138317082	0.9995886776268763	0.999774514858575	0.987299423076923	0.9989846108878334	0.9879579897111199	0.9991082380952381	0.9997853342816501	0.9995796698113207	0.9875087233185661	0.999438984206748	0.9995761149508909	0.9996555050143267	0.9990240124359914	0.9996330913012221	0.9996346997482921	0.9881399272139103	0.9995851798561151	0.9993183231597845	0.9987790516294398	0.9995373593073593	1.0	0.9994718390804599	0.7377683191230205	0.9986981170768084	0.999785216612961	0.9996399183528577	0.9996148777857657
scaffolds5A18	0.9996813788098693	0.9998829566787005	0.999903955250812	0.9998801154817757	0.9998338356164385	0.9996765453877252	0.9998646933621934	0.9996805820679682	0.9998651589595378	0.9999100359195402	0.9998684030281183	0.9995350814332248	0.9995737236793497	0.9999185606604453	0.9998458832011536	0.9999322963760318	0.9880478545006166	0.9998405948089402	0.9996345847054517	0.999625968819599	0.9998809896020078	0.9997565884476532	0.9998656885364097	0.9998824072072072	0.9990735884291467	0.999230821467689	0.9998509627216795	0.999871032118369	0.9999321171818835	0.9996202087147567	0.999858791922106	0.9998471346084447	0.9998685472242251	0.9883354482758623	0.9998864285714285	0.9999134432765494	0.9876330840743736	0.9883220189925682	0.9998477901946647	0.9998930266955266	0.9992428299120235	0.9998559848484849	0.9998749531362653	0.9999095953757224	0.9998562112472964	0.999857158312297	0.9998389357864358	0.9998584235209235	0.9997808807538965	0.9998800432744323	0.9998565512265511	0.9999559562253321	0.9995812427536233	0.9999670269299822	0.9998701046176046	0.9998491561485754	0.9996259143686502	0.9999172417503589	0.999864816017316	0.9999063965267729	0.999841341991342	0.9999258085569251	0.9998412310469312	0.9999162728904848	0.9999095380728977	0.9999451903735634	0.7362926410564227	0.9999265434314432	0.9994340175310447	0.9996276042044219	0.9998892227042663	0.9999091903562434	0.999850259833995	0.9998855283086908	0.9998446009389673	0.9999007253699027	0.9880047049312854	0.9999371367061356	0.999364704379562	0.9998502995308551	0.9996169300471185	0.9998164285714286	0.999629558131112	0.9882343425324674	0.9990464153732447	0.9881415865187012	0.9997316509775525	0.9998960216606497	0.999885118961788	0.988100954339778	0.999209024122807	0.9875992365506329	0.9987705054945054	0.9998810393359797	0.9996076150779267	0.987968314470493	0.9998817001434719	0.9998742132165025	0.9998805706031059	0.9990947843567252	0.9999519052744889	0.9999010581437342	0.9882705517241379	0.9998892216642754	0.9995498955331413	0.9990220300476363	0.9997102424023153	0.9998698413270826	1.0	0.7375862347188265	0.9990255431131019	0.9998680259833995	0.9998827407140278	0.999968431442929
scaffoldsVV15	0.742576191037736	0.7401506555423123	0.740332261904762	0.7401828690476191	0.7400647023809525	0.7397602155688624	0.7402450950118765	0.7425947759433962	0.7423098452380951	0.7401780285035631	0.7403071137724551	0.7424676393831554	0.7426002235294118	0.7403603333333334	0.740193983353151	0.7403365	0.7409932494004796	0.7403501073985682	0.739628504784689	0.7405678613396005	0.7403777326968973	0.7424872287735849	0.7403596781883195	0.7403077724550898	0.7427251103368177	0.7423648878394333	0.7426191252955083	0.7401600712589074	0.7403350475059383	0.7418755278766311	0.740148919239905	0.740330610047847	0.7402609058402861	0.7429014067995311	0.7402221021377672	0.7425204052443385	0.7411069606674613	0.7397189088729017	0.7402789473684211	0.7403541218637993	0.7427508741258741	0.740359725864124	0.7403661620977354	0.7424614622641509	0.7402279429250892	0.7400985154394298	0.7402289737470167	0.7401309274673008	0.7423416193853428	0.7400140952380952	0.7403586293206199	0.7404203481392557	0.7424568595041323	0.7401782932692308	0.7403329594272077	0.7402050356294536	0.7424350236406619	0.7404737112171837	0.7402387648456058	0.7425739033018869	0.7402337931034484	0.7403136014405763	0.7403130714285715	0.7404198566308244	0.7399854261704683	0.7404082973621102	0.7420301227678572	0.7402611124401913	0.7403432660332543	0.7423520142180096	0.7425912838633687	0.7403605826397146	0.7403604648390941	0.7403360885167465	0.7402327824019025	0.7403328657074342	0.7411659397590361	0.7404750658682635	0.7427059976387248	0.7403579499404053	0.7425392976190476	0.7401880760095013	0.7405641656942824	0.7426178680800942	0.7424210798122066	0.7409640598802396	0.7423102951593861	0.741281454112038	0.7403773747016708	0.7411392215568863	0.7426285697674418	0.7431894655581948	0.7427281235431237	0.7404164439140811	0.742229189511323	0.7412105669481303	0.7402805628742515	0.742703301775148	0.7404590487514864	0.74271868757259	0.7403958343337336	0.742480139211137	0.7428014369846879	0.7403954861944778	0.740503694874851	0.7429696158323634	0.7399966783216784	0.7400747142857144	0.7404926284348865	1.0	0.741360633059789	0.7403326968973748	0.7403398690476191	0.7404293037214886
scaffoldsVV8	0.997621181388586	0.9976736961285609	0.9976082944606415	0.9970071667285556	0.9969635239509841	0.9975563937409024	0.9974264238892935	0.9975692424791593	0.9984310572366023	0.9973612712785223	0.9980034209565534	0.9978432414040114	0.9990148523514399	0.9970468988514264	0.9969453377876764	0.9969719274879764	0.9853231107491855	0.9971743159851302	0.997650375501276	0.9975124814540061	0.9972471386212008	0.996873362864526	0.99742	0.9976795195530727	0.9980549630411828	0.9970062164124912	0.9974587254901962	0.997528720379147	0.9969892463982268	0.9975483073011261	0.996968979213066	0.9978077854797518	0.9974824735883425	0.9866569853232844	0.9974822003642987	0.9986801461988306	0.9861797173566879	0.9876647844112769	0.9976704914370812	0.9977695842450766	0.9976565997850232	0.9969931809736157	0.9978904343065693	0.9973412586144359	0.9968967297698588	0.9969917631774314	0.9979668065693431	0.9974686598689003	0.9976123049001817	0.9975213274981765	0.9974989285714285	0.9982520185873607	0.9978641063146629	0.998283630952381	0.9972397023809524	0.9974108348523515	0.9975353963636365	0.996889829881657	0.9969407355126301	0.9974577939042091	0.9969652838589981	0.9982019776119404	0.9974811584699452	0.9968604696745562	0.9988584017595309	0.9988253442622953	0.7333653846153847	0.9973562356428306	0.9966914546783626	0.9972759752996732	0.9974781313497824	0.9969512818618397	0.9976118271334792	0.9974943563988096	0.9974671574344024	0.9988407582417582	0.9863422840236686	0.9975144440326168	0.9972440958605664	0.99776473184969	0.9993277473911478	0.9969274990723562	0.9969688299418604	0.9871178966202784	0.9982445030498746	0.9852059438567942	0.9976679825834545	0.9969554974016331	0.9974269144981412	0.9859587320475994	0.9976580193756729	0.9856926037588097	0.9975873059198864	0.9979180992338563	0.9993089184333454	0.9865298263614838	0.9972186560533136	0.9974266874312936	0.9973166436112122	0.9981066101694915	0.9983195724907065	0.9974174323837	0.9872703500397774	0.9977703417533431	0.997424498525074	0.9978767679265278	0.9971568871026673	0.9969824507983664	0.997245114899926	0.7400306482593036	1.0	0.9973911561338288	0.9969495246936503	0.9982779137225734
scaffolds10101	0.9996028706739527	0.9998297948164147	0.9998940201366415	0.999849928109274	0.999801210923464	0.999310295202952	0.9998625053918043	0.9995841778584392	0.9998713030852995	0.9998211015118791	0.9998089388489209	0.9994230458515283	0.999571939078752	0.9997087893024937	0.9998148868127921	0.9996441146772449	0.9877515460526316	0.9998218835370237	0.9995846445497629	0.9995975964391691	0.999597616300036	0.9996701486584482	0.9998551726618706	0.9999488924847179	0.9989980088170464	0.9990487948717949	0.9997577753544168	0.9998004888569374	0.9998847838616718	0.9994606737849779	0.9998166391085552	0.999844368932039	0.9999050071942449	0.988239524196828	0.9997941214516709	0.9997117711370264	0.9876634507897936	0.988350281573499	0.9998631488138028	0.9997863708228532	0.9992434400294333	0.9997830899280576	0.9998641079136691	0.9997042639593908	0.9998025763564501	0.999787945402299	0.9997810348544738	0.9997943262666188	0.9997488018936637	0.9998950197912919	0.9998599101365925	0.999754861060989	0.9995294513081396	0.9997738786565548	0.9997067890568755	0.9998497265203311	0.9994663460837887	0.9996351694304254	0.9998268247126437	0.9998397859216255	0.9998090520646319	0.9997026720058245	0.9997838331535418	0.999691202166065	0.9999379294202376	0.9998661995677232	0.736470750307503	0.9996581096681096	0.9992800439077938	0.9993845890909091	0.999781471122412	0.99981655259366	0.9997805537576412	0.9998426293103446	0.999861792011515	0.9999314532374102	0.9878004462474645	0.9996999675324676	0.9993898280907096	0.9999274847067291	0.9996022833211946	0.9998279058908047	0.9996167490909091	0.9881717426710098	0.9989511576994434	0.9878297409539474	0.9995879266521424	0.9997676303487956	0.9999106506110714	0.987703264633141	0.9991268772961058	0.9879455936254979	0.9991719580419579	0.9998849442646531	0.9995890422432631	0.9877515375253549	0.9996763685539126	0.9997701940681069	0.9997435239122617	0.9989590011017262	0.9997727679538072	0.9997966714905933	0.9883046682946683	0.9997654929577465	0.9994446331767257	0.9988876544117646	0.9995800254083486	0.9998789256198347	0.9996959819494585	0.7384318888888889	0.9989023529411765	1.0	0.9997901149425286	0.9997740000000002
scaffolds13545	0.9993844525018127	0.9996647381546134	0.9996289509246089	0.9996295452918009	0.9996062526843237	0.9990611160058738	0.99964140419481	0.9991776119942195	0.9997373292374414	0.9995592244460327	0.9996561043602573	0.9991437581462711	0.999419807763401	0.9994465767709457	0.9996326807444526	0.9994394651830582	0.9878223168235775	0.9995821625492304	0.9993540028849621	0.9993914869341185	0.9994131609195402	0.9995337945945947	0.9996479672481313	0.999764853988604	0.998716542397661	0.9987988657913931	0.9994809837251356	0.9996623826458039	0.9996168407871199	0.9991648423753665	0.9996022190408017	0.9997416660733357	0.9996248381358948	0.9879690905416331	0.9996643121222895	0.9995905303305488	0.9874140611178126	0.9883348131416838	0.9996781847475832	0.9996875000000001	0.9991310614934114	0.9996529415979936	0.9996887615658363	0.9994801660649821	0.999646539012169	0.9996035816618911	0.999690181365576	0.9996447849271242	0.9996599673676579	0.9996254360257326	0.9996881265552792	0.9996499244875944	0.9992737536127168	0.9996236366906475	0.9995431337396917	0.9996502135231317	0.9992426920289856	0.9994610265613781	0.9996908638464272	0.9998013046620888	0.9996328433476395	0.9996297789054006	0.999612561366062	0.9994439475574712	0.9998567546362341	0.99975598495702	0.7375962077294687	0.9994432244165172	0.9991009847383722	0.9991538834600072	0.9996322415039771	0.999655100286533	0.9996247439544809	0.9996900391459076	0.9996211471321697	0.9998838105413106	0.9874224225352113	0.9994444416517055	0.9992853369763206	0.9996447508896799	0.9994853860094238	0.9996157546494995	0.999465808080808	0.9878835275080907	0.9987545162481536	0.9877372638036811	0.9994348427900255	0.9996179957050825	0.9995504010025065	0.9876403032786886	0.9989179218407597	0.9879377760189948	0.9989132004389174	0.9996959373888298	0.9994521247280639	0.9874232930756844	0.9994396733668341	0.9995903531124863	0.9996430670010749	0.9988185682980277	0.999655873472322	0.999606441165887	0.9879658084074373	0.9996498237410073	0.9992928099173554	0.9987150329188004	0.9994347152126893	0.9996198045486853	0.999509647988506	0.7394715121951221	0.9985918293591656	0.9996527686246419	1.0	0.9996735059331178
scaffolds5A13	0.999594134685011	0.9999069580924855	0.9998870670995672	0.9998792782389031	0.9998315265247203	0.9996059119266054	0.9998352506310855	0.9996338836705202	0.9998224963872833	0.9998633464849356	0.9998439480332012	0.9994575778421433	0.9993603290203329	0.9998688438061041	0.9998420425839046	0.9998833022922636	0.9879400534759358	0.9998058664259927	0.999613434528164	0.9996308577794281	0.9998329150233058	0.9996615301335257	0.9998034969325155	0.9998717027417027	0.9989734478976234	0.9991727670433831	0.99990929786464	0.999851334776335	0.9998799605168702	0.9995916733797146	0.999838201516793	0.9997934920634923	0.9998648141465176	0.9883471236777868	0.9998650703209522	0.999714301230992	0.9877295026283865	0.9882956363636364	0.9998473655719956	0.9998516949152543	0.9991439348462666	0.9998357890935357	0.9998587260916637	0.9998710133429499	0.9998251317214002	0.9998509602888088	0.9997420194734944	0.9998271907681211	0.9996907714596159	0.9998673862815884	0.9997869960331771	0.9998760874238624	0.9995382084690555	0.9998735173897454	0.9998744520547946	0.9998473853376671	0.9995989898624187	0.9998843788041533	0.9998342754145638	0.9998434368231047	0.9998063577353046	0.9998939804418688	0.9998548538433778	0.9998404446038006	0.9999237585833032	0.9999179017216645	0.7357848345153665	0.999864017921147	0.9993822647702407	0.9996309094202899	0.9998218129288552	0.9998604202586208	0.9998084668109668	0.999851802451334	0.9998213470566991	0.9998972789606642	0.988060238963143	0.9997886891117478	0.9993053476519841	0.9998394264069265	0.9994800398839737	0.9998332780382256	0.9994581525668836	0.9882164006514657	0.9989370657797487	0.9880115919374745	0.9996059999999999	0.9998780014430015	0.9998688307470228	0.9879465432098766	0.9991772494513533	0.9874112004754357	0.9986701761467889	0.9998854545454546	0.9995761588683351	0.9881241264693961	0.9997919699140401	0.9998553352769679	0.9998778166726813	0.9990199999999999	0.9999211286277319	0.999861453823954	0.9883172497965826	0.9997715095016136	0.9995002592725963	0.9988898279018676	0.9996141778099025	0.999866822935449	0.9998800286738353	0.7378841798298907	0.9989466405375137	0.9998452289938695	0.9998440843547225	1.0
