	scaffoldsTV46	scaffolds13110	scaffolds130651	scaffolds10102	scaffolds101A	scaffoldsAR01802	scaffolds13216	scaffoldsTV28	scaffoldsTV2	scaffolds5A20	scaffolds131098	scaffolds12801	scaffoldsAR991107	scaffolds5D62	scaffolds10109	scaffolds5A1	scaffoldsTV147	scaffolds106A	scaffolds13108	scaffoldsIV12	scaffolds5A7	scaffoldsAR00128	scaffolds134VP	scaffolds13872	scaffoldsIV30	scaffoldsTV7	scaffoldsTV29	scaffolds13435	scaffoldsAR9984	scaffoldsTV163	scaffolds10650	scaffolds117A	scaffolds13213	scaffoldsTV135	scaffolds131096	scaffoldsTV3	scaffoldsARL04446	E_faecalis_reference_sequence	scaffolds10641	scaffoldsEF13431	scaffoldsVV10	scaffoldsAR011155	scaffolds13985	scaffoldsTV154	scaffolds10104	scaffolds10217	scaffolds13988	scaffolds13107	scaffoldsTV5	scaffolds13217	scaffolds13433	scaffolds5A6	scaffolds12327	scaffolds5A16	scaffoldsTV105	scaffolds13986	scaffoldsTV70	scaffolds5A19	scaffoldsEF13212	scaffoldsTV19	scaffolds10646	scaffolds121VP	scaffolds132VP	scaffolds5A8	scaffolds131VP	scaffolds5A12	scaffoldsARL09542	scaffolds5A15	scaffoldsAR0036	scaffoldsAR96360	scaffoldsTV33	scaffoldsAR991024	scaffolds13105	scaffolds13219	scaffolds113A	scaffolds13761	scaffoldsTV112	scaffolds5A5	scaffoldsTV30	scaffolds13432	scaffolds12768	scaffolds10212	scaffoldsIV23	scaffoldsTV103	scaffoldsVV9	scaffoldsTV148	scaffoldsTV13	scaffoldsTV102	scaffolds10105	scaffoldsTV106	scaffoldsAR01912	scaffoldsAR01215	scaffoldsVV5	scaffolds13106	scaffolds120320	scaffoldsTV126	scaffolds5A9	scaffoldsTV9	scaffoldsTV32	scaffoldsIV22	scaffolds5A4	scaffoldsAR01673	scaffoldsTV121	scaffolds5A2	scaffoldsAR99190	scaffoldsVV14	scaffoldsIV18	scaffolds13109	scaffolds5A18	scaffoldsVV15	scaffoldsVV8	scaffolds10101	scaffolds13545	scaffolds5A13
scaffoldsTV46	1.0	0.9610285106278532	0.9632839517469773	0.9456438300156729	0.9455689516007234	0.9648676227511966	0.9631187960436908	0.972225626743338	0.9722510864349965	0.9650821589729532	0.962419524654175	0.9613273375281994	0.9265358743395148	0.9632767499208227	0.9455229712098704	0.9477958102587822	0.8278806777858767	0.9450583048255012	0.9500414692511397	0.9275138078952592	0.9469021301113596	0.952665360082622	0.9622684009834839	0.9455732412244023	0.9497589144556571	0.9626081600720111	0.9680896049162564	0.9628608266142467	0.9476437150639258	0.9631591179792551	0.9457924429815265	0.9632246378421697	0.9628119732496988	0.834672750899675	0.9631761644829551	0.9691287599496867	0.8522395693016639	0.8212839349845588	0.9456234896294535	0.9631438261093123	0.9352564868176462	0.9443759803375031	0.9623503952892878	0.9759495019113943	0.9455274044369794	0.9453735442555878	0.9626692034614656	0.9631512416456007	0.9694776617172678	0.9779210810357664	0.9632227988687297	0.9474132179712481	0.9623277445532022	0.947524065487713	0.945236559925459	0.9620568672968656	0.9909303220965219	0.947447989924921	0.9454805973842244	0.9728865312063845	0.9457694149029566	0.9438582315136469	0.9626160654471256	0.9469763956842217	0.962539613839758	0.9658938003554501	0.18400067764106517	0.9472834891142657	0.9757178745477038	0.9579250913521004	0.9719356037608065	0.9481144314922616	0.9628376410623176	0.9458183457212235	0.962021967537097	0.963433093575147	0.8416828848240361	0.9477358208434881	0.9683754561115883	0.9628084098507015	0.9620853238775161	0.9458187441298592	0.9498074204132436	0.8340262331609682	0.9404974896618974	0.8282643077914488	0.972267075120767	0.9458716382546193	0.9455400003112865	0.8248680104123987	0.9349216870578301	0.8550543873764587	0.9646460432034074	0.9632636690930164	0.9618285356724033	0.8413563386028243	0.9472309166897595	0.9593685687070879	0.9729018634709198	0.9506568088992359	0.94759260400377	0.9888372415261224	0.8346754083580298	0.9465330750828473	0.9456673092060599	0.9495103598271973	0.9493472330284864	0.9458406907746311	0.9467489566201795	0.19020036673394725	0.9333215060787199	0.9457690646792329	0.9458039288109793	0.9472821457847227
scaffolds13110	0.9793176903743316	1.0	0.9977613834288007	0.9737318451278952	0.9747423382894757	0.9676155058128937	0.9980819803100371	0.9832141785770883	0.984587710215234	0.9918343633630504	0.9943531811233893	0.9812402628009985	0.9471443773161397	0.9709769847642743	0.9748134544466912	0.9708620080265516	0.845025318363553	0.9746239922423323	0.9844777805661784	0.946326007219356	0.9717354286722418	0.9691789580389244	0.9987035958540292	0.980860572260707	0.9691797813488299	0.9721307138737424	0.9820496823641511	0.9981181901488386	0.9741176771342096	0.9707089838155705	0.9745786122499468	0.997185711846754	0.9988001496401423	0.8534273816058672	0.9979884961496467	0.980934771005729	0.8639064655380028	0.8367817808602174	0.9746931182017106	0.9978716796656786	0.9541156952137159	0.9737977338413737	0.9987087012296146	0.9833141652837439	0.9747114972615513	0.9739153666891588	0.9978643205105945	0.9978832763046257	0.9806718660566148	0.9946185572443493	0.99798895942398	0.9709013959018713	0.9802997522301099	0.9704844313203632	0.9727010441177144	0.9987689592574567	0.9792113995457916	0.9711408620698543	0.9801664651476069	0.9837129326629243	0.9739697597427984	0.9632900262545486	0.9973937625150139	0.9706451934194907	0.9981301535814378	0.9918271200903911	0.19313777904018423	0.9705745658931659	0.9698748432977757	0.9813729830821087	0.9834482035501719	0.973378851155605	0.9976433773082315	0.9800327525177962	0.9956380149499345	0.9978174726817726	0.8631374716647522	0.9707409843360387	0.9738942550624163	0.9978186266991844	0.9807295439279655	0.9740644390924816	0.967252365292087	0.853392407766767	0.9612245384033035	0.8453321792738202	0.9818279835022852	0.9732909172179416	0.9745416440748326	0.8383375184463143	0.9567562480679257	0.8793300721574009	0.9684261370321444	0.9975795764540591	0.9808481269031949	0.8626820598756126	0.9709699875021642	0.974912482079913	0.9904936592136772	0.9722406749119903	0.970905156832	0.985177171337119	0.8535046938909668	0.9711282709264809	0.9708551856445727	0.9681715249890459	0.9660101932150914	0.9802783067313559	0.9718072790006366	0.19460258114771642	0.9517522060974344	0.9738360725817072	0.9802741682619772	0.970940065618073
scaffolds130651	0.9788884208640027	0.9949935703348284	1.0	0.9727120503713653	0.9727299178921435	0.9669654188392569	0.9972935999434196	0.9814756788790568	0.9828327287192865	0.9919027424234057	0.9916939454351871	0.9788714480631647	0.9447566287573109	0.9687045579904362	0.9728027664441359	0.9703492954589314	0.8446015430503987	0.9721801075509507	0.9836492544487909	0.9458133094371334	0.9693577498472837	0.9673269333646698	0.9961399638612874	0.9788032268795286	0.9689211210773655	0.9717640937587437	0.9807474844594066	0.9970620341105642	0.9733639446160146	0.9688642197709219	0.97268485275524	0.9966471856395119	0.9967105519181203	0.8531466785080123	0.9974173166186555	0.9784086805341659	0.8631379414124197	0.8358760964190172	0.972721538714858	0.997236719497646	0.9536526652755153	0.9721084704823078	0.9962093874404445	0.9824273705754034	0.9727948356451736	0.9722882017507997	0.9967253812601704	0.9972578172777791	0.9788463309717836	0.9915896887816765	0.997349796322653	0.970097944140371	0.9802042854864992	0.9696204647877439	0.9716017740626718	0.9955908256305198	0.9780980527373945	0.9705482538126091	0.978941357181391	0.9831645636009263	0.9732871776025364	0.9625693741202801	0.9966608569413705	0.9701721102105644	0.9959203557626622	0.9911629564738702	0.1933901810460225	0.9703360339812315	0.9696771323605533	0.980228112850406	0.9817031214649645	0.9723900043734144	0.9969653717549846	0.9793208413360492	0.9953113237137634	0.9971125312744895	0.8610870903327301	0.9701612572149007	0.9735542195285138	0.9968147016109525	0.9793103312723986	0.9733745104291255	0.9665473027565733	0.8530419886044364	0.9588363405296852	0.8448818974328215	0.9818939135599759	0.9726404127488585	0.9726133823537493	0.8377979203182295	0.9545598307582577	0.8765864472255211	0.9665732484017276	0.9972717159762193	0.9792270408756627	0.8608068452515698	0.9704907645017644	0.9739264594860865	0.9896306721859915	0.9692457290038262	0.9703432588813335	0.9853830914974353	0.8532863793246016	0.9690928776185627	0.9688761258834001	0.9674933151193232	0.9650146038905895	0.9792187426368795	0.9698305617484211	0.1928859246626979	0.9524871178735342	0.9729840562771748	0.9796223217929367	0.9700817953135047
scaffolds10102	0.9786011023867006	0.990402873704251	0.9910707164507512	1.0	0.992511926531371	0.9653592832678423	0.9911438768826956	0.981932137902354	0.9826725261897358	0.9891752409836883	0.9910456947067393	0.9791643302235892	0.9603014756100487	0.9868503520960253	0.9925030754163353	0.9876522094556771	0.8531815146120499	0.9919204767160372	0.9774434021170934	0.9605426322500836	0.9876132990367154	0.9833184974897292	0.9913641829572211	0.9916754613420965	0.9684950912092976	0.9721962642649974	0.9819690516725762	0.9911904863356187	0.9889260380497696	0.9687948108619513	0.9919969198412393	0.9904101950305134	0.9914656646991866	0.861628948610419	0.9915223958424312	0.9795187435645779	0.8651500584206495	0.8477905486799172	0.9923360954112824	0.9912845752235883	0.9680928107262832	0.9907737615708425	0.9913038443102132	0.9829781233481248	0.9924512681660679	0.9917971179365098	0.9907913478140788	0.9913792528013036	0.979230631930627	0.9905777632022799	0.9913355314780181	0.9871017737330968	0.9796887817783053	0.9871746469517684	0.9900005919969571	0.9911437191217407	0.9772294361027639	0.9878263037583523	0.991448533224807	0.982744919754477	0.9919723176152205	0.9795104489929403	0.9908827769289729	0.9867401275068772	0.990541035980905	0.9896926552452289	0.19436963729287424	0.9870109184995779	0.9739745804560718	0.9801246165080133	0.9819423257678389	0.9891424960225662	0.9905861725007592	0.9915009318527909	0.989810424512799	0.9910726457717967	0.8635515565313039	0.9878326861535202	0.9743127479893817	0.9906398184981213	0.9788931783407822	0.9923447596937877	0.9801823152026526	0.8611526835771949	0.9591121274072595	0.8534230445026401	0.980874895953004	0.9908385104696383	0.9923741614409737	0.8513427562313973	0.9690741903684512	0.8784940810591744	0.9675928207321746	0.9909373281911523	0.9789768096555845	0.8636559406968254	0.9876930682963928	0.973468876579387	0.9903516981465474	0.9693736187758786	0.9875942872663329	0.9844725714914844	0.8613941035239484	0.9870523492362713	0.9856006993350744	0.9674567710217414	0.9805383648942915	0.9917583956869662	0.987841909348776	0.1941908017268213	0.9506424425610086	0.9919492402608505	0.9917261315921659	0.987242586506446
scaffolds101A	0.9826913896948933	0.9947204681306531	0.994787027864537	0.9961833878745965	1.0	0.9698401544808093	0.995092394378985	0.987061555022805	0.9875212541351365	0.9937966640517566	0.9960091919140952	0.9841459738390694	0.9654426199764005	0.9917796891576609	0.9972436502645249	0.9921324999550184	0.8585018021863408	0.9971520276575991	0.9809881953700241	0.9653774890361735	0.9934138451089322	0.988403459866747	0.9957791294334121	0.9960420106334418	0.9735539193189543	0.9763202517122865	0.9865488212813328	0.9948589852662105	0.9933235225008846	0.9736132353642758	0.996719698747786	0.9943954083460513	0.9958065964117614	0.866843484775177	0.9953288998941274	0.9842746250905283	0.8701877725845528	0.8538843790370467	0.9971447465844936	0.9951178581605121	0.9733664728784568	0.995504956911065	0.9958182470500025	0.9870116712213904	0.997313603714946	0.9970101253820075	0.9947309662417484	0.995192247652406	0.9844886760334125	0.9957665008230139	0.9950105323785203	0.9921643224334127	0.9842206769653655	0.9915734014779148	0.9941883125923568	0.9957121444012922	0.9816313484325474	0.9924403110648985	0.9952793982398881	0.9866703314436663	0.9964803231951249	0.9840712671968836	0.9947283709051683	0.9915408963869472	0.9953063873554457	0.9939951645653878	0.19360544272088537	0.9917770252521166	0.9777128254197384	0.9840861423151388	0.9869225403341824	0.9930358339570465	0.9942865559366176	0.9952933651887537	0.9935889372259403	0.9948996768801066	0.869461216033123	0.9920815408126622	0.978279167439304	0.994515659894702	0.9839738741015868	0.9966476587320914	0.9852997573568637	0.8662162336355226	0.9644472548216003	0.8588424447822005	0.9853983893062029	0.995166785696549	0.9970024553211809	0.8566555385096566	0.974606204513834	0.884270854921854	0.9740013856292694	0.9945476725469059	0.9840693555670351	0.8696114963813959	0.9924560372268095	0.9778234468805963	0.9946383272973516	0.9747274780150059	0.9923658820203543	0.9887636065740056	0.8664211034351078	0.9928249416095458	0.9907033507991024	0.9725664265931079	0.9856781255844954	0.9956871474110809	0.9931931528890817	0.1925716865593921	0.9559531861769367	0.9959120903581354	0.9956912124086703	0.9920082109028622
scaffoldsAR01802	0.9761182604291003	0.960637561595317	0.9628832247426194	0.9442740604936277	0.9443088125392013	1.0	0.9627463546103289	0.9623280278265457	0.9623006001783786	0.9644473423311654	0.961918204786508	0.9584010663194265	0.9255540970694951	0.9618096475489633	0.9444795947800994	0.9463280620087591	0.8297012645864287	0.9438015500205069	0.9631631154189407	0.9227807974082908	0.9455034543482965	0.9450916507195586	0.9620051407203447	0.944138741778123	0.9497884190149507	0.9556259991546691	0.9613326114162173	0.9623934556580875	0.9477758198501485	0.9636820617685457	0.9444572527356507	0.9623998121524252	0.9621803465322318	0.8404500856161	0.9628369082628043	0.9636595979953446	0.86671180064748	0.8382228076630144	0.9442612954016937	0.9626978445613354	0.9489758170272786	0.9431006576557445	0.9619428987691373	0.9642323796630135	0.9444237229893383	0.9442418206287619	0.962516858800561	0.9627283124210072	0.9623852198616507	0.9778427034076289	0.9627140418027343	0.9459416134702906	0.9598808350628436	0.9453061871636375	0.944468394047921	0.9616576451538762	0.9763101394209902	0.9465097982733357	0.9445262848378613	0.9631071643958817	0.9449616909381003	0.94644795458749	0.9627799960665621	0.9461556664289276	0.9614607126507384	0.9644391063251622	0.18684391957808066	0.9464582017574782	0.9668475543569551	0.9601040366275705	0.977630310643965	0.9469614175061445	0.9623203875004358	0.9446882270957397	0.9614531394951138	0.9622925661479614	0.8527160988116759	0.9461069969502152	0.9545951613986213	0.9619829954102538	0.9586518861445035	0.9449736715493842	0.9446993304226646	0.8391785020811053	0.9393443020362808	0.8299651021750769	0.9624512777326159	0.9445807722567792	0.9443496133832848	0.824417284949135	0.9351881562523096	0.8555451454931633	0.9776282846368218	0.9626889554299055	0.9582432837392326	0.852487118478263	0.9463645754633742	0.9691137364999268	0.962280255592037	0.9508045571183078	0.9461934463617752	0.9811082480353437	0.8402742916836934	0.9450617864338363	0.9431863677222514	0.9500208971643113	0.9461672501128615	0.9450300755255614	0.945736814573525	0.189579738410604	0.9470232531071089	0.9447798856745775	0.944966123323589	0.9457769400569805
scaffolds13216	0.9791425427418039	0.9960701462387319	0.9976644126818733	0.9734902518464055	0.9734721520743619	0.9676934666358455	1.0	0.9823784521319577	0.9837355289267623	0.9919811251329156	0.9929254655332687	0.9791981403788967	0.9441376387744824	0.9694549162709895	0.9736264733688454	0.9713054789127397	0.8451874933221706	0.9729846101674854	0.9843537076764637	0.9463059184353445	0.9706609465639447	0.968037666688011	0.9970018098126263	0.9796953902663308	0.9689812393983727	0.9728848566964406	0.981388887513221	0.9977431823753146	0.974398703357181	0.9697759894765133	0.9734953401417503	0.9970880276134413	0.9973680782808227	0.8540015092820632	0.9980077590486753	0.979611031960272	0.8624809049678149	0.8366194523034436	0.9735228533630332	0.9979055417609368	0.9536774337882767	0.9729277558488914	0.9971043783363047	0.9834185546101009	0.9735991281914764	0.9731589021620631	0.9977452179022543	0.9979930615368191	0.9796595421977176	0.9926463179385238	0.9978920426641409	0.9714315254868924	0.9802956907868938	0.9706966874800655	0.972637750865391	0.9968088599855215	0.9790032037726893	0.9715523270922596	0.9801042478481979	0.9840265315160609	0.9742972693982096	0.9632329635635395	0.9971216823799967	0.9708852483016681	0.9966536510716077	0.9921523849755937	0.1910438638003659	0.970971068084768	0.9699699747262849	0.9809490800710665	0.9823503830158502	0.9733704927159802	0.9975719388656518	0.9802776249202007	0.99563429265579	0.9979889689554134	0.862539734103452	0.9711849071298836	0.9746980352089506	0.9976393109757636	0.9794409577035343	0.9742515602426777	0.9676896394803571	0.8540611688326645	0.9590597213683171	0.845444243664151	0.9826789124372779	0.9737006575205787	0.9735226601836973	0.8382869943208717	0.954111727993049	0.8790549103042808	0.9667572258150734	0.9975936312160766	0.9795942232932415	0.8624448766681521	0.9713630658445797	0.9744452777159908	0.9907374699288557	0.9698840963625783	0.971484051618295	0.9863377762664131	0.8540678204554476	0.9702177005534401	0.969720767935041	0.9674212441285727	0.9657476086294392	0.9804212609539443	0.9707440567629129	0.19136218845727748	0.9515645531326233	0.9735547248657367	0.9804367027096335	0.971401014703412
scaffoldsTV28	0.9886151838836964	0.9814505254848808	0.9816759824658555	0.9637930399306432	0.9649356802886455	0.9676367663513769	0.98166528670671	1.0	0.995664247459089	0.9840187346269637	0.9823701920418518	0.9793202258562161	0.946407872370233	0.9656125632865439	0.9649855127481606	0.9651015166475146	0.8446987734866435	0.964519976508751	0.968336451365313	0.9440738952083153	0.9658300098383237	0.9763623178107167	0.9819933108125034	0.9648752741095828	0.9683388251619433	0.9836828467027813	0.9873234167003176	0.9811678102286627	0.9656834503304322	0.9785348247487949	0.9649618585369816	0.9819650300916555	0.9823050193215989	0.8500334376193353	0.9818176368190419	0.991662636606218	0.8692662206631	0.839287033258734	0.9649193053405869	0.9815378450594716	0.9530920902399816	0.9632236727875064	0.982271223829623	0.9914231768789903	0.9649981979782364	0.9647860838783611	0.9812315305822352	0.9816714966794374	0.9931810499249146	0.9819200492838326	0.9815117870087825	0.9652252571220787	0.9792714022124746	0.9648591787179793	0.9633104558945491	0.9822082208546331	0.9902885741619886	0.9652585085561082	0.9639623631796508	0.9943491983002855	0.9641122774182767	0.9621644998548191	0.9813983353568851	0.9648884437471699	0.9823471044618464	0.984230725907077	0.18632538153563905	0.9648358664399168	0.9736937870702606	0.975987914242173	0.995351259253767	0.9668613913601594	0.981454797284693	0.9637653152122626	0.9804968320708656	0.9816362697845684	0.8586083508052851	0.9648870138628582	0.9836019609254552	0.9814820768071347	0.979951999517349	0.9641228075243505	0.9672604404818668	0.8492651417050217	0.9594365946540133	0.8450550666149189	0.9937116379465112	0.9639365880373247	0.9649767215295301	0.8379452800729162	0.9545432469110183	0.8720260543615522	0.9663545045299744	0.9816779535800866	0.9797595224594106	0.8585651155114593	0.9650561748853961	0.9774069533810519	0.9888776525443338	0.970394623091916	0.9654920041728214	0.9948357521822053	0.8500155793906211	0.965773082285556	0.9642529516352722	0.9675190065666052	0.9662231236317685	0.9641225519310308	0.9659038982519065	0.19115961306832577	0.9520455004205162	0.9638678237678014	0.9640479510050141	0.965330416437274
scaffoldsTV2	0.9898558002497769	0.9847409403194808	0.9845603433306094	0.966452435706158	0.9675147981134563	0.9690596115502006	0.9849349250528406	0.9973410455190739	1.0	0.985218692706417	0.985442513940838	0.98134182290516	0.9475822127453902	0.966772423452953	0.967566269534335	0.9670485006934068	0.8468999106533821	0.9674170539469411	0.971318309621859	0.9458762069095681	0.9679505178296118	0.9776685251909579	0.9853748084985244	0.9678910248994518	0.9688559907103642	0.9850069754109839	0.9883739270617682	0.984608041527811	0.967974672278175	0.9798898971695448	0.9671416405735688	0.9840915314149002	0.9855625075085641	0.8515918021225938	0.984933413505023	0.9932186640856788	0.8697547433275264	0.8407159960881765	0.9675771294971722	0.9849344192326676	0.954614839332759	0.9661678298211183	0.9854950758467106	0.9922252928362821	0.9675483168150014	0.967314324688759	0.9843587622673895	0.9847834198019353	0.9943501081925127	0.985196172235734	0.984844164890376	0.9672120985320745	0.9808268572634069	0.9667826838704631	0.9660504902913165	0.9852713317236917	0.9928930604371291	0.9673430756418873	0.9670247260043677	0.996870424369667	0.9667753471652661	0.9642345965859326	0.9843348186201584	0.9669869068716948	0.9851064931125761	0.9862106404852249	0.18604097194254832	0.9670433644999923	0.9753409832912426	0.9780756204134364	0.9967945307055536	0.9688070991418152	0.9847375613178684	0.9671038454245342	0.9824144000045626	0.9849707824468401	0.8614695523833293	0.9669060744170023	0.9841899301164035	0.9849026688002316	0.9815219829111278	0.9667440631859904	0.9687284072132362	0.8508983529226445	0.9607241233472102	0.8473395191500471	0.996032381704137	0.9666940998657825	0.9674906530084564	0.839564940924651	0.9561327342123371	0.8730253500194829	0.9677350980970587	0.9845820812182077	0.9812349975320438	0.8611794908116118	0.9671416778100705	0.9797095984656938	0.9905255242315917	0.9719228334502953	0.9673733516156462	0.9969472042216448	0.8516753035983368	0.967870230456688	0.9661215183166012	0.9685615695490607	0.9681292195203239	0.967074437133531	0.9680949827811651	0.19246107385721148	0.9515229586128182	0.9667139260523377	0.9670166316536102	0.9672891696742009
scaffolds5A20	0.9755873170475785	0.9833766582267606	0.9856502850757493	0.9656314149959793	0.9658927026354546	0.9627201890544008	0.9856317044647599	0.9773932407455209	0.9777197995938333	1.0	0.9842235187473524	0.9761769844239786	0.9405070195223784	0.9660481281701957	0.9660442340929385	0.9670008845362559	0.8377258904237699	0.9653359316524665	0.9720590844159488	0.9483957195688429	0.9664887165215617	0.9629422738568703	0.9846011828179865	0.9674580532530973	0.9653612538053603	0.9678608788992996	0.9765276936952779	0.9852588417685018	0.9695110868789583	0.9715059476780676	0.966308560213085	0.9853362003116561	0.98502713573427	0.8533619760645	0.9856235569946943	0.974351536222936	0.8566896436742573	0.8279916602168753	0.965880844459092	0.985534562641754	0.9489417831325475	0.9652280139391881	0.9846023842633964	0.9783794574432376	0.9659995689526685	0.9658864995617062	0.9851579017594323	0.9856616980046875	0.9741712009449679	0.983940851103882	0.9855131557209966	0.9668966291946238	0.9778222260025548	0.9663005355564462	0.964959270987376	0.9844073496141553	0.9738131439103692	0.9672906759595546	0.9679213814765018	0.978186678300418	0.9665684215073086	0.9585845067524039	0.9848238382895924	0.9666233856612033	0.984351548422508	0.9964238357516394	0.18885963619374166	0.9668530723868745	0.9652791693903122	0.9757522416131981	0.9763796635869518	0.9678761450468508	0.9852138697311036	0.9677895072185881	0.9850890384239135	0.9853245221665973	0.8546827849234777	0.9669400202372641	0.9695701982480978	0.9849702540019233	0.976105158796877	0.9666162773191057	0.9625395740567959	0.8524602481769084	0.9548430710464145	0.8379663202017615	0.9768429269955752	0.9660519855927647	0.9659296284268722	0.8308400287011211	0.9499098782125277	0.8726042802169284	0.9629357539761613	0.9856175323581083	0.9763141083030333	0.854814227305555	0.9671634597144978	0.9679800440650507	0.9829329300609325	0.9655730595937562	0.9670676288116626	0.981086295638117	0.8531575097705587	0.9659144438961046	0.9647697600857641	0.963672657908953	0.9699567724250312	0.9682703921746417	0.9665262566263881	0.19216347268808823	0.9483212783047368	0.9663466953893484	0.9683511212742882	0.9667368320921547
scaffolds131098	0.9837122059673231	0.9972055968936228	0.9975914394849238	0.9773410304181835	0.9788754739361532	0.9718978991622944	0.9979325754449215	0.9880100773887724	0.9890332649273407	0.9965235691297943	1.0	0.9851178644414039	0.9504364077984576	0.975005820492352	0.9788985837985267	0.974989668887739	0.8499376821116023	0.9784139956581451	0.9843726014886863	0.9503730601657294	0.9759905415738924	0.9734349825030093	0.998686528876655	0.9807399368656796	0.9738803229698013	0.9770255268200655	0.9868871768526094	0.997518437696967	0.9782787040868767	0.9754052011868989	0.9787442494063227	0.9970770910436678	0.9986749353891767	0.8590475694472306	0.9980279847120166	0.9858557303761497	0.867350053343851	0.8411483039054928	0.978862409662785	0.9980212038410267	0.9581568330177375	0.9782201103573036	0.9988034759935325	0.9879250318588035	0.9789968876544793	0.9783935664042325	0.9977811054670445	0.997948020287021	0.9854421257540923	0.9984209745784617	0.9978747746390123	0.975218749203174	0.9846832788550441	0.9746060233582793	0.9764553227624927	0.9984444005126056	0.9834081988075314	0.9754410180955292	0.9797258967286148	0.9886100573540516	0.9781857404270874	0.9668778471525779	0.9973500643722321	0.974700476611344	0.9983604454230149	0.9966285501349791	0.19130879836726272	0.9750148130965689	0.9737357332412125	0.985339670921281	0.9880199040712476	0.9771998331640315	0.9974628326930284	0.9800422064186062	0.9960118296881684	0.9978864402200008	0.8662306438721222	0.9750509776899402	0.9790960668719344	0.9975235388175308	0.9854736340062161	0.978229024560242	0.9710620350549792	0.8585839441634759	0.9652162222755047	0.8502943227357612	0.9865513012803173	0.9774432392671769	0.9788473273033339	0.8432322781761517	0.9601262057157707	0.8825507701254071	0.9725967097377146	0.9974941995277733	0.9855249825270799	0.8661906546072587	0.9754053604892203	0.9789624659604775	0.9946960934393457	0.9758731251020019	0.9754098621166443	0.990577299402383	0.8589944722769164	0.9754288568178239	0.9749808679709296	0.9727851679342201	0.9695735769809554	0.9801047524806279	0.9760419129489111	0.19184282316222268	0.9565001828835299	0.9777482396897305	0.9801847964693843	0.9750470043152919
scaffolds12801	0.9788721813380894	0.9814012570946901	0.9816693269526784	0.9631008097869515	0.964413559248616	0.9650182021825149	0.9819917213080054	0.9811273949122393	0.9818560865505573	0.9828505327223467	0.9822707496411989	1.0	0.9550190874287438	0.9642975849792845	0.9645309721311683	0.9638130315788551	0.8371797727053455	0.9642091732565172	0.9685162831880871	0.9431610083831784	0.9648483152880653	0.9652405003033633	0.9822476788212119	0.963961354793822	0.9815547652344957	0.9702956247835687	0.9796642887349721	0.98167045862205	0.965055316958919	0.9688240971147156	0.9641770800267561	0.980600509186863	0.9828147038811558	0.8518236249625503	0.981926482551988	0.9788964136418287	0.8605009389478399	0.8293935487319634	0.9640503880041482	0.9814740129538505	0.9653183562603136	0.9630318418879195	0.9822838759093387	0.9818522923159666	0.9645541928558057	0.9636490173092417	0.9814476627380536	0.9816716911403446	0.9789286544196055	0.982005462863454	0.9819992524577936	0.9638048074963195	0.9967164062426358	0.9635122688253804	0.9626474135296176	0.9823897220532365	0.9787059746340877	0.9641838074743165	0.9629879163001066	0.9814143275696177	0.9636614970539079	0.9589561601237292	0.9812310607445581	0.9634457182665132	0.9816129957952036	0.9834870680399951	0.1851458539138067	0.9637607338121884	0.9646467650323665	0.9791957373644352	0.9815242138248791	0.9656468167387058	0.9816043582254967	0.9632018905203589	0.9796918475136209	0.9817032987440647	0.863550326180862	0.9638288767548077	0.9716679302037657	0.9817000787369238	0.9964628531744847	0.9637209215534429	0.9666040862029057	0.8508524750980302	0.9730195119443431	0.8374610924859522	0.9793549073694581	0.9631556706412427	0.9644216108182535	0.8304236118258259	0.9673852574296283	0.8767809139410312	0.9801366780569636	0.981310295523412	0.9958936028098949	0.8632629393653816	0.964045011123255	0.971142654802139	0.9807855741401432	0.9831860140770183	0.9639321038914572	0.9824821191435217	0.8516059321627947	0.963957462093851	0.9695025707267311	0.9809835565786124	0.9606242420331079	0.9634647183396975	0.9644080052515442	0.1918052211721047	0.96364821487138	0.963375133571399	0.9634643563355861	0.9636017539593216
scaffoldsAR991107	0.9658158058874279	0.9678315102581794	0.9683813914538218	0.9661582187053177	0.9673026276429707	0.9550319818325921	0.9681186301256002	0.9697754455510869	0.9693761544312113	0.9703296857310795	0.9689138821587716	0.9766839099120296	1.0	0.9681795737468909	0.9673150207165486	0.9676668609683474	0.8549369033558255	0.9671452742618122	0.9556273344905017	0.9760672579457508	0.9684821467893625	0.9700674519726684	0.9689827887155499	0.967154774269404	0.989865239528793	0.9696980522748083	0.9682027253488199	0.9678167535575235	0.9668617344494175	0.956699803968905	0.9672726622103939	0.9681134609057955	0.9689377928968013	0.8807446042292725	0.9682687569111833	0.9692771996170234	0.8631637916521686	0.8523831136753572	0.9673232453338344	0.9682560951775641	0.9922013327209029	0.9663250948223366	0.969005231621641	0.9693020287839506	0.9676358713768032	0.9668304740985596	0.9680541455082198	0.9681592739494946	0.9669301248256673	0.9685729679068781	0.968216457233203	0.967722643471679	0.9778690781473469	0.9675735180791983	0.9655098563254595	0.9689098218736768	0.9643313705348037	0.9679413310283372	0.9656994335778052	0.9685940453552135	0.9664505578946483	0.9655609213692953	0.9681099796539683	0.9674409588655661	0.9687840952557255	0.9708425408277354	0.19175394853666947	0.9676286907063154	0.9655218716016943	0.9690869910574299	0.9699409411719211	0.9693237052431788	0.9682544034088968	0.9662165477839182	0.9669735073216795	0.9682520237003293	0.8713393458018452	0.9676198081885591	0.9692563010185244	0.9683437754403921	0.9776362080339815	0.9664015087920541	0.9780629230067208	0.8798773223289047	0.9772589467824252	0.8552718406984877	0.968232521832458	0.965412866021219	0.9673765872857969	0.8524914121966765	0.9928471085958672	0.8802797755429986	0.9885738832228387	0.9683110619597283	0.9785947239571988	0.8715903868330602	0.9677869094668922	0.9594692375130074	0.9685946149024196	0.9931050800915442	0.9679976983246348	0.9766579892849193	0.8808260252744209	0.968329724050874	0.9697423947007972	0.9878734015123118	0.9752175543398035	0.9661485514889598	0.9686649801640848	0.19645581131405704	0.9734205058246281	0.9663464859314573	0.9660541133883105	0.9676555638267984
scaffolds5D62	0.9879130080268216	0.9766340357837752	0.9776813469288376	0.9770667315453365	0.9776649385818971	0.9734474359028422	0.9769373828019802	0.973131401118559	0.9734151039188366	0.9797302712033985	0.9765811869752795	0.9707006963297448	0.9508271041488178	1.0	0.9772666475430604	0.9806000208817434	0.8432052958685792	0.9770705386149032	0.9639879877942593	0.9490768770210987	0.9804950659429558	0.9741969997132149	0.9771918153415485	0.9776417017331257	0.9581575482409057	0.9632032294549613	0.9727051118608331	0.9772392658750114	0.9791314552632393	0.9604493341813494	0.977126898661899	0.9775412604634417	0.9772744426417407	0.8528727470841501	0.9776162656062928	0.9711590377542307	0.8544554921557526	0.8403561210530645	0.9774917456837984	0.9775419234307343	0.9579112562689256	0.9764635189756643	0.9774599077775875	0.9740762372552786	0.9772031604928277	0.9767875402766624	0.9770871817444172	0.9768816405975248	0.9704039887997361	0.9933358256437161	0.9775510030025908	0.9797569163119233	0.9697394563480877	0.980156102658513	0.9770510083915571	0.9776134347707253	0.9861486509645937	0.9804647084999148	0.9774662470079256	0.9735962371144682	0.9768557209421057	0.9706019182062615	0.9773235393417005	0.9797725167330772	0.9771984097180892	0.9795363333192022	0.1959181236248656	0.9798733454737333	0.9802993514979149	0.9704370625049831	0.9735410014543024	0.977777722741969	0.9775048359949315	0.9771439726593248	0.9764170031749158	0.9772331859898888	0.8560785397975167	0.9804094814987461	0.9651718225138999	0.977235592310245	0.9688978562097391	0.9769146396469266	0.9702380110737675	0.8521662304603962	0.950449485622779	0.8434316862616086	0.9725532852167704	0.976818668596223	0.977017697222548	0.8416000737963372	0.9599581257819954	0.8717911894645137	0.9760118918707437	0.9773484343363547	0.9690353376510465	0.8556230953347548	0.9802820559382515	0.9648043854822841	0.9760887106048927	0.960333891643476	0.980215319659066	0.9906046448740076	0.8529863055400182	0.9803377746795575	0.9757393614639167	0.9580099795342827	0.9711231751835082	0.9777789026406021	0.9810681927403555	0.19531367777563258	0.9406120855674279	0.9768024548484565	0.9778576268786552	0.9798739639291085
scaffolds10109	0.9832249522186212	0.9960311574057087	0.9960864499727016	0.9971027240779234	0.9981991895047134	0.9704364196687901	0.9961666494826861	0.9876637279784439	0.9882750503792334	0.9949292989374663	0.9969225088602572	0.9850440736543612	0.9659100080855181	0.9919955593236741	1.0	0.9924724615516325	0.8567058599629818	0.9973711302643503	0.9822067246151321	0.9657644474336884	0.9934015031968964	0.9893401535752521	0.9966507448686469	0.9972736450992415	0.9735797669984089	0.9766861202953943	0.9866555795336988	0.9960590695230199	0.9941476029918653	0.97377144725102	0.997803051318099	0.9953418316655531	0.9971741453180393	0.8646296577529161	0.9963888117873639	0.9846030055020402	0.8706445243771123	0.8536480708273663	0.998045690044591	0.9961811954898796	0.9734156138553477	0.9964617647281051	0.9969211028141814	0.9873630542047742	0.998184732755219	0.9979224288183758	0.9957665346402022	0.9962840734472908	0.9850185744817319	0.9963882384245191	0.9963038484401531	0.9923991489313542	0.9849531613140937	0.9919757841358706	0.994765724926986	0.9966940307979378	0.9823376085404131	0.9929512291759433	0.996309990910264	0.9873094548545067	0.9971483226679912	0.9846775117071751	0.9957416436373719	0.9918376764416207	0.9962170950217282	0.9947154417800806	0.194371067036247	0.992167908702514	0.978608885621973	0.9844922500657471	0.987477170754983	0.994330088900699	0.9955750541672265	0.996058550390823	0.9948392534645903	0.9960672156926185	0.8689196159614874	0.9925694931149729	0.9787814784282964	0.99558509241547	0.9849579691566321	0.9974262800020448	0.9858041910063987	0.8640188613292022	0.9647816130094968	0.8569965787276922	0.9858533205708186	0.9956005397427918	0.997999052298514	0.8545858602708932	0.9752206992398806	0.8839391476506414	0.9742285044803579	0.9958190666162113	0.9848379179343909	0.8686119546849788	0.9927941196065613	0.9779511512716428	0.9953738258543127	0.9757521837221567	0.9928173034713502	0.9892041155353797	0.8643515856182653	0.9928411942411021	0.9916105979209677	0.9730929731383487	0.9863393004074632	0.9966634732655757	0.9935831389743202	0.1943141382392389	0.9559479034835572	0.9972314085184061	0.9967241825409464	0.9924273079630638
scaffolds5A1	0.9862797356168067	0.9916424879941427	0.9929804402059971	0.9931294892073369	0.9929902516798386	0.9732398861326926	0.9936370349611479	0.9891163806901159	0.9890007226931194	0.9956988462248266	0.9930583390869164	0.986528323525016	0.9656732770775678	0.995722298048069	0.9936925729358261	1.0	0.8569880222346468	0.9925719495201398	0.9792078414922958	0.9645600495420507	0.9964574603794515	0.9894578734904622	0.9926424922284123	0.9933320409084196	0.9750431339802608	0.9799269093344457	0.9885221735159786	0.9927158791338835	0.9948124748096339	0.9760138848433351	0.9929266477307388	0.9926108575609367	0.9935191999948022	0.8667819466190643	0.99314078046199	0.9867741718395687	0.8682203720325211	0.8536456310574158	0.9929956776566105	0.9931575212544176	0.9747032430180202	0.9928393960162972	0.9927748423766094	0.9902628107686203	0.9936098076241182	0.9932726230330285	0.9930300563875791	0.99342614016563	0.9865357003881361	0.9922091700742433	0.9930946866462703	0.9975835413312433	0.9863225918370503	0.9973260225988958	0.9934905182886526	0.9920635166644372	0.985051652559891	0.9977743443667404	0.99333795751842	0.989438788458448	0.9937402838789124	0.9862143356343867	0.9924845033680216	0.9969218103650329	0.9922879429529293	0.9966401623929425	0.19996301232706332	0.99682799161224	0.9792551810806829	0.986095454751615	0.9886694027053349	0.994331480012145	0.9926580497366817	0.9933541950964431	0.9911078656206029	0.9930152073992279	0.869473384504504	0.9978076653804453	0.9809994173237772	0.9927809096938467	0.9854906982464502	0.9936279167064846	0.9862914250127284	0.8661027801058439	0.9651415264413209	0.8572385743508264	0.9882758769256623	0.9926651767181439	0.9935923825378132	0.8561821736643191	0.9752061426520153	0.8844092567940489	0.9736188603005096	0.9927093739023979	0.9858294743134548	0.8691683651902041	0.9975768740636384	0.9801647773406754	0.9929012271962829	0.9755560961220408	0.997747329247072	0.990329031650256	0.8669246758775521	0.9963986993578537	0.9909784703149944	0.9739195523411233	0.9868726775677588	0.9931659648156967	0.9969898206332768	0.19852043295321747	0.9568000048597406	0.9936423133832964	0.9934223768374518	0.9977176062196149
scaffoldsTV147	0.8477684654064955	0.8485445663356183	0.8489814083426169	0.8413555781071517	0.841631821385864	0.8392595167392145	0.8489601516207652	0.8486367015419882	0.8489049807880066	0.8484952000590595	0.8488208384241241	0.8440259192608554	0.8368959183431093	0.8410111295757232	0.8413925747835055	0.8411594406163292	1.0	0.8416363055680145	0.846654274055558	0.8367433306129856	0.8413870732486011	0.8441587169681461	0.8493708028893022	0.8422090756136662	0.843455059176022	0.846178907781612	0.8436990512635635	0.8485700593960438	0.8422500812252058	0.8458832813743233	0.8413694937273254	0.8489229739737807	0.8489241942256642	0.9026008793222645	0.8493299783128981	0.8479523025454957	0.8634450120239854	0.8404897660533629	0.8413033995553345	0.8492998568142576	0.8378212833199685	0.8411734137885366	0.8493161805401105	0.8476834750190023	0.8417467166747631	0.8412341971394468	0.848556725159216	0.8492699789639843	0.8507902609974034	0.8485973057427411	0.8489386899119864	0.8410873327779754	0.8448705106049523	0.8410160298279077	0.8413648426222776	0.8492286253626128	0.8483707243165305	0.8410746745949712	0.8425615268975751	0.8485187293266182	0.8416412455826517	0.8342638175017405	0.8492998175056922	0.841793126058202	0.84928317985155	0.8493301013961337	0.19391024792444903	0.8414355205692304	0.8462112337813905	0.8447570171836172	0.8508786606077897	0.8409658825944647	0.8488151522931145	0.8425584645465989	0.8487929509294111	0.8489553667798688	0.8563357824076481	0.8410964525171094	0.8454291905946626	0.8488222789083272	0.8448523765517953	0.8417099665707236	0.8418693525914258	0.9016819841970994	0.8425789080512748	0.997726175111502	0.8510318802245517	0.8419955959682641	0.8412810691467633	0.9679233516097026	0.837232060206984	0.8688772326456633	0.8412117998658303	0.8487874341650625	0.8450880722665971	0.8563181121769848	0.8413869748159561	0.8359600639683663	0.8536035481517624	0.8431910441137056	0.84113035837884	0.8498545953573823	0.9018694379119319	0.841029470966123	0.8405720424211441	0.8424415289105813	0.8418228364961637	0.8425452562171396	0.8410899490341309	0.19385878702683843	0.8394764056841494	0.8413291239466377	0.8425508168064748	0.841468937328668
scaffolds106A	0.9842241840499218	0.9954383719557968	0.9955451410341128	0.9964589120357927	0.9981037723075401	0.9704307158687377	0.995831821157578	0.988214049327718	0.9887398358160898	0.9941875783719358	0.9969020118984702	0.9850204386537617	0.9661697686692019	0.9924427216719403	0.9976534389675943	0.992889056130868	0.8582048891497046	1.0	0.9818320513109663	0.965684994175577	0.9942812914469366	0.9891588269756093	0.9967259968557067	0.996915957747837	0.97378154306592	0.976948513289035	0.9874334311640414	0.9954830994987027	0.9939304847522006	0.9746010422588315	0.9971940409630714	0.9955086624199824	0.996563519486295	0.8652853308636718	0.9959942952756062	0.9852355590291972	0.8688660989670349	0.8523663298026087	0.997615280526315	0.9959558774284751	0.9733376033843372	0.9961092336634302	0.9967091559752818	0.9880395709285476	0.9976570121326538	0.9973890809641425	0.9958732984643032	0.9958244438398042	0.9856380149437266	0.9966687798072378	0.9959352191240892	0.9929605513061558	0.9853194182721818	0.9922502461425213	0.9951174791393045	0.996328031513864	0.9832246741486521	0.9931818820868471	0.9962517203901678	0.987824519632033	0.9969762989400386	0.9845967574895603	0.9953672707670751	0.9924782385508341	0.9961974955103795	0.9948010131617459	0.19228427190220582	0.9924991533304127	0.9784589651309842	0.9847342380370107	0.987833885447631	0.9937121642864166	0.9953597274524947	0.9962393893122704	0.9946152450764624	0.9957361891795645	0.8689504792562824	0.992808706083072	0.9794991094082212	0.9953969416362937	0.9852813353478173	0.9969484634782686	0.9858091749124873	0.8646608864297463	0.9652341740307195	0.8586002916210388	0.9868241950340118	0.9960811807687106	0.9975478861521787	0.8560359662566407	0.9744747274760625	0.8841728884602871	0.9739840544174605	0.9954757043345888	0.9855426170087065	0.8690499538579629	0.9931631608818736	0.9777600732100556	0.9955058306261143	0.9755363163915327	0.9930903843359639	0.9898125358479052	0.864907546675688	0.9937677363361248	0.9914325865089678	0.9725061952357776	0.9861325654037014	0.9963725595534606	0.9939511720280604	0.19404594825853524	0.9555252479894596	0.9964015903941535	0.9963536055746351	0.9929772085390666
scaffolds13108	0.9790624267905162	0.9953774041242732	0.9973374632815795	0.9723822135393176	0.972388473529544	0.9808983327194848	0.997127657972778	0.9817936766170013	0.9820093401273579	0.9915338078666698	0.9918156022588906	0.9785727171963451	0.9441536868758413	0.9686535450115495	0.9724636254891232	0.9696487834781312	0.8552156182040965	0.9718628693624821	1.0	0.9461758123828243	0.9693400128324363	0.9671582504932745	0.9963767155221086	0.9785264874392275	0.9690514049254031	0.9727338914223796	0.980587958433592	0.9968653083902155	0.9736576729742313	0.982416384352669	0.9724389394231416	0.9968756541876159	0.9964871632066596	0.8620689469048184	0.9972308137850511	0.9791420413194247	0.8748564551696181	0.8488641321893079	0.9725028622102005	0.9971388394193442	0.9532626746407074	0.9719593166903737	0.9964624521063571	0.9832308189685274	0.9726676584007931	0.9720607437206914	0.9970034148414636	0.9970542492804658	0.9813246079378838	0.9914977577304814	0.9971788490369667	0.9696167110594299	0.9803631893119293	0.9690070480580658	0.9716346170148465	0.995986879488022	0.9785432862394108	0.969991629022493	0.9787483195027343	0.982698563923624	0.9729959416227904	0.9620632581398227	0.9971844306535801	0.9696014507739321	0.9961499496453636	0.9910461124711509	0.19619820038280755	0.96984517526945	0.9729331222341845	0.9803924076834777	0.9825994032834235	0.9721689489589808	0.996489591469947	0.9790665350968775	0.9954881667625218	0.9970702915646151	0.8739378615655156	0.9696212103924337	0.9745369213620999	0.9966666832334552	0.978788593393901	0.9730051945675012	0.96608525546328	0.8620430437704621	0.9587432037652978	0.8555667668593455	0.9816002095857712	0.9723219886564899	0.9724054186097653	0.8495499976198237	0.9540369056237856	0.8834847949140887	0.9665398937451094	0.9972495471080872	0.9786881223337232	0.8738872454618011	0.9698378270922057	0.9738186208278002	0.9900840407880525	0.969860409125112	0.969874434223746	0.9851897269861787	0.8622131358836612	0.9689095898510349	0.9682482913509605	0.9684921317158215	0.9661680651777206	0.9790083323518771	0.9693213204242052	0.19283285270016093	0.9657779020260482	0.9725754088086688	0.979086031834736	0.969512704872047
scaffoldsIV12	0.9603974331431062	0.9596882659056707	0.9617172007512518	0.9589346083722629	0.9589425101758497	0.9440769756220458	0.9616845737865435	0.9613641744657229	0.9615233306829922	0.9667892562439444	0.9609407008614903	0.9594939798044083	0.9669861125860739	0.9581213836619767	0.9588077053343436	0.9592392807287105	0.8462788468793809	0.958555875429537	0.9494067620603368	1.0	0.9586717931682819	0.9630156854994784	0.9611572753175979	0.9602475054732127	0.9676215955437744	0.9615305794451237	0.95813773701521	0.9611193026524608	0.9602990073539431	0.9579614019502124	0.9585389872552984	0.9617299925885433	0.9613963925946505	0.8732280348840523	0.9620124726354168	0.9593489135602518	0.8635093050270589	0.8492834350901962	0.9585657958335487	0.962014634826648	0.9660366998545292	0.9587606845472719	0.961586234034589	0.9629356771041117	0.9591291716708469	0.9580762004762909	0.9617205853305355	0.9619072934931749	0.9590508448078034	0.960339614084572	0.9618085947713577	0.958601960004088	0.9610559832568751	0.9587122029715514	0.9579094239351208	0.9611036388264151	0.958395342441121	0.958858528828	0.9602515525301637	0.9624985267496808	0.9592791985278037	0.9542594068564839	0.9616828986940614	0.9583186992675282	0.9611091709814672	0.9715793443328296	0.187396361833212	0.9585919137491741	0.963733131504497	0.9572668205296907	0.9620668138451721	0.9616464133731693	0.9614536943348948	0.9604186500438684	0.9604993634932751	0.9617680360285699	0.8571221312723206	0.9592845760992968	0.9634767042228887	0.9614058854695865	0.9606472718184231	0.9592355789428201	0.9849629517768217	0.8722764812741898	0.9554011998907959	0.8466449526758901	0.961562978752682	0.9584266167721848	0.9588545612412575	0.8422982517954051	0.9673300342875604	0.8703110766743315	0.9676660970954767	0.9617464532388492	0.9592689983409379	0.856110909954278	0.9588214802468622	0.9504477756038391	0.9621160191947686	0.9684452206629403	0.9588776899137116	0.9711402099002465	0.8728529946993013	0.9578425316693526	0.962315897195202	0.9675063881569692	0.9803456236659704	0.9607639015051441	0.9582108360003363	0.1947722039287023	0.9513725701343301	0.9588912770213263	0.9606693755621387	0.9584845039008689
scaffolds5A7	0.9852060395542264	0.9902437453860334	0.9907160864029625	0.9914004431126996	0.9927374894940776	0.9724838989838451	0.990743393405141	0.9880014168428549	0.9878325454030615	0.9943774626647668	0.9915959551976397	0.9846282160898933	0.9655196768096377	0.9957257771405724	0.992587848153164	0.995724785433478	0.855423432642252	0.9923932304543283	0.9775534160521252	0.963810769767937	1.0	0.989290754545289	0.991206203211197	0.9916637807883969	0.9742257225272808	0.9781413381088778	0.9864992463752489	0.9903171870540537	0.9927467328174471	0.9753463917836425	0.9922781305673004	0.9905563318656057	0.9914279614150783	0.8653929588351431	0.9908799057245501	0.986388943909394	0.8697219006903947	0.853920648396909	0.9926840370442399	0.9909268405691465	0.9738158439085575	0.9921859785641427	0.9916118736750542	0.9888582592228237	0.992465784112412	0.9922097479626315	0.9907360787573375	0.9907005131828778	0.9859092506083744	0.9912506986718213	0.99075264366903	0.9960183835297169	0.9845638086837017	0.995212031811848	0.9919861931823244	0.9912270158838214	0.9843171994499244	0.9960572880726967	0.9909241742253999	0.9870637719099438	0.9919911216161295	0.985614547505248	0.9907080888496687	0.9956345604934899	0.9914308255234053	0.9955676050853227	0.1970842197330739	0.9957898529247715	0.9780962436981898	0.985552757779917	0.9882452086094184	0.9923453592646714	0.9902715498965642	0.9907044971391943	0.9892730539883059	0.9907216346243284	0.8707440041027142	0.9957053480461505	0.979000012797689	0.9904109764021678	0.985228922624063	0.9919238787541622	0.9852998674283361	0.864752551133704	0.9652919185086745	0.8557910129800349	0.9868425309981375	0.9909568365754692	0.9925859018953676	0.8537919254755989	0.9755762309604009	0.8855319532595075	0.97520210212168	0.9906330366385895	0.9845748863119715	0.8702736818608096	0.9959970455956676	0.9779049253810151	0.9914781658552825	0.9764161474961291	0.996045482877535	0.9890694278087304	0.8652967295220549	0.9963389506423258	0.9910213650837393	0.9736725690922471	0.9856539482681992	0.9910788682677701	0.9964566409452559	0.19742656323250962	0.9565941175589743	0.9914533299040087	0.9910352519078462	0.99592075504034
scaffoldsAR00128	0.98381019951749	0.9821361182540252	0.98296995176758	0.9818030346974103	0.9829859513498508	0.9649321135260815	0.9828370370347101	0.9913483287577652	0.9915390099280397	0.9848870155444547	0.9833482447910588	0.9789757098520827	0.9604074921302291	0.9825911873828095	0.9830067090295228	0.9826175427997448	0.8547330778538811	0.9824595128155261	0.9694764283858319	0.9622084249474214	0.9833874839288828	1.0	0.9833956041223308	0.9842271895998398	0.9683966175519575	0.9815894528347007	0.9812804941708174	0.9825408464676653	0.9848573813244518	0.9756056208940687	0.982930642230211	0.9822199434810314	0.9836408663129382	0.8614737127415028	0.9828850246435362	0.9884449196836081	0.8718002139488731	0.8532828800374768	0.9830151502045459	0.9827957113991913	0.9681489233768015	0.9821646902148721	0.9834517516042094	0.9878563076084242	0.983215530983753	0.9825610285075757	0.9827084816225405	0.9827886367280118	0.9883396879717098	0.9831043345031031	0.982924880738854	0.9824799655028802	0.978653195286694	0.9818982974537844	0.9807266226758716	0.983189139397988	0.9858432768591179	0.9829632577834119	0.9830896294654067	0.9901479194404564	0.9821486657880584	0.9779081111366728	0.9828305583441914	0.9824807138701097	0.983159227097225	0.985096293479262	0.19239780152828298	0.982735385023269	0.9802037595614302	0.9735193982501279	0.9913982500068153	0.9859337171949307	0.9825072113958603	0.9833087963570607	0.9811362144169177	0.9826388580867076	0.864414209378996	0.9825602147794356	0.9800929113287641	0.9822916086017077	0.97850704353806	0.9821440994331023	0.9841874637800341	0.860587380705394	0.9593808037338659	0.8553582884028565	0.9896630114751002	0.9810801770877113	0.9829157860280532	0.8535509543731445	0.970669341885032	0.8777098502672647	0.9693706041450839	0.9828401668845388	0.9787251084981415	0.8642776932065417	0.9827694631642411	0.9733074571302125	0.988075569738944	0.9703958148903387	0.9827165242945792	0.9935912020845898	0.8615411877444099	0.9826020437658897	0.9821660441522196	0.9674410803879923	0.983872642983786	0.9834631439137923	0.9832955931586221	0.19337479514570152	0.952237405290626	0.9816062817212091	0.983482390725058	0.9823647911333675
scaffolds134VP	0.9793960098413063	0.996742596298184	0.9970606043497844	0.9729908511139661	0.9742342440438451	0.9670277814777759	0.9972884615772357	0.9831077337680538	0.9843476437605894	0.991726898075659	0.993916578897038	0.9801669158452877	0.9451800368781452	0.9698921076748157	0.9741914586601519	0.9701342164400754	0.8447443635977752	0.9740950460153981	0.9839261924757663	0.9454313006353817	0.9711586848314501	0.9685043433547417	1.0	0.9802942331882897	0.9684524957728735	0.9720386674377877	0.9819228124921682	0.9970250365217616	0.9734489032474644	0.97058336356544	0.9740145172618105	0.9964921406762601	0.998060557591106	0.853663282137148	0.997497697975137	0.980887323194187	0.8626271060944531	0.8368345010834474	0.974193110821392	0.9974137012708711	0.9528212051120113	0.9733763010021605	0.9982885119765014	0.9830659854707091	0.9742234095474481	0.9736706381001253	0.9972395109093672	0.9973109463528271	0.9805231582590928	0.9936099014157863	0.9973308156816435	0.9703073532276761	0.9795097095496662	0.9696003388633231	0.9719490103172608	0.9978933403533683	0.9791507803884303	0.9704650504958843	0.9792942307660664	0.9838354286090336	0.9734188170545681	0.9622552578750553	0.9968451675817156	0.969774335833692	0.9977569895937525	0.9915100500898328	0.1914464389864865	0.9701142327501956	0.9693068903299238	0.9807871102577868	0.9831677436932152	0.9723545995393489	0.9969035669580346	0.979591988430045	0.9957409329620501	0.9973037546869499	0.8626644698862145	0.9701088232714801	0.9740517156380445	0.9969383382224599	0.98027527939358	0.9734610032811458	0.96596626442474	0.8538057779925529	0.9605658654308843	0.8451796631494557	0.9817345817715513	0.9727543093700228	0.9741078465265139	0.83764230257958	0.9549307392928951	0.8786268268934004	0.9679213610742082	0.9969896520990911	0.9797816606758837	0.8621312010967105	0.9704572458099865	0.9741825888398333	0.9897924338362502	0.9708647313334968	0.9704535175866592	0.9852691605647662	0.853567693433891	0.9705590396396985	0.9701749597278639	0.9677531718104575	0.9651061012564736	0.979725010898162	0.9712134256317907	0.191481359772867	0.9510880907256203	0.9732547917705614	0.9797225986453856	0.9700625055506794
scaffolds13872	0.9790442618816366	0.9963191134294186	0.9968210436954957	0.9906036321447659	0.9916887019258173	0.9662302023728621	0.9969091496642171	0.9828996202266616	0.9838921853123483	0.9909299603303887	0.993323646511498	0.9802422779827275	0.960958015644203	0.9871420063814598	0.9917403507335267	0.98782422598332	0.854046974064141	0.9912145205562156	0.9833584440626053	0.9620369470647634	0.9889443520788179	0.9853467647117836	0.9975692613313958	1.0	0.9687678429659524	0.9727977660514008	0.9817860965989805	0.9966364676701893	0.9908792414998935	0.970231867820265	0.991278284630728	0.9961061372568882	0.9977306290037364	0.8630234213849861	0.9969441693391377	0.9801570568440674	0.8656958383459852	0.8507293462178742	0.9918098190696824	0.9969382747050032	0.9683166805657222	0.9911491428990813	0.9977054312602464	0.9829467166118773	0.9917731190678455	0.9916608545017686	0.9968478184169334	0.9967952160542404	0.9805105919708026	0.9930702992795493	0.9969678065711638	0.9878937375953734	0.9800188151528583	0.9873605269811145	0.9897918065569284	0.9969467180943632	0.9785263865470308	0.9881300127243018	0.9972875910132832	0.9827214018245736	0.990850909056192	0.9803515201236305	0.9962488237590106	0.9872599637669636	0.9973010354551016	0.9907479924743302	0.197460812895599	0.9875127600851654	0.9753146883673588	0.9798424617340585	0.9830176587665708	0.9904593283217031	0.996544407139117	0.9976647335199518	0.9945366801897281	0.9970132575575593	0.8671098315369303	0.9877445496652189	0.9744517425999986	0.9967409883406478	0.9801264310406256	0.9909541917283713	0.982272986327342	0.863034637726531	0.960536031183681	0.8543959433562043	0.9815211089537949	0.9904105607776028	0.9916867256933569	0.8524509318260532	0.9703100204718822	0.8810216753033716	0.9691393167274465	0.9966423402322617	0.979873064341474	0.8668580918582046	0.9880324455568493	0.9737804458543899	0.9900837882081754	0.970242114646237	0.9881126563812742	0.985271702299963	0.8631514930636213	0.9886039524248079	0.9879533949883004	0.9675058829797776	0.9819844302549727	0.9969332249642322	0.9888684681426286	0.1959548533886765	0.9509754073790729	0.9909883985405815	0.9972953083552123	0.9878704839143188
scaffoldsIV30	0.9609626637397115	0.962648577032679	0.9639659051042818	0.9460283846516506	0.9460588794112481	0.9500764423666418	0.964342053499368	0.9641708117357446	0.9634337099867866	0.9665545738785778	0.9638424387582103	0.9766577124076596	0.9637043912672848	0.9463448900094017	0.946300334594661	0.9475570146317925	0.8360665108303196	0.9457289034172592	0.9512368327882395	0.948643826461394	0.9470148117791407	0.9481836064707971	0.9634076815013146	0.9458156862560265	1.0	0.9643281798976102	0.9624699721146757	0.9635598624980891	0.9475271417231951	0.9506627493689618	0.945984236179106	0.9634979362025193	0.963941996350071	0.8576624738956268	0.9644183648236401	0.9634172491252548	0.8534425515834673	0.826333895831804	0.9459019682088362	0.964115021095068	0.9751408030137951	0.9449289329065755	0.963845154268087	0.963924749283189	0.9470411281605902	0.9462985118941023	0.963895424022684	0.9643634399635315	0.9613557477049285	0.9631859898339505	0.9639052328300372	0.9477493493146041	0.979809761775017	0.9471479798234398	0.9457963382298654	0.9633684940955105	0.960387695977962	0.9477779016834698	0.9461279137118626	0.9639531509856036	0.9468148893613911	0.9443976909055535	0.9634975393796524	0.9472131649063158	0.9634618276161495	0.9669798070528903	0.18633122076925335	0.9471214553667334	0.9547584128933141	0.9645944709054382	0.9634785585374827	0.948652090952283	0.9635801450954993	0.9462671696399642	0.9631879100889531	0.9640056734891268	0.8601890201705806	0.947491702851959	0.96415948447997	0.9635926567337508	0.977815965722033	0.9467142331449921	0.9628413456536485	0.8571919529153407	0.9764561356412376	0.8364645867458222	0.9635441155897871	0.946316384692105	0.9463032447529016	0.8287963890134481	0.9735002114054147	0.8723978393114591	0.9864163186020847	0.9637521309650171	0.9792117150274109	0.8603897085789661	0.947761960137825	0.9546055454756186	0.9641537714117402	0.9907396093232932	0.9479909938645216	0.9706169122439771	0.8572139062549944	0.9467958201368398	0.9515451504591975	0.9901557109625453	0.9557951867310566	0.9462666798273528	0.9467131489683941	0.1920291479985807	0.9773863924123721	0.9463893390103485	0.9464317392255871	0.9478919119842133
scaffoldsTV7	0.9840270783864503	0.9751432137302739	0.9769722899417668	0.9602831971083238	0.9600909756511619	0.9657659066787668	0.9779308493129377	0.9892869589668819	0.9889506300107679	0.9801865516606861	0.9768835464274525	0.9738632689730388	0.951288610059195	0.96144964014015	0.9607239310971768	0.9625208447324242	0.8498787346246582	0.9596125349860029	0.9642337468963994	0.9500806718126609	0.9615730370970234	0.9720555821647849	0.9761376065647259	0.9598578753319493	0.9738863331860327	1.0	0.981186592801247	0.9771906420304626	0.9608106761078463	0.9739381119928331	0.9603786390676841	0.9771109415256587	0.9779589072219208	0.8539497952336677	0.9775645601254921	0.9884766363606786	0.8698790789680692	0.8458948490786411	0.9601523524114638	0.9775479412178125	0.9596053597560755	0.9597314396274089	0.9766436307654721	0.9862386973840149	0.9609214209458316	0.9602714443979464	0.9767130351889752	0.9779537543428916	0.985738222719068	0.9757116052958135	0.9771462639194395	0.9623575037922847	0.974618244765711	0.9621672524580266	0.9600532683421337	0.9761267640988587	0.9840555437372447	0.9624956501399655	0.9594507281904865	0.9889589631050919	0.9606505201133058	0.9606168922824667	0.9761531065741016	0.9613703085861349	0.9761885318221128	0.9808198216849621	0.18720225098370616	0.9616935691548897	0.9781097285662781	0.9740667122435477	0.9875610312746192	0.9629763738296763	0.9768169907943977	0.9596655650938459	0.9756746429859763	0.9776246017064417	0.8652432889773447	0.9626387875085776	0.9871480819709539	0.9771374840589683	0.9746502295436176	0.9606489451743098	0.9610479149463655	0.8532567807987875	0.9637792232983675	0.850130494611814	0.9879049175223118	0.9592374222389916	0.9607876354467487	0.8430631018624121	0.9600084788463337	0.8706532434825656	0.9712287132422037	0.977384721258566	0.9749782191234908	0.8651668420354731	0.9622571357847958	0.9714898644603873	0.9844060712403505	0.97430599937175	0.9626410940506931	0.9904812531373517	0.8540303323471946	0.9615330209639894	0.959001034670509	0.9731659422468912	0.9609714665721979	0.9599734009310312	0.9617929325053869	0.19082603479902455	0.9577378349307014	0.96050421287131	0.9598923662059857	0.962182018366938
scaffoldsTV29	0.9841557438159608	0.9801238309649944	0.9810011385606923	0.963685022836939	0.9639776004776395	0.9658055830814327	0.9810918258184849	0.9868800152517634	0.9862050267453444	0.9833277060459545	0.9810208503664564	0.978705832240608	0.9444009636142798	0.9654590507637338	0.9637854786549127	0.9651442428810011	0.8351463797647192	0.9635596933924822	0.967281250811058	0.9409083402270971	0.9649550546344748	0.9663379533474146	0.9808916853533943	0.9639236163538252	0.9666966124573712	0.9746758918023473	1.0	0.9806232000823852	0.9651321945227819	0.9723080765441511	0.964061187450958	0.9813123472228009	0.9814990109311316	0.8460014887174376	0.9810477325348822	0.9826070404375661	0.8596205772062916	0.8306227570611466	0.9640153806931577	0.9809425228936681	0.9518646606950806	0.9624068909900286	0.9809949904110657	0.9852065989337107	0.9640737451972937	0.9639709102705146	0.9801863880799907	0.9810208099245636	0.9832212581013068	0.9805934847364005	0.9809758350841608	0.964772614583191	0.9788702932678873	0.9651181866658876	0.9625534790061053	0.9808907542096034	0.9817094326691547	0.9647607498355257	0.9633509685667401	0.9864121839400953	0.9635458813946622	0.9617070634110194	0.9803287798534279	0.9642289455129228	0.981150702764669	0.9842525330453666	0.18355205438237812	0.964246835416702	0.9682629201734665	0.9747458645303131	0.9862593760776146	0.9663924173851308	0.9808579981041283	0.9633674749963441	0.98001938428038	0.9811719793620641	0.8562652828104463	0.9649967755160067	0.9770210965077081	0.9808491823049003	0.9793849246871864	0.9635710167278417	0.9633748349479518	0.8453190074696498	0.9582838857379314	0.8355887073947371	0.9853550826017139	0.9634044875972002	0.9641438013572488	0.8279065613857903	0.9531076917315501	0.8689309673843096	0.965165357712404	0.9810204932175828	0.9793873115724485	0.8559322816693393	0.9645513967755874	0.9853983790580699	0.9821136391170704	0.9686162202585821	0.9649035801553708	0.9860647476280365	0.8460494740189285	0.964645948784886	0.9631676931925554	0.9664092994322147	0.9635182213554502	0.9634153367683329	0.9650487759633769	0.19323048974854506	0.9497855400053506	0.9635401650338573	0.9634877438216901	0.9648898200287063
scaffolds13435	0.9778240150423546	0.9956558253313221	0.9968757145609616	0.9727832121316597	0.9727597198863656	0.966578011182501	0.9972774301644072	0.9809788072697568	0.9824065040661528	0.9914587893478666	0.9919061337483057	0.9780733445141937	0.9437698654118971	0.9686893744665072	0.9727805495034996	0.9703435830901651	0.8446355164844708	0.9721460303357363	0.9834861631451179	0.9459851882341028	0.9696801628797059	0.9672748885839667	0.9961184446350629	0.9788089505384086	0.9684871484143176	0.9716181899818632	0.980021644016476	1.0	0.9736716235049855	0.9684686288569291	0.9726116131896926	0.9962040860381741	0.9964747655592383	0.8534700599131845	0.9972790285248795	0.9783614507338261	0.8624437703517642	0.8357818256516882	0.9726603175013967	0.9970221096626442	0.9534992766185677	0.9720299003894419	0.996242333515481	0.9821224019331171	0.9727825163438871	0.9722921955022631	0.9967722859493534	0.9971391359513159	0.9783909957048975	0.9921513815360602	0.9970439837242251	0.9702647942334768	0.9790838452517618	0.9696432393849378	0.9717692564294456	0.9960966954713985	0.9777024539887913	0.9705501911206067	0.9793499582640496	0.9827903400388697	0.9733335443860986	0.9623594031778525	0.996413241336971	0.9699401266737044	0.9956958850723833	0.9910889038249207	0.19185227265530808	0.9699745313641984	0.9691956746938756	0.980073567410427	0.9811100026636027	0.9725573611278797	0.9967862938617221	0.9793747435822917	0.9952379393388748	0.9970142048482149	0.8610300908726062	0.9701687785196724	0.9733811660072181	0.996684381235236	0.9781228203949586	0.9734312284403249	0.9670436463058675	0.8535273336821465	0.9581125491734157	0.8449845636803464	0.9814001977898128	0.9729353248964173	0.9725560833649326	0.8378719136383864	0.9539233475935113	0.8774574512809444	0.9663099536710471	0.9967352991224137	0.9782481643027072	0.8609627366351059	0.9703823665343634	0.9734246222324073	0.9896852857074214	0.9694472112072513	0.9704270454696146	0.9849617992214642	0.85355991680095	0.9691933300362091	0.9689835429300904	0.9669086491417712	0.9653285597299786	0.979698865551639	0.9698450425337812	0.19151210029837307	0.9514126675626166	0.9729324589705637	0.9797032400984483	0.9703138278267187
scaffoldsAR9984	0.9816452695817142	0.9898976429527624	0.9919342934131768	0.9896626808647466	0.9896439779160778	0.9702610247942927	0.9919332848456117	0.9837886051662724	0.984725369429933	0.9924403871340574	0.990630558078538	0.9813788533099616	0.9614334857126111	0.9890131603712579	0.9895462014868294	0.9903261634658515	0.856081101736154	0.989114704665797	0.9794765409679036	0.962649487508495	0.9896618160467134	0.9875002721907765	0.9910387600492788	0.9917356901470556	0.9703008145053812	0.974306486801875	0.9825241701130845	0.9917894083124034	1.0	0.9724210840236611	0.9896921911376066	0.9909702626663195	0.9911023668984019	0.864784464940625	0.9921176507043667	0.9807256104138361	0.8670051769682928	0.8525763927021445	0.9893220353750446	0.9917643528244031	0.9704929445486336	0.9887397969976501	0.9909872963578802	0.9850198391329592	0.9895725682050887	0.9889106156890932	0.9915291980760419	0.9919191630968105	0.9815086050329942	0.9906170457712772	0.9917535398866705	0.9900539177202098	0.9823203166429474	0.9894385084197785	0.9885891885138106	0.9910233430972595	0.9807367893185147	0.9905647002986	0.9924657747265653	0.9849958730950902	0.9899770944167254	0.9817270432622146	0.9919969838301108	0.9904455970203003	0.9905330951622248	0.9930418711517628	0.19695247068642038	0.9906822466298937	0.9786191755852174	0.9821156316395446	0.9842762092301144	0.9927132811667709	0.9913593333667021	0.9924401061702058	0.990086093905146	0.9914126511734624	0.8692715035413401	0.9902223274819261	0.9759661942831266	0.9910828385494296	0.9808690092509152	0.9902420950910047	0.985567211113161	0.863915314969439	0.9606565958485134	0.8563277634177333	0.9842552472212897	0.989308706507967	0.9893042022133707	0.8544401368175247	0.9716653191169106	0.8841754191310739	0.969867452673114	0.9917026619938195	0.9808936390082165	0.8692135778209542	0.9904468566897496	0.9761150827187732	0.9887454855348273	0.9711792751115245	0.990279506658677	0.9879420695749771	0.8648664386032383	0.98889782900483	0.9896163377991624	0.9690809394939266	0.986131483972594	0.9924800484624259	0.9898994781431806	0.19597312484274948	0.9541196752388906	0.9897731973779913	0.9924372592331845	0.989926089384569
scaffoldsTV163	0.9787134885438674	0.9654565736758048	0.9666201944781023	0.9495997643813353	0.950283009389862	0.9660312725393497	0.9661445774118134	0.9756935835027315	0.9764671184081133	0.9739588098660015	0.9657220579319524	0.9644277270550702	0.9301471256448025	0.9515084011403421	0.9497846706670089	0.9519396717608252	0.84156384020533	0.9499851586610042	0.966730892329725	0.9383292861373237	0.9521126101215751	0.9596362145005514	0.9661535027364481	0.9504695921731328	0.9520721443506761	0.9660896547628811	0.9710395203678586	0.9660657569639833	0.9533215081199952	1.0	0.9494211091071393	0.9661960084648259	0.9663683233532915	0.8544545107888472	0.9668984280087478	0.9741788175828072	0.8652927235745429	0.8375898640765819	0.9498740811707773	0.9668072413098882	0.9381953206486958	0.9486704269522159	0.9665986574833747	0.9813035099787994	0.949838309355825	0.9497146408211726	0.9663523181238711	0.966126658916005	0.9746337659154936	0.9657189763191942	0.9663124502213157	0.9513025953216548	0.9645777967476724	0.9513934230725543	0.9506516748909567	0.9658449239888203	0.9730416925512394	0.9514054189089204	0.9497780849119465	0.976710264442722	0.9495881817223208	0.9487937625497077	0.9666293543083908	0.9515779858220736	0.9665983997862797	0.97740467694972	0.18941970344422948	0.9514008703607862	0.9669326537127017	0.9618803559311722	0.9764043496071669	0.9522397382061358	0.9656203331697643	0.950014550467712	0.964870990503928	0.9667739650994952	0.8564422230984293	0.9517460571264089	0.9720146817645684	0.9664599134154961	0.9647825111731183	0.9495158507450783	0.9537136280750923	0.8538993100123055	0.9439867133653668	0.8419697220701409	0.975952478111199	0.9502210657360926	0.9496579763560995	0.8402347477477505	0.9402315562678709	0.8598992249492302	0.9504161213600019	0.9667880535523137	0.9651729984896567	0.8563715706384929	0.9513889360298433	0.9628597874534278	0.9761701096029947	0.9540165924041762	0.9515190149677833	0.9771709757319302	0.8542647630273609	0.951571931167147	0.9497662270223954	0.952400771358928	0.9637421982028699	0.949652627259267	0.9518647386807074	0.1961190833029409	0.9494740428324098	0.9497003445863812	0.949906306602921	0.9515328523472677
scaffolds10650	0.9809103740627763	0.9927464779808479	0.9929512872358794	0.993113000203856	0.9944618215239202	0.9677733876851046	0.9928949242320712	0.9843697509583357	0.9849361516684293	0.9916010824264347	0.9934842410945617	0.9823764761549741	0.9630944404392435	0.9896704522732264	0.994680752503488	0.9895519915173988	0.8541045694421455	0.9939876101555402	0.979083838217173	0.9629043548868846	0.99056139933349	0.9861499736006076	0.9934790964874957	0.993912240680506	0.970663944995117	0.9734997859686281	0.9831681226535395	0.9924870642353505	0.9906865071141608	0.9711913339642692	1.0	0.9921373466740131	0.993687417267739	0.8636981476125005	0.9929018734536592	0.981342984213182	0.8672171263834896	0.8509026049183837	0.994445346371394	0.9927713054666298	0.9697091245194825	0.99267621721494	0.9934764378981754	0.9842873238215192	0.9945833937399169	0.994432551499671	0.9922934839306836	0.9927966232067514	0.9816988689172997	0.9931309203618569	0.9928008432949836	0.9894856430592487	0.9820700712732587	0.9891695139671312	0.9913913856493602	0.9934873011761002	0.980072790175317	0.9898026978597864	0.9927935862859019	0.9837393658643884	0.9937395869525776	0.9819530804028093	0.9924922402778222	0.9893006971159876	0.9932600001627826	0.9911283099833839	0.19301381456368133	0.9895653602965214	0.9752580863590676	0.981433892247401	0.9838873036062408	0.9909263890864372	0.9923848220361683	0.992998076039632	0.9908592545279835	0.9926640830601127	0.8670888062171206	0.9894771787307597	0.9752863477436833	0.9925867640627265	0.9818971091958645	0.9937407127056652	0.9831700590842831	0.8628523342644736	0.9620583174775492	0.8543529548509207	0.9825287496863787	0.9924167904632925	0.9945014450065395	0.8520926486875297	0.9723957865693879	0.8819774485059736	0.9712666661774568	0.9928125770178465	0.982006544130209	0.8671544294173273	0.9896346588760172	0.9741851753482141	0.992047539200672	0.9724267976960624	0.9897104947525137	0.9858854494952883	0.8635114442342049	0.9900391871722067	0.9879370337577781	0.969585786411805	0.9830222947624624	0.9932721445964152	0.9904141483674409	0.19529708630486883	0.9530563587114773	0.9930797110718962	0.9932309287145267	0.9892918618242044
scaffolds117A	0.9802645117752763	0.9960804430422378	0.9980198692169866	0.9735009428487236	0.9735305541482795	0.9673664656624681	0.9980324772548451	0.983209209748056	0.9837218659771151	0.9932072018140976	0.9926126926480281	0.9793548500319627	0.9453227700823682	0.9705061942333597	0.9735913780161339	0.9712278273497392	0.8458550884461757	0.9732610276242909	0.9842394239517219	0.9463090760357573	0.9707404970562937	0.9683564346373669	0.9967771655456402	0.9795299566784977	0.9693017814853541	0.9730764862874093	0.9824659811807904	0.9976688217303347	0.9738735827711867	0.9698772172035287	0.9734501788303394	1.0	0.9972841928362792	0.853443974809537	0.9979642424146762	0.9797595292629779	0.862303024464041	0.8367082145309512	0.9736574128526881	0.9978744967914017	0.9541775038819922	0.9726691329701623	0.9969164999553696	0.9839236151640691	0.9734534114528066	0.973084906182065	0.9974154513534863	0.9979112695196819	0.979877177554125	0.9923459041913849	0.9981501059141531	0.971376220114164	0.9801963286381328	0.9709593753142473	0.972793503666319	0.9967866771855204	0.979155098071939	0.9715601605023273	0.9798335249259277	0.9840004867756612	0.9742495073772812	0.9636353263918788	0.9973184627131665	0.9709922967233291	0.9968191189332707	0.9923287654679145	0.18983940398533602	0.9710396459527618	0.9703234848903041	0.9810536076139107	0.9827788721123009	0.9735950889873871	0.9979280189788773	0.9800268283952684	0.9968041957897915	0.9979930782527129	0.8623964227967531	0.9711425785363703	0.9744394366976754	0.9979025925623817	0.979524655693284	0.974216415099889	0.9670339085971448	0.8535906796538969	0.9603979239905442	0.8463719201496338	0.982760549775655	0.9734072181161147	0.9735285909232634	0.8390198501566953	0.9550324972102772	0.8793626292876561	0.9675745527025986	0.9980749820014013	0.9800586744122398	0.8623605744495454	0.9713728548011236	0.9744881490314475	0.9908260629745402	0.9701182652189576	0.9714616036095665	0.986675301485098	0.8535754936008138	0.9704371348603519	0.9697727249472585	0.9678502317900163	0.965550530699416	0.9801107584040492	0.9708934195961019	0.19330125428017328	0.9519988525772094	0.9739093164374815	0.9801621030905284	0.9714313835799283
scaffolds13213	0.9785292121385099	0.9967325099620071	0.9971912356036426	0.9733627267635935	0.9743935780880756	0.9673779624706704	0.9975677511459535	0.9829453952512738	0.984367084162882	0.9914287850391214	0.9936458342755565	0.9802735336025186	0.9449162569252524	0.9704260862091552	0.9745621776625881	0.9707777321427243	0.8450571857743945	0.973848579783174	0.983795214118812	0.9457074713047914	0.9714077236619587	0.9688691216002736	0.9978888472149763	0.9805220922915402	0.9680370829799213	0.9723907797760952	0.9819949111748458	0.9971969291839522	0.9738292626574218	0.9706088880015286	0.9743045874241131	0.9963744368998617	1.0	0.8537932052701681	0.9974634452010374	0.9804477615699169	0.8626949941529447	0.8363328621851693	0.9742767522233706	0.9972896624527756	0.9525815616067816	0.9738874389365596	0.9979113769612321	0.9828608892636784	0.9744326317390006	0.9740744409420866	0.9970449936561256	0.9974830926321315	0.9803354994364778	0.9934323062009489	0.9974169665458291	0.9704582076973144	0.979635944424525	0.9701021283871888	0.971962513241517	0.9975771933554854	0.9783164109392828	0.9710813125489112	0.9792613481176237	0.9833072940694118	0.9736585755467224	0.9627070274074073	0.9966510005119589	0.9702491030468355	0.997391805222208	0.9914279363160704	0.19418463875787326	0.9704583578227673	0.9694327263966905	0.9806371661487024	0.9830591183079257	0.9727932052363183	0.9970200267269801	0.9796343720738409	0.99505377127282	0.9972993189312795	0.862083993422423	0.9706534516998846	0.9738910471446812	0.9969044450806637	0.9801423697663402	0.9737565933237189	0.9666655737658425	0.853774203231073	0.9595873546270198	0.8453806769458926	0.9816718303490023	0.9729014004634507	0.9742654876638511	0.8383794270139492	0.9549652615997195	0.8785227270130347	0.9670813419307749	0.9970335025854159	0.9799397285088636	0.8619714443897126	0.9708696151119685	0.9738822487685348	0.9901416848620724	0.9703143078731967	0.9708959774150157	0.985854673062647	0.8539211486322419	0.9709766099012817	0.9705696686248692	0.9670289692919709	0.965005988262924	0.9798458202274024	0.9716086131638387	0.1924742974128103	0.9508511246854948	0.9730476351420708	0.9799226598080096	0.970569918711124
scaffoldsTV135	0.8631236297524503	0.865201038541483	0.8663467055380414	0.8596149827319121	0.8599980684408772	0.8590895735343128	0.8663133919681324	0.8642497393164136	0.8644667006027119	0.8741993364514714	0.8663181810183098	0.8659131545474831	0.8712334322142298	0.8587153124389492	0.8596375756642726	0.8591387844661676	0.9156677648049877	0.8595572120906437	0.8633580777778755	0.8766778803680291	0.8592517365341817	0.8593590831193063	0.8663625153868054	0.8608363691229172	0.873286917165206	0.8610743902107667	0.8639793435285416	0.8656979804203513	0.8609889050461144	0.8758648093065875	0.8596303784140842	0.8662139342979608	0.8663310899547544	1.0	0.8667569467830004	0.863610466292747	0.8487770971645618	0.8328289266522693	0.8595969695753063	0.8666986611851637	0.8701035020295012	0.8599263721594064	0.8666858814022236	0.8645690589781544	0.8604063147743776	0.8596413278360623	0.8658593083581202	0.8666797522593682	0.8639361294828136	0.8656624465472883	0.8663309700150595	0.8587114489963927	0.8672121148883564	0.8587323587311488	0.8591883983383491	0.8663784724559205	0.862544344609415	0.8588082310373231	0.8611621988718512	0.8647629688140621	0.8599749327401673	0.8565778748272671	0.8664072881554985	0.8587572189544411	0.866689023782287	0.8787857702392367	0.18810297089786715	0.8587745108469912	0.8599909254832616	0.8629268432892296	0.8642082528498821	0.8608209011952814	0.8660242358664059	0.8612088335890834	0.8659259294468431	0.8663420145126355	0.8531579660409642	0.8590596951265248	0.861602312102794	0.8659788626234723	0.866834278155504	0.8600310537046812	0.8679859915979725	0.9960479375666179	0.8693885566539066	0.9156977685322909	0.8638921076109363	0.8598508353282589	0.8595988498444415	0.909610468854996	0.8708883046526258	0.8636421255478626	0.8720047474205261	0.8663545511954419	0.8666650537949938	0.8529880763334114	0.8591430741703828	0.8563489851674165	0.8645982186305332	0.8730504538586493	0.858825630122894	0.8707834808998695	0.9967869272453646	0.8587385806709568	0.860473049856865	0.8727823261987323	0.8791232343733151	0.8612175246500944	0.8588280212303452	0.1975240130461829	0.8682021634785733	0.859656131050324	0.8612727056861336	0.8587528959644193
scaffolds131096	0.97817925931359	0.9947526991269277	0.9967439285444177	0.9723616917308247	0.9728677331331033	0.9667225852411276	0.9969969689297645	0.9815055866860879	0.9828821806296834	0.9912915266361606	0.9919321189785022	0.9784174408712285	0.9433156548783825	0.9687490543490715	0.9726674858112506	0.9704102713090441	0.8448135401760986	0.9722837842062421	0.9835193396104386	0.9456459784965675	0.9697540836324953	0.9669113512279243	0.9962630070667486	0.9787994457797284	0.9681503511090609	0.9721212713132035	0.9806291010782624	0.9967262058234766	0.9735959497121774	0.9692401726139525	0.9725203920588913	0.9962104290915195	0.9963348879771464	0.8541393244586921	1.0	0.9791363225261623	0.862183050381717	0.8366527417438162	0.9727034608363966	0.997165911671767	0.9525626121448656	0.9723057598637738	0.9963690375442315	0.9827275672064207	0.9727913423616813	0.9721951000460927	0.9967793763685088	0.9970403137786125	0.9788360559423183	0.9914677581942967	0.9970373197651843	0.9705308020649283	0.979492985926908	0.9699381212010049	0.9719987029940699	0.9961209228778316	0.9780263734235731	0.970773299662084	0.9789720892288245	0.9834288708330793	0.9733391886975595	0.9624082557144056	0.9964964837147189	0.9700613388678601	0.9958490245787768	0.9913309852199435	0.1904082845749957	0.9704206208936954	0.9691795524714428	0.9803731855050427	0.9815471940228601	0.9724834203487874	0.9965776895189504	0.9795164935874174	0.9951358008004385	0.99708495265045	0.8618699081555151	0.9704076389366268	0.974069110469031	0.9966706864056833	0.9788212339314716	0.9733683354840722	0.9662900765328558	0.8539303648708054	0.9581674534954733	0.8451321363849135	0.9816794360050152	0.9727113659673675	0.9726244773836501	0.838130493271387	0.9532449390295455	0.8776305773086548	0.965838595084821	0.9967211120272519	0.9784287193031214	0.8617414977744042	0.9708392676308227	0.9736462861757044	0.9894749487747293	0.9687381399367045	0.9707664149317314	0.9854123732178333	0.8540974719633003	0.9695012796849327	0.9687907554164021	0.9664208366764204	0.9647184495439733	0.9795640395549515	0.9701159542225438	0.1911456687080928	0.9511154291014443	0.9729665492318534	0.9797020445957432	0.9703834026391522
scaffoldsTV3	0.9914157080940322	0.9836866701194529	0.9844919685374298	0.9660837825699581	0.9668600899907654	0.9732740808717495	0.9841346004374193	0.9968292307827821	0.9970370620231506	0.9855167832691213	0.9842260181082436	0.9816875803238612	0.9497095103314419	0.968335808340367	0.9663154801841669	0.9682817247164186	0.8477536543688512	0.9664362141707478	0.9711848617525601	0.9467108725527917	0.9689877584207779	0.9777320900512353	0.9848495382161425	0.9671156296549483	0.972847007695223	0.9886054798313026	0.9876944356709647	0.9843611304494043	0.968335035537127	0.9809065740111274	0.9658661224138518	0.9842780057199995	0.9844380720988951	0.8544942345238207	0.9848783677844385	1.0	0.8696710132986318	0.8439901061001378	0.9667884194979716	0.984886214961064	0.9571377999436139	0.9654189797685548	0.9849549682236509	0.9948238712695033	0.9663923140544639	0.9660195442225368	0.9846022974599407	0.98416142749087	0.993161526012816	0.9842610066700644	0.9847211713744395	0.9682476221853438	0.9817982479860111	0.967924651126463	0.9667913426165324	0.9845827463692458	0.993048352141696	0.9683097416750714	0.9666088601001567	0.9971873921229447	0.966108658306468	0.9687649414842306	0.9842465685465237	0.9676062010069473	0.9846183518135827	0.9871146828211865	0.18834851570454614	0.9675896449053764	0.9767213229422077	0.9830605938458238	0.9965075875709535	0.9686277430636049	0.9843058936448864	0.9669979868199131	0.9828536582368932	0.9847981493238496	0.8637606860598304	0.9683199986175245	0.9859704122432883	0.9845429374453026	0.9819892432075603	0.9661635658998535	0.9692732924675784	0.8538950031174999	0.9635806412507063	0.8480062064019903	0.99582400396021	0.9662833223526512	0.9661928123522495	0.8409620191066954	0.9582380671924764	0.8735089685752387	0.9707383731633961	0.9843818164798808	0.9816521458089665	0.8632990072511328	0.9682715363499307	0.9800238566459167	0.9907557879834028	0.9755135594304244	0.968327798393703	0.9975116074663314	0.8544732995351229	0.9688152690590147	0.9664320784987142	0.9722879389645241	0.9690450796999075	0.9670607380643563	0.9689358346337079	0.19239627252749544	0.9548804448875308	0.9660082888856114	0.9670213765225718	0.9682554123742717
scaffoldsARL04446	0.7565766712899201	0.7500858041778251	0.7510813560974564	0.7362128528743849	0.7362122475182404	0.7576994038269339	0.7510474067200754	0.7573512277744893	0.7572153226245838	0.7513304529461752	0.7503433842028193	0.7489542591918769	0.7250445140154131	0.7356214147388163	0.7362350941934539	0.7356603809505601	0.7460328116850893	0.7359333584977918	0.7492197372630691	0.7354402057511454	0.7353644387750279	0.7428402544906715	0.7507123710501156	0.735715581936381	0.744263446183526	0.7538647594142959	0.7505170022614657	0.7507584472937006	0.7362640227265275	0.7557959653251927	0.736045976988897	0.7506535169983972	0.7510608164722508	0.7208578859454624	0.7510623859662611	0.7555911105551466	1.0	0.8165234491948941	0.7359538626594706	0.7508282593144471	0.7431589118606946	0.7464897113845175	0.7507450071656258	0.7572889230444391	0.7362231501589385	0.7358276393531434	0.7503746762431656	0.7510674192042537	0.7601106100976641	0.7505063821280948	0.7510327863057185	0.7346938885408979	0.7499347125185535	0.7347185963913481	0.7349294607500626	0.7506134211836911	0.7604983186569928	0.7353933048523851	0.736104148936127	0.7572233814070677	0.7361089905335427	0.7316456252815488	0.7510663657535478	0.7351295158432052	0.7504580733548031	0.7510544532652191	0.1811491639059874	0.7351925403608649	0.7573492887251799	0.750814236900056	0.7715535635227674	0.7352114264350529	0.7507481911576539	0.7357094153673895	0.75056256614232	0.750572662122138	0.7642229119624608	0.7352359989886149	0.7552986329686967	0.7502726299124751	0.7492302860184593	0.7361809295964135	0.7455411669107566	0.7202548493759596	0.7468803837400063	0.7460933479913823	0.7597494161646162	0.7356676288137423	0.7357815602507699	0.7346158863655815	0.7328922296126933	0.7818097512179844	0.7523564142894849	0.750787489882087	0.7487945154096498	0.763777352210934	0.7351901617721299	0.7555792855895839	0.758866286696258	0.7451670272506595	0.735189757772828	0.7586891695807138	0.7210855429719537	0.7351058983046009	0.7366429173255987	0.7452670088345483	0.7412298206601013	0.7360123626985099	0.7353851562056223	0.16623196748041258	0.7428140910283818	0.7360089862481356	0.7361348804261041	0.7349040574917468
E_faecalis_reference_sequence	0.7840142357376405	0.7827272386320592	0.7837708128373959	0.7815074081136166	0.7818704703267301	0.7894546736409475	0.78344906701437	0.7856158136983725	0.7859082251410023	0.7836179823986621	0.7838834895449557	0.7794832513697736	0.7739313749053783	0.7807169925170728	0.7819433638256779	0.7807841175771384	0.7793056064262048	0.7817192822619625	0.7837862286179579	0.776767475117746	0.7811529109431248	0.785088631665386	0.784551870286047	0.7822624545847428	0.7791053006277725	0.7854329754385024	0.7805462715417909	0.783417010127354	0.7822480963951791	0.7847555375630009	0.7820223650405105	0.7833755469635983	0.783533739329883	0.7618764959800419	0.7838617836073556	0.7857297546246954	0.8753385241841698	1.0	0.7820357344810078	0.7838629798225761	0.788159395416723	0.781884872193649	0.7838586467929862	0.7849701528646892	0.7821317364051177	0.7818790351743972	0.7830733295426983	0.7836023538589675	0.7863836936450511	0.7832237483608995	0.7836935245001561	0.7810102040456913	0.7798106263883902	0.7810514820824808	0.7812176559115508	0.7837978856877198	0.7884946567981296	0.781377322606693	0.7820235790775751	0.7857437901265405	0.7818080261751732	0.7759800221870563	0.783879271527935	0.7811526381785363	0.7837966360375143	0.7832637105329494	0.19809327986813002	0.7814569627589331	0.7865047037200433	0.7853671767995731	0.7985460336717501	0.7795905773927295	0.7836750498325553	0.7823586166480907	0.7834393942021772	0.7837569799620211	0.7950001920881894	0.781087865553277	0.7839901266919024	0.7836258892273393	0.7800546213628828	0.7820379399552633	0.7799810977525455	0.7614932051885281	0.7810913249052964	0.7796056153056555	0.7861298725421006	0.7812766571132523	0.7819638391408424	0.7770879505423214	0.776626673969803	0.8004533245422577	0.7900938576421342	0.7837728536605976	0.779167982900398	0.7950202438376243	0.7813278603867703	0.7852938641975926	0.7889279982004874	0.7787251693317823	0.7813755696504038	0.7865544738710079	0.7616123553625305	0.7806738249051789	0.7823184553514634	0.7786044619153472	0.778900836467292	0.7820342974697043	0.7813659591864885	0.18635745685549013	0.7792483834385713	0.7820448744247447	0.7823372620211111	0.7810560986403936
scaffolds10641	0.9821066507931315	0.994961766038951	0.9950233034119255	0.9959785775581165	0.9970801776305261	0.9692165505539262	0.9952497529612068	0.9867387225556619	0.987476447145067	0.9937644168647843	0.9960173165128259	0.9838702636015246	0.9651784078378204	0.9914529601996905	0.9971572401785528	0.9918102779142461	0.8573671312743444	0.9966078663727448	0.9813554792254104	0.9652503685816318	0.9931149635977049	0.9882907897763826	0.9959547845328454	0.9964905221241341	0.9735188100458944	0.9756953976704325	0.9856175542500726	0.9949861621644084	0.9930610973970174	0.973266560980175	0.9966531305842774	0.994813764570475	0.9960285455461027	0.8657963052319892	0.9952872520955228	0.9838931569837557	0.8690976857489893	0.8515354699139516	1.0	0.9953099018980218	0.9725062696183895	0.995392761256542	0.9960766861940799	0.9868093498426512	0.9969670574132875	0.9969081293818041	0.9951281547757208	0.9951356274009787	0.9841628179128373	0.9956088346238342	0.995296867155466	0.9919649303203464	0.9840552521683187	0.9913500180444105	0.9939606924193981	0.9956645994979701	0.9814328894496762	0.9922139479145046	0.9953050337322671	0.9862685313317298	0.9962476601450322	0.9839874170964861	0.9946753152632085	0.9910710061079547	0.9955026599680123	0.9938255422377372	0.19445957200118094	0.9914194724047255	0.9775408105778028	0.9839037058358562	0.9864236031927051	0.9930922650518981	0.9945599456267371	0.9955552129585697	0.9938573063977373	0.9952945940016185	0.8676548831124031	0.9918423959905412	0.9780913870151385	0.9949229554260627	0.9840563022701443	0.9962894896846588	0.985313514363209	0.8652799126532726	0.9643093242657558	0.8577690050459853	0.985122767913641	0.994867600652728	0.9970672119891842	0.8553235565964208	0.974451236119415	0.882345921683666	0.9738618628568407	0.9949722307587274	0.9841338730223237	0.8678034704556472	0.9920495928973742	0.9765921511705393	0.9946372118161565	0.9749792094292747	0.9921732070955612	0.9884841367716615	0.8655712285451168	0.9926522213479676	0.9905690377040827	0.9723931575265079	0.9856717081453495	0.9956633244521164	0.9930009308530505	0.1934788376528366	0.9559075605993262	0.9959378595537296	0.9956461777602315	0.9918349972993563
scaffoldsEF13431	0.9798338486829026	0.9961519068175454	0.9980899102930411	0.9735084119328176	0.9740209062885223	0.9680321455052827	0.9983962095455217	0.9826868569173142	0.9841957281680771	0.9927498413941349	0.9935276119306717	0.9794354956960852	0.9448494148576699	0.9701262084294083	0.9739222098766851	0.9717756409725291	0.8460227874340693	0.9735476866072519	0.9848552578170975	0.9470040081169419	0.9714249427889718	0.9682218339562702	0.9976325219388315	0.9801470301202918	0.9695458585198954	0.973476363343455	0.9818212001642898	0.998088334798411	0.9748563597438831	0.9705271573524168	0.9737938864424568	0.9975599196878486	0.99770930148515	0.8551895331769876	0.9986012073041531	0.9804738686625898	0.8633974415209514	0.8377981754690706	0.9739966790742502	1.0	0.9538154401988577	0.9736176562133274	0.9977595490780168	0.9840556259552125	0.9740408101738571	0.9734866378095985	0.9981218541889989	0.9984246925199967	0.9800745464313705	0.9930354644580447	0.998374744125038	0.9719340857295518	0.9802451209388291	0.971335264365735	0.973261141591276	0.9973872628653944	0.9795070665502427	0.9721922690931498	0.9805816232039166	0.9846523240088751	0.9746468701814466	0.9637061267030419	0.9977069475576105	0.9714777597158497	0.9972321081577927	0.9928134259293432	0.1906821392015766	0.9717749237480823	0.9705898274685242	0.9817117138806873	0.982813783423189	0.9736714464926659	0.9979658607184357	0.9809133876582532	0.9965298800226406	0.9984065917196687	0.8630950887284699	0.9718288395829974	0.975352940451795	0.9980455793557012	0.9795758452832534	0.9746628382774304	0.9676095224862108	0.8549669556365828	0.9595808832262589	0.8463734773508221	0.9829903855048705	0.9740200500092362	0.9738838063482098	0.8391886395263772	0.9545234939173295	0.8791850879462115	0.9671032137895065	0.9980626332825058	0.9794625639792834	0.8630329556274638	0.9721754975674871	0.9749324982092337	0.9910660866606773	0.9700382637009533	0.9721299458135381	0.9869542191045593	0.8550964990719399	0.9708301951783769	0.970145455028479	0.9677683521764969	0.9661086685606206	0.9809471415528951	0.971497036380753	0.19133362181076619	0.9524337394231633	0.9742581698690682	0.9810068422569936	0.9717577447336426
scaffoldsVV10	0.9493746851242854	0.9508566533231192	0.952303062994414	0.9496229502626946	0.9498745229876789	0.9521874763061048	0.9526992620667185	0.9521636443023586	0.95226462712929	0.953819965075192	0.9519639352216946	0.9631661561363876	0.9677724780709801	0.9500072987614439	0.949693696928429	0.9515383168619134	0.8335281163604443	0.9497633899588371	0.9392668222725552	0.9509133289495562	0.9510062324040104	0.9518608673541686	0.9517973170179873	0.9502635357235086	0.9782666587146264	0.9537660433658974	0.9506028212897697	0.9522346984887954	0.9517176936943715	0.9389599917301819	0.9496959666177873	0.9521328970353093	0.9519545482624675	0.8563212681191334	0.9525755636194337	0.9513059830664146	0.8612421055316317	0.8430647158392417	0.9499478708558193	0.9525595591027227	1.0	0.9491756056595083	0.9518679561599734	0.9531966820614688	0.950594657182195	0.9498794445548318	0.9524386171798247	0.9526219691141466	0.9490632481928136	0.951573565985234	0.9526009700267074	0.9518254681123302	0.9664421723378195	0.9511506875190602	0.9503647163553467	0.9514920522958573	0.9488771560245765	0.9518922296500767	0.9508135522849411	0.952006902368241	0.9506289376032754	0.9493770014135483	0.9518282905495604	0.9511060041285663	0.95148510774763	0.9545430024432756	0.1866205431678105	0.951100698368664	0.9488667489993222	0.9531743058244885	0.965932504809789	0.952639441847192	0.9522403178036913	0.95085430118357	0.9508073841889226	0.952632943073154	0.8565958040214546	0.9515603931946444	0.9531157828371648	0.9522793882363381	0.9642712904852284	0.9506676704032341	0.9647919533372666	0.8553692949951284	0.9621619349400636	0.8338243765420912	0.9519423992780962	0.9505951400353381	0.9499958250313353	0.8313174964270503	0.977703257030715	0.8660313311085671	0.9904324416028244	0.9523293183472508	0.9661617090940823	0.8566415639228081	0.951775067467764	0.9577593174218723	0.9527018840626862	0.9785130172954967	0.951905908740634	0.9592436299386764	0.8560970812233437	0.9506681472484118	0.9556715850705204	0.9751699388351438	0.9597328225118493	0.9504763227559911	0.9511246655241106	0.1905541173070727	0.9616794731240165	0.9503996438827127	0.9505260331822456	0.9519638287240973
scaffoldsAR011155	0.9651647660740397	0.9783012695827397	0.9780392972540111	0.9777838433605669	0.9792849701147707	0.9542037776230412	0.9783720737492194	0.9695334096192116	0.9703466682787905	0.9766892149439752	0.979151465143005	0.9673680982581561	0.9476926156725131	0.9754261514377421	0.9793312083161057	0.9755644388099511	0.8428344143239438	0.9787704747160549	0.9653130613808677	0.9488878164863104	0.9767185210556528	0.9712874221740633	0.9791002293668801	0.97929824237401	0.9555664678731713	0.9592968605953645	0.9683806890260822	0.9780304100092536	0.976253012041249	0.9572338778356266	0.9788670537191909	0.9775697627530283	0.9791636367543946	0.853460781511613	0.9785296703674382	0.9671502122246219	0.86784636807859	0.8408550558510612	0.9792018756581442	0.9784662571403628	0.954824802440211	1.0	0.9791622601229278	0.9697167448866173	0.9793971201132436	0.9788332274691819	0.9777594947809204	0.9784701213799609	0.966976019802372	0.9788125563816393	0.9783266883785078	0.975244976190934	0.9674347065707898	0.9749586265475396	0.9764979874992686	0.9791909625763122	0.9648664661905035	0.9758648833591916	0.978476565967686	0.9692249476579465	0.9785525306892081	0.9669509427817584	0.977904532621189	0.9749343119754701	0.9782824104411585	0.9767551487367947	0.1941748347370065	0.9752763372766582	0.9617091475615771	0.9669951637054741	0.9698638528868094	0.9767810638869233	0.9779118035652316	0.9784971637321935	0.9761955148957252	0.9778926409819114	0.8561024268791777	0.9754934465660395	0.9612131730510204	0.9778471232840393	0.9669530548719327	0.9786031346505425	0.9678389121572665	0.852673023676362	0.9472018264629135	0.843001149752657	0.9678426889856552	0.9772799619230251	0.9792516524341898	0.8412127686268266	0.957331809575813	0.8712431082768737	0.9559600747157146	0.9779440605038742	0.9669913458460571	0.8558923598676296	0.9759407617030362	0.9609632981825095	0.9770441949878362	0.956894754650051	0.9754659954243455	0.9718638921998798	0.8534535964542836	0.9757071921445024	0.9738992077930719	0.9547234913638125	0.9682723871479875	0.9788406128105726	0.9764568395135987	0.19322997238523612	0.9382646076911682	0.9778499394670012	0.9788504142936943	0.9750741002090112
scaffolds13985	0.9786135670916931	0.9970317193521191	0.9970925954566132	0.9730025552997279	0.9742456510653005	0.9671335090201867	0.9973044825841734	0.9827103622315815	0.984079400559864	0.9915075973668123	0.9939865501685841	0.9803609459407622	0.9454839982371153	0.9700930260623775	0.974158100365985	0.9699993267985948	0.8454672414505193	0.9737572738141901	0.9839545490552231	0.9458041958194592	0.9711164108640534	0.9685904209017943	0.9982060221693282	0.9803336559376583	0.9690560732784506	0.9717262590382828	0.9815875526410107	0.997071379242178	0.9735434089423411	0.9704124372993055	0.9739929819445353	0.996451776972266	0.9981000638171199	0.8545399205882633	0.9974840347649527	0.9806596388823262	0.862828564220675	0.8363394108323298	0.9742384468879274	0.9974444806510113	0.9536132303577423	0.9733793165650207	1.0	0.9828821220734054	0.9742387097791	0.9736752465761199	0.997252602319232	0.9973640123710737	0.9801795010311216	0.9936643441376745	0.9973345362672695	0.9700156269754205	0.9799156352994436	0.969413151141471	0.9720301977223358	0.9979462045168729	0.9784496450846695	0.970377301742183	0.9796368859291432	0.9834892594924	0.9734598725798317	0.9623026464078333	0.996873940925151	0.9699146721238047	0.9976978054155261	0.9914587928627425	0.19301076934700825	0.9700007824235308	0.9693995022392619	0.9805867037031587	0.9830225751327846	0.9723969455482536	0.9969606381738678	0.9796051760433415	0.9952197884238433	0.9972405961873344	0.8621883492961924	0.9699994925329989	0.9738239973475157	0.9969245544340649	0.9805005083537989	0.9735140139534232	0.96674419717263	0.85447701125799	0.9604067302195081	0.8457185730231009	0.9815842791897557	0.9730522534866635	0.9740727892996061	0.8384556293654938	0.955304335327486	0.8786495677794842	0.9678937778014404	0.9970328154643978	0.9807538477809951	0.8621668962614483	0.9703925683093355	0.97401734832766	0.9898103402650702	0.971117164571998	0.9702074844588819	0.9853040470410247	0.8545053442537502	0.9703662606551112	0.9702825161222723	0.9676699985389738	0.964904636866487	0.9797867446997486	0.9710774401160898	0.19131868031580018	0.9513987088892167	0.972658600402218	0.9797585651918371	0.9701469206086876
scaffoldsTV154	0.9934199491916238	0.9812097031616883	0.9820607206014065	0.964481345496694	0.9649801210427654	0.9684692272186115	0.9820028080790852	0.9911649125575608	0.9915598155871541	0.9833544379891995	0.9813027481286043	0.9790417690162235	0.945648568758597	0.9667620157787085	0.9641714875103807	0.9674268586933299	0.8454223883544463	0.9646457210647705	0.9685999187324463	0.9457660252862925	0.9672943807596471	0.9726661425807328	0.981866225070933	0.9650397970049187	0.9676027330762449	0.9823558696107063	0.9862221309014338	0.981974751491912	0.966897504828496	0.9831792431361738	0.9637059898294916	0.9820184816300512	0.9816965794024802	0.8523773856392578	0.982332436367548	0.9899481477855202	0.867777660822729	0.83914483448606	0.9647295312785042	0.9823075156729484	0.954424451164219	0.9634192633176636	0.9822338578314422	1.0	0.9643525775073888	0.9636339639166456	0.982263073127661	0.9819120622303308	0.9882029994727847	0.9815485013209897	0.9824009811847295	0.9670103829058891	0.9793328830556064	0.9670301920834213	0.9651125471699046	0.9819468555356589	0.9878852388955512	0.9670634224894065	0.9646900651285459	0.9917380330026458	0.9646193170934595	0.9641183198804002	0.9817162580110795	0.9658498944513513	0.9819517135968607	0.9854880200960008	0.18481356009494118	0.9662041346078879	0.9793243432221503	0.9778987053788045	0.9917711517532578	0.9673823462391669	0.9820093478715772	0.9648921750656252	0.9803877339714966	0.9824696657991084	0.8617141815273053	0.967350677072148	0.9880400586859144	0.9820486622293676	0.979047291582451	0.9646776857544315	0.9684212927271487	0.8518182605774826	0.9594322156153351	0.8458100564771978	0.9912040673561613	0.9649957426120611	0.9644005744759209	0.8436068506472405	0.9547225564467212	0.8740508596833606	0.9667696895003458	0.9820613860972011	0.9785681913151449	0.8615495906064103	0.9668376958748436	0.9791729992749308	0.9921487563261535	0.970498476168081	0.9670873088500905	0.9932986537183113	0.8524128695169929	0.9669827926475015	0.9648931549001286	0.9676584394193476	0.9689754840831634	0.9649948384514008	0.9669899935583329	0.19225590071976723	0.9498700837410592	0.9643005092244447	0.9650710573510203	0.9670986575926099
scaffolds10104	0.9835802873640176	0.994942203117423	0.9951390195442283	0.9958084480495732	0.9973387275664528	0.9704800749609755	0.9954406784712835	0.9875448223347322	0.9881488162596239	0.9942008922075861	0.996101714485808	0.9846407113865473	0.9650142978213984	0.9916931276120563	0.9973663298050485	0.9924760777577689	0.8575306005214542	0.9966806235164297	0.981642562369218	0.9653108592705345	0.9934986529121143	0.9889420127333541	0.9960453758331018	0.9963178427561904	0.9737071034887524	0.9769036747001015	0.9863830404515803	0.9950596863420289	0.993504858698249	0.9743855050252118	0.9966431305168749	0.994474289876273	0.9961526242673315	0.8657122626627789	0.9955797051152764	0.9847608773474025	0.8702676704653391	0.8531479469166907	0.9971221728374482	0.9954014792863015	0.9721183503652132	0.995764147106331	0.9960818976918663	0.9870666411644884	1.0	0.9971683003353672	0.9950166678108077	0.9954958473942487	0.9848575780521309	0.9958888237421253	0.9952365370922885	0.992247807970388	0.985057206359159	0.9917323537814764	0.9941250009294063	0.9955778511674415	0.9827892266266933	0.9926358200098452	0.995503097860869	0.9870854772027903	0.9965972191113128	0.9841606409746683	0.9947944172167844	0.9917232441087741	0.9955229306314592	0.9941056570752338	0.19692102709493275	0.9919446792080552	0.9783434822220245	0.9841334417360794	0.9873463809275861	0.9935445130864469	0.9946375637587431	0.9955787673321572	0.9938916612923587	0.9951388890907684	0.8691318094782506	0.9922138773822575	0.979355300330777	0.9948676550227591	0.9848565803716479	0.996649047574999	0.9850310308754953	0.8648203863236233	0.9649300897628499	0.8578343404564633	0.9857712212802188	0.995082775916825	0.9971462209136155	0.8557029040355356	0.9745867887885796	0.8827788659713492	0.9733960244992922	0.9948284894540618	0.9847276212009085	0.8690123211261342	0.9927205965958987	0.9774588522864127	0.9947737934455098	0.974616513475328	0.9925426404266481	0.9893120201612043	0.865328828579032	0.992881842530779	0.9908493586091713	0.9723367773240322	0.9852945465809881	0.9955338798033934	0.993234557387134	0.1950123817350485	0.9553738932233147	0.9962425441148443	0.9958985779105647	0.9922362187051139
scaffolds10217	0.9812608178590138	0.9931838424778295	0.9931357069287149	0.9941459856062546	0.9953130077906687	0.9681340912942393	0.9932372910175721	0.9853450778519852	0.9858411610967351	0.9916894659423601	0.9942007412666478	0.982978328399239	0.9630140916806406	0.9895053655085536	0.995365389147121	0.9900520985099234	0.8556141564778349	0.9946103289798687	0.979475265030195	0.9628124114669792	0.9912218162836981	0.986545755455529	0.9939011343516139	0.9948236765132904	0.9713071532596816	0.9747717976998687	0.9843807244762572	0.9930703462936026	0.9916137516949212	0.9721728603921852	0.994849606507669	0.9925007571775395	0.9942396173581312	0.8635863189427566	0.9935436360707665	0.9827591138217836	0.8682498527760237	0.8516673709137469	0.9951997143097865	0.9934094774703418	0.9706157154417997	0.9939686046825549	0.994178887609857	0.9852432131858389	0.99531957599904	1.0	0.9929413328881839	0.9934578559382815	0.9824498446530036	0.9936591956287917	0.9933450552354425	0.99008539990565	0.9824983009899291	0.989615537675786	0.9927940839069694	0.9938305908809237	0.9803017580580163	0.9905139678969602	0.9939056096675112	0.9849583688094591	0.9943702449495707	0.9824950385553711	0.9929075718814294	0.9896781128033815	0.9937500743628183	0.9920484927399815	0.196814632799928	0.989883222761742	0.9762380379699223	0.9822733489505652	0.985126278416005	0.9917968785580461	0.9925964773404751	0.9940870133147407	0.9916798755181482	0.9932269655400359	0.8680381610010336	0.9901961812086395	0.9764887064525409	0.9929573684548361	0.9825105306984065	0.9947317773292763	0.9827262453634709	0.8630612266649755	0.9623770287193624	0.8559128638740211	0.9834643496958708	0.9928577256705402	0.9951253503501046	0.8535007882190896	0.9722004836390509	0.8827994904302259	0.9713612564607362	0.9929673670161686	0.9823882427953469	0.8677389210995134	0.9905214659684776	0.9753667360248913	0.9927154225722864	0.9726418892793363	0.9904286715285885	0.9867271718733569	0.8632627587070381	0.990567558369474	0.9890894888963176	0.9699893696706443	0.9829556319551206	0.9940086441413597	0.9911586210571258	0.1934661698447525	0.9534654851060231	0.9944961710146012	0.9938505414870196	0.9901452364179179
scaffolds13988	0.9797463128317618	0.9971230797669917	0.9983311110340574	0.9738470807661296	0.9738954173407132	0.9683449167327023	0.9986843431740758	0.9825514161637745	0.9837697063103317	0.9930445807348188	0.993664270195198	0.980392602696792	0.9464452616948973	0.9701788497540248	0.9739784421284983	0.97135407817111	0.8448068872215421	0.9735832682572865	0.9851739007004894	0.9473664048842313	0.9708581502371103	0.9684619031758489	0.9976222859613053	0.9801381753043494	0.9701771342422375	0.9729310308750562	0.9813984452216288	0.998314975431362	0.9747631902006239	0.9699131359661889	0.9738154404162815	0.9980473646164537	0.9979310535417683	0.8536745928483161	0.9986300391008526	0.9802066091331292	0.8631757279709334	0.8363604694041602	0.9739399579598815	0.9985436999624017	0.9551445799773765	0.9730908685037675	0.9979628357690462	0.9839127155372089	0.9738865818708652	0.9733466617004952	1.0	0.9984773400365564	0.9800225160323085	0.9934060960430111	0.9987323639841399	0.9715519309335197	0.9812509022354627	0.9710985858912157	0.9730937814719602	0.9978652434722401	0.9796039954407327	0.9716440903547039	0.9807800524556219	0.984405297383789	0.974618759956352	0.964225377558274	0.9979739989135417	0.9710547992494802	0.9975757804204909	0.9927251816548835	0.18923884839061483	0.9710783161237287	0.9705265716907963	0.9815188893362357	0.9825583986232875	0.9739172170922633	0.9984848473209345	0.9804479913353872	0.9965685659005755	0.9987055933335257	0.8619238004949821	0.9713049609436982	0.9749085305375558	0.9985455189104492	0.9806064657708158	0.97459199608202	0.9684073707435078	0.853827800967506	0.9607939652899213	0.8452164260047597	0.9827186261058324	0.9741003618539275	0.9738983048910991	0.8379784791483332	0.9556387170383839	0.878075087155993	0.9685975843274394	0.9982378630687436	0.9807813653712362	0.8618601235084025	0.9714776442671684	0.974934211001248	0.9911305118645242	0.971572337209153	0.9716324448064342	0.9864000132203542	0.8537151293668909	0.970544963134496	0.9701243526212467	0.9693827249125888	0.9667325291610964	0.9808331317186433	0.9709742359503887	0.19029577580868115	0.9528447568337705	0.9742496446722337	0.9808936239487801	0.9715440355332354
scaffolds13107	0.9785298148849855	0.9956360767878424	0.9974945716062145	0.9734594921831528	0.9736121114604148	0.9674402639714638	0.9979308608341084	0.9818685063471957	0.9829911462885763	0.9918684602153071	0.9927529118089038	0.9789536103773155	0.94454772845734	0.9692920379661053	0.9735676584683272	0.9709537632617053	0.8448623890829596	0.9729456239680732	0.984078961630607	0.9469349834286606	0.9704768654951268	0.9680048457045928	0.9969775732708317	0.9793577070196123	0.9695115719735369	0.9725113876447183	0.9808505182493519	0.9976029990504413	0.9742393344116494	0.9692020289262143	0.9732524039571769	0.996899789543061	0.99721037676195	0.8543208863973151	0.9980260211549744	0.9791773777264663	0.8631412919859209	0.8363694368593629	0.9733731291610825	0.9978395563473382	0.9538128035084336	0.9730108525539174	0.9970122824290124	0.9828916019084086	0.9737970024513722	0.9731043609024471	0.997348378014576	1.0	0.9790570511493613	0.9924210444536841	0.9976866688323615	0.9709801793978612	0.9800158337859529	0.9704295712970067	0.9724182136936321	0.9968388981155913	0.9782637871234837	0.9712831510614807	0.979778380044324	0.9835460123376694	0.9741544467958652	0.9632979978449684	0.9971977016399379	0.9705560460195601	0.9964432613232872	0.9920442790226146	0.19161079322495317	0.9708231140045949	0.9702105309966066	0.9808315833130695	0.9818920884681016	0.9732755581029003	0.997402168123945	0.9801633527024081	0.9958327059056036	0.9976661084591478	0.8626083172331105	0.9709088437210962	0.9742062232132985	0.9972563781736856	0.9790989571309496	0.9743233390034051	0.9675802166833347	0.8543514885549115	0.9592510776933157	0.8451442476131302	0.9817744603440355	0.9733386365130325	0.973333401131419	0.837856319377107	0.9546825376674483	0.8792258732543611	0.9672254601778242	0.9974489490263756	0.9790064054479714	0.8625309921274992	0.9713068215711096	0.9738964692098783	0.9906230844837977	0.9702140131037726	0.9711718522742375	0.9861193510697146	0.8542323925597598	0.9698682127414493	0.9696298349093052	0.9679770690404657	0.9658790700038067	0.9804340924859054	0.9704593754900835	0.19219810281556193	0.9525462287389156	0.9733834276431522	0.9804201212632754	0.9708232005671263
scaffoldsTV5	0.9750605745095214	0.9648431363460648	0.9655078298491327	0.9474902338818362	0.9483165685711483	0.952773445405989	0.9654462194847739	0.9821036247016215	0.9815192587908557	0.9674654884518613	0.9662853884042818	0.9631755375518025	0.929275063206325	0.9484273945448515	0.948735916207571	0.948172733139192	0.8377549809503044	0.948283078439743	0.9543346216468791	0.9299845082557469	0.9490474782259983	0.9624061635094019	0.9658677673288727	0.948861590084225	0.9505868788711146	0.9690384699475304	0.9701058562702203	0.9648336011474787	0.9490170036958488	0.9673583083286846	0.9489547190339404	0.9650801083488505	0.965989360626593	0.8382810714422401	0.9654290890453976	0.9770596307240054	0.862827309488785	0.830444510841523	0.9486330802634981	0.9653393503329818	0.9360805312969278	0.9472418292018506	0.9661437923684524	0.9772586015455315	0.9487289785248465	0.948476645560538	0.9650813226162779	0.9651345266250154	1.0	0.9655076169437109	0.9655636507484519	0.9484490790073825	0.9632544865096944	0.9481179907939357	0.9466993606116664	0.9660698364080318	0.9763403813927969	0.9485567990525866	0.9477292885080716	0.9801606362674816	0.9478601714483419	0.9458236185880974	0.9654765786995486	0.9483678822926219	0.9661954702956643	0.9673181369626129	0.18315933874583767	0.9487482354713153	0.9607088208813032	0.9588009670266451	0.9896668008922964	0.9497157018505904	0.96528475754942	0.9477575658247827	0.9634491357940695	0.9655533258193338	0.8467457686113763	0.9481486438236053	0.9696785790143632	0.9653458341872503	0.9637894680239513	0.9478961150261143	0.9525894379838952	0.8377882535085239	0.9422438704826148	0.8385033282463302	0.9888118830477967	0.9479319726081692	0.9487502646983456	0.8320264866446722	0.9378651298035163	0.8591276814726282	0.9491843779933338	0.9654228889980255	0.9632714929000161	0.8468127670035026	0.9484096165057698	0.9615112888247133	0.9753470675615623	0.9527843290747853	0.9486196685210291	0.9806493974560035	0.8383508262329928	0.9490033443838766	0.947379184088356	0.9499707303707896	0.9612131211468384	0.9479284578347272	0.9491571161722149	0.18861157555818175	0.9365783722524595	0.9476227601070121	0.9481863236682216	0.948316950394634
scaffolds13217	0.9829888652107607	0.9808051720711659	0.9805370447467727	0.9608051065411809	0.9619528482094496	0.9715788953719887	0.9807832156991361	0.9708783081436192	0.9719835371558438	0.9789080432530146	0.9815900280092811	0.9685224306623779	0.9346080114082784	0.9742805505823374	0.9618738036023032	0.9584579817927337	0.8350174952089727	0.9615627152698968	0.9674026962035576	0.9342156427350604	0.9593403709726102	0.9566330117896177	0.981466408907631	0.9638234201022706	0.9574585546292358	0.9598757248887924	0.9696971374508356	0.9808075066717843	0.9613317159595907	0.9585941721417864	0.9614648216719527	0.9798582665146315	0.9814104183339529	0.8432826469821733	0.9808482849226127	0.9687733631542749	0.8521960864050899	0.8256718217991943	0.9618588219022475	0.9807532050976937	0.9420472581248627	0.9612078737080627	0.9815439214381969	0.9707835429413543	0.9620941598923934	0.9614762131712307	0.9806369687340689	0.9807251991930823	0.9682622848632787	1.0	0.9807101548973681	0.9584498613918755	0.9680228693809481	0.957817825981507	0.9599518862717352	0.9809288806836816	0.9827929728236515	0.9586012541473395	0.9631671211056162	0.9714343203795195	0.9612892067019733	0.9507735401234912	0.9802216340730607	0.9582338684331694	0.9811453224582699	0.9792022131438431	0.1904725941542064	0.9581647746443533	0.9731238378984661	0.9684953197647326	0.9708880455102292	0.9602316673695913	0.9803116234781429	0.9630996465380808	0.9785124026934013	0.9806796248182734	0.8507579953000769	0.9582131517541643	0.9619486567045018	0.9804440520998083	0.9686644531576816	0.9612521223445532	0.9552205088460234	0.8431106256737699	0.9487325120896465	0.8353229093972088	0.9696951170228323	0.960786238954622	0.9617842227718446	0.8284183963768152	0.9440825230393773	0.8658579476844886	0.9722662583559862	0.9803114806863267	0.9686827120621249	0.8504862341945746	0.9586469921503459	0.9620315900781914	0.977599426310258	0.9598333306093461	0.9585595511170248	0.9893632096082265	0.843243061915548	0.9588408869968424	0.9581461611908034	0.9565382354314661	0.9533632844128602	0.9629363655439335	0.9592959695318237	0.19134772255015103	0.9404550653441863	0.9607073198207824	0.96325398592015	0.9585746802260839
scaffolds13433	0.9803386632167467	0.9962312105664964	0.9983572142040011	0.9738546481534863	0.9738887555860866	0.9682141598305972	0.9986527139145626	0.9824846726031217	0.9841701064479258	0.9931213319983092	0.993226546149093	0.9799678181686959	0.9455149200050985	0.9699716422574896	0.9739482044358335	0.9716522770784618	0.8460955241259399	0.9734450003929415	0.9848434437222124	0.9463130414078926	0.9710711694388464	0.9684714360625499	0.9972168777488046	0.9800427249657561	0.9688898854838156	0.9735052103661375	0.9817982650017791	0.998403629740914	0.9747861266118079	0.97048543329316	0.9737702316344176	0.9979313948556623	0.9979750568658672	0.854012959596573	0.9986901093142274	0.9801562306399855	0.863387651915619	0.8376031033851155	0.9739092055627995	0.9985811267347814	0.954565172128444	0.973334119949106	0.9975841657958455	0.9842107952001011	0.9739043138652689	0.9733589824420465	0.998248048104479	0.9985332099166838	0.980010619040792	0.992949313304015	1.0	0.9716416708751037	0.9808170439533215	0.971012832258234	0.9730319496033214	0.9972431568998473	0.9796740212069935	0.9720079730127007	0.9802554952875646	0.984550081187462	0.9745030815052548	0.963687605859834	0.9975830650181844	0.9711299656967174	0.996954857852584	0.9925850968435933	0.19033594025867437	0.9714277271857698	0.9707002927159203	0.981321972433803	0.982688945656268	0.9737009238757273	0.9982621984211638	0.9803699491913113	0.9966474025650559	0.9985691253177167	0.8630041400771129	0.9716342840858823	0.9749050790098779	0.9981228170271377	0.9800590872744493	0.9745353367343452	0.9668891506884936	0.8540427524592399	0.9600010274523904	0.846541930773114	0.9829424737431498	0.9738520380575837	0.9738784061390003	0.8394723787797049	0.9554365255279452	0.8790780920220433	0.9673840816911662	0.9982897387705209	0.9803148679849802	0.862919924031982	0.9718727173194304	0.9751880150313056	0.9910074226402592	0.9700010923672809	0.9718252620551732	0.9870659918246263	0.8540066135023191	0.9706684324790372	0.970160011676382	0.9682171243902729	0.9660714287632405	0.9808004891643732	0.9713289205201578	0.1894814051610293	0.9519222340616318	0.9742461022206588	0.9809177354746034	0.9714920822913676
scaffolds5A6	0.9870986159232651	0.9920802840222096	0.9935919837481418	0.9933424508910762	0.99331544356003	0.9743602423919862	0.9939823422452407	0.9889789238692592	0.9897632402997869	0.9961461808499995	0.9932667478252946	0.9871142865683779	0.9662754179362458	0.9960045227514509	0.9934495956056995	0.9982448336733498	0.8570710264451947	0.99316806828017	0.9799934271623322	0.9645741180400851	0.9973280972478398	0.9901915730376512	0.9930980020750337	0.9935921251174483	0.9758734525836024	0.9804486837705828	0.9877977679992143	0.993528377493716	0.995969106244527	0.9763596160732027	0.9930161043493295	0.9933535241292444	0.9932695304436105	0.866544072376327	0.9938567884746384	0.9872028348560234	0.8695422238468997	0.8545868216343668	0.9933715018209858	0.9939114781048214	0.9754455711739614	0.9926321104671393	0.9931277514601337	0.9911959781132369	0.9932905814286638	0.9929254745998679	0.9937752363644895	0.9937991523665491	0.986490008481484	0.9928181353765856	0.9938443210812041	1.0	0.9874706291554082	0.9978285462274981	0.9944305245890139	0.9927467299107757	0.9865975260390532	0.9986287595554366	0.9941094096839823	0.9900149066537923	0.9940886147964807	0.9877900536395019	0.9931965467550314	0.9977530860727718	0.9927536903375234	0.9971963488560083	0.19894978021823476	0.9978264500230574	0.9799693282934165	0.9876255400042214	0.989151046333504	0.9950850440738077	0.9934207911349876	0.9942000065030991	0.9919809338832817	0.9939270505689957	0.872264213885505	0.9982347509070623	0.9812344799906414	0.993603117904191	0.985989035495295	0.9940971833543703	0.9876666462815663	0.8659258353285177	0.9660060715310533	0.8573871674961742	0.9893793677726531	0.9935779918119813	0.9934437819694727	0.8560940260355485	0.9755879924803789	0.8875676494154972	0.974422000157829	0.9934994790193887	0.9864490975382706	0.8718000030358768	0.9984441556754461	0.9806786616081252	0.9930421767804902	0.9765658409209823	0.9986099795166954	0.9911216818381949	0.866660376842147	0.9972351149683562	0.9917981785683337	0.9745515712386144	0.9882032092158678	0.9942453520748803	0.9977871779739751	0.19608259940883213	0.9576914569208386	0.9937560629118679	0.9942103508861005	0.9985941819305338
scaffolds12327	0.976331459926471	0.9781417847693961	0.9799362442443336	0.9604163097478557	0.9604432804092846	0.9630289539055129	0.9800394971065259	0.9781095405173696	0.978575644553255	0.9818509998208651	0.9791812633567684	0.9933581264158352	0.9537621529083121	0.9606368253243228	0.9605473031231428	0.9620143975975842	0.8392928837313486	0.9599731474848237	0.966842716882949	0.9419847594411768	0.9614498472751213	0.9615536459971916	0.9789786291760602	0.9610570697973961	0.9825175380549906	0.9684562527927868	0.9769580772921443	0.9795571917442022	0.963628267682083	0.9650967085750457	0.9604447304698023	0.9790238517991828	0.9793391922981164	0.8547777763769109	0.9801932234606653	0.9752099659717696	0.8600810400730612	0.8296978765047563	0.9604192762550146	0.9797854524451646	0.9660123513552367	0.959065691478873	0.9791060331355085	0.979139647293573	0.9605256212135507	0.9601655710098143	0.9797324955976353	0.9798856307432283	0.9758228780542613	0.9788619858912769	0.9798150488594678	0.9620853562939007	1.0	0.9614038844028407	0.959882934568472	0.9788433462446744	0.9758667038758635	0.9622541141420111	0.961440603442104	0.97943850267634	0.9611737823963183	0.9570155999933331	0.9794744720498553	0.9619795797642346	0.9786622661437772	0.9819430104239624	0.18881680740095658	0.961951143158949	0.9630250637490639	0.9768038641426927	0.9783095322037424	0.9635310923292524	0.979484574163355	0.9616581907386423	0.977880929367526	0.9798222287227033	0.8643773092874507	0.9618678185565768	0.9706013197461747	0.9795030715133772	0.9944066556647653	0.9612163270707249	0.9654959513488539	0.8541049844134535	0.9708305104832923	0.8396377915503249	0.9785253900413354	0.9611543090865137	0.9604679889410742	0.8324626132995193	0.9655740612324312	0.875378195020329	0.9769290014774237	0.9794564513862093	0.9959851942196679	0.8644521132734333	0.9620820826041628	0.9704356006256134	0.9785926481206261	0.9823601070547835	0.9621712622808835	0.9807743258744434	0.8549259808538722	0.9615915067375264	0.9665488533421229	0.9797721813820551	0.9589408597945134	0.96178787720395	0.9615150921273627	0.18989699508849542	0.9646876442644101	0.960851165579917	0.9620722697467265	0.9621852132242305
scaffolds5A16	0.9858334701295096	0.9903084289276238	0.9914028030651238	0.9919503964033759	0.991801604339218	0.9726642662763035	0.9920817243936261	0.9879300334345565	0.9879708458312725	0.9943290188313819	0.9917374746771785	0.9864546083064729	0.9660153321319117	0.9955648456104518	0.9922103880173344	0.997253272800905	0.8558445128298855	0.9913676483852523	0.9774730881545548	0.9644739770293141	0.9956208435005283	0.988622421614848	0.9909440703259832	0.9918308332015704	0.9738714501228901	0.9791973425400268	0.9874937067205274	0.9912881410039984	0.9939574303811922	0.9750864175444439	0.9918065791768659	0.9911772880070916	0.9921282854874293	0.8668756569808427	0.9916240383258443	0.9860563294105574	0.8692499550737919	0.8546944617940399	0.9915462420675861	0.9916757947742001	0.9746617952426971	0.9921190810864059	0.9913616769872111	0.9895002022819379	0.9924609382909942	0.9916199671525896	0.9914739952590435	0.9920303605353203	0.9856664800804876	0.9905884268950714	0.9917131029181989	0.9968728417883751	0.9857346686706298	1.0	0.9921543285619133	0.9913630270863896	0.9842648141496834	0.9970388296966868	0.9915712468144614	0.98872154170856	0.9924272805904621	0.9861985437196037	0.9909568408511663	0.9954964222089714	0.9909847284761092	0.9962636586889893	0.19502199076702578	0.9961353249134257	0.9789704051135992	0.9855838056875748	0.9875750128850902	0.9938286950603379	0.9915932194865258	0.991898540927105	0.9894233410285811	0.9917518126181649	0.8711075904116684	0.9973271970211284	0.9797879621732648	0.9917357169440773	0.9850487321962104	0.992522781993913	0.9861400592202958	0.8664328832332956	0.9652258450763228	0.8562351939279006	0.9867436863510501	0.9913732460603972	0.9925339453259862	0.854807840538896	0.9751085905208535	0.8861373718671285	0.9738979003214016	0.9912860815381335	0.9848382239968956	0.8706807790021014	0.9968734577006061	0.9793538052907326	0.9913921463237003	0.9748761163839811	0.9969607663793943	0.9888176232365508	0.8669853212680902	0.9954134161224212	0.9902408756388338	0.9732580257330407	0.9868877441533208	0.9919696328618394	0.9958614582213098	0.19894702113122864	0.9563998264539015	0.9924357575889186	0.992007589993868	0.9967155742301617
scaffoldsTV105	0.9859265920421945	0.9957223626153731	0.9971788920069626	0.9973526128705712	0.997543745508238	0.973276135531811	0.9974947727428649	0.9879115834150839	0.9888812427119155	0.9963495415612681	0.9969323187802284	0.9870239178270307	0.9666413494937328	0.9947806484977813	0.9974577681841612	0.9963454487508487	0.8585325170314825	0.997142454558194	0.9835821894444889	0.9674311241016009	0.996074799730028	0.9901294159318709	0.9968645188129961	0.997628373659374	0.977107538920332	0.9796642460888149	0.9865979016150507	0.9971387990655904	0.9959903343621306	0.9762391894940791	0.9969845645126912	0.9969655169117178	0.9967117530069042	0.8673144307528873	0.9976156232391088	0.9865300031725605	0.8699961358059034	0.8535160535627514	0.9975035819337505	0.9976639120937643	0.9757290358675388	0.9961945398600004	0.996963166942211	0.9904651176489669	0.9974202144392639	0.997780193359993	0.9973610645562481	0.997511129666515	0.985067302456936	0.996560724796736	0.9974484465117733	0.9965876520246845	0.987114705052015	0.9958827327864151	1.0	0.9965548574849762	0.9856507202843766	0.9966762985793036	0.998300731901277	0.9891549917331122	0.9981945625047792	0.9886988548621759	0.997033532617485	0.9960798415163823	0.9965132695634654	0.9967240217616155	0.19530943455507793	0.9960164316431863	0.9801059350334534	0.987879811943243	0.9875054563938546	0.9955076501245268	0.9970297511658427	0.998311737808658	0.9958941069735998	0.9975550255660552	0.8704383303687997	0.9963112151795115	0.9803300883628616	0.9971097645486113	0.9856692275085853	0.9982376435678426	0.9880992914243949	0.867042758653623	0.9663701921778494	0.8588643739626023	0.988006300144903	0.9978194609052846	0.9973775279971239	0.857252862256431	0.9758402177262461	0.8835314246224659	0.9759955103000951	0.9971322334094558	0.9863999570691124	0.8706224032648852	0.9966307425701851	0.9786441597075374	0.9970106560952778	0.9765025769150536	0.9967193085761946	0.9906105604633647	0.866914892823234	0.995388561863927	0.9917492939021278	0.974844432840348	0.9880766663934802	0.9979992915182806	0.9959498935318364	0.19563652293166092	0.9593041633501833	0.997821318606398	0.997933068334304	0.9966964053691751
scaffolds13986	0.9765269675475158	0.994761812105978	0.994710142057674	0.97057409255712	0.97213807718029	0.9646897503197732	0.9949944028008793	0.9802954686667782	0.9814741648594595	0.98951410398018	0.9913808247159812	0.9782539404719757	0.9433452219114757	0.9683545568442367	0.971871797609173	0.9677822778370214	0.8429250410428393	0.971321294082118	0.981355867837456	0.943277698535603	0.9687271135854383	0.9662344894382782	0.995759627520639	0.9776773964549623	0.9658915870778221	0.9695097444313971	0.9790566331109424	0.9948802499454118	0.9714233939644291	0.9680009280009098	0.9716056721503564	0.993927290626207	0.9956291470452566	0.8525947740926383	0.9953310841599576	0.978324360195398	0.8603927349003558	0.8345567739650154	0.9716789782232941	0.994925758847456	0.9502082438382746	0.9710720284366999	0.9957199747723622	0.9804642816671271	0.9721225243241168	0.971355957221965	0.9946243980035417	0.9951875388403459	0.9776286753349611	0.9912889192589367	0.9949237069466895	0.9676767468182995	0.9774662525963834	0.9674204875515835	0.9694161920405923	1.0	0.9762196042482052	0.9680548078900638	0.9772185180741916	0.9809247400047495	0.9710512028191017	0.9600818949511498	0.99472805628617	0.9674716854637643	0.9950772875673429	0.9889008383813028	0.18955758831128172	0.9676364180129906	0.9670857385763719	0.9783349969802233	0.9803774403505608	0.970638880895424	0.9949643719603402	0.9770067770361608	0.993258747996865	0.9946585073398377	0.8600973680614629	0.9676540875330869	0.9711187918162909	0.9946292200770882	0.9776814214604818	0.9713330942033724	0.963673442084742	0.8523256958772164	0.9583029671333536	0.8432126421267149	0.978509568286609	0.9704264296466492	0.9714937516116248	0.8361643450742197	0.9533369194692637	0.8765738173456166	0.9649926035959402	0.9944068219965106	0.977633006235125	0.8599788926351042	0.9680470191523244	0.9716494564659287	0.987358572477396	0.9683034724373659	0.9678458505315467	0.9832896155770402	0.8525501959618704	0.9679817455512028	0.9680306901316312	0.9648068903314397	0.9623643462462861	0.9775996310456079	0.9687156264403207	0.19247435284434256	0.9485452696042664	0.9704595272054339	0.9774988019357223	0.96748445282894
scaffoldsTV70	0.9829833172895011	0.9540832008583798	0.9560917332800203	0.9377800556154384	0.9376617210134742	0.9569685068240228	0.9560708624992039	0.9664277687845647	0.9666792781636394	0.9566937853896349	0.9553255603375029	0.9524799548893949	0.9173413719973742	0.9532650340741896	0.9379753198091719	0.9386006239375462	0.8215882952840231	0.9374503490066532	0.9432016387395872	0.9182625097268641	0.9381653834075504	0.947278096042984	0.9550448628731973	0.9380374470583311	0.9416070808159547	0.9562253882057257	0.9572871761811304	0.9554594870326897	0.9389936850189267	0.9501506441469689	0.9381225802740938	0.9555227373512736	0.9551546037087859	0.8275556412273789	0.9559944495136825	0.9628808859376388	0.8515023296692489	0.820722789703584	0.9379222000955151	0.955928935536463	0.9273536482544792	0.936714485671147	0.9553945944361957	0.9635537639187242	0.9378991790044852	0.9376621089499559	0.955948918710738	0.9556478752970647	0.9638657327410436	0.9705860451314127	0.9560304831273391	0.9388319619959847	0.9537529934451776	0.9381580833094528	0.9381707265976784	0.9550226430787593	1.0	0.9389275850025162	0.9386789810354229	0.9665549882945237	0.9385347789636372	0.9360060262880985	0.9558187092948658	0.9387936593868775	0.9553357855602576	0.9569873574575275	0.18249238323734837	0.9387785473875288	0.9626216516890294	0.9504989748520152	0.9659421546681491	0.9395391162055424	0.9556763742047569	0.9382978318758556	0.9540546260109861	0.9561009665416882	0.8404975131319019	0.9384989862592832	0.9560242763729796	0.955661615515194	0.9529384732909411	0.938580206666466	0.9414851943721809	0.8268115129585009	0.9356959557071717	0.8219593690788133	0.9666432418661682	0.9388520295184158	0.9378877302703876	0.8149692032736076	0.9264445839455273	0.8496712149759874	0.9562200112317252	0.9559921489367341	0.9526532095788375	0.8402206299201023	0.9387473095794809	0.9507476010517035	0.9619363522302254	0.942984017711688	0.9389324891623178	0.9834280800831416	0.8275758259817645	0.9380246801386871	0.9371402080373029	0.9407685287055335	0.9395137248111034	0.9385439644649101	0.9382008865322041	0.18607499073218348	0.9250287537235935	0.9381155796203983	0.9387930339477377	0.938944763514063
scaffolds5A19	0.9831542597419167	0.9884960692161928	0.9903706310615205	0.9899987300782175	0.990013246390134	0.9705856944140114	0.9906740481999305	0.9850035460614438	0.9855149344347781	0.9929996572695693	0.990041966758261	0.9832810375682448	0.9631328542848805	0.992500957291558	0.9901561192367828	0.9946843304354955	0.8536448841761718	0.9895260952190064	0.9767961638696121	0.9620254510900215	0.9937163034793799	0.9866953047756286	0.9895231171723491	0.9903311660230083	0.9725810857957751	0.9765841421042314	0.9839126270344057	0.9902574670450132	0.9924910304526308	0.9724478461842283	0.9896893426772247	0.9901147182211235	0.9900483169046982	0.8634659723494283	0.9906309888638037	0.9832977213409178	0.8677279704431271	0.8521008832588065	0.9901103905566806	0.9906744097588738	0.9721157775869124	0.9893704153607832	0.9898987591173223	0.987233009415427	0.9900447520246144	0.9896524212892605	0.9904425832283821	0.9905904924388146	0.982676711937182	0.9894892919398885	0.9906209141135162	0.9949711847481101	0.9835769030716718	0.9942687732641028	0.9907786096167441	0.9895249631774388	0.9826408090073894	1.0	0.9905516040162227	0.9861167039856441	0.9907048555866406	0.9843561785242818	0.9899838018546557	0.9939075360736516	0.9894327097313672	0.9936338280240437	0.19894952567625418	0.9942453941152556	0.9764942493078547	0.9837749999417265	0.9853423710073663	0.9915633248187549	0.9902139101061351	0.9906171106534466	0.9888318512186595	0.9906354775515872	0.8684832210889247	0.9947124446598369	0.977536759584563	0.9903120950822675	0.9820937419598829	0.9907560608237662	0.9840253799908647	0.8628111338136294	0.9624690522077143	0.8540018026660119	0.9851683982380084	0.9896361482123287	0.9900107544523417	0.8527218510747542	0.9726956836979357	0.8835950887803725	0.9715656704478014	0.9902830693756863	0.9822576252805324	0.8679850439779541	0.994890174247211	0.9768971802164005	0.9899454956760984	0.9733044924262961	0.9950528935057908	0.9873289488562719	0.8636045765781044	0.9935948158643293	0.9882804291242636	0.9715389916526638	0.9851516666301422	0.9910162694072011	0.9942855392584986	0.19690860334872284	0.9550898026349061	0.9907724434783174	0.9909720186329595	0.9947378701637963
scaffoldsEF13212	0.9792010339688955	0.9958949292121387	0.9974749205370519	0.9909937132283864	0.9915451944728625	0.966825803478188	0.997830380104178	0.9814331533298293	0.9824528274855431	0.9916561882681179	0.992635891567475	0.9794365702935816	0.9605459674842174	0.9867229139877111	0.9913878394129462	0.9885139518895724	0.8534468459569844	0.990915465997087	0.9838677392386701	0.9632849980188946	0.9882978851624936	0.984784209168391	0.9966815368410686	0.9975454964636361	0.9695890273422894	0.9729285640130683	0.9802651094174838	0.9974553348845713	0.9916940395779407	0.9690421166814757	0.9911927130449752	0.9967415108146394	0.9969596096011136	0.8633570091553016	0.9980289014617556	0.9788945205333317	0.8670466017965536	0.8515379093761044	0.9912406656732801	0.9977558686655393	0.9701248062270127	0.9905611792359568	0.9970591607612423	0.9830702646052483	0.9915002332357418	0.9909527027024492	0.9975757807493385	0.997804278739741	0.9789891380084266	0.9925028405161397	0.9976272895000561	0.9885169285573413	0.9808130748536148	0.9877791993290967	0.9907743075595603	0.9968834524298944	0.9789117009210001	0.9887073134468851	1.0	0.9828295511881737	0.9921261250042956	0.9810279677015701	0.9972648545812802	0.9883047342317528	0.9965423214484413	0.9913774027623934	0.19349390853996787	0.9882903264869203	0.9761274545944452	0.9801627733776799	0.9813871528095782	0.9911937068748402	0.9972584356172131	0.99801031532259	0.9955576129424717	0.9975657850687761	0.8673609140581771	0.9883498091435757	0.9746471842178034	0.9971608106725386	0.9789795609604409	0.9922130303560976	0.9839012604417705	0.8630131668298714	0.9597065668598506	0.8537340632031162	0.9817364274459843	0.9919659921071102	0.9911283433720081	0.8516778066984191	0.9700836137923071	0.8815142947940663	0.9693234478054605	0.9972518465543834	0.979403139618749	0.8672873824153948	0.9887360441841663	0.9739448214003132	0.9905853810143426	0.9700593228180777	0.9886308215387377	0.9854724061598095	0.8632460666625213	0.9877205766047176	0.9871859862285959	0.9681972712978192	0.983478427536796	0.9985751447101983	0.9880433982304216	0.19294310402511128	0.9517949476334892	0.9912363308842019	0.9986189389858252	0.988571734519908
scaffoldsTV19	0.9900616422718961	0.9834847821441082	0.9845117736799699	0.9664797823650954	0.9670973241902804	0.9682503600261632	0.9843946204686417	0.9952196885876358	0.9969698464393159	0.9849143561192307	0.9837193181726407	0.9793179744661863	0.9456831029966696	0.9662464881959532	0.9664255812600495	0.9668821919179151	0.8442847409642751	0.9666463639481188	0.9712429538119224	0.9465807205364128	0.9673731853349096	0.9772378436362578	0.984383128811272	0.967284031293685	0.9679084382833208	0.9845479537409394	0.9874497858904333	0.9844732775265894	0.9683067635878402	0.979652108818985	0.9660158639657056	0.9839559686615097	0.984175099773971	0.8513136270987933	0.9850117530578669	0.9925344914578403	0.8668066403483334	0.838954104688837	0.9669658616326671	0.9848932680123503	0.9530865496106463	0.964693315822495	0.9847468264217727	0.9926954689629346	0.9664489306920788	0.9662734511058341	0.9842345729337418	0.9844040387838082	0.9927384871919525	0.9839019879178321	0.9847855060206182	0.9664213904860922	0.9798746344593268	0.9667514181948031	0.9656765072837935	0.9843486258197571	0.9919407250814825	0.9668622102972849	0.9666924952871342	1.0	0.9666319058279605	0.9639682069322653	0.9844302741900467	0.9663917407420286	0.9842987230486645	0.9864183944941664	0.18755131636958688	0.9666573920331843	0.9760105512533798	0.9778219118865563	0.9956304850084923	0.9687382110279696	0.9846236779877383	0.967042630221469	0.9823070217444623	0.9848886600433825	0.8579517946220617	0.9669255669019511	0.9849892330412313	0.9847477187749556	0.9797501462869024	0.9666423285981874	0.9690206023671916	0.8506819496829678	0.9593438237881895	0.8445781690657767	0.9953394219388484	0.9669109558369369	0.9663437733279214	0.8371492661350781	0.9546429283308484	0.8698498895143236	0.9664121755603484	0.9845331395743132	0.9791347063063257	0.857637130624449	0.966766324735125	0.9795492301593196	0.99043947484958	0.9704849513918496	0.9669496682388258	0.9969824089889854	0.8512645530903771	0.966882372243403	0.9656312537781001	0.9680278676030463	0.9685326069916518	0.9671088588848779	0.9671818220133055	0.19551820143791152	0.9509124490585149	0.9665861995701485	0.9673624902113594	0.9665281349961176
scaffolds10646	0.9791792500185912	0.9903146075407022	0.9918562012897819	0.9922141480196423	0.9923351899544414	0.966330106736934	0.9923186682215783	0.982379420496436	0.9831479304611744	0.9907616356143784	0.9915304480201307	0.979401303218681	0.959912640270634	0.9869965279227775	0.9923465058140142	0.9889790313561201	0.8533599987453726	0.9919076256821198	0.9782023852921212	0.9617060462417686	0.9887406874092308	0.9837737283185668	0.9914765015843715	0.9917795371858484	0.970189088409665	0.972904863252221	0.9812722379542379	0.9918461472014388	0.9899474858630476	0.9691327064454084	0.9918717138654011	0.9916501752374547	0.9915314639125568	0.8612101066455292	0.9923195619916385	0.9796463148524998	0.864555942582135	0.8477533375612538	0.9922003365139714	0.9922434333448249	0.9690234666108795	0.9907746087396931	0.9915041014798424	0.9839088175059801	0.9923296656818245	0.9922736329332992	0.9920406880238231	0.9922441468099273	0.9797328801718144	0.9912905696239315	0.992137904124738	0.9888795027193705	0.9811805331279756	0.9881238855361187	0.991066356537928	0.9912057018986429	0.9785572121581255	0.9891710451484914	0.9926124554362267	0.9833701018095975	1.0	0.9803451664116274	0.9916815109055331	0.9884954883234948	0.9908911419897466	0.9907263645532621	0.19391904860608064	0.9885057606609995	0.9746387555067009	0.9807663656260464	0.9820642449524347	0.9901162037724912	0.9916717159496432	0.9924449040983664	0.9908976519765026	0.9919101978840787	0.8638082946464591	0.9887765054441368	0.9751390999182622	0.9915758601882061	0.9793916075656166	0.9931236019925224	0.9816678767322597	0.8605185870079587	0.9598758012240464	0.8536974562232771	0.9823281399338584	0.9921067397963623	0.992235018422119	0.8513105806497323	0.9691036391540994	0.8788335418548922	0.9687363502935237	0.9916875930184467	0.9797525397273947	0.863916976722807	0.9891825899389998	0.9735526984814032	0.9916455576900619	0.9700603737957121	0.9889603576926813	0.9858122456113867	0.8608214562603775	0.9879144124602153	0.9860102856176971	0.9684404689714903	0.9820628285532225	0.9927099895398537	0.9884115907541867	0.19299001995953294	0.952059092179048	0.9925846256272496	0.9926971983371189	0.988851103797509
scaffolds121VP	0.9914625734832239	0.9913326423945601	0.9928214409550584	0.99254846133393	0.9928985702639109	0.982654127943662	0.9931133395569934	0.9938956673006262	0.9943317019069134	0.995135155174008	0.9924620579277175	0.9910962997224518	0.9735490889667766	0.9945214174410191	0.9929115322864488	0.9959235996176522	0.8568075051051215	0.9924810805453351	0.9790677324762199	0.969736548887311	0.9953961074377679	0.9936208323966963	0.9922413881558725	0.9932939444780696	0.9819118001966864	0.9872771005233069	0.9927072725026979	0.9927909288499285	0.9959126808694609	0.9808022487280922	0.9924016148757955	0.9927812338571265	0.9924293531701138	0.8704407437747604	0.9931139616023313	0.9952329883022317	0.875299585059205	0.8598935418745274	0.9930455480256736	0.9931279039504308	0.9823687004091257	0.99213630323285	0.9924014516407108	0.995855156257838	0.9928745471355879	0.9927685375559969	0.9929604289051798	0.9929998704293239	0.9911626118756841	0.9919694994622595	0.9932414026994025	0.9962970686748291	0.9914127770735129	0.9958940047331212	0.9937147108355292	0.9924103526898879	0.9907447374213263	0.9964339281532857	0.9935401022776131	0.9946551839156987	0.9935351399059135	1.0	0.9924474848282125	0.994968772029398	0.9920038196771844	0.9962724933689536	0.19268628653097564	0.9953922573566263	0.9849072920143271	0.9919003092993444	0.9939602462573135	0.9969316967014584	0.9931346053561896	0.9938485233516472	0.9912448838539641	0.9932452374317793	0.8783498088515136	0.9959213276391341	0.9862000871038531	0.9932212646103171	0.9907131102406895	0.9936170666027463	0.9931031527076187	0.8700714532855082	0.97246387351505	0.8572043864598802	0.9938839217675616	0.9928924062916852	0.9928192483602292	0.8555076239322614	0.982350829994821	0.8864791646782062	0.9815616944318656	0.9927653064417487	0.9899617976717955	0.8778758364495619	0.996092837645431	0.9856693915806808	0.9928097986269083	0.9829624755943754	0.9963512555131625	0.9958387835246754	0.8705352373761548	0.9954582788349907	0.9931826207472326	0.9813178419590171	0.9934744041183711	0.9934842254737322	0.9955572738905126	0.199839583634248	0.9645665041794669	0.9940129403152886	0.9935838296376562	0.9960593447363879
scaffolds132VP	0.9798029521777376	0.9964843421279912	0.9985459794701526	0.9739106132348342	0.9741172869236794	0.9681590404079926	0.9983959818528804	0.9824007252755439	0.9834453541180098	0.9932608144694524	0.9936044897746348	0.9799920821567186	0.945671122983076	0.9702766877833088	0.9738536096926125	0.9712640577344188	0.8452638393469954	0.9734503488337835	0.984975194181404	0.9472918800915232	0.970912812012531	0.9689642672657919	0.9978683000808456	0.9799004171624663	0.9703950697941004	0.9727982476631475	0.9813516212699465	0.9982724383955494	0.9745717957049705	0.9699404041696055	0.9740578540240193	0.9979222624542273	0.9977759304124145	0.8546795244651866	0.9987924319734138	0.9802071385536809	0.8632546874626343	0.8364695991050575	0.9738488863227741	0.9984936225452651	0.9545971724006478	0.9731009919298501	0.9979118831046078	0.9838117997302167	0.9739211303552305	0.9733464271640055	0.9983119513519093	0.9986359100784702	0.9801629285102721	0.9933343245389422	0.9984765595036487	0.971233294663372	0.9807322476477164	0.9706425264519166	0.9730166278118055	0.9977854215850909	0.9793338086533452	0.9716006768535758	0.980565022895612	0.9842383292807757	0.9745232212164765	0.9636171888069187	1.0	0.9716734177926813	0.9976702525266178	0.9925074857887162	0.19131584343965902	0.9719214402927315	0.9706162003103891	0.981909675532124	0.9830381805136766	0.9736445806381703	0.9980366879871769	0.9805995399341431	0.9969629592286313	0.998266696425486	0.8618938474830284	0.9712297190641138	0.9744899940345896	0.9979192079407664	0.9798750895495262	0.9745966339192018	0.968474204360676	0.8546083819658894	0.960192157772224	0.845561094913339	0.9828101615319107	0.9738656918698925	0.9737117139388438	0.838629463986726	0.9552659368757124	0.8782548763909923	0.9683153017152456	0.9984033498903033	0.9798994338460567	0.861821441934215	0.9716036726253215	0.9748475187896264	0.9909062644422933	0.9710388846775071	0.9714358525757989	0.9864173512080829	0.85464616870751	0.9701614918460281	0.9699677828162183	0.9689645584842869	0.9662091654479067	0.9808170864417499	0.9708904866640615	0.19219946073487487	0.953301261150925	0.9740269060177655	0.9808559115020058	0.9710886594413786
scaffolds5A8	0.9840366801582562	0.9892271947752698	0.9911747243475371	0.9902431198572913	0.9904171141444132	0.971345679205961	0.9911243759723763	0.9856231310888809	0.9858520145847813	0.9937466886287237	0.9904708330625356	0.9836083121856317	0.9635567218206629	0.9929732378715033	0.9904305920848541	0.9948743163700515	0.8539910029351578	0.9900163883917505	0.9773212552564416	0.962515531698973	0.9942862367965587	0.9876488058563716	0.9901446693881449	0.9906397880655932	0.973264063661411	0.9770936559194463	0.9843418968133592	0.9906478587058278	0.9928696429112218	0.9731116227129981	0.9906929536570752	0.9905052209880278	0.9904310802000096	0.8640165456598815	0.9912274690987648	0.983751497338353	0.8678369152448547	0.8521913559872397	0.9902786522128574	0.9912604373113649	0.9728991619185361	0.9897047165406418	0.9903843745697477	0.9875923869887736	0.990447900966135	0.9900314742028883	0.9909628297683266	0.991125774460733	0.9835900768050541	0.9900943593030862	0.9910238775925205	0.9950273133814546	0.9842249446658227	0.9942380182206966	0.9914941841894649	0.9901137455677436	0.983246347752131	0.9951601149029583	0.9914665849515807	0.9865756061584254	0.9911873880153601	0.9845227726662804	0.9912420910353387	1.0	0.990282222176578	0.9937123363860535	0.1986935435704947	0.9954696963322655	0.9771036381037174	0.9844086014923346	0.9861472910034796	0.9915677315194401	0.9905783063828376	0.991141117431535	0.989428215774174	0.9909204759300803	0.8682860271125367	0.9948314831316796	0.9780360218975067	0.9906067640613037	0.9826650850327209	0.9911451729816803	0.9851669088327546	0.8633897810600837	0.9627812259222754	0.854354626100265	0.9866219999570134	0.9911744919154611	0.990308252407049	0.8530260776406197	0.9729817682248149	0.8837769533768259	0.9723581706467969	0.9910496199959172	0.9829157098899928	0.867805211986699	0.99521021034568	0.9774688889275556	0.9904414939158539	0.9739926055358702	0.9951296484600091	0.9875687023765489	0.8640027016504704	0.9939547040405723	0.9883393082045355	0.9720902519904077	0.9852389348462047	0.9916299980881191	0.9943141740188397	0.19721340574033583	0.9550523128543773	0.9910493451016682	0.9915170945888152	0.9950457299580734
scaffolds131VP	0.9798736731848591	0.9976603955455342	0.9980152115818327	0.9738604684901531	0.975079715610308	0.9674876195561372	0.9979444815349429	0.9838524473648559	0.9848145748992074	0.9927590843559806	0.9945888713912472	0.9810078141736349	0.9463995066205363	0.971104495598743	0.9749707629944607	0.9707302774699567	0.8454439627144108	0.9747312832126916	0.9845642172950119	0.9465126783397254	0.9718493615860231	0.9693887856049831	0.9987494646308869	0.9809381739552023	0.9701289084133963	0.9727054247976102	0.983005209022785	0.9976122646613286	0.9737956505581075	0.9714282304732375	0.9752034843239885	0.9975982103273718	0.9986819079528911	0.8534352143441246	0.9980605227868292	0.9816142765615862	0.8631209377962886	0.8354500557038679	0.975033704569955	0.9980017277220092	0.9545221664359915	0.9739492924422948	0.998878747996235	0.9837327719384823	0.9750550169648401	0.974860627312843	0.9979442920492834	0.9979390351624053	0.9812267833974156	0.9942887898578562	0.997950995779835	0.9709716502249938	0.9804172139966608	0.9703361776086328	0.9731418809918039	0.9984664220953373	0.9794715191853595	0.971099101336272	0.9802223757858913	0.9841404059853618	0.9743210472592315	0.9629242638052817	0.9977778954206383	0.9709851245213185	1.0	0.9922874140049412	0.190162916549314	0.9710031958505777	0.9700498742030738	0.9812874335099427	0.9838428524942445	0.9728875266172514	0.9975135804602037	0.980210339307238	0.996436766570747	0.9980216882739091	0.8613844139461219	0.9707191804051211	0.9745367900319435	0.9976929693947495	0.9811754389413974	0.9743557670243159	0.96749565564577	0.8532313220557475	0.9613688661622882	0.8458120316042913	0.982775196099684	0.9739214883528606	0.9749444053944862	0.8383840670909325	0.9551985267912732	0.8769629744900876	0.9691814338635986	0.9979462626817808	0.9814929987328415	0.861551979574976	0.9711003665143567	0.9743303421597501	0.9907309458958844	0.9715539826725799	0.9711026489969422	0.9857964967449386	0.8530917595745914	0.9713509255454924	0.9707429284825395	0.9688617680159878	0.9653841503573901	0.9803272364473676	0.9718247575016862	0.18940577716061524	0.952481679168163	0.9738560244009188	0.9803174774413677	0.9710632621408991
scaffolds5A12	0.9744138723588268	0.981043258612272	0.9824278943301363	0.9643077463584937	0.9643270095677112	0.9613568365417682	0.9834920672632032	0.977637488676694	0.977982113313876	0.9932246435456614	0.9827487186996617	0.9737567277588391	0.9399562382100465	0.9656678186541965	0.964590982081959	0.9674821046932657	0.8377415534373528	0.9639193683954013	0.9689154561201742	0.9472941025937124	0.9663284930998443	0.9621688663268132	0.9821044563665967	0.9654563421087355	0.9633080956102481	0.9678485954593888	0.9775815476034045	0.9827033370134624	0.9677889715178424	0.9717295536843981	0.9638463619219649	0.9822256674262447	0.9834852370848439	0.8533244130268892	0.9831951910766363	0.9744792653416292	0.8552834453951268	0.8293581123831716	0.9639333846361448	0.9832448655070154	0.9482673466513535	0.9643825229938777	0.9825408973272616	0.9777885998177431	0.9649474172178744	0.9643499202600929	0.9825672252490494	0.9835360442862898	0.9747907797523819	0.9815960494846698	0.9827833792492918	0.9668494559914742	0.9741563594137151	0.9671026605296701	0.9629434511524896	0.9818984454260596	0.9727059579008952	0.9672725270817345	0.9654110552256833	0.9790119424279204	0.9649682992532623	0.957223813434462	0.9821631760108467	0.965803833916287	0.9821772577243999	1.0	0.18856497480273476	0.9665120368951223	0.9648767136867108	0.9739731440378591	0.9766988945926988	0.9673786623151798	0.9823054173308197	0.9657118038714682	0.9811023850760444	0.9831470151415271	0.8539183270694177	0.9674676708319809	0.9701153167178291	0.9827766641075656	0.9740787381169822	0.9650544212905138	0.9621026727676745	0.8528671130457726	0.9537873646359805	0.8381205563683903	0.9768704500182649	0.9635313678701551	0.964824874702868	0.8308067190027383	0.949104839030405	0.8703143738936674	0.9603454698186141	0.9826808369658493	0.9734858798116989	0.8538449221795696	0.967146812063855	0.9679325477315524	0.9809512068774918	0.9642341220326021	0.9672182845459625	0.9799557618670559	0.8532688362921599	0.9655803884432097	0.964431821164924	0.962467994595798	0.9700172975644406	0.9654071360600476	0.9660886112750322	0.1929722654070906	0.9467169949600474	0.9648220868992164	0.9658414037859984	0.966928698355179
scaffoldsARL09542	0.16115113478121637	0.16502317894782625	0.16507082571838966	0.16530491431798433	0.16488682947356526	0.16120530788102497	0.1650811560935577	0.1611319621936874	0.16052777807175803	0.16508488486678155	0.16484080388792632	0.16161849971123163	0.15971198765374428	0.16531521179640163	0.1650747542540358	0.16538483363202414	0.16326508832310935	0.16503962157628793	0.16498851460859687	0.15990202191954847	0.16503877552387713	0.16136764347333685	0.16514782049407772	0.16465734034084484	0.16052873811830587	0.16047277398051862	0.1612727328092785	0.16508162670584134	0.16506165277765028	0.16116884136305282	0.1650766458508524	0.1649023655806458	0.1648789159967306	0.1594525727682787	0.16507972379111469	0.16094990699482015	0.17863667399216715	0.1798742271768311	0.16496914722353467	0.16504754951863243	0.1601073440311658	0.1654366780662321	0.16503708596447866	0.16129500141227618	0.16515098280665425	0.16507938938974293	0.16500191202469297	0.16488166368454893	0.16077965282832524	0.1650795289237361	0.1650722394556568	0.16446456577499452	0.16183648213424612	0.1644912741768281	0.16492996775608978	0.16508585205030155	0.16122805296125503	0.16503791881259727	0.1650955369184281	0.16112279261602414	0.16517588436043634	0.16055355373759636	0.16508936185189807	0.16508260521950027	0.16436168061451298	0.16468581234333307	1.0	0.1647499101659591	0.1605623580696903	0.1651755664212439	0.16110619219255004	0.16382981758964518	0.1650770845859873	0.1648027000676443	0.16507951094047396	0.16444971240393036	0.15843248740491211	0.16526583839030748	0.1601625004555221	0.16462230341960934	0.161196104215805	0.16507152751570667	0.16038570788717638	0.15938360325006115	0.16076697332906822	0.1634699326609512	0.1610634721331246	0.16492328942934759	0.16505991396235645	0.16329220105417028	0.16092630599263105	0.1668548411278541	0.16018445973191914	0.16504943629322155	0.16109807964032388	0.15835361614064206	0.1648292640980789	0.1612126881614516	0.16505499260410017	0.16068735825149646	0.16446495711112868	0.161215989457035	0.15947169849076712	0.16446446916401886	0.16505998196909746	0.16065870231765364	0.16113300326020347	0.1648892191849598	0.16494470959538376	0.1745644389842564	0.16063753802274636	0.1650629036242661	0.16508352420803027	0.16446477381136806
scaffolds5A15	0.9872912206158458	0.9915062166078568	0.9937131989827706	0.9928239300350327	0.992973748502092	0.9744690902250931	0.9936209373450058	0.9885071700163047	0.9891078805899561	0.9959401301013093	0.9931629483449496	0.9868084455869155	0.9664300165835998	0.9958382669903869	0.9929801853664654	0.9977152712189131	0.8567125247498458	0.9927748269873488	0.9798499015242564	0.9649378936093256	0.9971657777367183	0.9905327690647046	0.9930452095076645	0.9932965465756493	0.9752945152473046	0.9800952293734884	0.9873438442178487	0.9932833984091174	0.9957339177029851	0.9759468122049751	0.9932186597083372	0.9929757580965937	0.9930087680272176	0.8669184416719847	0.9937984511150731	0.9866616656823226	0.8705047861676342	0.8552793830835761	0.9928280319054091	0.9938042711298158	0.9757991797928994	0.9925863129959909	0.9930150494244366	0.9905565607068226	0.9930763232698644	0.99238437676546	0.9934311099208617	0.9936937952839773	0.9866094277792873	0.9926535972600188	0.9935740787979372	0.9979883416287866	0.9872907999861462	0.9972897392071968	0.9937333187991841	0.9926497876143389	0.9864293588806019	0.9981095051106599	0.9936785770246535	0.9895640086675463	0.993655418065929	0.987740880936709	0.993745789188261	0.9980908715891263	0.9929378546826195	0.9967462719036684	0.19800046740511482	1.0	0.9798684597778334	0.9873715664678331	0.9891718871101793	0.9945103304573516	0.9931401672169807	0.9940786440529925	0.9915960185894106	0.9936074892970849	0.8724105004343793	0.9977579698967555	0.9805780504108914	0.9932515933716008	0.9858855652669816	0.9937001660117244	0.9881312112429196	0.8662680723225696	0.9656767117173056	0.857009985392294	0.9893159736715716	0.9933919543592395	0.992956391772113	0.855287586818104	0.975822410464884	0.8876331451265282	0.9746331535985557	0.9935860277190413	0.9855631436339405	0.871904659265409	0.9981161650932625	0.9803413271706862	0.9926704498990314	0.9766895951677931	0.9981199360714761	0.99073526862346	0.866863977568106	0.9968911220625051	0.9912017693201296	0.9746694134414777	0.9883437670825999	0.9940771930450143	0.9972562736903562	0.19711711082923877	0.9574670027686434	0.9932513145235564	0.9941017252738296	0.9977219091844174
scaffoldsAR0036	0.9821719837077675	0.9588166376424666	0.9601183936429823	0.9467144658582343	0.9476222988979982	0.9615792551537748	0.9594701271476334	0.9642498878026358	0.9649018452486524	0.9619780602368435	0.9585027157789758	0.9532327688682083	0.9331266044929457	0.963997335280464	0.9469257356069367	0.9475914496130771	0.8357696338161237	0.9470449647880781	0.9499423516340907	0.9387466049154024	0.9478601826965235	0.9568459792447381	0.9596028949428703	0.9481387966418092	0.9494033304512932	0.9628975508735347	0.9592479217059123	0.9595945175815573	0.9506393993359203	0.9591945913483907	0.9468909817059267	0.9594747198553779	0.9593186672625208	0.8389788323244759	0.9601521364172506	0.9624593402678292	0.8611893424594725	0.8336472540222291	0.9473059251848222	0.959990946874083	0.9397470383540858	0.9467423013484632	0.9598540318485436	0.9691868385224817	0.9475658016509302	0.9464828468778469	0.9595787110759345	0.9596416319747204	0.9624410339284832	0.975224522858838	0.9598947019615582	0.9465843479684681	0.9544390546645	0.9465285661770206	0.9457130155311239	0.9599917453776762	0.9772850211546118	0.9472218770288802	0.9484811327764441	0.9650029470340361	0.947180220247102	0.9438404526799238	0.9601706250872823	0.9472282909268273	0.9592055782040881	0.9614302380861831	0.18573501116275773	0.9471482352728033	1.0	0.9514571460370764	0.9655933745700446	0.9508144202799943	0.959896400250841	0.9480465133585438	0.958610839749809	0.9592473230549045	0.8491913531817049	0.9473783858925994	0.968713673653421	0.9592515976183011	0.9534094521739959	0.9471525779302055	0.9497733277477085	0.8382347133687291	0.9409412051056251	0.835856719461108	0.9644283107682753	0.9462324120014008	0.9466991900680921	0.83247512204013	0.9424352197269479	0.8564295777634003	0.9634915970406905	0.9598790035377476	0.9530548272788334	0.8490706219576699	0.947131946597697	0.9525479554625398	0.9680149818981676	0.9513477995364457	0.94682651566895	0.9852240099030991	0.8389963399880002	0.9468130604668324	0.9476739033160391	0.9484979390927653	0.9523791819802689	0.9488291509988563	0.9475966486178092	0.19209939383883767	0.9356837153155947	0.9467006659500568	0.948789902053796	0.9464247516826589
scaffoldsAR96360	0.9820601192046937	0.9874993832735407	0.9893311387373562	0.9703957737321639	0.9707740906336086	0.9737390120589656	0.9895027055572626	0.9847621758839376	0.9853405978543531	0.9895271822223406	0.988877067487857	0.9854194430508286	0.9534568174488447	0.9711871232052586	0.9708055544920348	0.9721844302068846	0.8484529410773227	0.9702342558559557	0.975889512663756	0.9492632207232736	0.9717317795448307	0.9664450294666307	0.9887913337799435	0.9709303392255045	0.9763215071331721	0.9781376421446194	0.9835753681634672	0.989193135053662	0.9719243706969767	0.971931276997359	0.970358719939128	0.9889779210027879	0.9889105195654849	0.858959999624839	0.9895757177227932	0.9866274355702788	0.8704023578123157	0.8448249189341299	0.9704904476302539	0.9895123077304602	0.9616840434953906	0.969611660675391	0.9889159826326787	0.9869629594591218	0.970658790998974	0.969907477953114	0.9894763242994339	0.9894156311074537	0.9821231930871538	0.9884758188447652	0.9895602660343091	0.9722572460788468	0.9863393869379263	0.9716611253616015	0.9710514393173245	0.9885354394500804	0.9821788697409013	0.972559366613689	0.9711901380813966	0.9860065210945301	0.9713664223377262	0.9687434908548329	0.9890194461785045	0.9714353946185548	0.9883529053619793	0.9908656339054068	0.192262581428433	0.9717949175297518	0.969435079539688	1.0	0.9848892398315617	0.9708245531242476	0.9891510139824778	0.9711993837238193	0.9875602677412947	0.9894791063072336	0.8679758883994794	0.9722155059907072	0.977182622795438	0.9891341295331844	0.9854409880154672	0.9713702237980695	0.9699836259902518	0.8583585269550615	0.9665416204142989	0.8487184784663325	0.9845041553050371	0.9709950733308254	0.97078068358582	0.8422842920131435	0.9617763445331229	0.8856283495772782	0.9746062760595202	0.9892335093731813	0.9851258414400013	0.8678812859467278	0.972450976764394	0.976939158612433	0.9885240404191986	0.9781470912127038	0.9724560547092795	0.9874927848572619	0.8590680933365014	0.9714889213411972	0.9738559490928272	0.9760173636370961	0.9654958755765872	0.9716172716708256	0.9718676440558305	0.19196323218340866	0.9587736606263305	0.9707721395494663	0.9716232408133159	0.9721182459170714
scaffoldsTV33	0.9681095988391789	0.9579143177376658	0.9583221535673421	0.9408241053240157	0.9419170472147644	0.958465083179283	0.9581648388120909	0.974961721324909	0.9747148223148253	0.9592591123124414	0.9589652323345254	0.9560228232070117	0.923408119103956	0.9417146301746937	0.9418943849545265	0.941326402004667	0.8289724741718202	0.9415764351175792	0.9454877350608061	0.9235053910573344	0.9423546439273143	0.9557786634526213	0.9588232150652526	0.9419666026547217	0.94393534394165	0.9626350585256745	0.9634403360131502	0.9579554017024143	0.9425046474678064	0.9574097239571105	0.9419037717866976	0.9579245994931959	0.9589708684118101	0.8304300520378013	0.9582484219426447	0.970595741437859	0.8662359625457607	0.8340714727069359	0.9419249707635143	0.9582197622043589	0.9434713632849426	0.9402332937351381	0.9589009772185187	0.9699837803827503	0.9420839955817357	0.9413667536807391	0.9577088054612148	0.9580954556540341	0.9799538893909231	0.9584888313003127	0.9581729574243574	0.9417521731977663	0.9558589287227857	0.9414568171295089	0.9400998860053971	0.9588359092877315	0.9703116856309245	0.9417379004990645	0.9404652577416086	0.9729424374226116	0.9410176493306293	0.9392079705984675	0.9582413358681108	0.9413985710882015	0.959016247747082	0.9604198119339216	0.18093461693890778	0.9416380823459886	0.9529715285864018	0.9521356229234368	1.0	0.9432321673371699	0.9580896422112263	0.9411649608079009	0.9567128362653785	0.9584532635147247	0.8404008818763009	0.9414251223971009	0.9622470182205276	0.9581448741873166	0.9566572218285314	0.9410586294813595	0.9460968279794347	0.8297410084852507	0.9353204579322937	0.8295101373703188	0.9811992271822736	0.9408523807038912	0.9418244591701374	0.8222633640461354	0.9316076838515728	0.8523887071416673	0.9568935648102631	0.9581729093899779	0.9560219342765672	0.8399081599506875	0.9415606405065685	0.9692521434129618	0.967809173320388	0.9466536350176833	0.941931198888158	0.9737200550859818	0.8304678242471981	0.9422600724442853	0.940879945580323	0.9432464606788903	0.9548686709051224	0.941077801958463	0.9425001211916887	0.18904577717635393	0.927205513177236	0.9407732664884318	0.9411145863137075	0.9415904228568804
scaffoldsAR991024	0.9847926983315983	0.992058874644569	0.99305126082644	0.9922137212206117	0.9920669494226846	0.9721474735184218	0.9937776770498923	0.9881230216895127	0.9879561415382211	0.9949066557388342	0.9933437247701243	0.9858358359643218	0.9664876108314654	0.9913900410475276	0.9926872783454304	0.9929747576431821	0.8569368422027774	0.9914098888797006	0.9794364802539568	0.9663517107845906	0.9921904093099271	0.9901352402164685	0.9929732248865771	0.9937831074797011	0.9744110504153712	0.978808958335442	0.9874350093154097	0.9931775543679265	0.9947060381788256	0.9744626626288412	0.992272323281834	0.9926532568275294	0.9937817412084615	0.8674264746153475	0.99350895852244	0.9849371481940972	0.867608527115285	0.8516772911177363	0.9919775951924154	0.9932766841458079	0.9750227034450459	0.9921265407453518	0.9929636548903058	0.9888025411147255	0.9926811422656092	0.992566341718564	0.9930567509419923	0.9937969163859458	0.9853341486915222	0.9924278648945273	0.9933047858464701	0.9925716415273308	0.9861295801522046	0.9926949326594543	0.9909037224034418	0.9931821011738433	0.9836791728170124	0.9929432108488278	0.9937826066580567	0.9881652943581727	0.992582835595486	0.9861421474235303	0.9928223524710847	0.9916936380627708	0.9924366013623499	0.995803810134793	0.19400406363850578	0.9920394471950689	0.980729007965445	0.9829399089152601	0.9875053791950147	1.0	0.9932540008031118	0.9939135927470882	0.9913566486523722	0.993203250701153	0.8689546044132006	0.9929034809084532	0.9795837576069948	0.9931924360975326	0.9850443197320701	0.9927318592498581	0.9880124643251965	0.8666959272100181	0.9647410483784253	0.8569073005999657	0.9864487333680606	0.9913875047303097	0.9926579958132852	0.8550525450240266	0.9757124898274657	0.8841364254621542	0.9730632625973066	0.9929415708699281	0.9850076830157539	0.8688002652847964	0.9927267346529353	0.9792644695289325	0.9917079481958802	0.9754968710041194	0.9927511744018015	0.990740802815885	0.8675091397965666	0.9916875430945531	0.9911726089656394	0.9734813177380115	0.9881139194930534	0.9937676330204839	0.99211097778319	0.19729481560720533	0.9568956797002351	0.9927180838005635	0.9936990106203457	0.9924470134605117
scaffolds13105	0.9773873138012821	0.9936221116874637	0.9954590799646824	0.9708117015120109	0.9711525162234358	0.9652295844856683	0.9957470206795022	0.9798851894223757	0.981319335840413	0.9899931926703571	0.9902682881493536	0.977327392657266	0.9431714307471925	0.9674277996595897	0.9712215391816733	0.9687153053189324	0.8447375451018854	0.970609871286	0.9818977669571763	0.9437426775061387	0.9681402055072101	0.9658148873618725	0.9945356241944805	0.977177102091484	0.9671303573095711	0.9707413023712446	0.9790971855745869	0.9954483318371045	0.9719590805653433	0.9674654976672933	0.9709827111411615	0.9946614886937709	0.995063562379317	0.8531079313780299	0.9957575792005501	0.9772451643161164	0.8621485245116358	0.8352735956898226	0.9712160316937989	0.9956120877387846	0.9522983053123314	0.9706762230486211	0.9946021498644427	0.98132438726556	0.9713325571640515	0.9706949386659329	0.9950520970149845	0.9957162530020968	0.9770289412137517	0.9900187573163793	0.9957291467102941	0.9687207051569879	0.9780021731456868	0.9684707688984882	0.9700482542133032	0.9946808261156279	0.9766101903325576	0.9690452688487728	0.9773166543581386	0.9817150263951507	0.9717559473758931	0.9609638145441411	0.994657672404441	0.968151011168366	0.9940419518049741	0.9897823493423945	0.19174473001847886	0.9683746666605171	0.9681233298607537	0.9786612355769747	0.980052474290023	0.9712455098825118	1.0	0.9777549568719288	0.9936027017640611	0.9956049486662171	0.8610634263201056	0.9686334872764657	0.9726583699596588	0.9955824387504839	0.9771571481745318	0.9718102247136595	0.9643226751449888	0.852797478884478	0.9580474485247789	0.8450587458431008	0.9801081878807512	0.9710574277152162	0.9711087836997274	0.8377078291289386	0.9529125701867398	0.8777827684662616	0.9645806134099084	0.9954185549241135	0.9775364728060109	0.8609649653787299	0.9688892378023969	0.9723586672198203	0.9883532577644336	0.9675455419229578	0.9689219543715218	0.9842899431285176	0.8531853324788431	0.9677041697459964	0.967431873079034	0.9657200422343569	0.9631806820954774	0.9779203081385668	0.9683083573422707	0.19188182266411496	0.9500578965860567	0.9711420977189535	0.9779803329007319	0.9685780759034
scaffolds13219	0.9767823458124535	0.9927567060663722	0.9946475556372129	0.9878435114827975	0.9883430144022818	0.96399577894422	0.9948442645351576	0.9792243721539565	0.9802082202080755	0.9886222649295991	0.9899992191282942	0.9765535684494419	0.9579456446661969	0.9839321466118772	0.9882567682562621	0.9857144052312501	0.852634782225559	0.9881938845910329	0.9813102504148974	0.9602002854509976	0.9856744539102685	0.9819162175536601	0.9942991134639544	0.9950307715738737	0.9667071055574094	0.9707862298351806	0.9780944739117736	0.9945117416355433	0.988906201343402	0.9669115328759214	0.9881570317902909	0.9941031939745154	0.9941890934538915	0.8615194167350233	0.9950407463970415	0.9768227050554826	0.8642126307815404	0.848721597521554	0.9882679190516298	0.9950506349381611	0.9665589622194536	0.9879050380027503	0.9943486964431564	0.9809014029718957	0.9883582669377197	0.9881007228615647	0.9947886667536963	0.9949888445624003	0.9768175474125468	0.9895970433609113	0.9949164427561655	0.9858938984921533	0.9777710601987051	0.9852918111901812	0.987932863953259	0.9939370020190257	0.97626360813543	0.9861060816824462	0.9953617459600428	0.9806608959539017	0.9889786142187048	0.9780245849105067	0.9943469863720311	0.9853836402197353	0.9938863464022651	0.9888671480985466	0.19446938929569665	0.9856956587592934	0.973428842529742	0.9779575667893186	0.9793478860604	0.9883882712709263	0.9944948888985853	1.0	0.9930091517831039	0.9949513634538631	0.8651693251406933	0.98574567990366	0.9725263585860694	0.9945796328736851	0.9763867297210348	0.9890031981403826	0.9799812963431819	0.861234920412912	0.9572063420964322	0.852986469503712	0.9792809632305198	0.9885819796274864	0.9882544677202105	0.8507441481246328	0.9669145253149801	0.8795940387369893	0.9654505218020758	0.9945415579098501	0.9763466448197825	0.8651153505822072	0.9861014345624711	0.9715569726933547	0.9879342821617825	0.9668266110971194	0.9860982013689478	0.9833374235878201	0.8614332873954481	0.9851388561380376	0.984463811607105	0.9648437745979287	0.9799629065591956	0.9953585706099694	0.9854349549194436	0.19456560697673939	0.9489949956761112	0.9890312458937477	0.9953924140129571	0.9857461758144804
scaffolds113A	0.9817492818482332	0.9959650303664275	0.9976620085402578	0.9730566673793258	0.9740229952219785	0.9667438469907351	0.9972144894614103	0.983402061411815	0.9844405833085896	0.9927810050102561	0.9922935835468637	0.9792920132316663	0.9457689769807196	0.9711334116135049	0.9733413311227337	0.9708532994454221	0.843071989254403	0.973650221614204	0.9837849248247582	0.9461962081765154	0.9710552057560471	0.9686111702037621	0.9971315262277948	0.9796026287123861	0.9691327176220889	0.97236948989295	0.9832019912921774	0.9972765551398599	0.973664415280305	0.9704932790450571	0.9732599620343884	0.9978828629785863	0.9968547120314338	0.8521760689891811	0.9977750251655723	0.9804378817051349	0.8630388089114011	0.8368043355287051	0.973865621513311	0.9975957207028487	0.953582227510841	0.9729321086582887	0.9971964936959554	0.9838097575441349	0.9733954505348025	0.9729589310860041	0.996968118692463	0.9973918663668659	0.9796608749511485	0.9925765590390804	0.9975389893121384	0.9705082189883398	0.9798899910475901	0.970519340479979	0.9723144881199497	0.9971994141732297	0.9798510445872682	0.9708438983447056	0.979304183313876	0.9846772325076267	0.9735968818301381	0.9631963576293435	0.9971385655578104	0.9702281261213492	0.9969633286164599	0.9920830765555658	0.18977741883019753	0.9705575109262783	0.970252336658183	0.9807835034384729	0.9836158548678996	0.9729449623418874	0.9975473223622157	0.9794374475952677	1.0	0.9974178462782916	0.8620809829436396	0.9708066327421316	0.9754285858490869	0.9973221980680504	0.9793759102481009	0.9737177335676552	0.9660423579331675	0.8518160772651104	0.9608267324322934	0.8431873993751987	0.9829759955502982	0.9730035476657586	0.9732312245975135	0.8353546094961793	0.9546919003782706	0.8786209896139087	0.9681804650712943	0.9976193243458689	0.9795550478925211	0.861598475557603	0.9708739062724058	0.9752069016694085	0.9900329440062382	0.970166667839079	0.9707032958521347	0.9863317121694914	0.8521190695451981	0.970311706454398	0.9701053039344621	0.9678229684361688	0.965108430829618	0.9799342453278233	0.9710066547860245	0.19270205270903554	0.9521114210201255	0.9735288888172979	0.9799715440393922	0.9703350675351483
scaffolds13761	0.9792394127285138	0.996192322246322	0.9978204123148409	0.973576225436466	0.9736098021555282	0.9676441372685007	0.9981794097244163	0.9821682155496808	0.9835903988437797	0.99230561661872	0.9930458897322654	0.9791331392338296	0.945079993495179	0.9697244615529241	0.9736947174037868	0.9714055963147609	0.8449593923468449	0.9731545734783797	0.9846125399559169	0.9470463879142114	0.9709372320133294	0.968209374328185	0.9969714502635882	0.9799406212378037	0.9690444030594911	0.9729384837420416	0.981288531589485	0.9978906305521033	0.9744888641120545	0.9698621070840563	0.9735211438744193	0.9974261089431521	0.9974908588307942	0.8536619173288518	0.9981823884743144	0.9797515964553551	0.8629545767298358	0.8369823764914566	0.9736704524131383	0.9981053424633587	0.9546522188458071	0.9730612384076409	0.9973569065083406	0.9834996399842643	0.9736122213550502	0.9731330650086181	0.9979554996610874	0.9980472036365117	0.9796026695141681	0.9926730584037535	0.9981805822431751	0.9716563177779116	0.9799726477422522	0.9710358179369513	0.9730922196773106	0.996950063125617	0.9791095164694316	0.9718213476906651	0.9802390278309983	0.983975921013316	0.9742395364552965	0.9636916112666541	0.9972955049117055	0.9711580981981282	0.9969557382799923	0.9923143933946129	0.18967265897810875	0.9712382457223048	0.9701072329951769	0.981061762580715	0.9822600134310048	0.9734023152165227	0.9977131203650842	0.9802352113312386	0.9960579569444782	1.0	0.8622905546290631	0.9714414069790748	0.9745670689730574	0.9978884309803133	0.9793469627814837	0.974313477558504	0.9681914525556207	0.8537221056878144	0.9592834622767803	0.8453010846070974	0.9826567632012057	0.973840861472744	0.9736205922220688	0.8382267816150094	0.9547491610563776	0.8781906017027715	0.9675056180246867	0.9978557535767316	0.979453669461925	0.8622515702142687	0.9716372842801174	0.9743102364647073	0.9907949979695668	0.9706184572333204	0.9718122381271547	0.9858606766444212	0.8536821967474374	0.970597308831863	0.9698645042442955	0.9681626191238331	0.9664023185416611	0.9805261916430957	0.9711478727114851	0.18902704173878776	0.951972092513469	0.9739991872532121	0.9806156874505926	0.9717477063712388
scaffoldsTV112	0.8516497449481109	0.8533818506291373	0.8540248470895963	0.8421922816483697	0.8423143239189056	0.8514085260385581	0.8539093208162507	0.8524279917359504	0.8524076290843281	0.8536000177343565	0.8537456463514967	0.8558471311658549	0.8397750844232132	0.8424298518715537	0.8419427498577936	0.8425818818478005	0.8462513826844953	0.8419932718478595	0.8531915771519596	0.8321128652089772	0.8422882252203542	0.8424200754733681	0.8541154283440444	0.8429012475028639	0.8563592093381491	0.8529201912679918	0.8514759037669556	0.8535130671079899	0.8431918201825203	0.8524496973012518	0.8422873898536019	0.853904715288968	0.8539524592164858	0.8307634379620497	0.854075917843779	0.852683073256608	0.8755091958974711	0.848461907241929	0.8422517070797609	0.854064681841368	0.848426762691058	0.8428231159685243	0.8540545900413864	0.8531575803535056	0.8424844818615577	0.8421804146124732	0.8538385711818058	0.8540357373061833	0.8521666911630511	0.8533822366552956	0.8539475356359705	0.8422145169581096	0.8568111203338152	0.8426250192984357	0.8418596894489943	0.8539893593451503	0.8553808881672368	0.8425426469085012	0.8428778514876513	0.8524443906674246	0.842280420409214	0.8407270119837004	0.8540051013619642	0.842622187051978	0.8540310889443196	0.854121704877739	0.1855713769312683	0.8426784299434411	0.8516794490990397	0.8501222305299968	0.8527443734108162	0.8431695067704077	0.8540072358044108	0.8429665586608932	0.8534974177176045	0.8539812638860286	1.0	0.8425633321271752	0.852114360996984	0.8540058313549626	0.8555490750978847	0.8422919700386352	0.843269708749593	0.8299761377672735	0.8613381156273393	0.846025710864091	0.8515848862129797	0.8415679873295061	0.8422900594874086	0.8398903278214224	0.8483940749564405	0.9319637357135835	0.8534340023428268	0.8539787885072231	0.856961241543825	0.9984495159254243	0.8426466490236044	0.8446426383817203	0.8528445756474703	0.8571516513511952	0.8425945609607586	0.8540647759803415	0.8306766756537568	0.8423541034049615	0.8419148997125684	0.8550226823904781	0.8419954655842444	0.8429160269767131	0.842531419214797	0.18971609224095692	0.853972291557746	0.8422103272891316	0.8429013409738464	0.8425400436514088
scaffolds5A5	0.9865598935072273	0.9904580363165597	0.9922920291328489	0.9928468359075722	0.9926405726608601	0.973464071764386	0.9928426763830872	0.9885995193144077	0.9886507246317405	0.9952808967942345	0.9924527401788535	0.9867359589824092	0.9656853672777144	0.9958671351656287	0.9933864343879867	0.9980333465723432	0.8559991095424665	0.9922665303329692	0.9786313381945412	0.9651326304480525	0.9963670920412009	0.989301807372905	0.9918016484930067	0.9927112517830058	0.9746241540790765	0.9798955941050802	0.9880732418269729	0.9917654299294448	0.9947867896778902	0.9757683963970231	0.992993444486083	0.9918723956418282	0.9928716667878555	0.8674973192096883	0.992500128523033	0.9866069041676805	0.8701562010966098	0.8554738169499219	0.9924008355845678	0.9925556878214367	0.9752077394020103	0.99283617620723	0.9922027206234185	0.990116038177731	0.993182322964334	0.9925700937042868	0.9923945853678955	0.9927219020569754	0.9862733334778118	0.9911071380380085	0.9924538529995569	0.9974567807888879	0.9863962742561794	0.9975169709735283	0.9929897690791143	0.9917486705457629	0.9849569415907605	0.9976464323631289	0.992333123628717	0.9894382763437424	0.9933256868675989	0.9864187072645683	0.9918686001154366	0.9965330707287849	0.9916572005452196	0.996836246948931	0.1951452999449926	0.9968714230094738	0.979654148204499	0.9860707376886919	0.9882614418970589	0.9941418729043364	0.9919711175291622	0.992538180524147	0.9901135919601168	0.9923975150956028	0.8711927685735059	1.0	0.9808960780996073	0.992066552363725	0.9856739101252399	0.9932561400361614	0.9864183353365873	0.8670033824665888	0.9653538772909597	0.8563777659562666	0.9876302477874862	0.9920639841050412	0.9934499023902521	0.8547896213302629	0.9752971610019455	0.8863409914559247	0.9748079203343465	0.9921735066442191	0.9855041967314574	0.8707132637895894	0.9974668470631444	0.9800410399394232	0.9921470838363812	0.97547557847754	0.9976743151702618	0.9895989822371246	0.8675756889532892	0.9959322994715608	0.9908831007701265	0.9745948874664319	0.9875321691128544	0.9928570517258023	0.9966645770081428	0.1953580630228443	0.9570843729229893	0.9934015648291834	0.9927595938261815	0.9972214155784938
scaffoldsTV30	0.9928453171952656	0.9800778562408555	0.9807885614585248	0.9636451304536645	0.9638041034458198	0.9659485427738115	0.9805305843326707	0.9909700228660436	0.9912628295144236	0.9824436338609341	0.9797826849260531	0.9776807350039592	0.952505246872743	0.9649179017991263	0.9631895989527238	0.9653053608796326	0.8465204539771999	0.9634221935881597	0.9676202880594386	0.9547191560276942	0.9654543197355393	0.9728029855811875	0.9804262703409152	0.9636021507979778	0.9750820467704687	0.9901159365303306	0.9858303194250182	0.9805432014403245	0.9657840266150327	0.9813738370900843	0.9625845959215503	0.9804439645431117	0.980255810201993	0.8537795334049254	0.9810726492957744	0.9877640599434148	0.8718365400122005	0.845265378481474	0.9634735268024114	0.9809536668775432	0.9606186594289587	0.9616807482804879	0.9809147225744329	0.9946933422199393	0.9637110776294258	0.9627732174612929	0.980585666283475	0.9805358919316245	0.987722409762454	0.9801619869507775	0.9809058624808287	0.9647528104001409	0.9789778772803489	0.9650595877389303	0.9632424418599463	0.9804770705774779	0.987278787767303	0.9647855183406462	0.9631780951888675	0.9914957709150265	0.963397635589957	0.961387905666895	0.9804190511360502	0.9640861684048722	0.9805164218396217	0.9844234202664431	0.18333325453353072	0.9640026781608074	0.9858337900621812	0.9752512588405474	0.9911169276126094	0.9664307120077911	0.9808535455491632	0.9633282887829497	0.9781126532087675	0.9809674415933641	0.8649940863169799	0.965226793319624	1.0	0.9808475842468333	0.978750609841984	0.9633837090571594	0.9664756525222978	0.8531318711849416	0.9654989146931362	0.8468479914283861	0.9908558721832438	0.9638432920259555	0.9631680182325315	0.8444306026622512	0.9612689508158748	0.8733212042456673	0.9737596726454693	0.9807240379246809	0.9783064670723044	0.8647896347175794	0.964644784697693	0.9779483907990786	0.9911400585023388	0.977059633422021	0.9649585841920327	0.9917812161958743	0.8537499380858486	0.9647407513142923	0.9632505017854641	0.9754082544256051	0.9672118722103807	0.963456168491622	0.9648822055130819	0.19198791113577623	0.9578068792293543	0.9634429510497029	0.9635291664746748	0.9648480883937958
scaffolds13432	0.9783965353047761	0.9954595106484431	0.9968061597244139	0.9721928278141294	0.9724811675306715	0.9665451829122315	0.9970994831305166	0.9813832180687482	0.9827774670207631	0.9912054864628778	0.991951585503346	0.9783325709021782	0.9443361163390259	0.9687562983044186	0.9725704888976157	0.9704458577256645	0.8433957073336955	0.9721623687418672	0.9834973821304457	0.945992457498043	0.9699005647955732	0.9670604630637353	0.9960662577297262	0.9789583477677565	0.9682530861286504	0.9718342157262102	0.9804089061797367	0.9967292216776391	0.9733939535584166	0.9688921030329513	0.9721544627654682	0.9963194695948222	0.9963731448560266	0.8525938263833128	0.9970467883456375	0.978783873780738	0.861999916075466	0.8354511859806584	0.9726463286308807	0.9969930963398356	0.9532240276723767	0.972104961404852	0.9962031667731659	0.9824493324776142	0.9726191518932741	0.9721463874020969	0.9968152416157542	0.9969149241355019	0.9787648586454492	0.9917162030031808	0.9970265372562273	0.9705590975858686	0.9788982259820577	0.9703229393299098	0.9720589263263523	0.9958437821222352	0.9782325477778286	0.9707551436335632	0.9791581288886544	0.9831252933162649	0.973188877552599	0.9630028632543176	0.9961993273093475	0.9701970514009743	0.9958560608681524	0.9911757440084513	0.19312170361327174	0.9701278427627363	0.9689875264812219	0.9802509077250656	0.9814090961777951	0.9726312155130266	0.9969646750982409	0.9794524429912316	0.9948799489740152	0.9971360549970373	0.8606577538648056	0.9703201362304334	0.9736942024409556	1.0	0.9783135346667166	0.9732151126937482	0.9671218760423882	0.8523615922355604	0.9586083853591383	0.8437960022894784	0.9815366805727965	0.9727582080385186	0.9725271963495108	0.8368824218522528	0.953961957549424	0.8754208245898867	0.9658570197762208	0.9967497325532672	0.978238491959286	0.8603618186088506	0.9705929506144749	0.9734826384537677	0.989807617258616	0.9695113960371571	0.9707390628551492	0.9848330077276449	0.8527139812681137	0.9695347149386805	0.9687621882704385	0.9666716862804681	0.965338087133087	0.9791638867556166	0.97003021749532	0.19299258465928168	0.9511322813578299	0.97317896829396	0.979466624494134	0.9707718748191925
scaffolds12768	0.9789768687792791	0.9815563241877164	0.982225187845575	0.9631507950202187	0.9641375894678195	0.9647089749255537	0.982220521458177	0.981824485452873	0.9825838466304602	0.9828672495975823	0.9829571103453575	0.9961105244565455	0.9560397124356529	0.9632433085061937	0.9643036541594693	0.9634217866025507	0.8406491659020191	0.9640404063833791	0.9691358632503564	0.9441034042256805	0.964388195507615	0.9643121227117417	0.9829225146828651	0.9648484974940437	0.9822719417568125	0.9708000712631124	0.9806264428641422	0.9818925078807769	0.9655174192025697	0.968546912920691	0.9641535625404491	0.981073517189898	0.9829700606976595	0.8560576130743467	0.982461950207893	0.9784501358954883	0.8629385641679032	0.8335075951604539	0.9641752190345835	0.9821548779123904	0.9666495550034255	0.963168274352184	0.9828760853694452	0.9811327650287524	0.9642575555206523	0.9634860513278136	0.9820819839864243	0.9820812414036246	0.9794334315505602	0.982555071015528	0.9822375439573224	0.9637212145793753	0.997246981185682	0.9630447688252938	0.9619997509782253	0.9824783043471875	0.9784303485723872	0.963822049838831	0.9632861300548747	0.9818382286013166	0.9634454600524786	0.9584755030077367	0.9814467248295252	0.9629809721640948	0.9824409055845182	0.9837406024853785	0.18874010814243666	0.9632916074676082	0.9649676275169945	0.9784387869445084	0.9817821405937338	0.9657093761031026	0.9817318111005593	0.9640603125103239	0.9797932687394069	0.9822332142195157	0.8673309458192522	0.9634865442576949	0.9728693266726112	0.9818820816485209	1.0	0.9634564505860794	0.966943329908745	0.8555555865713835	0.9737227471473437	0.8409803339059199	0.9803227862848658	0.9628290700603939	0.9641677357312598	0.8337574972805042	0.9679891458415272	0.8799791138682259	0.9805830938777464	0.9818237963802098	0.9973275124094174	0.8668786316112967	0.9636887406366302	0.972632702767932	0.980672253399357	0.9839336017751861	0.963840178429067	0.9824765115274942	0.8561280779476466	0.9645609777722831	0.9698338508228959	0.9817221911420746	0.9608331809949421	0.9639375214764481	0.9644268237558985	0.1917028967661856	0.9644865420597615	0.9632419272943192	0.9642701422830684	0.963500670404101
scaffolds10212	0.9841420627403027	0.9948750596522482	0.9962379825631196	0.997010050151122	0.9971931282811412	0.9713844619788955	0.9963966450949678	0.9869424162986071	0.9874678538144949	0.9948761062606225	0.9958180369472047	0.9842627054460912	0.9640435612979904	0.9910057121615742	0.9971613741326215	0.9929308832293215	0.857477480021895	0.9962951126203238	0.9823552691647688	0.9655820782216893	0.9926094167300927	0.9880394524278615	0.9957313185447282	0.9960178935237942	0.9742406476772599	0.9778195313575426	0.9863243163593444	0.9962524326173108	0.9943976433673551	0.9733879905919205	0.9965772481434731	0.9955126791271228	0.9958413495080363	0.8656585202983172	0.9966931473761524	0.9843809701716769	0.8708260611079303	0.8545489516330295	0.9968528985928722	0.9964746176276668	0.9738607175549325	0.995328270131134	0.9957509517370553	0.9882129833886458	0.9971549184863344	0.997031183610345	0.9959264879863903	0.9966591523029394	0.9841602874896063	0.9953356359667946	0.9963843108616182	0.993000073819425	0.9855481620466403	0.9925122149755778	0.9954708511970439	0.9956269088323693	0.9831566604581551	0.9933828292024848	0.9967577502195507	0.98808202508665	0.997551535889244	0.9852376985291961	0.996082325032351	0.9924970222283259	0.9954147102179992	0.9952208430177747	0.19745478076360032	0.9926746802134929	0.978975912260531	0.9852255081642605	0.9869087851488862	0.9945708791855278	0.9957483789166713	0.9967008107644765	0.994575645936949	0.9963329268699561	0.8708347594773319	0.9929698897158783	0.9794729508599415	0.9960638535868742	0.9840336659881146	1.0	0.9859481892088445	0.8651744653400085	0.9639413989281062	0.8577686729344527	0.986591239966009	0.9961307004142048	0.9966980780300412	0.8554102101165248	0.9734722234362	0.8856636416441788	0.9731576647492094	0.9959173960723333	0.9840104422209373	0.8706033057046295	0.9933779281201798	0.979338070942756	0.9956913625127957	0.9739061254383881	0.9933094353401956	0.989892102706996	0.8652591336056241	0.9920464576390208	0.9904409218826895	0.9726283803921364	0.9860190454700322	0.9972038392648103	0.9925006750421315	0.19562738190349555	0.9562210587615724	0.9971405144601206	0.9970842711005634	0.9930636037385449
scaffoldsIV23	0.9688332294017121	0.9672835038263848	0.9690371532906316	0.9656762704106392	0.9657312967654816	0.9521438242480217	0.9690868063769318	0.9700765137253466	0.9705589819712519	0.9711134191594355	0.9680926600363068	0.9692031457383347	0.956851973544944	0.9653946426568347	0.9657760253502731	0.9668579465568853	0.8390681432517562	0.9653481833812163	0.9554917983683899	0.9725594442340227	0.9666602889069627	0.9706198244507545	0.968129379278251	0.9675189612295209	0.9695914012085233	0.960240560417604	0.9662070802419598	0.9687357452381301	0.9697168483244656	0.9568485705596771	0.9659318474939699	0.9683650846744789	0.9683650833763583	0.8573877356410993	0.9689904802469043	0.9668984746250234	0.8592721471262831	0.8372421963230828	0.9658194827446217	0.9690118487018025	0.967634588028062	0.9649017699798641	0.9682873111435945	0.9711002052612796	0.9658199362143365	0.9652357481988755	0.9689708204235463	0.9689207950478947	0.9683582263539455	0.9677813071991666	0.969051513604348	0.9671400543096084	0.9712479611884525	0.9664471106473792	0.9648839577646416	0.9680293795953908	0.9682275707145365	0.9671990283219768	0.9681924206484183	0.9708274179053019	0.9663943192173963	0.9635686211190861	0.9689913933282641	0.967274041296731	0.9682901940093498	0.9713793190607993	0.18956025688819547	0.9673086496506395	0.9624461001948925	0.9646934596801114	0.9708853279812473	0.9701648197699597	0.9686550380565591	0.9680495370709236	0.9670086411222885	0.9691058606277572	0.8533222052847829	0.9667983022107216	0.9625258847342054	0.968705804404267	0.9701342708063436	0.9665154468211511	1.0	0.8567142022185286	0.9561564048069228	0.8394064742034646	0.9712401946918374	0.9663451944619681	0.965737339283618	0.8353756823234069	0.9683430379064816	0.8731666329601164	0.9681820288334057	0.9689628781858494	0.9691675498899766	0.8523137075755015	0.9669928940314291	0.9594924230666624	0.9693688603587509	0.9704699983727252	0.9671799769530861	0.9791420095708084	0.8573830606336393	0.9660232362130471	0.9724454998487885	0.9686456258822433	0.9814335148392275	0.9682697801057365	0.966187996886667	0.1941196095864658	0.9519489411999598	0.965673108009631	0.9682686003724528	0.967259825263723
scaffoldsTV103	0.8619403053915733	0.8642975729299396	0.86570261693918	0.8590005608202267	0.8592808388974019	0.8580157392815577	0.8656259954095684	0.8630140798647007	0.8635656842061722	0.8731941236675528	0.8656158889289206	0.8649201278675895	0.8695819921210883	0.8574394028294567	0.8590238565660515	0.8580846155032559	0.9165711986771616	0.8589587976483714	0.8626881493606465	0.8745156904939112	0.858520159378619	0.858309704405172	0.8657590325773812	0.8601470900517535	0.8721726507059894	0.8597097784070945	0.862823293302632	0.8652774330616365	0.8598808451282693	0.8738555272910823	0.858673124440291	0.8655846763027153	0.8656820882384764	0.9955090686077761	0.8660674430718897	0.8624083442648638	0.84906568016322	0.8314430636928378	0.8589717236851848	0.8660154380913658	0.8680899212507754	0.8592700952816739	0.8660071590682128	0.8632728211328196	0.8597047386310551	0.8589773952446733	0.865255050780137	0.8660158376217906	0.862833003547136	0.8652346635965705	0.865697315918911	0.8581282247175503	0.8661103340844073	0.8578758779700004	0.8583150909949616	0.8656336093130585	0.8619906301983484	0.858085857641195	0.8602478429758421	0.862978012241076	0.8593142603969111	0.8559950751258525	0.8657173102458342	0.8578201526842157	0.8661450179343506	0.8772817258081026	0.19136391457325375	0.858121373863063	0.8590297857099711	0.8624991718760386	0.8628119631682287	0.8594787766015274	0.8653047301473966	0.8605371599310694	0.8646217644694524	0.8657580027269266	0.8515896326928761	0.858088160855491	0.860034637862538	0.8654057079738547	0.8659006351436933	0.8593712373862846	0.8663523957474188	1.0	0.8686164545692755	0.9171202455743814	0.8621766797877756	0.8589112104900977	0.8587033118881744	0.9112000010036375	0.8687894390405485	0.8612996232890254	0.8711860768971967	0.8656901422067507	0.8654734623090401	0.8514277223386812	0.8584468637087197	0.8545208676637134	0.8638685553171724	0.8713329936578242	0.8581949235481657	0.8699965705568095	0.9970908876251129	0.8580370052556785	0.8594058606685692	0.8711214997226063	0.8773238081352603	0.8605806190932356	0.8580591003382753	0.2014298158565204	0.8673143234778918	0.8589746232969362	0.8605717100100171	0.8578685738245329
scaffoldsVV9	0.9598138274794292	0.9637503700055097	0.9637685904747274	0.945260773038786	0.946068981415706	0.9487983737288281	0.9640096346115792	0.9626937041694017	0.9633332518570036	0.965416609704348	0.9646913283933947	0.9764371249276128	0.9593418635692901	0.9466031860413733	0.9459957129551535	0.9463615638970325	0.8383509680758144	0.9457725074272193	0.9508600369772596	0.9438644304045939	0.9465633812311248	0.9474047514866955	0.9642434477762704	0.9466006162534266	0.9867111896217606	0.963136434450779	0.9613398606833673	0.9636493279940638	0.946402184747765	0.9503392619542221	0.9456603211946023	0.9636658076719071	0.9644225571873557	0.8576285783021749	0.9641589599815842	0.9636870756972263	0.8650265968918984	0.8376172843520083	0.9461128352013539	0.9641547508172066	0.9698418349910726	0.9448462932909325	0.9645975385933772	0.9635406348783339	0.9467401436978335	0.945726128851698	0.9638218627912546	0.9639963841182184	0.9596010130031241	0.964321899650994	0.9640079250802547	0.9463778068292859	0.9765900791430097	0.9463251223118537	0.9452430461978096	0.9645885599649718	0.9635617993893939	0.9463645253593028	0.9457191726863191	0.96344686451401	0.9456572282155906	0.9443968171618629	0.9634236060880265	0.9456363683608523	0.9643805754799373	0.9658114368303612	0.18717004037853321	0.9456726947092939	0.954403575440403	0.9643616390120723	0.9625424607149966	0.9479718227132744	0.964041603337838	0.9461328815854804	0.9628148042432058	0.9641658587543414	0.8723220402938997	0.9463598912607666	0.9629062621214749	0.964091021528031	0.9764538625228806	0.9456669228254472	0.9582616552589261	0.8576714400431974	1.0	0.8385749479569012	0.9616379478865728	0.9454115006963995	0.9460114712443176	0.8308865133487544	0.9722246498088359	0.874941567955179	0.984496338397773	0.9636871927174921	0.9770063606828434	0.8724394420486037	0.9462543450963982	0.9530270351339732	0.9627904057165818	0.9883060265186535	0.9464138765540259	0.9682772446025972	0.857487493667111	0.9464272311730857	0.9516672059080272	0.9846843489315076	0.9512229022843683	0.945973051941873	0.9468799549560922	0.1983349720676489	0.9700217871804674	0.9452645905400685	0.946095220007916	0.946429469098008
scaffoldsTV148	0.8476247915043499	0.8477626486518913	0.8485393093628892	0.841273943227381	0.841149581444684	0.8380573807522116	0.8485086186825277	0.8479784977942065	0.8479514794674141	0.8483679853106171	0.848421173022225	0.8433587957925319	0.8370025153272919	0.8406075784297264	0.8410902760539065	0.8407200730127379	0.9982783170047344	0.8411301822994576	0.8463330280004153	0.8378876762525029	0.8407241402064544	0.8436100165329502	0.8485989630115409	0.8419329632895148	0.8435218502983537	0.8456875221734685	0.8433291925467983	0.8478091277514064	0.8416920207378664	0.845752008305627	0.8410744541650105	0.8485094486753488	0.8482661598908441	0.9029836369169744	0.8489070486351178	0.847436587573854	0.8618566404872526	0.8407316108385392	0.841096299818573	0.8488542831837925	0.8366955055302122	0.8405746842341564	0.8488783577110347	0.8471645171233092	0.8414608389274905	0.8409480917023736	0.8481243309818706	0.8486581758468236	0.8501496623957286	0.8480233893686837	0.8485056068225617	0.8404009838894263	0.8443603027693072	0.8406484187976199	0.8410164579716175	0.8487798336130848	0.8478741113525321	0.8404153337446674	0.8422528372397939	0.8481321472260941	0.8413745744464917	0.833603032984231	0.8489082176279367	0.8410876037834073	0.8489109882863368	0.8492309992834879	0.1935337184463993	0.8407873560184441	0.8468333637028038	0.8438166007043463	0.8498675779204259	0.8407068536560838	0.8483883963500538	0.8422718188560956	0.8480024951928775	0.8485516078269884	0.8549924676291379	0.8406735016909072	0.8453626991998745	0.8484100185632779	0.8444174263647996	0.8413995903186368	0.8423044680414163	0.9017895423635057	0.8433556206300951	1.0	0.8503720062391591	0.8414966709615503	0.8409389057875656	0.9682233305510024	0.8369404853657127	0.8649243018230763	0.841132075074358	0.8485589638103725	0.8446501813346441	0.8549971643359368	0.8406542016557987	0.8348901187496974	0.8531503082637697	0.8429505008597136	0.8404721190254044	0.8493466160988141	0.9022211141853279	0.840377423914027	0.840544710317653	0.842494154330803	0.8416056757836508	0.8420556407593668	0.8403653417421469	0.19277565808258304	0.8397521548565403	0.8410545489800516	0.8422837299755696	0.8407980683841406
scaffoldsTV13	0.9843115034145339	0.9719149584552595	0.973732462127457	0.9553174221045674	0.9554209273259	0.9581902844876642	0.9737269793407302	0.9883799920916465	0.9889021128372937	0.975229095604537	0.9726605418973518	0.9697543728551349	0.9360774731609725	0.9556677726605837	0.9554432197772039	0.9567827626873662	0.8415539777198309	0.9550651628013157	0.9602373515066571	0.9382010478236903	0.9563478813759025	0.969430223593858	0.9725365022808697	0.9557302639130779	0.9590121813785916	0.9776971392640641	0.9775072919716047	0.9733255679672809	0.9576675712282472	0.972385252135742	0.955719959964453	0.9732625202064923	0.9730607887237914	0.8419246428061454	0.9737575872731974	0.9840070491378874	0.8674580450636755	0.8351358474965503	0.9554696823072788	0.9737400234232655	0.9445228753120677	0.9540164094035849	0.9726330494690163	0.9856601072862257	0.9554280549705926	0.9552736463932396	0.972963310407123	0.9735572487231804	0.9949660387535448	0.972313628481866	0.9737017525075802	0.9570343779375442	0.9710339551359521	0.9566556753631879	0.9552929489430938	0.9725903739240398	0.9852347154556981	0.957095005084493	0.9563085350415691	0.9889064758350165	0.9560807072216146	0.9538145697293203	0.973363398313757	0.9572437559571105	0.9726974805481657	0.9756412477316637	0.18357699174860997	0.957245259875555	0.9693748222139874	0.9671287429273022	0.9967095956646965	0.9582922427661827	0.9735570037138568	0.9562822203975146	0.9716843619609863	0.9738309369909806	0.8507889332741727	0.9567480153890539	0.9780349741765855	0.9737321528461838	0.9702301650347558	0.9560889284644974	0.9614952830622605	0.8412368127137352	0.949441740336506	0.8422507090867695	1.0	0.95645420398581	0.9554679913365834	0.8357095265197098	0.94453816862409	0.8637442640016473	0.9566523070374401	0.9737320932972127	0.97038098748336	0.8504747931835663	0.9569267360707009	0.9696349963675116	0.9835904669081723	0.960227365910076	0.957146466847297	0.9889700344532243	0.841961924395936	0.9562831211057945	0.9544878083132539	0.9581641799331037	0.9704661068012458	0.9563831452475545	0.9564214330648914	0.18755765869644878	0.9431893327147903	0.9560139444330324	0.9563721112296797	0.9571622778254099
scaffoldsTV102	0.9684894886630505	0.978165214016898	0.9795718936218585	0.979401836830428	0.9796637788564831	0.9551953710905269	0.9799123124765436	0.9704875249420366	0.971628177330353	0.9790505008014909	0.979113572969876	0.9685496191415571	0.9483845623882154	0.9753708591454175	0.9794979425284354	0.9771808450378041	0.8432917907853991	0.9790630073813225	0.9662172726407346	0.9497686428957473	0.976972342938213	0.9726161496935553	0.9791189222857629	0.9793612428461558	0.9585229025043476	0.9609859926572791	0.9694296907563673	0.9796033794077803	0.9785127940217293	0.9579141450043002	0.9792376417239669	0.978863486299859	0.9791571803223406	0.8506753642103999	0.9800121392941245	0.967956832850774	0.8543844822452188	0.8378376879814471	0.9793630170089662	0.9799489917776519	0.957397923554677	0.9779762936140742	0.9791678117311288	0.9721541163429934	0.979562418760609	0.9793802351981277	0.9795758583746077	0.9798780100769184	0.9683532099319007	0.9789628485322917	0.9797572492594819	0.9768957417793529	0.9703730545714694	0.9764118941393631	0.978909836512844	0.978894753486583	0.9682169882672405	0.9774322521738414	0.9803359740100474	0.9719167102965571	0.9802351805999224	0.9688089306018739	0.9795664050234909	0.9773426561174429	0.9786396581472848	0.9787632202999555	0.19913816745747617	0.9771497180128124	0.9623950593490068	0.9690209984979826	0.9706162724881605	0.9774876831312946	0.9794489526797807	0.9800642771894945	0.9781513767518435	0.9796541289990933	0.8525808928426085	0.9770043802079105	0.9633752913275153	0.9792741994641746	0.9686103811447246	0.9802843614279393	0.970558349348019	0.8499149425868197	0.9483916889786012	0.8436079094587119	0.9713139737149827	1.0	0.9792830148974048	0.8412008828918967	0.9578102727370156	0.8679687014061118	0.9570466970625626	0.9794415524944479	0.9689660037099087	0.8526666988847208	0.9773201215464717	0.9622234212308638	0.9792595282368795	0.9586142185048225	0.9772474432665729	0.9734572342658115	0.8503031890865719	0.9763209609354215	0.9737848880312291	0.9568760682932212	0.9703305642388977	0.9803365234289354	0.9766356132470775	0.20315498700231055	0.9406030785515133	0.9796171352795631	0.9804117355365541	0.977309381457014
scaffolds10105	0.9834084071617369	0.9963286872995375	0.9964134705508422	0.9974296313047532	0.9983999724791072	0.9706996628474149	0.9967307916062706	0.9881404768483839	0.9887938457520684	0.9952130835149987	0.997416284489834	0.985258104435009	0.9666363214358914	0.9928121172798289	0.9986183592890656	0.9933217869403163	0.8583942107373982	0.9979621400889587	0.9826848669265277	0.9665177912709593	0.9943697666165067	0.9896203297700281	0.9973199937325213	0.9978510276082204	0.9749039766903188	0.9771131829801577	0.9870292633620067	0.9963292578504803	0.9944160382091385	0.9745176791043625	0.9981623930075182	0.9961213345877344	0.9975193372719605	0.8665863669584765	0.9967224870635634	0.9851811580366123	0.8703311237597674	0.8520410474506805	0.998526870321031	0.9966446547265406	0.973859555149476	0.9969363897860628	0.9973700938359752	0.9881187548144827	0.9984767988315758	0.9983780189267479	0.9965174175891556	0.9965892819830163	0.9855537101544015	0.9969796916766035	0.9966773898277799	0.9931051162125569	0.985500785503041	0.9927178851526328	0.9952602967135674	0.9969716938077406	0.982726743959562	0.9936449417325701	0.9966301255516027	0.9875610154466187	0.9976825840729736	0.9852395310635145	0.996034163019229	0.9925013541003453	0.9968323437237905	0.9952304289246725	0.19530001906801575	0.9928652371701996	0.978840276650846	0.9852085188527975	0.9877268987513497	0.9946255071454991	0.9959165202654073	0.9969154796459054	0.9952070123336308	0.9966130500688405	0.8685137103085006	0.9933035644035915	0.9792815139248321	0.9962447048495798	0.985444546451362	0.9977116578597754	0.9865830699967894	0.8660113615287309	0.9656588497521652	0.8587144816149272	0.9864351336184493	0.9962095501618651	1.0	0.8562983655028017	0.9757966612165208	0.8832027821108402	0.9748371404518676	0.9963036085745102	0.9855241003796721	0.8686398169778566	0.9934598288137935	0.9778615125887183	0.9960396762885462	0.976298482912782	0.9935909002925896	0.9898532744630131	0.8663989263448503	0.99389808427803	0.9918723657957499	0.9737394697686873	0.987064226920695	0.9970316593573771	0.994332766742969	0.19394733791563565	0.9572671607514959	0.997452804746927	0.9970633003039572	0.993182341799214
scaffoldsTV106	0.8629800172033941	0.8587864340483644	0.8593763852374768	0.8573720555514696	0.8567982103398065	0.8502893503940548	0.8593617033935526	0.8574055525717506	0.8572924207226974	0.85927861081999	0.8588716120032323	0.8552443272321485	0.8527871982965829	0.8578341194930094	0.8571771472225457	0.8580612907566528	0.9895503966303602	0.8564551187275591	0.8584167967626934	0.8500303911876037	0.8572997639177857	0.8600924779419205	0.8587566224195512	0.85793326215888	0.8538780265070584	0.8562207868397348	0.8526400299195129	0.858877531863087	0.8580461956996515	0.8618216762392977	0.857099406284485	0.85930639440714	0.8593552439838709	0.9170643375797314	0.8591719663847429	0.857413878282578	0.8703654734004111	0.8540198780287253	0.8571525857299364	0.8590013330734284	0.8540733048814105	0.8568245364850654	0.8589720230286911	0.8630710015183329	0.8568242710061094	0.8564481756924612	0.8589626899820297	0.8589990937936278	0.8604466546557388	0.8584394420924925	0.8593601459529242	0.8575948853681562	0.8555578410054584	0.8578501434387109	0.8572883716923266	0.8588041889871951	0.858193693723536	0.8576907740293418	0.8575926932444423	0.8568212751308576	0.8567453125190272	0.8494021086176907	0.8589983230277638	0.8576887025416	0.8589127278989855	0.8596026578280828	0.19375693205960823	0.8573396314819184	0.8594731725210297	0.8550916856338624	0.8604754815863155	0.8565477971815199	0.8592248252345203	0.8575928981685637	0.8581472976412324	0.859294502838044	0.86713070267913	0.8579915692179506	0.8595219037667896	0.8592143020199099	0.8552501945665063	0.856788558607221	0.8548491402849816	0.9160919109417043	0.853090979203514	0.990374121917508	0.8607134104408746	0.8568852634852341	0.8569971602550286	1.0	0.8533599847313926	0.8791498845429642	0.8545656716679043	0.8593336117958575	0.8552889621909134	0.8672956079073411	0.8572469445986067	0.844605154536295	0.8690578527170754	0.8540651790492216	0.8576904113243885	0.8582561692156576	0.9171128059747443	0.857658009713867	0.8555452807325461	0.8540927848743224	0.8570045852429345	0.8576202217626516	0.8576991607088923	0.19498044711632878	0.851557493896841	0.8571664849817735	0.8576242789669324	0.8580256957176302
scaffoldsAR01912	0.9630134708526902	0.9664373436172147	0.9662120044175687	0.9640377861641399	0.9651639638586801	0.95232457542424	0.9663715471441761	0.9667934615508621	0.9669801681569322	0.9681994296147273	0.9670770337695359	0.97918708093016	0.98219029650006	0.9656510342155755	0.9651860427213163	0.9653698819456596	0.8452995081866941	0.9646677638265819	0.953233659226952	0.9648387863509481	0.9661608029687314	0.96764751073665	0.9669711632007338	0.9655110507355844	0.9901652460484313	0.9676282378976198	0.9657992746235697	0.9660790569019155	0.9658714901532431	0.9542826159667964	0.9648387774632351	0.9659367906607762	0.9671812330489802	0.8688021588143973	0.9664897501969139	0.9666525236753917	0.8599810193110112	0.8426580912398696	0.9651785645668545	0.9664020268298965	0.9922727864470463	0.9636758405847833	0.967099762978197	0.9669732820758096	0.9657467133920007	0.9647886466620793	0.9661859112322682	0.9664248460563547	0.9639276515855798	0.9667384365006402	0.9663840297102412	0.965424693205815	0.9800501942637072	0.9651771865238615	0.9635424856332608	0.9670992768808273	0.9625483385210993	0.9656977289022399	0.9642089378700978	0.9661628340349487	0.9643033725054132	0.9634407509734895	0.9657545893581723	0.9644567408664954	0.9666205923597546	0.9685909995652292	0.1937233204985837	0.9647580285681064	0.963116886431339	0.9671163911825899	0.9669985527670079	0.9672292038428527	0.9661468142560848	0.9646420152112666	0.9646423065441445	0.9663738396062879	0.8675889827075678	0.9652980962724482	0.9668797147787859	0.9663813578929142	0.9803034151037853	0.9643122189809836	0.9781422364677749	0.8680902967056804	0.9787457307652845	0.8456776279410921	0.9651342308474681	0.9639621360622859	0.9651219849839515	0.8429904811900304	1.0	0.8790856233234525	0.9901945987018165	0.9661650553059213	0.9801469374249628	0.8671263372285182	0.965403645123145	0.9576958534496628	0.9659690118727935	0.9936151635795955	0.9656688489697401	0.9734869119767449	0.8689164339899142	0.9660865575014193	0.971694680270489	0.9896558082853836	0.97324132209839	0.9646409056810212	0.9664104003904185	0.19842688800928898	0.9740160114480052	0.9643930871818308	0.964633089987568	0.965317022859278
scaffoldsAR01215	0.8218262417749448	0.8257844861809432	0.8265434942383613	0.8112003972757417	0.8111856202046227	0.8095486051685298	0.8265752208380029	0.8223565305594753	0.8222579575316205	0.8280957332990191	0.8262234391135648	0.8248604121147456	0.8027198099870932	0.8110227883667541	0.8109859424226251	0.8115710212095916	0.8151953238223331	0.8107919126289203	0.817732139992471	0.8025433219439023	0.8115757971699488	0.8088536635679568	0.8264182562393243	0.8113683373598533	0.8231872965869371	0.814465135890642	0.821911647679152	0.8261769004902799	0.8125699699773657	0.8129492351878993	0.8112516343725522	0.8264058980597091	0.8265752220133789	0.7954276690359126	0.8265400799844206	0.8182603146863897	0.8459199548818389	0.8061892000691353	0.8112009907873863	0.826403173297613	0.8106149815417557	0.8107340625553048	0.8264024727339113	0.8219862740191967	0.8112134832103008	0.8110840861216166	0.8260616105618499	0.8265293996275923	0.8206907123561313	0.8260081693185335	0.8265112663756708	0.8109601870787541	0.8256901025194002	0.8107501198192592	0.8097412385298874	0.8261882560170899	0.8213292210066563	0.8113864725759002	0.811476099595929	0.8219949621404469	0.8111677094268384	0.8023055974059853	0.826471653271448	0.8113105864796234	0.826020043949047	0.8279541644987486	0.18604945885324192	0.8112945504220054	0.8132124754645301	0.8230858409799097	0.8225982966837334	0.8112401371425977	0.8262592903281655	0.8112940588258282	0.8260669954473874	0.8261419660643684	0.8843077629415421	0.8113730595584805	0.8166532148898491	0.8258868330710736	0.8252998042124534	0.8111769921627372	0.8172828581508587	0.7945625333870963	0.819073714559223	0.8150633401449087	0.8216911637878873	0.8110044645414626	0.8111527972333569	0.8041076440355027	0.8110659845594201	1.0	0.8201239157003165	0.8264857259271243	0.8251614799579337	0.884213845120039	0.8112697520896233	0.8148562433297616	0.8261122049534156	0.8242375800737097	0.8111199216622361	0.8285586156925442	0.7955858581601933	0.8107193164814739	0.813654742155016	0.823018986094796	0.8121819616149881	0.8114770531058184	0.8114041321063148	0.18308418866114679	0.8139733561790833	0.8111562348029372	0.8114774876528437	0.8111538871712322
scaffoldsVV5	0.9457089659213634	0.9322421244177227	0.932684592224523	0.9160271756188345	0.9173822700526436	0.9482600729730801	0.9326446607692449	0.9334968697832254	0.9332243205090349	0.9354711072832335	0.9333149172512375	0.9449977644925894	0.932260608138319	0.9344141128902393	0.9174290222593838	0.9175403976929883	0.8067071570135255	0.9171086416361895	0.9198074619653646	0.9175017427716521	0.9182805523461463	0.9191425609957586	0.9329068759759436	0.9175177363216093	0.9565749168845845	0.932467437994299	0.9325201648083882	0.9323391962354748	0.9179308691313868	0.9201173337419848	0.9175109325585297	0.9331074634267068	0.9333849352630326	0.829842804203319	0.9326036866657907	0.9330606481733467	0.839017080743965	0.8150593278198344	0.9174244532236935	0.9325628678183001	0.957778559284152	0.9164593892356794	0.9332656218881831	0.9328489428456277	0.9180035982198028	0.9171487002136218	0.932538097842017	0.932527395600333	0.9301805991356376	0.9486439762242396	0.9327200041329045	0.9179149673295799	0.9453649532936628	0.9172836923443242	0.9160823009329011	0.9330057752623806	0.9447346066353296	0.9178641883117133	0.9163752724472327	0.9323912736794879	0.9166640424701237	0.9159765528789303	0.9319816414640152	0.9170585889690993	0.9334996288605882	0.9349596938515469	0.17946952382493245	0.9170620048354349	0.9388595151148497	0.9329295057484214	0.9461821934502629	0.9183821566074077	0.9322881425103753	0.9163146590992536	0.931691915176846	0.9328710154270154	0.8320023728040451	0.9173723098529831	0.9324480772773422	0.9323167352171018	0.9460116556800833	0.9167172054393763	0.9306104234722546	0.8291901269466626	0.9442973457534083	0.807143947051166	0.9315375473853764	0.9168008406544077	0.9173466246533112	0.8016655974317087	0.9438801596834961	0.8462354318342592	1.0	0.9326927583493904	0.9456808099526556	0.8315087042660082	0.91765091352733	0.9368363857999384	0.931974135429559	0.9582012697154202	0.9180178526602443	0.9545203939889907	0.8296021149092496	0.9185151378117707	0.9229487185600164	0.9561129254165187	0.924820630548885	0.9166415249317572	0.918516179680635	0.1880943630564313	0.9402536160903698	0.9166712759358442	0.9167215050073861	0.9180488984624066
scaffolds13106	0.9794825615912	0.9962889765691317	0.9982793604899947	0.9738174846509092	0.9737862215659719	0.9678752186283351	0.9982124239097496	0.9828715783947306	0.9839309013784108	0.9924874228644205	0.9930806741923889	0.9793422862342703	0.944807797888828	0.9700548995444612	0.9738515818257995	0.9714069637890782	0.8455470379933532	0.9733551606148482	0.9846957625936276	0.9467599738713197	0.9709404176702757	0.9690494792560265	0.9972781443500035	0.9799862686754032	0.9695055739468076	0.973251004348022	0.9820001945703298	0.9979435043300925	0.9743826726179335	0.9700054119975304	0.9740271820727688	0.9978240058205056	0.9975917739745556	0.8540654119549298	0.9982272531407766	0.9799153619615465	0.8625268479009782	0.8365793066202596	0.973931302317906	0.9981623471706594	0.9543614476001281	0.9732793387708872	0.9974217945065995	0.9838402397736279	0.973903216963289	0.9734179050925453	0.997938150162472	0.9982015424921306	0.980350805337314	0.9927798610909865	0.9981851066202303	0.9715235479756174	0.9803157359697784	0.970920751218612	0.9730885037747858	0.9970072253715127	0.9788941905437768	0.9717994105882743	0.9802766361608342	0.984309067317456	0.9744006657837055	0.9635544801019821	0.9980290558608772	0.9717060464397891	0.9972725184652786	0.9923422113031365	0.1928871716246534	0.9717804155798843	0.970600542131478	0.9813507521783637	0.9834695163351511	0.9735420892155062	0.9978641341010713	0.9805543422268662	0.9963698401120032	0.9982233903031992	0.8627430530800908	0.9714199505868262	0.9751783118171751	0.9979239442425084	0.9795803381495699	0.9744715540802947	0.9684795085487552	0.854066598796297	0.9595479595522799	0.8458547267672897	0.9835229222347157	0.9739372808965325	0.973834596041857	0.8386297705362268	0.9542524604337946	0.8798958656768167	0.967679200502259	1.0	0.9797305686975663	0.8626824012346286	0.9716330833171072	0.9747061652548057	0.9910507105340253	0.9704893813129392	0.9716961074171758	0.9863400310982225	0.8542246989057721	0.970460408562143	0.9700061298437943	0.9679386403985107	0.9657153086641549	0.9806469254346751	0.9710827927720138	0.19119678478232233	0.9520078125169465	0.9738821753974731	0.9806474486051655	0.9716453739796294
scaffolds120320	0.9757289336019173	0.9792238562463462	0.979472385119016	0.9607799250922584	0.9618482025991343	0.9622707357956318	0.9798543692558583	0.9792357746674657	0.9799139225592604	0.9806545548647375	0.9804121753074283	0.9937632762656118	0.9549275171134591	0.9611838778855506	0.9620028477455929	0.9616379463273045	0.839047477922461	0.9615196722441549	0.9663368671887279	0.9417154881200804	0.9625856201550782	0.9623611514933336	0.9799848053634909	0.9624444121008118	0.981948887096051	0.9685224440036556	0.9781625307938265	0.9793608955032811	0.9630671495867429	0.966408309591136	0.9619452456831167	0.9789718082703663	0.9805910852706632	0.8545079867062082	0.979777309479248	0.9760046970304184	0.8603260754192544	0.8300344447589068	0.9619360089507928	0.9797440930925854	0.9658163224834806	0.9607212605244003	0.9803077690336705	0.9787840986723552	0.96189173146075	0.9615421233111436	0.9795972455785655	0.9796919386452491	0.9773745978441556	0.9799307591207441	0.9797054715673182	0.9618524586727102	0.9961249013314688	0.9611985617281992	0.9599829741010952	0.9798884720406664	0.9751277905188906	0.9619757344869954	0.9612700679811795	0.979145110002987	0.961202780812386	0.956296243809258	0.979175623289756	0.9617536690984411	0.9799401649008409	0.9812213512141952	0.18934970575587678	0.9616867588037579	0.9620265521446415	0.9759562176605083	0.9797005717378048	0.9632555428238898	0.9792555116413433	0.9615812486217213	0.9777042638219376	0.9797995076484871	0.8652845145520895	0.9616412751188226	0.9705610959859731	0.9794995672579815	0.9955791439570191	0.9611499734460698	0.9652048655841194	0.8539434605490467	0.9716621816715705	0.8394326284834658	0.9787750458225957	0.9611173813020478	0.9619817722625416	0.8322762702660407	0.9659670602354204	0.8756603881753119	0.9786509291629586	0.9794443480669524	1.0	0.8651270570646831	0.9617611365416783	0.9697685101214203	0.978653925211225	0.9825773540620445	0.9620144383096145	0.9801991270353579	0.8546631270936191	0.9621169154496975	0.9673544878198173	0.9796948728112677	0.9588521418790154	0.9616677088632931	0.9625504219671566	0.19036775009002052	0.9638729879412418	0.9609393737142037	0.9616063920638253	0.9619614888406479
scaffoldsTV126	0.8523487385629137	0.8539011213306866	0.8545344272867559	0.8427246354292618	0.8428704914296772	0.8520057397040323	0.8544412486516846	0.8530489745944831	0.8527879618162295	0.854117242899272	0.8544530734959597	0.8564841445037529	0.8407725377690596	0.8429539832139163	0.8424348761767994	0.8430763219118163	0.845416103721286	0.8424337912438995	0.8536564895466029	0.8332051813296865	0.8430511651494109	0.8432244109599641	0.8545562224522638	0.8434627805766204	0.8576943754336166	0.8536128591329795	0.8520727264394353	0.854032394671335	0.8437315560880274	0.8528707924457926	0.8427766571031664	0.8543813585650764	0.8544762477187023	0.8310779457369007	0.8545459768105589	0.8533423250401547	0.8754975890073328	0.8493715838673568	0.8427876726761137	0.854560870572528	0.8497222998184517	0.8432736222186363	0.8545594322448901	0.8537962127554269	0.8429510300757843	0.8427164180537983	0.8542996091394993	0.8545797681001531	0.8527732229632761	0.8540662041559914	0.8544270111590484	0.8427026365014134	0.8577630185904468	0.8431368847289527	0.8424349925514835	0.8545387905236398	0.8560908141692178	0.8430439545994507	0.8434654176598941	0.8528580658976498	0.8428118758539564	0.8414158258470713	0.8545308551803819	0.8431412340899954	0.8545221746967744	0.8545952979023215	0.18583431460426242	0.8431372891071109	0.8522146233411239	0.8508383202812181	0.8534243173608592	0.8436873445761407	0.8544821070477169	0.8435102278852199	0.8539870998956761	0.8544818374541675	0.9989774303152529	0.8430905555978037	0.8528214943385345	0.8544901279742161	0.8561257727251846	0.8428669470258592	0.8440655494964527	0.8302651219910163	0.8619191444483207	0.8451630356144415	0.8522167375882499	0.8423399108982592	0.8427543521317065	0.8397923874333272	0.8492226219487672	0.9322362820715057	0.8546484842120897	0.8544614013674283	0.85791519702676	1.0	0.8431180836144682	0.84531577362761	0.8535418511072069	0.8584126637688915	0.8430523240711963	0.8550260600607578	0.8306962973348987	0.8428770107029537	0.842462453794572	0.8562958562791966	0.8422941171812214	0.8434945955530695	0.8430315096329941	0.18936027928016685	0.8553175593413964	0.8427646542973556	0.8435048964128413	0.8430506266015362
scaffolds5A9	0.9867375107059433	0.9916698307189895	0.9935323119072742	0.9932611175714421	0.9934018424639097	0.9739901550902614	0.9938054681770875	0.9880917244512674	0.9890098417201422	0.9957810942154426	0.9933163739658589	0.987118681769999	0.9663528716076506	0.9957312389611371	0.9933669482646993	0.9978480509070037	0.8561419459071348	0.9931396755241931	0.9798940179292359	0.9651914830686492	0.9970403133092396	0.9898420689059815	0.9931456966079344	0.9935067861123131	0.9757982487867223	0.9793764256387583	0.9873434466052394	0.9934590123815299	0.9957015815241147	0.9756628305761551	0.992935014472712	0.9931812435764573	0.9932013402590385	0.866234957231095	0.9940068659362541	0.9865197928646458	0.8692856210256249	0.8537345853022055	0.993273337726658	0.9939782184983557	0.975206487877424	0.9927176612870903	0.9932117818029336	0.9903800981361495	0.99345967667407	0.9928554753489307	0.9936025986232834	0.9938885315269264	0.9855681207661445	0.9928285275928777	0.993764203791446	0.9980491533187825	0.9873326137168705	0.9973718110612769	0.994148139215556	0.9928426734775363	0.9862359338527752	0.9982273249059503	0.993882813495382	0.989433610955329	0.9940977707879993	0.9876437357282813	0.9932761819493335	0.9972757409781624	0.9926979896137075	0.9968642983040463	0.1984216140612464	0.9976372191782059	0.979778336143328	0.9872923588322754	0.988457005650061	0.9947136251491413	0.9933322890702555	0.9942360143146469	0.9924142061361588	0.9937278268962835	0.871590800640598	0.9978973721306413	0.9804122476506085	0.9933717401019557	0.9858579605909955	0.9941395153594115	0.9874694292101208	0.8655387423141687	0.9659071247401002	0.8564087809684212	0.9882328579505141	0.9933519175217902	0.9933692198752394	0.8548902377631532	0.9757577889691489	0.8863883242103255	0.9747548417209398	0.9934183312711808	0.9860180444431883	0.8711120494177326	1.0	0.9800412491692019	0.992859818220008	0.9764444953457599	0.9981513447004277	0.9907037936180257	0.866237099141147	0.9967171300309229	0.9914339233614512	0.9742898445433662	0.9882647452562353	0.994282769699914	0.9974157138362145	0.1974133402309748	0.9582550211130557	0.9936812282054284	0.9942889796688441	0.997829418692347
scaffoldsTV9	0.9604566633522618	0.9580325246669169	0.9584519770983496	0.9406120981803814	0.9411674012085608	0.957907112589404	0.9582994301591067	0.9621893851528752	0.9634962514621365	0.9594338634552302	0.9576510835238192	0.9541546512264547	0.9217212437686049	0.9411529055241677	0.9406335308664903	0.9413200795621853	0.8177816415636625	0.9406254408986866	0.9454423081143893	0.9189860371567841	0.9415113259125195	0.943829431444243	0.9583765254332968	0.9412391627553688	0.943705083746556	0.9517188619037722	0.9704653427873466	0.958434753436914	0.9427825674946586	0.9493944041301593	0.9404763457233398	0.9577613063164362	0.9581398693864841	0.8305898707172467	0.9587727861215811	0.9594002677895261	0.8523151250279165	0.8240157888423199	0.9410966446373266	0.9585955190310825	0.9430889502194691	0.938821812743535	0.9585636529918571	0.9628989474783282	0.9406010669068188	0.9400554495630791	0.9581587421108481	0.9582705647654569	0.9597468064690858	0.957959947865789	0.9587521567599983	0.9410048871773962	0.9548739846520213	0.9410615614410744	0.9398983491226472	0.9587005938205088	0.9600473589595594	0.9412651344029878	0.9410528329610275	0.9634742971881392	0.9406892368345149	0.9386988914497624	0.9584454735124217	0.9407691767289331	0.9581370641239343	0.9602808978512205	0.1855273694537421	0.9409228670200174	0.9457083055113522	0.9524067963390865	0.9778567648330458	0.942862229607852	0.9583172190648178	0.9408978690040903	0.956619451467262	0.958621276693036	0.8366984826598048	0.9411805853255223	0.9549592968754588	0.9584629181670598	0.9543668639250749	0.9407748245477932	0.9408420702130863	0.8298312507834013	0.9347392359288217	0.8179735195187618	0.9618563495049383	0.9412139683925301	0.9404576534310608	0.8112118961275446	0.9304357721817383	0.8485942301942978	0.9556414474473438	0.9582608391194077	0.9537869757254068	0.8361635776736573	0.9410880689959712	1.0	0.9597284305510535	0.9454729447504877	0.9411770382199675	0.9636725279696807	0.8307082192931349	0.9411980251590818	0.9401055495242813	0.9440207677513951	0.9405161633409885	0.9414601479205523	0.9415458538333191	0.18948021653702551	0.926782736949884	0.9405578830651085	0.9414883477027451	0.9408394287765346
scaffoldsTV32	0.9845736810344304	0.9835807411261362	0.9851211062624573	0.9671345343574589	0.9670897514883787	0.9613225239940271	0.9854458033853116	0.9839081784717212	0.9840624760644063	0.9842761742223213	0.9848544787310431	0.9734221402924107	0.9388417496692762	0.9627551622287568	0.9672852058746744	0.9649338835045339	0.8450105529726325	0.9666940551431475	0.9718447586758887	0.9408793409991252	0.9645186324412763	0.9670112463440201	0.9844628418052371	0.9670180448614845	0.9643329902022738	0.9736682006327367	0.9779861869392705	0.9850235224194904	0.9658931540139298	0.9738057623157604	0.9664184437545026	0.9848556128104645	0.9846887250352577	0.845240039547637	0.985235313195761	0.9808814785605915	0.8628048346753302	0.8349844522105083	0.9672245129654925	0.9855477747346324	0.9475893508612832	0.9656951397382695	0.9845493680508335	0.9884945431830393	0.9671803831268965	0.9671481022040986	0.9851800342153414	0.9853352306028897	0.9807339394126647	0.9844036199082263	0.98524951415321	0.9648400258664229	0.9752403037819748	0.9642288838825972	0.9666386496058702	0.9839061568062356	0.9802209499905474	0.9650748964922881	0.9672786779367912	0.983869702750028	0.9678685977648519	0.95687837086214	0.9846578764971067	0.9644049303647856	0.9840435075975749	0.9843368356421341	0.19093106511639227	0.9642616723492475	0.9725361269767907	0.9749322273295821	0.9837534357881185	0.9651926565609338	0.984987245812992	0.9674461973332024	0.9836163696771988	0.98517826738267	0.8531342601123302	0.9646777827109652	0.9798524932745655	0.9848680976798289	0.9744377000478109	0.9679284477252805	0.9617427300689014	0.844784930730353	0.9535707490353035	0.8452822696816382	0.9837164739296337	0.9677445450353948	0.9671202018875854	0.842062123446268	0.9476912511483121	0.8698648467072128	0.9609835108147449	0.9850012120353154	0.9743629382811084	0.8530620670909075	0.9650459489716768	0.9699218106633408	1.0	0.9642770670778146	0.964966583565922	0.9860986341299491	0.845052057427384	0.9638091549688704	0.9615466599157668	0.9625413283876603	0.9622103157168677	0.9672711530166761	0.9643041318448673	0.19224566178031943	0.9467201641372874	0.9675590430974308	0.9675893532556972	0.9650568844814026
scaffoldsIV22	0.9663503273924754	0.9693427312651004	0.9693992999460849	0.951534710128723	0.9526548484946082	0.9549933554645659	0.9696968217723	0.9701697204306577	0.9702509017112791	0.9711220501191264	0.9703718538881102	0.9820115075414508	0.9687503908590851	0.9526272016649171	0.952685180691817	0.9528436185454517	0.8383167185003868	0.9525071128883923	0.9563270849708556	0.9530082783360723	0.953778427965944	0.9545519580280912	0.9702704605844054	0.9530741165636809	0.9950133825007845	0.9695363616281173	0.9686891191788704	0.9693170626047692	0.9532823053540501	0.9563817357010186	0.952022795207673	0.969225993564758	0.9703822578715255	0.8612249950884817	0.969645429818261	0.9696409019073887	0.8584879587229973	0.8330976950946724	0.9527586898762892	0.9696443741247033	0.9793133687682304	0.9513648149044185	0.9703385149031106	0.9696870594058703	0.9532484940968481	0.9522481937444439	0.9695744551793034	0.9695971797460552	0.9670420015954372	0.9700277766159993	0.9696582921820351	0.9529113538109955	0.9842480025035878	0.9524441766543242	0.951414840014502	0.969672910541957	0.9658430830882827	0.9531175288728873	0.9518571497428168	0.9694952369995855	0.951912515588441	0.9502514032342227	0.968929711790451	0.9523649883449238	0.9700449136572602	0.9717693946312216	0.18959020839415058	0.9523659439977081	0.9593293745646077	0.9700110247571172	0.9699877861726639	0.9541235980499323	0.9693329890652225	0.9522467773529847	0.9680980938728821	0.9697863590230661	0.8643913246946244	0.9528132745340149	0.9695794174522023	0.969358658950221	0.9832361652849003	0.9519157636658927	0.9677666250025838	0.8605242133487814	0.9819102495670503	0.8386508739345792	0.968765613079238	0.9519448044068582	0.9526142068111123	0.831521783440817	0.9806036714228334	0.8772638596573952	0.9920060108869688	0.9693746675291792	0.9843967171675487	0.8641486987833475	0.952993069015256	0.9599572458102532	0.9688055880542561	1.0	0.9532618642677749	0.9755321175766725	0.8613406791314825	0.9537988435325615	0.9586227336012588	0.9928895909374583	0.96058148290801	0.951881867029891	0.9539100462875766	0.19338759962283078	0.9782885723724434	0.9516032294307936	0.9522080602779942	0.9532411040208921
scaffolds5A4	0.9853982247861255	0.9915382406100188	0.993496362930485	0.9931545286980336	0.9931647526978534	0.9736084447154885	0.9937207829495873	0.9878838454760233	0.9883476111317724	0.996041753777042	0.9931109353085297	0.986253622336136	0.9663377295743086	0.9957713766134667	0.9933019593865323	0.9977454744581349	0.8572792247526946	0.9927323038151427	0.979867651888332	0.9653998656835621	0.9967611046744443	0.9896471553253482	0.9926586658303924	0.9934815039237407	0.9758072564801454	0.9796721523968559	0.9866548825740041	0.9933082842459111	0.9955630613044661	0.9754573638171898	0.9928883359459126	0.9932514778764915	0.9931037261517874	0.8672652741638842	0.9937915194567072	0.9863613318437606	0.8702856182727975	0.8538843056266526	0.9932609486245605	0.9938087468525464	0.9753592240283314	0.9924768188220154	0.9930280738571967	0.9902876364731868	0.9931485956871291	0.9928044951372139	0.9936144936179557	0.9936407729751993	0.9854915758525306	0.9925301362732298	0.9937094757448419	0.9979189956187782	0.9865489082574928	0.9973069006048956	0.9939592230291788	0.9925807697230373	0.9848848113771325	0.9981264610452921	0.9936036761785223	0.9889759647409279	0.9938488644546443	0.9873338646202007	0.9931049924455991	0.9969696084954963	0.9925619689516756	0.9966833757334178	0.19817544716147362	0.9973365783651461	0.9795135523305609	0.9871087655179136	0.9880261909010896	0.9945197371080103	0.9932604749669728	0.9937720464420899	0.9920727722726228	0.9937590787061668	0.8704112709936016	0.9977387696402219	0.9803710926054989	0.9934119467031898	0.9852139047592804	0.9938349320741686	0.9873816123178961	0.8666778140034804	0.9654808649531708	0.8576548948438537	0.9879371825703389	0.9930386221102647	0.9933342167696362	0.8564727606012511	0.9759687517770104	0.8855728764107904	0.9746362857416236	0.9934100524044313	0.9855636497700189	0.8703203108821803	0.9979129446939609	0.9795547907790828	0.9930239694943515	0.9762182980940232	1.0	0.9906512992430124	0.8674095811254491	0.9966359364811943	0.9912802382512147	0.9745545329147471	0.9881159345478417	0.9940743889297908	0.9973424915405793	0.19640273260724375	0.9582500663537096	0.9936847060763587	0.9940366527325137	0.9977701721716554
scaffoldsAR01673	0.9719663086767154	0.9518848834740874	0.9540889712654099	0.9348637229463512	0.9350764450959436	0.9531627465985243	0.954210659753048	0.9621749384819203	0.962803406247443	0.9552749212324272	0.9531804909246244	0.9474679830296617	0.9197429787401433	0.9506020138730065	0.9349289060444074	0.9359941104379558	0.8194481608800557	0.9345923279013544	0.9407910602422186	0.9231128100077483	0.9359024367000737	0.9461941699464229	0.9529575018274835	0.9364068620159666	0.9430283658906186	0.9533730095612033	0.9534726621260265	0.9539494376426801	0.9383151658508795	0.9468658100046281	0.9345423009778181	0.9536511546444737	0.9536300737605271	0.830836221782297	0.9545012659984781	0.9595740515837159	0.8434161570773037	0.8128066657119644	0.9349054316943602	0.9543451390694865	0.9284660395524232	0.9345165341675067	0.9533480498942776	0.9603841055785831	0.9349300398653104	0.9345560087858444	0.9537350595132462	0.9543184555898983	0.9591153624797186	0.968721778050171	0.9542857096747943	0.9358130990630498	0.9489425945308491	0.9352431114462815	0.9343977281956586	0.9530327927792437	0.974367079429275	0.9362279766210404	0.9366386111345036	0.962912727727181	0.9356152174817587	0.9326594633059508	0.9535322438277946	0.9353410190073232	0.9526744812186462	0.956038968638618	0.1848208790196628	0.9355972424845829	0.9618848271497098	0.9463905477610373	0.961746353086706	0.9389583108233794	0.9538862883084386	0.9368245708373165	0.9529112756018537	0.9540146249192192	0.8335089156184949	0.9358884945824839	0.951849872072264	0.9537097790596301	0.9479362564511744	0.9356280676993676	0.9445158500148302	0.8300653229333148	0.9307568528527561	0.8197540149877529	0.9619705848805309	0.9351512647807475	0.9348541062136906	0.8130664157107061	0.9291185699375142	0.8525161420941966	0.9562928785199507	0.9539120222452283	0.9479123758647896	0.8334175616936044	0.9362419922187821	0.9466926928933814	0.9587236531641085	0.9446742190223207	0.9360777755062545	1.0	0.8307946064852825	0.9351436883277289	0.9356624935654391	0.9423545791855183	0.9438726114646141	0.937336688890275	0.9356149692517206	0.18730289267062736	0.9266077806952548	0.9352295379504861	0.9372728299172769	0.935684989671178
scaffoldsTV121	0.8649755113952331	0.8670111924509643	0.8684573808554797	0.86164096726255	0.8613025238130195	0.8605290323268132	0.8681429121130809	0.866034045887708	0.8661984268927685	0.8755715409579176	0.8676680233628685	0.868011232470067	0.8734495075328788	0.8609285948775971	0.861666567181537	0.8610162968719778	0.9173741716987858	0.8606719413995771	0.8650877726571993	0.8772803909735292	0.8607545731920029	0.861780603588527	0.8679848103401743	0.8629422787240382	0.8738722781068488	0.86294500186533	0.8660656403329244	0.8679713591025732	0.8633514050446794	0.8755242437976698	0.8616713901260691	0.8680944846277374	0.8684532945731542	0.9958263824404421	0.8680878760299108	0.8645740613287443	0.8521863995736072	0.8341233911501968	0.8616745388735708	0.8680717688526912	0.8719479105803573	0.8615464290409682	0.868059796045542	0.8661643227596713	0.861676272607414	0.8610342286613775	0.8677566972049737	0.8680870862757281	0.8660851924712955	0.8669926398033149	0.868393988551317	0.8609353983056393	0.8690184820378526	0.8609581840392996	0.8601225277087791	0.8677212319794644	0.8648947684683691	0.8613188177607676	0.8622903102277634	0.8655575339536901	0.861022793866771	0.8581261178400957	0.867754562636177	0.8603165958441005	0.8681670024330617	0.8797391819859705	0.1854983071595918	0.8605307926281529	0.8607757765237566	0.8647313338942917	0.8661278813162177	0.8629112961293142	0.8680862101663294	0.8625679756030606	0.8672660431340496	0.8684296321218827	0.8534119163541852	0.8612907519112272	0.862761974312746	0.8681507709865438	0.8689594181555854	0.8613759430120547	0.8699599906216017	0.9971975182782679	0.8702552161117364	0.9172692379408276	0.8657832446792684	0.8609078608170112	0.861636398771242	0.9121524815069679	0.8723839441212276	0.8640097247365268	0.8734866390707546	0.868440145497085	0.8686320881073595	0.8532313882401067	0.8608982264589402	0.8581368887207457	0.866636141165494	0.8746374843089323	0.8613280729258238	0.8724924760939672	1.0	0.8609089031401734	0.8628794728376346	0.8744828039853766	0.8804576733687287	0.8626352904422545	0.8612798966524992	0.19637543763779375	0.8686792228993472	0.8616875930680402	0.8625800451242023	0.8610318236974127
scaffolds5A2	0.985284555724426	0.9925967544488259	0.9930575510010439	0.9927056584638135	0.9937982064643495	0.9731489733972474	0.9929523041005304	0.989146914172807	0.9897766818823508	0.9955047984231626	0.9936687233268665	0.9874516324788217	0.9674699254155728	0.9964756242338678	0.9938385045865492	0.996940794225912	0.8588743303786355	0.9935363053196112	0.9794655190872594	0.9652471001768856	0.9975501756621075	0.99045997464537	0.9935464471488031	0.9941620896980441	0.975435784902014	0.97915730507932	0.988090116485546	0.9925638694127419	0.9944930797545968	0.9759950881944089	0.9934298843892019	0.9926300493661807	0.9937179185283168	0.8683274217386554	0.9932988072785297	0.9876189258774017	0.8704959911559893	0.8543079805436868	0.993923218422045	0.9933052272340189	0.9752689532282898	0.9933892506069522	0.9936855311384971	0.989692154118388	0.9937049519510192	0.993395155607478	0.9929580011895894	0.9928236763192857	0.9865684532576411	0.993349308800351	0.9930366275060403	0.9971775170537264	0.9871701022377984	0.9965537380128976	0.9931645264703357	0.9932470074082034	0.9844787359326935	0.9973028172327695	0.993250717401756	0.9882959515467462	0.9930095142918428	0.9871735500467167	0.9922931294079976	0.9964491978297448	0.9933199508746482	0.9958556042337716	0.19828590917781871	0.9964233600861315	0.9792429997561781	0.9862094427256726	0.9891503792942238	0.9934590728259325	0.9925394654027546	0.9932733974931005	0.9911904780263303	0.9930301754754739	0.8711267155794433	0.996934955295869	0.9800420536091893	0.9926870854559062	0.9872537193104318	0.9930328070849089	0.986749158326311	0.8677596713991906	0.9663595942256091	0.8593232583628366	0.9882686444451008	0.9929715916020936	0.9938494231595557	0.8577774156963003	0.9767837323945672	0.8865234175003235	0.975709413369892	0.9926218629901455	0.9870717170160677	0.871113096172955	0.9971293089696074	0.9792500910951994	0.9926088903973984	0.97773609774997	0.9973017780357563	0.9899797398570984	0.8684626234783438	1.0	0.9917494942390993	0.9746714894453429	0.9869117893846778	0.9933047390143223	0.9980457108610361	0.19666465627474292	0.957994644523059	0.9926819565666567	0.9936644124127659	0.9973027489516628
scaffoldsAR99190	0.9802077326188451	0.9871986563778079	0.9875919443764596	0.9860190056858699	0.9871951087943389	0.9661617810981113	0.9877810795093211	0.9829816506384337	0.9833699674459102	0.9896582164267088	0.9882314403372906	0.9875457485630864	0.9642376174924443	0.9869707470557907	0.9872142791664733	0.987254157658505	0.855206065841218	0.9866163895555895	0.973952118620783	0.9647605690923499	0.9884472103123915	0.9848065068551779	0.988106735472943	0.9893226256250157	0.9748725149128415	0.972533492045922	0.9820935324582049	0.9875180245285937	0.9902749889779118	0.9700604923951205	0.9867535393641985	0.9871779855224534	0.9886323199992882	0.8646740017391289	0.987869393408246	0.9804532914721217	0.8676317914736129	0.8522668543082665	0.9871855058864	0.9877400025513161	0.9750180567418135	0.9863793874609169	0.988496953377178	0.9834191176584013	0.9871075027727595	0.9870591942499374	0.9875924713963046	0.9877521209411498	0.9800396375503856	0.9879265756072141	0.9878191439845647	0.9871923914688733	0.9873282318390838	0.9865978570167383	0.9851557631675438	0.98823597100387	0.9796897701908133	0.9876051549237088	0.9882309621077247	0.982478616528126	0.9862911440632423	0.979811792642011	0.9872598032091716	0.986498984367017	0.9878787226022456	0.9900063262106464	0.19830854181131247	0.9867293349854498	0.9748060923798049	0.9847886019972938	0.9832049376474885	0.988870130949077	0.9874372073874532	0.9881677471546102	0.9864089254486367	0.9876484143289929	0.8676255576483933	0.9871555658595094	0.9742683023055556	0.9873422494271656	0.9873967084732382	0.9863584879598843	0.9873195859716825	0.8638284458447648	0.9658759415230778	0.8555081234086689	0.9812759526019516	0.985570868616749	0.9870962581325132	0.8535915637577502	0.976790000258861	0.8856151810939559	0.974379861720464	0.9874266528220329	0.987078932462761	0.867543737138336	0.9873850809060953	0.9737634564881952	0.9856242186348091	0.9768138160585271	0.9873866740939923	0.9858796135001349	0.8648487753343114	0.9878433340883186	1.0	0.9742570142548918	0.9822023433966225	0.9882596181996876	0.9883481164719068	0.19530709733741283	0.9566655707907156	0.9863813048248726	0.9882685441682489	0.987066269354273
scaffoldsVV14	0.9655517498446382	0.965759404095074	0.9673693230569197	0.9509539101147252	0.9500096758876841	0.9545395764053021	0.9673902429125224	0.9679641509244948	0.9677261849588321	0.9698425152548996	0.9670235814595249	0.9803136527296029	0.9660463013516444	0.9512413980394672	0.9503889565595728	0.9521561022432599	0.8372994633811706	0.9499111718300357	0.9551841909445357	0.9524793744446034	0.9510934737887394	0.9519040058720687	0.9670982426821456	0.9498265437775072	0.9950102737581216	0.9688352269385057	0.9666035561660856	0.9666960947525475	0.9518324035169329	0.9556696084106128	0.9500899603962103	0.9666960871717332	0.9669814179138079	0.8592138599809566	0.9675900202136364	0.9679141377843798	0.857109028461616	0.8307276454950948	0.9502216913411986	0.967572003768011	0.9770765627872449	0.9486667457445829	0.9673433033580684	0.9689078411432822	0.9505596594924203	0.9502847457342047	0.9675131142210525	0.9670940649019378	0.9647066515964322	0.966382767177239	0.9673553319303999	0.9514647332601593	0.9821183847093008	0.9515032173962246	0.9499659851395393	0.9666565219868279	0.9643167477312694	0.9515379169064231	0.9496100921637082	0.9688219957681488	0.9505010651204993	0.9487885122162495	0.9669164284704607	0.9510104064576841	0.9667775159607798	0.9710552869883589	0.1850661882689654	0.9506451470654429	0.9590887131005339	0.9684555204282513	0.9671276903777579	0.9530936933807463	0.9669880301058807	0.9496355669383034	0.9664165439024968	0.9674373944083328	0.8606679015693481	0.9521289425287573	0.9691481866397398	0.9670280164567856	0.981617940438804	0.9502891701608085	0.9664382584876622	0.858315066760713	0.9795847423322628	0.8375453079632896	0.9671616021339715	0.9503681278649879	0.9502784116528855	0.8302480586244164	0.9772845386523783	0.8751477855631045	0.9901760866364174	0.9673524681405223	0.9818086706737227	0.8607832351497102	0.951313533802156	0.9590792674479733	0.9675544191581603	0.9929430600717635	0.9518273127078284	0.9745250685253056	0.8589427845858418	0.9508342816014703	0.9558011262363624	1.0	0.9589063535677074	0.9496729687416002	0.9511624537607486	0.1921564689237912	0.9790177731953575	0.9502497090039422	0.9496030092731257	0.9515616404800598
scaffoldsIV18	0.9624693125023147	0.9600415803650076	0.9618799672680758	0.9596935844812843	0.9597699926746328	0.9468365267449539	0.9618753889946574	0.9634073054573745	0.9635426981035969	0.9713037899254716	0.9607612561419296	0.9563167006278233	0.9483456781763626	0.9590866999342257	0.9598443210732021	0.960851721771983	0.8336643760848185	0.9593938972001096	0.9511079186819702	0.9605596155147227	0.9605442459821786	0.9651304491607392	0.9610143947619078	0.9615719286928534	0.9572397877457729	0.9529249642485949	0.9599576952985887	0.9614545702013382	0.964874850883354	0.9607048665679188	0.959724034435607	0.9613575465656541	0.9611042221252903	0.8560862973609835	0.9618140211038512	0.9598254126263365	0.8496022879977032	0.8296310130973019	0.9598906858309557	0.9617597853437868	0.9564196840921223	0.9587372301282734	0.9610921194002962	0.9648153165232403	0.959783601918048	0.9595593555739758	0.9617441830811645	0.96166841920618	0.9698665842540569	0.9604185317506337	0.961812132195483	0.9608923929046497	0.9582804215352665	0.9604261019377077	0.9589459462580052	0.9603942287951289	0.9609118171718112	0.961139976666744	0.9621086019816499	0.9640547574865838	0.9604246426781677	0.9574178924949234	0.961749721962711	0.9612945049985494	0.961132746314894	0.9738358659454718	0.18901972910118414	0.9613494585597369	0.9586935293287782	0.9530369176149458	0.9719025167232714	0.9639410946049086	0.9614153356572074	0.9621146338669623	0.9604042619920262	0.9619251526376129	0.8441867338421338	0.9607445962828872	0.9565240091362316	0.9614853016625146	0.9572122250297839	0.9604499642845283	0.9762565161296761	0.8554635871788103	0.9435977088392732	0.8343386232746564	0.9728630094392848	0.960270757245768	0.9597531816988403	0.8328302686756464	0.9570488464805313	0.8599153872107012	0.9550831611169446	0.9618098330871994	0.9571275002662502	0.8440145536644343	0.960992772650698	0.9518310873428512	0.9634513919788299	0.9579307606608933	0.9612227538896944	0.9720344783143758	0.8562496859108103	0.9602946154114919	0.9607457664466696	0.9557135041620496	1.0	0.9620062047257765	0.9604767001113084	0.19618643096353597	0.9432881257390724	0.9603124960388835	0.9622435165321025	0.9612040945312926
scaffolds13109	0.9794985653697341	0.9960263900919664	0.9975933042574987	0.9909173343029272	0.9914208813257124	0.9667259927222146	0.9978969360966692	0.981764006714753	0.9827258522238533	0.9921197879260639	0.9926051402215049	0.9790423913909088	0.9596023279839149	0.9866279005628547	0.991240720663504	0.9884468238782342	0.8540553204883667	0.9907499261589664	0.9838643508924987	0.962514212477547	0.9881062791482369	0.9844354127998399	0.9969489475306426	0.9971935612388965	0.9696291433453942	0.9728404597614114	0.9805703427270945	0.9975798202402195	0.9914825254859487	0.9689926295789568	0.9910100394516231	0.9968028294411848	0.9969977596426703	0.8630835146910855	0.9981003875314194	0.9792166851067167	0.865801278518241	0.8508689161610107	0.9910069125600734	0.9977519340413938	0.9692078324785375	0.9903434468071446	0.9969975710466225	0.9833120972986991	0.991386016120646	0.9908033310440707	0.9975041002097913	0.9979656744115263	0.9792520092371306	0.9926132163133053	0.9976867384174832	0.9882418291338722	0.9805910553773298	0.9875826451136828	0.9904395590255233	0.9969832374735008	0.9790556854071056	0.98855803168107	0.9984200373069289	0.9831432236529161	0.991921370390612	0.9801341568652419	0.997395685102679	0.9880889925385742	0.9965276881890944	0.99136950396968	0.19514481877686848	0.988107456334898	0.9758951120223237	0.9804483868433035	0.981705197060101	0.9909557902555969	0.9973830127084338	0.9979434762854124	0.9960844640645745	0.9975036722841879	0.8667604292773542	0.9880983283341344	0.9749185631764938	0.997204951821412	0.97872087613146	0.99206996122777	0.9828210997912715	0.862857827325176	0.9596153162311555	0.8544620598372358	0.9819927041960187	0.9917930745820827	0.9909289858797378	0.8523504217372703	0.9693214611860705	0.8813103373235041	0.9684747533400784	0.9972659281471421	0.9790616186178606	0.8666724120364849	0.9885333361511972	0.9743435744585648	0.9905262696656955	0.9694802952059371	0.9884042283361919	0.9858755008359092	0.8630680233918465	0.9874765273192594	0.9869606922929366	0.9674833429047914	0.9826683343517281	1.0	0.9878270760830788	0.19477970510599646	0.9514031904037239	0.9912903828930791	0.9984514990098681	0.9883110629463714
scaffolds5A18	0.9829476095513319	0.9905933263049749	0.9910168023176676	0.9910034536840352	0.9921119970615407	0.9711142064975156	0.9912121817241002	0.9864176833328594	0.987359755442461	0.9931748006055576	0.9920045164432292	0.9852546927417803	0.9653001036475023	0.9945423075729205	0.9921480538389111	0.9948757061602821	0.8558248953777828	0.9918557074972304	0.9774414693881224	0.9628533351788876	0.995458073707587	0.9884607368031296	0.9919096658609012	0.9924455319109825	0.9730115691025014	0.9768486575028067	0.985376077715714	0.9909395106543867	0.9928596271780503	0.9742292714204266	0.9917110670809524	0.990738958500977	0.9920269900256766	0.8660881130701206	0.9912798085194792	0.985067234028105	0.8686121077602748	0.8526369059841	0.992177238442161	0.9913338476749314	0.9725823505198946	0.9913396566998383	0.9919986091111239	0.9875861867256442	0.99199773727479	0.9915956687608297	0.9911122141825399	0.9911155816153595	0.9841087108047826	0.991588944719289	0.991259049558082	0.9950878316873005	0.9841067408708595	0.9944937381350675	0.9914429784239049	0.9915930494038118	0.9824168047009278	0.995298498074624	0.9912013153249452	0.9862204595248804	0.9912616932561096	0.9848883547656963	0.9906079903317031	0.9941242392346645	0.991533477274614	0.9938130430123597	0.19792393342626038	0.99449388617391	0.9768248025361757	0.9844518249617549	0.9868213446047236	0.9917851585882225	0.9908381101833401	0.9915897763077065	0.9897971707388818	0.991303198323787	0.8697298017775725	0.9949390107214938	0.9773664088286189	0.9909214443879629	0.9841184876984398	0.9912805890287024	0.9847021611816795	0.8654008018940482	0.9642575089554962	0.8561334257332727	0.9852265968769848	0.9906130046903175	0.9921426802003085	0.8550063955085928	0.9747459581207192	0.8849486155543898	0.9733866345569194	0.9909210719100932	0.9844973415765591	0.8696729010307621	0.9951489853664109	0.9769519813262775	0.9902007052764702	0.9750177362580573	0.9952670677840222	0.987987160897035	0.8662053631692824	0.9953705651465306	0.9900585511648057	0.9721422006828333	0.9854457798031643	0.991592296587671	1.0	0.19553168225523482	0.9555085333021331	0.9910332969103315	0.9916277744806223	0.994916266840066
scaffoldsVV15	0.18601873729709595	0.18481148732717176	0.1849226907317088	0.18497463010690665	0.18473492021775764	0.1838363339533242	0.18504676246204235	0.1860461464101488	0.18527676555343034	0.18504023948583256	0.18459932916797367	0.18535846934379516	0.18818831406914624	0.1847723707475261	0.18498009019030262	0.18480471766697612	0.1845445968573386	0.18477225787052154	0.18433848935914796	0.18783040863709774	0.18460986435720558	0.18608574031574987	0.1848458725905995	0.18459754215068394	0.18891908290980194	0.18573711729821107	0.18582030017975992	0.18505501515736208	0.18507924941422388	0.18501168609472826	0.18502101341552848	0.1846473854504064	0.18468121779497615	0.18773228110375373	0.1850395514162503	0.18526669321855727	0.18441078700670252	0.18460473475811184	0.18465132914420837	0.18472203591301506	0.18855636452969488	0.18484686019387392	0.18484212503377825	0.18600638658394603	0.1849756512205407	0.18502255622878966	0.1847447087421492	0.18483484789379426	0.18571759924487422	0.18486759910154957	0.18484487894547078	0.18433434286164216	0.1859475041060047	0.18413776044685473	0.1845674790709316	0.18505796544357817	0.18591757446256982	0.18462525748067724	0.1850607886946074	0.18596238298032045	0.1849517492363665	0.18430971858397427	0.18493936131799626	0.18456182101404264	0.18445182546837544	0.18461504610915802	0.19864722522000522	0.18432835686177243	0.18519960499550897	0.18536898090595597	0.1861844831960503	0.1850863648179031	0.18486485123848045	0.18465606936329995	0.18498320152082584	0.18455745514371408	0.18327605756220056	0.1844926354004682	0.1858466868907311	0.18481763371390628	0.18551091266987968	0.1850373861983429	0.18843481637001222	0.18735993225534373	0.18737461414680717	0.18456588972020807	0.18593207461346226	0.18438850896182216	0.18477320874506573	0.18439317544150985	0.18882871000413504	0.1863893089582896	0.18853908786679358	0.18478564248275697	0.18541387411735766	0.18322286700322188	0.18427149367882448	0.18550001054618065	0.18509634337899786	0.18891451279305893	0.1843284838649333	0.18905026949357773	0.18740624605818526	0.18432839719240193	0.18488524490378558	0.1886446959533032	0.18848229538550573	0.18474668497109012	0.18455678354679722	1.0	0.1871809843904124	0.18477401056188342	0.1849511779824806	0.18433657243484336
scaffoldsVV8	0.9656781502665434	0.9646677417276612	0.9667205275161203	0.9488459227038077	0.9489219470065203	0.9660087034688927	0.9669382053217954	0.9674657162362275	0.9667998270227712	0.9696698490781154	0.9665076356188296	0.9800705669957926	0.9660151653402651	0.9493094395556588	0.9492337960566537	0.9504669970457196	0.8496376532742489	0.948471834409381	0.9664909095280622	0.9501926780178164	0.9499455388165694	0.9515414947675219	0.9658243118526229	0.9485039143199347	0.9957623387316369	0.9663553737494175	0.9659959294201905	0.9662294455635927	0.9515573572148136	0.9669440022192702	0.9492303376846908	0.966317120504319	0.9666098376371162	0.8701112951699964	0.966793200575408	0.965919304298282	0.8687785023450219	0.8426492785631093	0.9488429903677701	0.9667395020246602	0.9778947338559056	0.948129343872596	0.9662700090637641	0.9670999775571111	0.949231376623262	0.9491179746539162	0.9663506355262685	0.9670247932575082	0.9671974133682967	0.9657293144525784	0.9665071079842786	0.950822290135984	0.9827980594652939	0.9503056428100348	0.9482939301393383	0.9657866485157929	0.9646368964562837	0.950770854822318	0.9485040747783672	0.9671803273467121	0.949621958182392	0.947191478319379	0.9666506957303773	0.9505484621931788	0.9663402857692778	0.9699130272893483	0.1902316275062865	0.9508572507916013	0.9601290429977333	0.9670443964606733	0.9668331446460704	0.9513926868015113	0.9661793168079338	0.948921602968547	0.9660599201854864	0.9668031271633527	0.8753709958218957	0.9505730504897449	0.9658902168931606	0.9661957023213524	0.9810337141335328	0.9496140404464423	0.9656737875972264	0.8695573931431774	0.9787847677864435	0.8500519412686155	0.9673058249168421	0.9488750042886895	0.9492285421284499	0.8430778461499391	0.9773138912916643	0.8797520464227997	0.9894748816186262	0.9667474614208132	0.9823631266231005	0.8756221670366064	0.9508036590866856	0.9574082568504503	0.9663406668751283	0.9929136844093179	0.9511189093342931	0.9739704342067502	0.8696141954120948	0.9494981274659039	0.9543731385883413	0.9929340696146188	0.9614636515851962	0.9488852169328095	0.9497452841360168	0.19458702670635947	1.0	0.9492615665629461	0.9488816017270268	0.9506761819649094
scaffolds10101	0.9840496429999283	0.9951526435686964	0.9967380635164971	0.9969729621535343	0.9972451375450937	0.9713581828428167	0.9970370114955234	0.9874198955188241	0.9879180870088503	0.9955716693041428	0.9962841872948639	0.9848398354742199	0.9651698109432887	0.9918878425500057	0.9974257282931144	0.993783756210011	0.8578743331347937	0.996769166914299	0.9831190148531457	0.9661697864873912	0.9934779265985256	0.9886299700490894	0.9961561970307801	0.9971014836088516	0.9745719102384439	0.9782272921571965	0.9861322513119017	0.9966157004524022	0.9951242498684696	0.9741103352678318	0.9969813288607117	0.9964804084283873	0.9964079812664643	0.8669267796306169	0.9969798321556824	0.9844804141473407	0.8699594997167549	0.8535552920825724	0.997352031236997	0.996969616928072	0.973875180815073	0.996067686516589	0.996263497901855	0.9888139468020415	0.9972553796875906	0.9976521108696518	0.9968428174696066	0.9969107714029204	0.9846500765536277	0.9958317748666631	0.9969868229708081	0.9939158751950263	0.9862085282750763	0.9932911632729535	0.9959607690589138	0.9958719195963952	0.9832757281570085	0.994184349668569	0.9973143774958955	0.9881604669751684	0.9979850470984288	0.9859372506392081	0.9963366040031273	0.993028952470101	0.9957743279041928	0.9955760793941132	0.19474520559844533	0.9933689950333487	0.9795141734746933	0.9855507603718716	0.9869740061229021	0.9952936257254742	0.9962374318632226	0.9976310156191729	0.9956146734646846	0.9969665050125506	0.8695916549215168	0.9938289816557294	0.9803205468975478	0.9965714153663725	0.9847220491249766	0.9979967621882994	0.9860101938863968	0.8660693233538744	0.9645959481079053	0.8581780876735744	0.9870514206142799	0.9964941477129108	0.9974104263740665	0.8556399182427584	0.9744818072907513	0.8845528529834311	0.9734363302462293	0.9966490879031467	0.9845268223627986	0.8693482199862211	0.9940232362944172	0.9785180765209603	0.9964726065159575	0.9746633978183096	0.9941190905593317	0.9904501382177524	0.866735331746898	0.9930231845211253	0.9911684088490956	0.973294914703619	0.9867374973133635	0.9972967213923336	0.9933089572606832	0.19431592420582702	0.9567845781105355	1.0	0.9973306853075476	0.9937445163008725
scaffolds13545	0.9775303359679135	0.9944742387074088	0.9963798047198709	0.9896592860357027	0.9901872565857455	0.9656554278100313	0.9965956442395169	0.9803223252139894	0.9814035432054354	0.990597903325473	0.9914924732849495	0.9782044076183647	0.9590994873095453	0.9852443777663386	0.9900925088309577	0.9869761910210157	0.8524289053907165	0.9896074403484824	0.9828776507942009	0.9621462101788132	0.9865339372914124	0.9832300339179298	0.9955737650112149	0.996142212227475	0.9682469674427369	0.9713657449731493	0.9793009068197783	0.9962985435929684	0.9901921041094687	0.9674919175229397	0.9897358807121176	0.9956251231871294	0.9959039887480035	0.8623049875508974	0.9968889015642782	0.9776941854465805	0.8660388695478799	0.850590801973973	0.9899679912866834	0.9967195187999162	0.9681132235077777	0.9893845329254354	0.9959838927361946	0.9818571584585185	0.9902109454953865	0.9895214717444137	0.9964108671359806	0.9966409693720658	0.9780861094742169	0.9911147900197541	0.996663026215874	0.9867334511926	0.9802397328765149	0.9863560076668715	0.9889836100672315	0.9955841110670058	0.9771647178111846	0.9873108522025013	0.9968074910823983	0.9818619802406492	0.9907995452628732	0.979538362099478	0.9960553404792394	0.9865431778078055	0.9954287135525833	0.9903778899427973	0.19510997896978932	0.9868618194189248	0.9747368019241336	0.9789818204404227	0.9805155927839373	0.9896997464045062	0.9961996872558252	0.9966141620069974	0.9943236981589938	0.9965291004438531	0.8658212337527355	0.9869049676235515	0.973606662321051	0.9961008127521983	0.978601974154118	0.9908573482275295	0.9823760296883237	0.8618780626331386	0.958591015102055	0.852753338096787	0.9805038520773979	0.9900800792472451	0.9897141864183241	0.8505159241800799	0.9687374339379139	0.8799476685742849	0.9677742401047144	0.9961927168971169	0.9783124407612687	0.8656934927752927	0.987290463569246	0.9729787720380658	0.9893024849795358	0.9688623071867756	0.98718954807732	0.9845752477916014	0.8622188453666828	0.9862549247225699	0.985730353351055	0.9670993391330444	0.9820701765784218	0.9970422990631672	0.9866157854638486	0.1945276245990081	0.9507899005857324	0.9899382387154114	1.0	0.9868508643033985
scaffolds5A13	0.9851507259724943	0.9909488590126012	0.9925617623421226	0.9920952267619562	0.992113488438711	0.9725605623293991	0.9928250517329442	0.9873808338922916	0.9878690835180787	0.9949634853309631	0.9921013311979907	0.9851668842483434	0.9646082871217088	0.9944697057631815	0.992253788696484	0.9968402109794798	0.8561780402881624	0.9917012828732009	0.9788812301537315	0.9638452495588018	0.9957258713073361	0.9886686015209953	0.9918142457564698	0.9925489943832685	0.9744714854573598	0.9787975509963549	0.9863062266901376	0.992329717791168	0.994464794785507	0.9748592237460896	0.9914672393000368	0.9922914697486027	0.9921223905592832	0.8652632957009134	0.9926999557676316	0.9856867300203873	0.8688321444816867	0.8531388714322594	0.9922040733614632	0.9927377712784506	0.9739598421359914	0.9914350420925944	0.991993933520916	0.989635125259908	0.9921876865554965	0.991790009695897	0.9925969452610335	0.9926541868450816	0.9849387358145146	0.9917271756291404	0.9926934017457107	0.996939113887365	0.9856255529652744	0.9963216230398273	0.9932688449591028	0.9912563545285222	0.9846642000070754	0.9971393485171662	0.9929865912228034	0.988404623115564	0.9928588081104424	0.9860090183697239	0.9920702828541832	0.996227993030119	0.9915989205764326	0.9956288255233218	0.20063001743288428	0.9961812245930219	0.9784374481654753	0.9857237038258264	0.9876207464871876	0.9935391246550427	0.9922726250380322	0.9929795151643672	0.9908675631211794	0.9927659985287643	0.8693071558374622	0.9966437020541009	0.9799352949066891	0.9925265346365651	0.9841667942335859	0.992898669698849	0.9861846936333566	0.8645540689211518	0.9643596230831951	0.8566095964315094	0.9877928144505506	0.992402312556478	0.9921966329789266	0.8555694098460604	0.97441002110994	0.8841679172294811	0.9728352827063117	0.9923777744397599	0.984622909484961	0.8690449610215261	0.9968988845553459	0.9791216621088241	0.992220453071039	0.9750313212731088	0.9970748647731575	0.9896178573366775	0.8654047927857206	0.9956909731045426	0.9903031875171427	0.9730106133048312	0.9866153459605019	0.9927208567628821	0.9962695631032649	0.1969752507808843	0.9561131383562165	0.9928189930286305	0.9930286219814285	1.0
