	scaffoldsTV46	scaffolds13110	scaffolds130651	scaffolds10102	scaffolds101A	scaffoldsAR01802	scaffolds13216	scaffoldsTV28	scaffoldsTV2	scaffolds5A20	scaffolds131098	scaffolds12801	scaffoldsAR991107	scaffolds5D62	scaffolds10109	scaffolds5A1	scaffoldsTV147	scaffolds106A	scaffolds13108	scaffoldsIV12	scaffolds5A7	scaffoldsAR00128	scaffolds134VP	scaffolds13872	scaffoldsIV30	scaffoldsTV7	scaffoldsTV29	scaffolds13435	scaffoldsAR9984	scaffoldsTV163	scaffolds10650	scaffolds117A	scaffolds13213	scaffoldsTV135	scaffolds131096	scaffoldsTV3	scaffoldsARL04446	E_faecalis_reference_sequence	scaffolds10641	scaffoldsEF13431	scaffoldsVV10	scaffoldsAR011155	scaffolds13985	scaffoldsTV154	scaffolds10104	scaffolds10217	scaffolds13988	scaffolds13107	scaffoldsTV5	scaffolds13217	scaffolds13433	scaffolds5A6	scaffolds12327	scaffolds5A16	scaffoldsTV105	scaffolds13986	scaffoldsTV70	scaffolds5A19	scaffoldsEF13212	scaffoldsTV19	scaffolds10646	scaffolds121VP	scaffolds132VP	scaffolds5A8	scaffolds131VP	scaffolds5A12	scaffoldsARL09542	scaffolds5A15	scaffoldsAR0036	scaffoldsAR96360	scaffoldsTV33	scaffoldsAR991024	scaffolds13105	scaffolds13219	scaffolds113A	scaffolds13761	scaffoldsTV112	scaffolds5A5	scaffoldsTV30	scaffolds13432	scaffolds12768	scaffolds10212	scaffoldsIV23	scaffoldsTV103	scaffoldsVV9	scaffoldsTV148	scaffoldsTV13	scaffoldsTV102	scaffolds10105	scaffoldsTV106	scaffoldsAR01912	scaffoldsAR01215	scaffoldsVV5	scaffolds13106	scaffolds120320	scaffoldsTV126	scaffolds5A9	scaffoldsTV9	scaffoldsTV32	scaffoldsIV22	scaffolds5A4	scaffoldsAR01673	scaffoldsTV121	scaffolds5A2	scaffoldsAR99190	scaffoldsVV14	scaffoldsIV18	scaffolds13109	scaffolds5A18	scaffoldsVV15	scaffoldsVV8	scaffolds10101	scaffolds13545	scaffolds5A13
scaffoldsTV46	1.0	0.962814910462469	0.9650677902748989	0.9479088654048727	0.947907506201366	0.9667134459206905	0.964919297291787	0.9746946889122974	0.9733252913792517	0.966750824017126	0.9634224744299841	0.9631203914506099	0.9274022222977335	0.9655054538040708	0.9479747867749498	0.9500149512385742	0.8406612525060315	0.9471640218831765	0.9517227904447993	0.9301984437119848	0.9489670053348738	0.9555696761697645	0.9639348941520269	0.9470372761561725	0.9519963301505318	0.9654837065479629	0.9700366984946821	0.964652893404465	0.9498970403343641	0.9652628359781168	0.9480770668388324	0.9645149342485304	0.9645275068809678	0.8458024397702946	0.9652193414659009	0.9701216487138536	0.8642016378402256	0.8314992014679398	0.9473723198205851	0.9646705630500527	0.937496007339699	0.9464769445105168	0.9638747493968535	0.9776162968500459	0.9479792041863468	0.9476428013184274	0.9642481905603316	0.9649641510075097	0.9714142512487682	0.9796768493662714	0.9648224540419315	0.9484443915865303	0.9642621223962757	0.9485395358320025	0.9474508138230997	0.9637612559040403	0.9926412722144823	0.9493207380475042	0.9478572156716164	0.9750518196336947	0.9479870196065106	0.9448200754357946	0.9643773148934724	0.9490495769479085	0.9630772367392708	0.9664079649325495	0.2506982908015903	0.9491256923442862	0.9784056542865881	0.9597849060450576	0.9739216419178361	0.9506017873526114	0.9648584729348602	0.9475231914098339	0.96375819769615	0.9639756702572293	0.8531934486390975	0.9495219001665024	0.970548098814095	0.9642665398076727	0.9627622413265826	0.9483380339121275	0.9530221889972477	0.8446709028509294	0.942537632947093	0.8410802269869856	0.9742006184375955	0.9483325970981005	0.9474807163002481	0.8361514152706514	0.9373532909714907	0.866815725984573	0.9668714533283496	0.9646043018790988	0.96248666281559	0.8528315607054267	0.9492551564783037	0.9612824085086139	0.9746437187807945	0.9529205885351184	0.9486255054538041	0.9910632369431513	0.8455448707057664	0.9482819667674742	0.9480475041625608	0.9517329844710999	0.9525695742295015	0.9481355125896225	0.9484657990417615	0.2571507696489857	0.935438173230487	0.9478150803629073	0.9482816269665976	0.9482962384042951
scaffolds13110	0.9799559476711309	1.0	0.9980920827501467	0.9743830125677071	0.9753815227766073	0.9686266705543847	0.9984904467189059	0.9841947621898854	0.9848295789233911	0.9922709069142325	0.994657276972517	0.9821408821629672	0.9476752914141644	0.9720514218889387	0.9754210471390429	0.9718118487797893	0.8566475643805059	0.9753392247747025	0.9852064471862642	0.9472266552300266	0.9726550351784161	0.9699268140555567	0.9990108508243083	0.9813847187026856	0.9704056135689216	0.9734781126908914	0.9827330541896344	0.9984668707834179	0.9747709753884569	0.9716034791146682	0.9753052476912052	0.9975058047073516	0.9991578537161742	0.8638278235563119	0.998369793401997	0.981359755947463	0.8752888485478437	0.8467276428190301	0.9752705771978406	0.9982529538393584	0.9549651093490026	0.9744246171597446	0.999010157414441	0.9839617764744754	0.975346505578309	0.9745331358039758	0.9982567675936286	0.9982238306249321	0.9809454435517563	0.9949866466594807	0.9984020369608262	0.9715812899989148	0.9809766469957845	0.9711610836193361	0.973579350531516	0.9991138221896011	0.9800083001161115	0.9721131353671276	0.9808868504179701	0.9839219054071061	0.9746232790867237	0.964030749953975	0.9977478047510364	0.9715906510321233	0.9981964409351741	0.9919987435413204	0.2612293394196229	0.9714668773708117	0.9713469174637702	0.9822941257436387	0.98373399133307	0.9740387345685968	0.9980567188469148	0.9806195409141292	0.9960108130334705	0.9978920340034331	0.874405444376914	0.9716520178053786	0.9745279352299712	0.9981350741619188	0.9812013117927869	0.9747401186493624	0.9681003724651103	0.8640445141398406	0.9626519044328653	0.8569488509678441	0.9825267647541152	0.9739489379907825	0.9752171846380591	0.8491712191913662	0.9578899121692391	0.8901902265959435	0.969271541730966	0.9978993148070396	0.9812980424692741	0.8737307565760392	0.9718815364714521	0.9753638408249913	0.9908972619671276	0.9734420553777923	0.9715857971630522	0.9855992638760849	0.8638389181141887	0.9719831210170103	0.9718468659780876	0.9694681234283432	0.9668127103415495	0.9808920509919749	0.9727444850512967	0.2632995145784224	0.9532083554502189	0.9744481930952326	0.9809069593041216	0.9715961983110616
scaffolds130651	0.9794873481597401	0.9953564621587326	1.0	0.9734374540173076	0.9734907723014976	0.9678805808923195	0.9977630556223958	0.9824420120381606	0.9830665976529568	0.9923959124956938	0.9921469784285993	0.9797764440512894	0.9456080794511679	0.969576033085034	0.9735395896915676	0.9712676768288777	0.8562407493642487	0.972957935682223	0.984323039557666	0.9465837348073185	0.9702840583523612	0.9681994519295852	0.9965907458154668	0.9793170066284321	0.9702823272392381	0.9729582819048477	0.981442467320912	0.9975026962086891	0.9740935458909433	0.969710021240758	0.973443339801926	0.997084805500785	0.9971010779641417	0.8635716672177377	0.9978437254939299	0.9788433740779658	0.8745074550386644	0.8458083692395046	0.9734242975575725	0.9977021204404645	0.9547725923245907	0.9728945769419194	0.9965727422389871	0.9830073935841486	0.9735662488336625	0.9730479535646216	0.9971453944600918	0.9976526106051452	0.979297618161454	0.9920316862946043	0.9977931769907368	0.9707898896069161	0.9809504849713414	0.9703259512899389	0.9724749551208923	0.996025364269479	0.9789361617413613	0.9714525597104194	0.9796746545996541	0.9836122445093419	0.9740807356538328	0.9632643946383964	0.9970744188220467	0.971087294841456	0.9960589478640661	0.9913762868662178	0.2619347266485823	0.9711980860813312	0.9710308605536446	0.9811218651705232	0.9819912301809186	0.9732317977782894	0.9974192565561582	0.9800073745419042	0.9957587728485293	0.9972506461379732	0.8724169628312701	0.971081062834213	0.9742098766928122	0.9972007900800294	0.9798121049816242	0.9741413246131395	0.9674297990350775	0.8635706285498639	0.9602799556142595	0.8565125341245674	0.9827103345722333	0.973419450440828	0.9732948102959684	0.8485511448716639	0.955930360781286	0.887623752949384	0.9674585355129202	0.9976425701490316	0.9797002750738752	0.8720437348419408	0.9713812378497497	0.9744138018187074	0.9901118818411426	0.9704526687705461	0.9709647320323441	0.9858263381937219	0.8635675125462423	0.9698443556191066	0.9699648410924708	0.9687876841687973	0.965962507551981	0.9799440158016006	0.9707182215236219	0.26103627893771975	0.9539579304888837	0.9736576516065595	0.9803646762905015	0.9707396873263477
scaffolds10102	0.9794192808248656	0.9908751991398007	0.9916036733444057	1.0	0.9930641494737347	0.9665452190220313	0.9917465460092313	0.9831519614829407	0.9830739988683074	0.9897741976906133	0.9915750988114406	0.9802945081864273	0.9608804060546966	0.987632518806276	0.9930556829454488	0.9885052767637542	0.8640988156738016	0.9925473384762789	0.9782477249732952	0.9612804495162085	0.9884759966867652	0.9839806229389295	0.9919208153831175	0.9920337024269303	0.9700528311365044	0.9738056197992586	0.9828087143153471	0.9917391377969811	0.989476105340545	0.9698637453381178	0.9925332275958023	0.9909418730500527	0.9919702034647856	0.8722834791222468	0.9921240120619806	0.9801054223880408	0.8762458143600786	0.8580247871726452	0.992784048496274	0.9918449694005557	0.9689687627438889	0.9913584967961245	0.991773003910125	0.9837982398087693	0.9930285195005313	0.9923056896481169	0.991394126769328	0.9919388067557251	0.9796877403259331	0.9910748680985447	0.9919077628186765	0.9876145274336683	0.9806155307172701	0.9876766153077654	0.9907386763711895	0.9916978634715871	0.9782205615283777	0.9886315691440198	0.9919821977131907	0.9830189664344486	0.9925074752389325	0.9800683813267896	0.9914343427786864	0.9875951249730129	0.990719979454558	0.989962577944976	0.26304621454464894	0.9878879257429026	0.974927434797149	0.9812910891200878	0.9825455463944583	0.9897241040649213	0.9911496557650707	0.9919814921691669	0.9903897848514054	0.9912703037931457	0.8747606441899155	0.9887162344268795	0.9750304442246283	0.9910346520891864	0.9795078265998564	0.992917396316778	0.9807192456887732	0.871861916568008	0.9608126738284088	0.8644335963131091	0.9818678713595692	0.9913923629092685	0.9928524862665856	0.8623624718311549	0.9702623777115821	0.8891650309804381	0.968656559513344	0.9914043571576736	0.9795229957963687	0.8747179587764737	0.9885070406238138	0.9740130497422648	0.9909256455375046	0.9707389726996796	0.9880812448054321	0.985010717213722	0.8719730397517614	0.9876395742465143	0.9864786015553012	0.968951476915305	0.9813119026687909	0.9923007508399502	0.9886555576408301	0.26293509136089566	0.9522628913476314	0.992455264981169	0.992272529078997	0.9877549306944106
scaffolds101A	0.9835158031504472	0.9949898118012799	0.9950689331077253	0.9964987934887777	1.0	0.970773015163971	0.9954393485513527	0.9878834411878556	0.9877578405489245	0.994191502655531	0.9962050157231421	0.9850460730818317	0.9659327781122792	0.9924054189934421	0.997509985073393	0.9927527721728591	0.8691684847418286	0.9975156619384294	0.9815675740307551	0.9658646557318419	0.9939981344402274	0.9888687320757421	0.9960169695688101	0.9962252395548344	0.9746936000797599	0.9774749091435491	0.987013106816957	0.9951892116856847	0.9937707050347051	0.9743579554344807	0.9970441273363404	0.9946928407990613	0.9961195079435308	0.8771171602050342	0.9957199985665915	0.9847860017023499	0.8812414026540054	0.8640564677765175	0.9973230033312553	0.9953843539213123	0.9741894235037114	0.9958108284071746	0.9960190983931988	0.9874995431897666	0.9976483586586561	0.9973098755808586	0.9950607726142354	0.9955386936894904	0.9848803795835807	0.9960950264630611	0.995386482745701	0.9926346224192882	0.9849311165648438	0.992029681488843	0.994701356096616	0.9960340001639195	0.982300599228585	0.9930458403303651	0.9956234918609722	0.9869453392405845	0.9967769598755631	0.984597955548018	0.9950785128174743	0.9921439283977013	0.9954709261131179	0.9942365627717578	0.2622864212581565	0.9923050094431102	0.9784758114102858	0.9849488567680826	0.9871954761062525	0.9933978059626243	0.9946165579251343	0.9954865374919681	0.9939850066898307	0.9950731907565026	0.8804384810554143	0.9926718768460899	0.9789941801489255	0.9947308048339925	0.9845308975797751	0.9969756501518384	0.9858376409503498	0.8765359911469289	0.9655424936410242	0.8695577048008892	0.9859032797023336	0.9954886663163568	0.9972165621118222	0.8675775433153672	0.9755724497482133	0.8951000494242062	0.975087077787598	0.9947897023087455	0.9846004391764713	0.8805694037553172	0.9930160367889239	0.9781625194210875	0.9949092712785754	0.9757420460911769	0.9928212493573612	0.989116030508892	0.8766537860964351	0.9934049020439197	0.9913661978877095	0.973608609249671	0.986143127250123	0.9960471279143163	0.9937387726688752	0.26063871118133075	0.9571013501359077	0.9961674064922758	0.9960542239956118	0.9924526079340575
scaffoldsAR01802	0.9766637020996868	0.961482610328846	0.9637636927088225	0.9454035171548996	0.9454580670286753	1.0	0.9636010788445922	0.9639984643174775	0.9629461351069177	0.9652299795058196	0.9627693658956952	0.9594083341159053	0.9262216409706839	0.9630079352803725	0.9457439359874494	0.9475647969639888	0.8416544907665707	0.9450662055936407	0.9640184889546863	0.924055872880841	0.9467696807658527	0.946380926602109	0.9628739773624929	0.9451211007197822	0.951522424831655	0.9573668568777033	0.9628035458798964	0.9632337303275202	0.9488878040292332	0.9645436178028692	0.9457176968076585	0.9632917327249526	0.9630521275831782	0.8507539621161484	0.9638182425825982	0.9639815469515597	0.8777558043827717	0.8481863202726665	0.9454591027857723	0.9635776016837267	0.9499832897855016	0.9444202384174737	0.9627483055013893	0.9651761201367752	0.9456714329906588	0.9454508167289962	0.963472990216929	0.9635900307688908	0.9627531390345087	0.9786199020035685	0.9636697840653604	0.9465818634789286	0.9608155827583731	0.9459621354825524	0.945734959425942	0.9624862589558464	0.9772074745756157	0.9476697536831522	0.9456382887635546	0.9635116584818839	0.9461437382268943	0.9470904202135593	0.9636038408635176	0.9473310611124307	0.9617805631204185	0.9647497334651737	0.2537169869687947	0.9476994453865998	0.9686918249763847	0.9611080115120949	0.9783129726504886	0.9481254868058356	0.9632254442707442	0.9459538494257763	0.9622587376468703	0.9626215978831887	0.8639674606550404	0.9472923928474758	0.9553733697183293	0.9629858391289697	0.959169764731228	0.9461323448988272	0.9457494600253001	0.8498345550663713	0.941119625801676	0.8420794964287095	0.963754716147315	0.9458533809873665	0.9454798179277124	0.8350746711816469	0.9365978555685064	0.8669235114099002	0.9789289028708424	0.9634785142547797	0.9587223176653207	0.8635769802294685	0.9475130091091384	0.9698042280985709	0.9631926452960056	0.9523051119446271	0.9468729112231877	0.9819125738149558	0.8504197578261806	0.9460670922017158	0.9445207068558834	0.9517375170554668	0.9474449943931016	0.9460985101669916	0.9468760184944788	0.2571356758936512	0.9486243764742276	0.9459245029746944	0.9461565125644241	0.9464016417440493
scaffolds13216	0.9796217195040592	0.996241108328929	0.997848843757852	0.9741473093218503	0.9741452299054731	0.968348163615412	1.0	0.9829151684760478	0.9838762054116811	0.9922482823154302	0.9930755434641344	0.9798303542805653	0.9447263401405339	0.9702317682837017	0.9742876699273071	0.9721299288666314	0.8565615117357062	0.9736108198965491	0.9848115962119965	0.9470435031234566	0.9714641690565514	0.968805635218382	0.9971075318194027	0.9802704974137258	0.9698917837060398	0.9737071661886897	0.9815514179020421	0.9978491903272482	0.9750608662502058	0.9704140637860974	0.9741570132649436	0.9971900153356957	0.9974897978633996	0.8641039015049776	0.9982155141790204	0.9798934299106717	0.8735919318644567	0.8465595189616781	0.9741206234783437	0.9980231681641353	0.9546001022379719	0.9735730438323644	0.9972128889158443	0.9836807402722303	0.9742294462687472	0.9738239600752056	0.9979025620142613	0.9981652616165729	0.9798833793981823	0.9927854648795238	0.9980287132744743	0.9721545352937608	0.9808326329743452	0.9714236204371973	0.9734496651273209	0.9969817271285859	0.9795381962795775	0.9723458416004575	0.9807439112089207	0.9841142985868633	0.9749343684205967	0.9640032230953846	0.9972870547666288	0.9716682984309071	0.9967072441668039	0.992308238820971	0.25928450748156684	0.9717712295415754	0.9711820615680532	0.9815424070977412	0.9825010180476013	0.9740197717840526	0.9977417538144294	0.9809002140066021	0.9958397809681416	0.9980484677300571	0.8734408276077181	0.9719739726383462	0.9752209813112453	0.9977583891454465	0.9798580798322604	0.974940606669728	0.9688215774106067	0.8641787604945546	0.9600038122633581	0.856851936889713	0.9830801355086339	0.9743729259987697	0.9741289411438523	0.8487907327343459	0.9551227288874256	0.890100418482546	0.9675472417408181	0.9977275444691857	0.9800462670143913	0.8734023584047411	0.972193004496738	0.9746266147967804	0.9909195352504397	0.9706812687905595	0.9722165712156788	0.9865385515132086	0.8641510349428594	0.9710929932332325	0.970720777701725	0.9683609866830709	0.9665560532677162	0.9810734987046968	0.9715307103806199	0.25927896237122783	0.9525841080603378	0.9741764211511302	0.9810981051318264	0.972151069599799
scaffoldsTV28	0.9905848604583887	0.9821685377882252	0.9824276827829678	0.9649440569010347	0.9662751198285763	0.9690785974989736	0.9825416650065912	1.0	0.9959018367074728	0.9848521435760277	0.9827872984307523	0.9806067388092149	0.9470685954722381	0.9669486196544849	0.9662331993147208	0.9665120919895441	0.8571882421619899	0.9656407689123012	0.9693966390834304	0.9460687392492071	0.9672372129440846	0.9776619093235034	0.9828191718793036	0.96556004593934	0.9700327222523442	0.9852325462554761	0.9884746302939806	0.9820212963139396	0.9668145433002531	0.9803974826904656	0.9661607911544251	0.9825170670191223	0.9832383770178578	0.8610016231207224	0.9828652497994917	0.9921334943173452	0.8812835299151369	0.849756878342165	0.9655233221834005	0.9822981102855964	0.954995383546718	0.9642972337657614	0.9830131841748327	0.9931330040898485	0.9662789307843813	0.965942180871427	0.9820521304109077	0.9825160276675391	0.9942669366671113	0.9826663871965743	0.9823234011741209	0.9659702433641733	0.9805211655288654	0.9655707859056997	0.964600031526998	0.9830790097751017	0.9918992937605993	0.9666295387184448	0.9651179750659555	0.9953547913241859	0.9653213415257335	0.9629821075624954	0.9823531959195057	0.9661500511880655	0.9824256040798014	0.984410419153171	0.25359936114522685	0.9662529469948015	0.9757921158253404	0.9773580722106835	0.9962863967932539	0.9683403114243794	0.9823490385131729	0.9645355917288401	0.9813564577512243	0.9817514113528374	0.8699431647909258	0.9661576730996756	0.985324009194797	0.9821144915058991	0.9805093862109225	0.9653376247005369	0.9697333889963848	0.860149008371977	0.9613187985788599	0.8576767374060903	0.994807745940899	0.965316837668873	0.9658909061933229	0.849948465484	0.9561476780019506	0.8840939365960889	0.968489978052359	0.9822825200118486	0.9802311864371548	0.8698731817843242	0.9663901414037829	0.9784604777899228	0.9902876059055957	0.9719877425803289	0.9662681908180216	0.9957071315108881	0.8607317381596201	0.9667113010429893	0.9657090196662642	0.9691967371289298	0.9686164324949808	0.9652600197823251	0.9670851211624109	0.2589249986575042	0.9536154710947663	0.9649430175494514	0.9651983515883891	0.9660530450403009
scaffoldsTV2	0.9908640332179163	0.9849191907638665	0.9847843642879671	0.9669529563044374	0.9680724666313137	0.969929190105331	0.9851344278886313	0.9976271926632215	1.0	0.9854286892717637	0.9856865579043321	0.982100658882084	0.9483257601752397	0.967475972119687	0.9681504510968082	0.9678142514011209	0.8588626745552286	0.9680409262474915	0.971854193311359	0.9473497412648734	0.9687046606982556	0.9782662493631269	0.9856151587937017	0.9684034673626347	0.9696668157036452	0.9859378411820365	0.9888069763169843	0.9848010009739393	0.9684835314138757	0.9810591330207022	0.9677002207826868	0.9843469580859493	0.9857641957722022	0.8616559048104284	0.9851846845441722	0.993657956668365	0.8809662448573577	0.8511595423524967	0.9680960352697743	0.9851475985983592	0.9556802151678052	0.9667193495055785	0.9856844783185856	0.9930631951448605	0.9680977682578964	0.9678405928205768	0.9846353273094666	0.9849902432768726	0.9947254773515782	0.9853680346874902	0.9850976885404428	0.9679320945934237	0.9813520080133371	0.9674818642793023	0.966840312076501	0.9855995619006027	0.9935713072622601	0.9681022740270138	0.9675605419400456	0.9970230730038576	0.9673161906148295	0.9650203279506723	0.9845459051223663	0.967746664864359	0.9852345946020886	0.9863880714961579	0.25311816552809346	0.967846484980192	0.9768656483628462	0.9788360558576732	0.9969690037744481	0.9693399741438172	0.9849396400237073	0.9676142645718306	0.9826226349044603	0.9851174446050347	0.8723449755475376	0.9676586290677563	0.9851503713793546	0.9851046204929311	0.9820500556289187	0.9673092586623411	0.97038392618857	0.8609824656261806	0.9616451602840714	0.8592453183325881	0.996342355269497	0.9672593486044246	0.9681476783158128	0.8506639077495762	0.9572263871703424	0.8840585888624319	0.9688398337717793	0.9847653014186241	0.9817131627379826	0.87205972570264	0.9679445721079027	0.9800643978386172	0.991155175222429	0.9728035242046451	0.9681050468080091	0.997107642824216	0.8617692422336137	0.968586124310704	0.9669730589666539	0.9695118865655294	0.9696851853777394	0.9675771786260177	0.9688540442743805	0.2608157521688346	0.9524724541537992	0.9672309275992222	0.9675508372065618	0.9679972549468145
scaffolds5A20	0.9763499733056855	0.9837730924752325	0.986049423895043	0.9664760028267403	0.966788210992137	0.9636148404554316	0.9860883208329589	0.9783309633738859	0.9779454362016211	1.0	0.9845706518128555	0.9771131105743563	0.9411864529882314	0.9670367383299721	0.9669499947162125	0.9680707772812968	0.8491239411341315	0.9662663724268212	0.9726296360933292	0.9504122559088063	0.967577853253901	0.9639139682346264	0.9850394803919847	0.9682177595157228	0.9666618819990823	0.9691860523153488	0.9770625101329965	0.9856725022400161	0.9703360936390426	0.9735597203964184	0.9672105697781808	0.9856804193158751	0.985423974902181	0.8646445078039994	0.9860404741571154	0.9748340253890296	0.8677689990027927	0.8377082061868162	0.9667341683438819	0.9859168989295769	0.9499248394124428	0.9660670686475878	0.9849245106816843	0.9790025379391438	0.966866004867969	0.9667758190473141	0.9855960852469422	0.9860669791502086	0.9744784454167531	0.9843162727232986	0.9859392732743959	0.9677299987986698	0.9785440359807003	0.9671134995437355	0.9661221439579114	0.9848126389575896	0.9746354100511753	0.968345121170846	0.9687977713775677	0.9784242471807465	0.9674752754884234	0.9595234333397703	0.9852556509850047	0.9676756119297253	0.9845183302680481	0.9965454011599548	0.25521761115660563	0.9678707850606844	0.9667458718473257	0.9767065859400306	0.9767313698296761	0.9687044875707073	0.9856601102951933	0.9686752288120979	0.9855000476745654	0.9854976381297389	0.8657883531552817	0.9679681995158191	0.9701870460804795	0.9852522087781095	0.9765695861056007	0.967538267874606	0.9637005514071225	0.8637650239422701	0.9562227011479416	0.8494251342374634	0.9775161930017868	0.9669647962058618	0.9667389874335353	0.841368304778506	0.9511389057843878	0.8838678564310579	0.9642062116000307	0.9859871199502395	0.9767888546848263	0.8659119283828203	0.9682184479571019	0.9684112115432343	0.983417512502956	0.9666876985507965	0.9679010764813624	0.9814699118416392	0.8643233499006752	0.9667451834059467	0.9659341994614323	0.9649844945790405	0.9709839169767235	0.9691471553774328	0.9675764763711429	0.2601981403133028	0.9495444755505208	0.9671610019988895	0.9692184090601639	0.9675513482608078
scaffolds131098	0.9841467046315404	0.9972940449134906	0.9976817045880028	0.9777309892636034	0.9792610781675853	0.9725047238403733	0.9980143326106076	0.9882570117464713	0.9891187098908946	0.9966984491871511	1.0	0.9856722656147958	0.9509650566425468	0.9756815826824448	0.9792774483425198	0.9755394756319498	0.8612878451451111	0.9788333638097229	0.9847917591842776	0.9510503905331626	0.9765509434619437	0.9739567931872208	0.9987785063086126	0.981122750189389	0.9747474378063966	0.9777330790731694	0.9870661685953868	0.9975981122053587	0.9786606062189249	0.9759657967834348	0.979147531847827	0.9972351819440454	0.9987736300862917	0.8691754830507736	0.9981216095016675	0.986125405989046	0.8786228154959379	0.8512922859904392	0.9792325174368486	0.9980836446278832	0.9590205759166862	0.9786539884886323	0.9988857831996726	0.9881647118239684	0.9793707931698057	0.9788079377933353	0.9979464137997092	0.9980620499290336	0.9856841078690037	0.998523549541548	0.9980226918488719	0.9757355694295691	0.9851317015403638	0.9751079299565494	0.9769772646134288	0.998515538604878	0.9838865233405606	0.97597903224402	0.980124169518386	0.9886805464852015	0.9785749240267148	0.9674348458330068	0.9974615779803732	0.9752333185305155	0.998429159809479	0.996751042727898	0.2598577187987078	0.9755561941084785	0.9750992224166906	0.9858903024128592	0.9881354544900429	0.9776000278641276	0.9975625854427349	0.9804362477469241	0.9961411666361902	0.9979662669905871	0.8769488780334892	0.9755952038870458	0.9796469963341258	0.9975841801415846	0.9859279189850492	0.9786271692658673	0.9718669836211176	0.86881812561497	0.9661252318382487	0.8615873845162526	0.9868366378447098	0.9778351314403142	0.9792356521511977	0.8536098847992477	0.9610132093379657	0.8933733880166836	0.9734312060813458	0.9975960223957925	0.9859237393659169	0.8768544883014202	0.9759846050695297	0.9790716021002586	0.9948057783234503	0.9767136003065054	0.9759048440044235	0.990701044034029	0.8691340351610459	0.9759738077201049	0.9757094468099927	0.9736593436256454	0.9701599575072055	0.9804999869386902	0.9765941328596431	0.2600217688496469	0.9574950149334308	0.9781423334465313	0.9805780064958247	0.9755488797749972
scaffolds12801	0.9796799487231312	0.9822586740831699	0.982602688713136	0.9643802960602365	0.9657158619123891	0.9662934880868495	0.9828778311988737	0.9825071675482763	0.9826514875690971	0.983745827870861	0.98311351929043	1.0	0.955747743831617	0.9656708700593754	0.9657774661419002	0.965106395349642	0.8488419097034275	0.9655307031326789	0.9696945260835077	0.9443457700044161	0.9661107519453785	0.9665700149372952	0.9831335925786977	0.9650164116436147	0.9827522001016123	0.9721791146433946	0.9806303150952512	0.982552505492467	0.9662225393955587	0.9701022214900471	0.9653597340912269	0.9814342848994883	0.983673494814862	0.8623297750545785	0.9828722937400413	0.9797180187526043	0.8716597010049103	0.839564243520827	0.965275980026386	0.9824047245598758	0.966031150974662	0.9642712773394725	0.9831415526757693	0.9828138043311234	0.9657428570241973	0.9649568839611659	0.982430335306976	0.982552505492467	0.9797425912261734	0.9828761007429886	0.9829072489489211	0.9648464808756937	0.9970616859070288	0.9645360370898992	0.963935914988932	0.9832523018524184	0.9796456856966054	0.9654389889707664	0.9641401087833787	0.9822669802714186	0.9649648440582375	0.9600434275208936	0.982150693635937	0.9646004100488266	0.9822669802714186	0.9842050908627776	0.251035158710492	0.9648938953669466	0.9666561916403753	0.9804067401948908	0.9823645779833405	0.9669126452025533	0.9825016300894438	0.964350532219012	0.9806188940864092	0.9823483116980202	0.875017823695617	0.965117816358484	0.9730017733711911	0.9826296838249443	0.9965823496268444	0.9649935696259309	0.9675169203976449	0.8613569127559517	0.9742577382526272	0.8491610057686477	0.9805050300891669	0.9643529548572513	0.9656376453063806	0.8408838891788364	0.9683734960607903	0.8885634862733317	0.9812892726963133	0.9821939550330655	0.995991918078834	0.8748163986305865	0.9652610981057738	0.9720541757284873	0.981773454252976	0.9841704817450748	0.9649683049700077	0.9834872977616207	0.8620404428305828	0.9650485981230783	0.9705466025613516	0.9820607099299096	0.9619649257357552	0.9646730891960025	0.965677791882916	0.25942856193578484	0.9650087976377201	0.9646135615135536	0.9646509393606727	0.9646253286135726
scaffoldsAR991107	0.9664090887905414	0.9683748115663484	0.9689476285200225	0.9666613417223147	0.967858920521114	0.955983464446746	0.9686950198013214	0.9703718435917971	0.9699406298353667	0.9709030334749247	0.9694848667809217	0.9771837401104576	1.0	0.9687032029006597	0.9678845371799119	0.9681769940345206	0.8648272956884673	0.9677098457983876	0.9565996874056053	0.9766486365711249	0.9690561435329855	0.9707087738123743	0.9695759482344252	0.9676856522873007	0.990282035855495	0.9705191393798848	0.9687971306495851	0.9683712536970709	0.9673825218248596	0.9576869722568028	0.9678525163564146	0.9687142322954199	0.9695094160789363	0.8913782509585789	0.968819901012961	0.9699395624745835	0.8734156363373728	0.8625139690842507	0.9678542952910533	0.968819901012961	0.992569390013986	0.9668566687456482	0.9695613609703875	0.9698648472197564	0.9681784171822315	0.9673711366431716	0.9686811441111393	0.9687259732640355	0.9676667955801301	0.9691191178191969	0.9688095831920562	0.9682574018801916	0.9783183446230456	0.9682773259481455	0.9660561481582156	0.9694770394685113	0.9649368424835209	0.9684513057558142	0.9662454268037775	0.9691529175773329	0.9670004066644584	0.9661810293698551	0.9686950198013214	0.9679717049772101	0.9693261858111462	0.9714420506704626	0.26170903673891394	0.9681894465769918	0.9663304598795092	0.969681972738894	0.9705241203968732	0.9699135900288579	0.9688316419815767	0.9667958291810034	0.967654343037659	0.9688277283253715	0.8816752298650393	0.9681958507416912	0.9699911515791069	0.9689070688102592	0.9781080745487466	0.9669690974148166	0.9786887188148311	0.8905307664966835	0.9777932031176897	0.8651574659574173	0.9690049102153898	0.96595119101453	0.967895566574672	0.8622560235616336	0.9931382933114548	0.8914885449061808	0.98932390165907	0.9688604607227242	0.9790590930066165	0.8819477626516942	0.9683353192173684	0.9600373007015051	0.9692020161733622	0.9934812719098037	0.9685217515675083	0.9774989673284422	0.8914906796277473	0.9689312623213461	0.9703398227682998	0.9884422616521108	0.9759769108515369	0.9666634764438812	0.969186717335469	0.2658077021465693	0.974142473452069	0.9668826411913739	0.9665933864191149	0.9681823308384369
scaffolds5D62	0.9882456259810006	0.9771194415781911	0.9781575781701489	0.9775646565646513	0.9782529065554851	0.9740881385997902	0.9774605984736983	0.9740769645766005	0.9736230198845235	0.9801870601319582	0.9768879297852318	0.9715512861475285	0.9514069666542705	1.0	0.9778415628268183	0.9810705063403852	0.8537198148604033	0.977620875868824	0.9647037050616579	0.9497116578234749	0.9809381640032335	0.9748685742819381	0.9777406474298874	0.9778852113549027	0.959554575500605	0.964402006435539	0.973197359438645	0.9777347112300679	0.9796220735844345	0.9609621532342686	0.9776858248786134	0.9779494619882428	0.9777675349231874	0.8630417437063187	0.97808669296054	0.9712810144616303	0.865350227059643	0.8505596614270974	0.9779072102130572	0.9780182520685038	0.9587685528068622	0.9769790679118718	0.9778649584378716	0.9744844672347959	0.9777444885003588	0.9773450171713309	0.9776470649856746	0.9774019348519529	0.9707474548543275	0.9937435945785036	0.978102755618875	0.9799356446101924	0.970527815461007	0.9803326716216476	0.9774585033443502	0.978087740525214	0.9865730143848089	0.9809486396499737	0.9780049829159662	0.9738398657720464	0.9774379012390945	0.9707977379586805	0.977826896921382	0.9802844836466424	0.9773593338885426	0.9796674680536422	0.2660894585312794	0.9802757539410256	0.9811403439853201	0.9712045422404265	0.9737990107497595	0.9782309076973307	0.9780199980096271	0.9773733014175296	0.976910277831611	0.9774172991338386	0.8669048130358948	0.9808561047704349	0.9658560262030844	0.9774574557796762	0.9693981915541844	0.9775042470017826	0.9708295140871259	0.8623028614229071	0.9519970947539707	0.85398624547583	0.9732371668962579	0.9773687619706088	0.9774050775459749	0.8522144644238308	0.9611430327346501	0.8828707462326956	0.977331049642344	0.9777102680543407	0.9694966626335426	0.8660793320727639	0.9807157311041157	0.9652641521622608	0.9765935641118311	0.9615212035819728	0.9803770185261813	0.9910066572735035	0.8630508226001603	0.9805338040390602	0.9765834376533155	0.9592535752509354	0.9717754649877697	0.9782944599542214	0.9814528674464039	0.2648491419572349	0.9420986561491174	0.9772681957619025	0.9784187709622056	0.9800358616306741
scaffolds10109	0.9837331356686732	0.9963662078631342	0.9965089183397873	0.9974418614558173	0.9985121900307147	0.9713329442520338	0.9965657185294999	0.9886296670230879	0.9885785468523465	0.9953903096036341	0.9971610555179254	0.9858599477722255	0.9663338175549506	0.992607100307715	1.0	0.9930380717471596	0.8674904824182113	0.9978490478158197	0.9828069375751715	0.9663402075762934	0.9939127946687342	0.9898288610283958	0.9969200097128325	0.9974521564902027	0.9748769210889164	0.977802130859117	0.9873637327948676	0.9963917679485049	0.9945180716903594	0.9744313946008579	0.9982402591224655	0.995601535309128	0.9975409067866287	0.8750630127104625	0.996813864358307	0.9849177746253672	0.8817636600906247	0.8636862897122076	0.9983258144082201	0.9965337684227865	0.9741640787080229	0.9968493644768773	0.9971795155795821	0.9878163593066401	0.9985647302061988	0.998324749404663	0.9962068123307531	0.9966654738626827	0.9853682711300256	0.9967943392930932	0.9967471241353946	0.9926536054630423	0.9856852871888592	0.9922339940615401	0.9952003839692825	0.9970566851693284	0.9828857478383978	0.9935045433051747	0.9966690238745397	0.9876370837078596	0.9974784265779447	0.9849873548577652	0.9961059919940133	0.9923841595630929	0.9963136676876501	0.9948826579080774	0.26317231899554544	0.9926653205021705	0.9794614064010974	0.9852734858134427	0.987834464367111	0.9947456274503956	0.9959561814936462	0.9963690478726199	0.9952376590937814	0.9961489471374835	0.8799062938870216	0.993089191917901	0.9794117062350989	0.9958191510359644	0.9854467263920661	0.9978206477209633	0.9862980192353843	0.8745596210291342	0.9661680320012269	0.867862523660829	0.9866359803641744	0.9959650565232888	0.9984127896987176	0.8654396405683995	0.9762553906930049	0.8948284137269018	0.9751768970908363	0.9961280020675269	0.9852962058893276	0.8795480976906462	0.9932663375095673	0.9784311929601844	0.9957222357122673	0.9768230375889455	0.9931271770447714	0.9896818905375144	0.8747005564998587	0.9932169923447545	0.9923447544314798	0.9742911691325049	0.9868915812178812	0.9971007053163558	0.9940867452497292	0.26281447780035583	0.9573277924748269	0.9975018566562013	0.9971134853590411	0.9926688705140275
scaffolds5A1	0.9868486838741201	0.9920291718037146	0.9933330823991955	0.993478316449727	0.993404456590288	0.9738379855575567	0.9940226778176116	0.9897775113772591	0.9893762534870376	0.99606199114818	0.9934310887511434	0.9872797697844996	0.9663177735229449	0.9960431710878421	0.9941359532751166	1.0	0.8675969694731519	0.9930422592026544	0.9798018141117784	0.965142052395048	0.9968346789084649	0.9900150702520893	0.9931171843485276	0.9936672272440614	0.9762853035924299	0.9809285320637013	0.9889256373253641	0.9930997846701021	0.9951557874881398	0.9766840758143049	0.9933611349419632	0.9929556159060048	0.9938909373952468	0.8771074916623581	0.9935326460578721	0.9871039975228539	0.8791567476663125	0.8641724286826242	0.9933572288917044	0.993537617394565	0.9756830616616196	0.9932602878261907	0.9931246413535672	0.9906421688663648	0.9940326204909976	0.9936516030430262	0.9934566556255646	0.9938429995057071	0.9869871711105682	0.9925696271213403	0.9935369072036089	0.9978729780863479	0.9870177093216824	0.9976208602969167	0.9938920026816811	0.9924702003874802	0.9856559181632757	0.998075027413371	0.9937314995255925	0.9897302836786755	0.9941441204711122	0.9864992699236971	0.992892408910908	0.9973548937838406	0.9925614599253447	0.9968733843155748	0.27169562351925186	0.997184803049844	0.9800581930469464	0.9867254657432291	0.989038912782869	0.9947055264219443	0.9930955235243653	0.9936807208722281	0.9915068263554705	0.9933139072433796	0.8802692617991126	0.9981826213432268	0.981788218216114	0.9931775505798	0.9861136362345108	0.9940826889534058	0.9869591185678005	0.8764981478219864	0.9663444056838003	0.8678671971319648	0.9889167599384122	0.9930770585595055	0.9939491730536507	0.8667230795016164	0.9762526348084473	0.8956917686027419	0.9752207273491696	0.9930525569715185	0.9864378384059906	0.8798907300194876	0.99794257680005	0.9805301149373044	0.9933195887710288	0.9767220710304587	0.9980072041770591	0.9907096370071985	0.8772651540546222	0.9967462601344249	0.9917088756824936	0.9751866381832747	0.9874615786692726	0.9935379724900432	0.9972899113113534	0.26913183416757097	0.95804475907482	0.9939747399280718	0.9938050042895534	0.9979695640563835
scaffoldsTV147	0.8596550247294226	0.8596532780545675	0.8601109068665981	0.8512563133562637	0.8516430271691781	0.8508105619332477	0.8600920427781632	0.8603292412234829	0.8603736067648019	0.859684368866988	0.8598716124114523	0.855029131043233	0.8466314676749871	0.8510470617086253	0.8513261803504668	0.85117247296322	1.0	0.851687742045468	0.8580134997006199	0.8471652515106991	0.8514725517033224	0.8545421580936371	0.8605074020587008	0.852043365045962	0.854537616739014	0.858061009256678	0.8550913126680738	0.8597842786686984	0.8521450215225276	0.8578423255648222	0.8512315105733216	0.859999469010844	0.8601412990090764	0.9081493560708479	0.8605601516393242	0.8595009680072047	0.8764545434855665	0.8512370999328578	0.8512168385045389	0.8604329937098745	0.8477388595331068	0.8510952699346255	0.8603578866911061	0.8595414908638425	0.8516954274148304	0.8512213798591621	0.8597227957137996	0.8604780579211355	0.8626428867365197	0.8597105689898141	0.8600972828027285	0.8509415625473785	0.8557567957878587	0.8508626128439291	0.8515225066041776	0.860356140016251	0.8600564106111196	0.8511717742932778	0.8524842257793838	0.86013221629983	0.851662589927555	0.8441847255379933	0.8605084500636139	0.8518037212558452	0.8602604222341927	0.8602834783422798	0.26317254841957366	0.8514788397328007	0.8579170832486196	0.856054429183164	0.8624968647186352	0.8509688106751178	0.8600483759067863	0.8524007347213111	0.8599145806128873	0.8599271566718438	0.8683653428967275	0.8510226082606542	0.8571247915343561	0.8599631381738584	0.8556027390656408	0.8516136830316127	0.8527546110469499	0.9073151441600625	0.8534414035999668	0.9982700932235303	0.8628538850590132	0.8521083413505709	0.851218934514365	0.969652572397926	0.8472595719528733	0.8809193937501179	0.8521698243054697	0.8598551936678146	0.8558388895060474	0.8682794064938576	0.8513387564094234	0.847365420449091	0.8653173952746157	0.8542756155107522	0.851019464245915	0.8613594300530081	0.9075289371623241	0.8509698586800308	0.8503672558550288	0.8534724944123872	0.8529946041720377	0.8524601216663837	0.8510096828667266	0.2624689877879481	0.8505331899662613	0.851240942617539	0.8525516474287899	0.8513167483062494
scaffolds106A	0.9847106920047967	0.9956717519763677	0.9957754395982318	0.9966511028705493	0.9983090395365873	0.9711897550948084	0.9961078081395494	0.9888574866901668	0.9889317014606106	0.9945127232169013	0.9971038484797158	0.9857220014125663	0.9665650030839965	0.9928292197399926	0.9979255373735286	0.9933494333222899	0.8688784798826483	1.0	0.9823734593777109	0.9661797254479607	0.994724004501179	0.9895293256647104	0.9969980302902792	0.9970431273038981	0.97491966872515	0.9779337116511153	0.9879406324447801	0.9957370893819258	0.9941846158107289	0.9752708572800252	0.9974529064670182	0.9956973187872383	0.996786393911406	0.8755073857900375	0.9962952980859336	0.9855100099390978	0.8796627027456979	0.8623745672728487	0.9978232701300463	0.9961983572613826	0.9740901677502378	0.996390108342912	0.9969394396820341	0.9884406056351381	0.9979052969815894	0.9976176703592954	0.9961493542072141	0.9960772700043428	0.9859276011833172	0.9968900815332701	0.9961845085721611	0.993204909821952	0.9859158830616682	0.9924801617526902	0.9954459118136776	0.996562329221693	0.983864146489304	0.9935830855660793	0.9964966367215394	0.9879502199988566	0.9972132176151066	0.9849010227079443	0.9956003779626874	0.9928991733752913	0.9962544622074597	0.9949562363665869	0.26071506819059065	0.9928942020509554	0.9791452944107045	0.98544076649299	0.9880865763234997	0.9939896688778407	0.9956216836384129	0.9964430174376303	0.9948756298934255	0.9958205366118507	0.8798033202054861	0.9932130769976468	0.9801090211426873	0.9955236775300756	0.9857141893314669	0.9971904915609994	0.9862649410489708	0.8749040800724109	0.9664130225971548	0.8694104115865946	0.9873625384434286	0.9963673822888048	0.9977639693326104	0.8667379696614279	0.9753418761991101	0.8950677715790097	0.9748798981304625	0.9957022901115743	0.9859982650078067	0.8797717167864934	0.9936001301066598	0.9780018898134368	0.9957686928009187	0.9765399653640732	0.9933710940926108	0.9900495392470077	0.8751274345729331	0.9940706304455975	0.9920501421976308	0.9735511341543831	0.9866324639552354	0.9965971284920446	0.9943696200949452	0.26322310131807564	0.9567477028042886	0.9966368990867323	0.996616658694793	0.9932311868220135
scaffolds13108	0.9796832735758423	0.9956177058468567	0.9976020812204875	0.9729206432709877	0.9729660064507145	0.981486547883122	0.9973910896868745	0.982504933685361	0.9821518745191151	0.9918131768432572	0.9921264992706726	0.9794634907283287	0.9447560867540922	0.9695929551333536	0.9730528646320519	0.9704773613117484	0.8668689137733867	0.9724508354561426	1.0	0.9470942245990809	0.9702192483356284	0.9678663410832868	0.9966364433016518	0.9790390460932105	0.9702396441838778	0.9739738426762728	0.9809713768885501	0.9971175039982896	0.9742150763297038	0.9830436654011864	0.9730458315809314	0.997173768407253	0.9967359609750059	0.872139482283041	0.9974941238857888	0.9795777778090358	0.8859583727770284	0.8589384453299838	0.9730641175138446	0.9974339912987091	0.9541459133049854	0.9725510564346088	0.9967102903384164	0.983764904793587	0.9732181413333821	0.972635101395498	0.9972877038354041	0.9973084513362094	0.9814921743240183	0.9917516376459534	0.997431881383373	0.9702709412613637	0.9809872012535711	0.9696580108562177	0.9724680664313876	0.9962784609996216	0.9792665652969565	0.9708448382327912	0.9793027855102268	0.982796102001747	0.9735792885084165	0.9627694889363073	0.9974403210447176	0.9704661084299557	0.9962239548534383	0.9911555865634964	0.2662428315626455	0.9707161333972872	0.9743715617171335	0.9812825894006293	0.9828963229802132	0.9727363773316323	0.996754246907919	0.9796744822619418	0.9957805209802948	0.9971361415837587	0.8851193297783604	0.9704970538548856	0.9751209333140158	0.9969033475916723	0.9792285868209062	0.9735894864325411	0.9669397365981695	0.8722931544500224	0.9601134571806749	0.8671410928517475	0.9820122684543745	0.9728914561088379	0.9729779626376193	0.8602472961434967	0.9550960785113563	0.8945260356519428	0.9674376766174962	0.9975067833778056	0.9791269592322158	0.8850950657519949	0.9706918693709217	0.9740874264518679	0.9903910939067052	0.9710252359940303	0.970503031948338	0.9854830791823094	0.8723652432240069	0.9695233279272614	0.9691695654559035	0.9697684297588085	0.9667966140078685	0.9795739096309195	0.9701513793923162	0.26121173844364204	0.9669457146916218	0.9731249534060363	0.979628767429659	0.9701218405776104
scaffoldsIV12	0.9621506355229892	0.9604970671160057	0.9625022706084665	0.9595096616599014	0.9596404204354055	0.9454548603036855	0.9625217077237441	0.9631514702587398	0.9628242199178835	0.9681079346545388	0.9617286734204163	0.9605476036157276	0.9673378714874482	0.9590693226483388	0.9595103684640933	0.9602143454392399	0.8572817441665683	0.9592711152451303	0.950357960982995	1.0	0.9596814150785365	0.9644212439895139	0.96202906520198	0.960790744257746	0.9687362835811507	0.9634617572989902	0.9592605131822516	0.9618735682797588	0.9609359925191844	0.96098970963777	0.959273589059802	0.9624626895737193	0.9621319052119034	0.8847969245536002	0.9628736962113175	0.9608713199356242	0.8738308575160497	0.8598000875023589	0.9590608409980358	0.9628023089879342	0.9667084623545485	0.9595245045479316	0.9623156743018011	0.9648895017666571	0.9599383384022974	0.9587600958143763	0.9625619955626833	0.9626280817546272	0.9607804955969633	0.9611685310983242	0.9626379770133141	0.9591594401828079	0.9619569711744046	0.9592495577172769	0.9588042710763709	0.9619318796255917	0.9602655887431537	0.9598270167420709	0.9609670919036286	0.9639593474500978	0.9599560085070953	0.9549316909088724	0.9625008570000827	0.9591891259588682	0.9615226399984733	0.9729110225406925	0.25556519950608525	0.9595895305335876	0.9652821314952654	0.9584957510466003	0.9639215334258304	0.9624506739024568	0.96221000707511	0.9611144605776428	0.9612992898738284	0.9621626511942517	0.8676876688820266	0.9602125784287602	0.9650662028146356	0.9622361588302107	0.9611172877944104	0.959908299224141	0.9856550555230033	0.8839455789044394	0.9564951417813868	0.8576213635807831	0.9636398719553526	0.9591163251271011	0.9595814022853807	0.8533971483278073	0.9681213639341852	0.8810505089343584	0.9685447396451419	0.9624888413288202	0.9597528023019198	0.8665193215527922	0.9597874357073237	0.9512700917926604	0.9637981960943414	0.9694512160212719	0.9593789028843972	0.9728806299604402	0.8842343084168364	0.9585434603295545	0.9630966929338665	0.9687475924482213	0.9832695913752926	0.9613466457546866	0.9590636682148035	0.2635322963573432	0.952584747589621	0.9594923449571995	0.9613985958627923	0.9590265609947279
scaffolds5A7	0.9857203429672379	0.990440843828559	0.990905655624134	0.9915950673178763	0.992955085342639	0.9730306261298741	0.9909297832593241	0.9884478301982191	0.9880422730361258	0.9945773139910125	0.9917916365810431	0.9851600850853959	0.9659920981994752	0.9959082369262812	0.9928156418039665	0.99588091592761	0.8657265168033013	0.9925949449056095	0.97810700961025	0.9642105561952139	1.0	0.9895765067796881	0.9913871438734435	0.9918235702158537	0.9752234023868618	0.9789404774788041	0.9867706047343388	0.990511097825142	0.992943021525044	0.9759280712616801	0.9924604688212408	0.9907573416313474	0.9916415484974338	0.8757384209527223	0.9910667430708447	0.9865552301084501	0.880770452162528	0.8641550271524601	0.9928553814383974	0.9911054182507819	0.9746489517784374	0.9923990852787717	0.9917997973988281	0.9890744390768341	0.9926715856291547	0.9924221484594682	0.9909535560763497	0.9909120423510961	0.9862185076702816	0.9914346895074947	0.9909514271673624	0.9961544807324866	0.9850926696341292	0.9953412374993126	0.9922397719228838	0.9914094974178108	0.9849049708250764	0.9962126709114747	0.9911291910678075	0.9872045473495971	0.9921979033794656	0.9857675337831245	0.9909159453509063	0.9958525304744451	0.9915844227729395	0.995706345390646	0.2680519950538348	0.9959114302897623	0.9787080715810165	0.9860187450436337	0.9884911180142957	0.9925360450902924	0.9904805834629898	0.9908939466247035	0.9894863829658895	0.990885430988754	0.8814311235849408	0.9958755936551416	0.9796781444429266	0.9906139950928647	0.9856933767867312	0.9921517770180727	0.985784919873188	0.8751873883431588	0.9662773720037824	0.8661263968747616	0.9872474803475089	0.9912193148816061	0.9927677413517507	0.8640542587937247	0.9763960764207363	0.896677660116132	0.9766586418625115	0.9908180155374874	0.985056478181344	0.8809971809696826	0.9962382178193231	0.9781275890637945	0.9917267048569285	0.977381051645558	0.9961739957315375	0.9892738468853175	0.8756759729557595	0.9964887194435031	0.9915631336830658	0.9747071419574254	0.9860237124979376	0.9912675701519864	0.9966373882544542	0.26754070207870223	0.9576850953307704	0.9916745465867379	0.9912225082450871	0.9960608087370425
scaffoldsAR00128	0.985068774748155	0.9825363971975304	0.983419309114373	0.982212004640224	0.9834203669161904	0.9658488683283558	0.9832437140127007	0.9921655671404443	0.9917375100050422	0.9853427454188366	0.983701742199593	0.9799694647875405	0.9607446219592606	0.9832482978205757	0.9834362339434499	0.9832969567041716	0.865389782339646	0.9829277838699327	0.9701227402708678	0.9634229761606731	0.984119573917428	1.0	0.9837800195340736	0.9845684344885705	0.9696767005045714	0.9828911134069328	0.9821478313299742	0.9829281364705384	0.9852528322643659	0.9770019780893984	0.9833773496422867	0.9826213739435204	0.9840444699883995	0.8720479395783602	0.9833075347223447	0.9888892023116496	0.8826421773792608	0.8635527331835956	0.9834073206937769	0.9832313729914988	0.9687225632653637	0.9825847034805206	0.9837754357261986	0.9889509074176589	0.983636511087526	0.9829968935886632	0.9831925869248643	0.9831848297115374	0.9885235554834684	0.9835215632900457	0.9833406791792868	0.9828364603130388	0.9793986044068024	0.9822920449777333	0.9813996128445349	0.9835994880239204	0.9867549108449368	0.9836499099105452	0.9834894766349208	0.9904607432115569	0.9825469752157034	0.9783499702052488	0.9832951937011428	0.983177777699422	0.9832687486557102	0.9852101675910679	0.2617410712711604	0.9833745288374406	0.9813273297203524	0.9745348316508408	0.9917198799747537	0.986349067547698	0.9829447086990095	0.9838501870546214	0.9816005951898226	0.9827250385216162	0.8755979224772308	0.9832331359945277	0.9810188041903056	0.982666154220453	0.9788961485435832	0.9825839982793091	0.9853166529740098	0.8714541601582472	0.9607537895750105	0.866266347445585	0.9903034833413844	0.9815152658432267	0.9833456155877676	0.8645311998646014	0.9716071888211504	0.8889085953449668	0.9705063697299432	0.9832860260853928	0.9791383851597457	0.8755161191366927	0.9834228351204307	0.9739237748010451	0.989022132740024	0.9714552179600645	0.9830501362801342	0.9940272983388986	0.8720539337886583	0.9830850437401052	0.9829246104644808	0.9686397021230082	0.9853445084218655	0.9838829789109578	0.983928111788496	0.26217653301928373	0.9536506503718173	0.9820290049258305	0.9839034297460924	0.9826996512780009
scaffolds134VP	0.979995302060857	0.996869079938414	0.9972273151208507	0.9734133368810396	0.9746779001459271	0.9678610380089607	0.9974317239773668	0.9835897798343387	0.9845013047521248	0.991983361811991	0.9940669463256988	0.9809251891301606	0.9457190549243133	0.9707878956697197	0.9746373648303129	0.9708980685788249	0.8560954721013092	0.9746231601470635	0.9844001396909338	0.9461559355481552	0.9719589158985744	0.9690982312744164	1.0	0.9806802449580304	0.9693795532938928	0.9730083301805865	0.9822136578375898	0.9971521342363354	0.9739101543390803	0.9712892170517176	0.9745230344529395	0.9966733324741233	0.9981911548476773	0.8638214339662386	0.9977192821992453	0.9813170305144313	0.8737702555318579	0.8468191210280588	0.9746117271093262	0.9975952510625796	0.9536674413415873	0.9738869418079167	0.9984239730706922	0.983530882367207	0.9746896796393535	0.9741086734488832	0.9974826529636512	0.9974774561283161	0.9808309531827498	0.9937547897499006	0.9975460543547401	0.9709881470579675	0.980029947629758	0.9702983537811481	0.9726726146179356	0.9980525725720731	0.9798193025708398	0.9712240833821836	0.9797413500408125	0.9840432903312533	0.9738637292767529	0.962986060008897	0.9970232527200236	0.9705415656748333	0.9978311873867955	0.9916760556158388	0.25987641232661624	0.9709195488315435	0.9706254079515738	0.9815311401302397	0.9833164262957096	0.972819511830076	0.9970821501871554	0.980062860920214	0.9959395393247994	0.9974005429653559	0.8735894056621946	0.9708907930093557	0.974606530273991	0.9970818037314664	0.9807540400197895	0.9738921386432519	0.9668182063850398	0.8640996378845138	0.9615569302917295	0.8565541794335588	0.9821648075854394	0.973192298151451	0.9745770815404251	0.8481339203678528	0.9558511515494191	0.889467123433847	0.9687635550788325	0.9971479767680673	0.9802374745874752	0.8730794228879715	0.9712507604702374	0.9743813340761344	0.989964218056439	0.971740648814498	0.9711610284467838	0.9854550972639702	0.8637708514356431	0.9712615005965967	0.9709718636405841	0.9687029253332557	0.9657597842551133	0.980161947247271	0.9719693095692448	0.25905704462210694	0.9521496189680332	0.9737029738370522	0.9801758054748314	0.9707210297217407
scaffolds13872	0.9796959694330302	0.9964310038830452	0.996923449749326	0.9907173600945044	0.991841789931213	0.967024849793413	0.9970541563278941	0.9832858079503513	0.9840665148115282	0.9910847515585877	0.9935056493502823	0.9810002091305257	0.9614567495464128	0.9875256467502812	0.9918954856067329	0.9881929568230247	0.8645802128609621	0.991344398410608	0.9838241777496425	0.9624328097533955	0.9893940443017584	0.9856445318019703	0.9977317109703091	1.0	0.9697230574882859	0.9737470538030669	0.9820108889177778	0.9967796725129011	0.9910197515303267	0.9709718352051457	0.9914323604053741	0.9962441288017951	0.9978182599209826	0.8732676079424382	0.9970940748235108	0.980694638345495	0.8764773375988424	0.8608942873453423	0.9919523606314612	0.997094428084534	0.969120040921757	0.9913101320913618	0.9978387490603257	0.9833274927510838	0.9919329312751876	0.9917866812116005	0.9969810312961006	0.9969421725835533	0.9808066220898357	0.9931855948633022	0.9971060856982982	0.9883060003504349	0.9805067034811754	0.9877397229303143	0.9902019522617184	0.9971078520034139	0.9792010507395873	0.9885349134934407	0.9974098901782131	0.9828594218954009	0.9910116265267941	0.9808302905783872	0.9963963843027758	0.9876906196480955	0.9973795097302216	0.9908872786466429	0.2681420731052492	0.9879262447505412	0.9759090112647875	0.9805748828586447	0.983190780735122	0.9905912459092373	0.9967160855287328	0.9977949446934542	0.9946936661711592	0.9971297541868497	0.8781048111325266	0.9881601035478711	0.9751350163630506	0.9968838845147324	0.9805724100314827	0.9911271428813665	0.9827290685778559	0.8734212764875116	0.961483950645196	0.8648183107905699	0.9818664051593066	0.9905739361191027	0.9918128225273142	0.8631382013644354	0.9711039548278064	0.8918141649192022	0.9699908293438388	0.9967542377192338	0.9803491490648474	0.8777685066384812	0.9884741525974576	0.9739681952035631	0.9902644794628171	0.9711491722387705	0.9884723862923419	0.9854449393238867	0.8734255156197894	0.9890259463156288	0.9884395330171882	0.9684354210588787	0.9823125738315538	0.9970527432838014	0.9892555659806809	0.26532269687943344	0.9519837019494356	0.9911108928743012	0.9974324988836951	0.9882120329182752
scaffoldsIV30	0.963797735446769	0.9651075279582357	0.9665878627735149	0.9488407611296115	0.9489315559188881	0.9529140984629788	0.9669548394313139	0.9666113382323394	0.9657251396617187	0.9693006591770746	0.9662643847600083	0.9791175436936977	0.9654040782395615	0.9495018714773866	0.9492923184846453	0.95046091301583	0.8487365715197115	0.9484737844718125	0.9537885593041874	0.9513039581694942	0.9499831183832865	0.9512369840663776	0.9658980985568807	0.9484637728790786	1.0	0.9671906297015648	0.9651127063682706	0.9660392965371627	0.9504502109684249	0.9534913185681904	0.9489243061448395	0.9660089165316252	0.9664722116160713	0.8693794400550706	0.9669589821593417	0.9655797989534088	0.8657897662189529	0.8375639792559798	0.948661242915072	0.9665768154987741	0.9773651697379241	0.9476676786430632	0.9661936131561994	0.9667383818918596	0.9499889872479926	0.9491342043649164	0.9665060438949653	0.9670501221759541	0.9642182223415942	0.9657686383060109	0.9664328556998069	0.9501212093175477	0.9821465683367154	0.94951429966147	0.9486139467700876	0.9660613910866445	0.9632288007976132	0.9508544721784743	0.9490147557067805	0.9666558725586386	0.9496965796946948	0.946818764624693	0.9660320467631139	0.9502233966089009	0.9653253664070327	0.9690137752611472	0.2537631505722834	0.9500752940819058	0.9581045914545188	0.9674160631517461	0.96621501725101	0.9516060320881904	0.9661021279122515	0.9488756290905124	0.9657444723925152	0.9659353831091312	0.872012143716759	0.9504923287033744	0.9668029394036267	0.9660824499541193	0.9794113321563382	0.9497362808382949	0.9658849799181258	0.8686292610546972	0.9787674831753458	0.8490559068051903	0.9663258352257545	0.9490617066244292	0.9491241927721824	0.8404949593356721	0.9757898974053404	0.8855081159494339	0.9888408716023589	0.9661708281520464	0.9807877535435859	0.8723290624108881	0.9507733437545959	0.957301937899126	0.9667259537077761	0.9930602400987074	0.9503248934455828	0.9734513274336283	0.8688581467782349	0.94945871806043	0.95427912734815	0.9924074152069879	0.958961445701609	0.9491449064123216	0.9497735653905454	0.25867539033128706	0.9793377987338442	0.9491373114109373	0.9492357012015983	0.9502807043466193
scaffoldsTV7	0.9856281570002845	0.9757057317530887	0.9776159200530631	0.961208429990166	0.961251763936232	0.9667356049174244	0.9787433015853934	0.9901995388429417	0.9892087990276421	0.9810354576519013	0.9772968564017868	0.974959968519985	0.9519604766454494	0.962383688543553	0.9620216404135177	0.9636795133178496	0.8615483917864	0.9607688001179802	0.9651455286706473	0.9518109046380602	0.962667455996824	0.9731252651583192	0.9769085982237276	0.9605835824452786	0.9752601609366842	1.0	0.982414805112567	0.9780289904099182	0.9619307789137018	0.9756099777109751	0.9616267423566258	0.9775628010224016	0.9786286763087026	0.8645450739437874	0.9784270336725729	0.9886835496652453	0.8811147168371252	0.8563857112603259	0.9611074339384477	0.9781984820538053	0.9611458753422158	0.9609358454907185	0.9770005081254644	0.9877253103094953	0.9620614796865139	0.9615592951663778	0.9774247614361429	0.9787754525776359	0.9866947312211996	0.9764308764150805	0.9778196594930347	0.962995605798082	0.9756547095262691	0.9627859254138916	0.9612678394323533	0.9769403997486631	0.9850211322880533	0.963475074943264	0.9606835300950761	0.9899398846338526	0.9619360209233067	0.9612716835727301	0.9769889757043339	0.9624130437973397	0.9764231881343268	0.9810483879422596	0.25596628059848375	0.9625598200662729	0.9798081284697735	0.9748572251317317	0.9883976854081323	0.96406183055169	0.9775351931051498	0.9605070491050491	0.9765248831206592	0.9778853593467478	0.8758108515190296	0.9634666877278963	0.9886255380922859	0.9779412741158652	0.9753129305000388	0.9618888428368638	0.9635299413104604	0.8637542294280828	0.9648799335173395	0.8619569190682642	0.9889026656667242	0.9603333638534781	0.9617165554545207	0.854161351851373	0.9614820628915345	0.8816888916224999	0.9728712024261418	0.9778203584276487	0.9755662942976021	0.8757650713018147	0.9632825184571158	0.9724273789462722	0.9857232121077841	0.9755019923131171	0.9632800721859669	0.9912105477620463	0.8644538629766647	0.9622893323706674	0.9605503830511152	0.9743987240249687	0.9633387826935402	0.9609956044002128	0.9627453872062814	0.25860056515852886	0.9593489144497043	0.9615722254567363	0.9610221639155435	0.9628103881253804
scaffoldsTV29	0.9859771593771895	0.9811265672871095	0.9820141150847886	0.9651171950034756	0.9654834077966012	0.9677642916269936	0.9821246698902605	0.9884131654190096	0.9871687328899165	0.9843665140549707	0.9820116966984189	0.9803243539799039	0.9453054283791422	0.9672740501614792	0.9653099749455172	0.9669769341217733	0.8475141751989641	0.9649962756849907	0.9685910342816633	0.9426517675640492	0.9666466516404261	0.9683453953232554	0.9819225618865072	0.9650764279189578	0.9689783215845821	0.9772108542708012	1.0	0.9815211097491373	0.9666625438937126	0.9742227651691557	0.9657756870635676	0.9822794466179212	0.9826760619825516	0.8568926775406531	0.9825057384853715	0.9834388901403078	0.871415778658224	0.8410121707021474	0.9650871379157379	0.9818144254674049	0.9541076637973088	0.9638661982828075	0.9818285903018561	0.987004628100544	0.965572542608513	0.9653452142897614	0.9811455688942999	0.9821547269779982	0.9848287713353501	0.9815515123206421	0.9819844034808181	0.9656077819527572	0.9802480020673748	0.965943246690611	0.964328801046954	0.9819270531754795	0.9836917842578249	0.9665077671660519	0.9647478728564459	0.9880168955381462	0.9650031853603327	0.9626279844615221	0.9816624126098811	0.9659857411939643	0.981232285319842	0.9844684317662651	0.2496382784958466	0.9660424005317686	0.9705392172443386	0.9763485267881203	0.9876966320860449	0.9681733444072397	0.9820040960555427	0.9645302180831732	0.9810788905272497	0.9812723614368255	0.8678579868246311	0.9667395867737758	0.9788425741028132	0.9818893954448656	0.9799740334400648	0.9651793820815535	0.9654778800563276	0.8561498874413886	0.9602489832412734	0.8480569301970777	0.9871248564514947	0.9649769285940331	0.9653939275009225	0.8396454369195009	0.9552018108877136	0.8807341668244376	0.9675355813731736	0.9818354999771981	0.9799346482906154	0.867459298557398	0.9662358714413445	0.9868577974995267	0.9834019233772282	0.9705057053189299	0.9657363019141183	0.9875501469687945	0.8567949056345638	0.9659764131322526	0.9649257969965023	0.9683419404855843	0.9655784158325537	0.9649451440874599	0.9667098751698052	0.26132633982059716	0.9517749574018515	0.9647641105934996	0.9648048776780174	0.9657083177289831
scaffolds13435	0.9783155471312717	0.9958992201767368	0.9971746336734783	0.9734984723772925	0.973514743939276	0.9673765568336232	0.9975204909164871	0.9817706575268956	0.9825222652091502	0.9918053644224029	0.9920819809761207	0.9787791135460754	0.9443384484892547	0.9695604081738634	0.973537593366742	0.9712741152338171	0.855950285185089	0.9729521633387861	0.9840095552151221	0.9468054942486952	0.9705713222375129	0.968153437367469	0.9963049706159824	0.979428937415072	0.9695112472844667	0.9725876111096686	0.9804138862202373	1.0	0.9744373761240793	0.9691460026484564	0.9734049974467496	0.9964244108050095	0.9967086438345494	0.8636681986169172	0.9975606505162758	0.9786226295882775	0.8736894035780126	0.8456486554323648	0.9733295250954224	0.9972116774422489	0.9543960048122279	0.9727215918434468	0.9963939449017215	0.9824585637750024	0.9735005495979713	0.9730705649174738	0.9970600403327015	0.9974100520170678	0.978646517626083	0.9924139900812713	0.9972816105384329	0.970988843593938	0.9797065925791292	0.9703428279628523	0.9726267320991181	0.9963354365192706	0.9782272652524255	0.9714170972572032	0.9801036879322134	0.9829408251759146	0.9741046746120358	0.9631179082387765	0.996696180510477	0.9707835449501899	0.9957212716052588	0.9912334363288586	0.25999740347415157	0.9708469001808913	0.970519737923991	0.9807517807839777	0.9813067449086456	0.973297328174902	0.9970607327395944	0.9800908784046946	0.9955249742511186	0.9970652333843983	0.871912687490804	0.971045967162603	0.9738817195925186	0.996836046702845	0.9785672370368447	0.974195379915007	0.9682323717532608	0.8637398627303334	0.9592238118730472	0.8563421874864764	0.9819250642640147	0.9736916539004146	0.9732336267407542	0.848373968962861	0.9550499831225819	0.8883106137321597	0.9671861449380729	0.9969139424782973	0.9786575961363695	0.8718119422878855	0.9712758462510495	0.9737165805485594	0.9899445208977056	0.9703431741662988	0.9711349414483421	0.985265581318862	0.8636879322133652	0.9699315382684635	0.9700731354780637	0.9679737577787587	0.9662136594569799	0.9804249647305239	0.97072884480565	0.25936558218437067	0.9525690892252833	0.9736172201594266	0.9804536996165797	0.9710286569902803
scaffoldsAR9984	0.9824239561671886	0.990427304860484	0.9924272581937279	0.9902120014169724	0.9902392236914395	0.9712147427353649	0.9925442786203327	0.9851101229386198	0.9850171429621936	0.9929819562279968	0.9910679121505385	0.9823256731502819	0.9617862902969208	0.9896746266482733	0.9900794254049579	0.9909158916567617	0.8668699970232266	0.9896834650490743	0.9802468812818934	0.9633701317204548	0.9903148804022958	0.9880865427923549	0.9915455393298229	0.9920974090758355	0.9718553500254192	0.9757470746661029	0.9832636042432809	0.9923533691630317	1.0	0.9733398478239503	0.9902484156282724	0.9913422561114006	0.9916378122341851	0.8754121346293493	0.9926987738663337	0.9810607212276468	0.8783535544159126	0.8626830697957906	0.989816748133153	0.9922798336683677	0.9712154498074289	0.9892440197612501	0.9914260441509938	0.9857068917607014	0.9901465972510453	0.9894374039707753	0.9920843282426501	0.9925269553547628	0.9817416316253537	0.9911580638387084	0.9922886720691686	0.9902515974525608	0.9831982000773537	0.9896184144191792	0.9892447268333141	0.9916102364236861	0.9815839545550643	0.991227003364956	0.9930540775785327	0.9851688099199383	0.9904987191389559	0.9820145614420877	0.9926407939570793	0.9910078110250918	0.9906341234392269	0.9931484716990872	0.26651702664883903	0.991236195301789	0.9795316778890788	0.9832356748967498	0.9846377987998158	0.9932534719006026	0.9918863480647084	0.9930056431421435	0.9907309923120055	0.9914925089250172	0.8807614883301291	0.9908130126714385	0.9765382883058058	0.9915420039695025	0.9812742569909982	0.9908331642252647	0.9860611348648043	0.8747319313037065	0.9624350289157121	0.8671789875152286	0.985239517126346	0.9898782634027278	0.9897460409267452	0.8655771157540605	0.972854089315929	0.895439597308318	0.9710485808003065	0.9921578637373143	0.9813043075537216	0.8804150230187311	0.9910063968809637	0.976640106683033	0.9892542723061791	0.97255429076076	0.9904566483511433	0.9884931092291995	0.8753863264990105	0.9893143734316258	0.9905167494765899	0.9707123680338376	0.9868671970178529	0.9930466533218599	0.9905160424045258	0.2653492971350147	0.9557857232251253	0.9902028094801394	0.9930572594028211	0.9901158396162578
scaffoldsTV163	0.981278133242364	0.9676708656787617	0.9688267033872215	0.9523783770291296	0.9530679274796775	0.9680619229478508	0.9683985511466853	0.978506757525079	0.9787026328415996	0.9771037355676293	0.9676209434741971	0.9670905200506987	0.9323602663626959	0.9543437171518827	0.9524882752155669	0.9547715227104429	0.8552263001267469	0.9523846173047001	0.9687868349599652	0.9425634636025527	0.9546227961426776	0.9630911967739162	0.9683229744758862	0.9527687409342663	0.9548620067062161	0.9694708384988948	0.9734243997548265	0.9683094538788166	0.9561180355057812	1.0	0.9521644742498495	0.9680702433152781	0.9684911152343154	0.8661866508024995	0.9692132537906207	0.9763611427747316	0.8776566239831818	0.8491073632478277	0.9521651676138019	0.9689598292660604	0.9412932208419658	0.9513650256128644	0.9686024001486573	0.983656024916727	0.9526890040797535	0.9523825372128433	0.9683923108711148	0.9684606072204148	0.9772150204819712	0.9679683188142921	0.968487648414554	0.9534128760459395	0.9671993781912076	0.9534829058051204	0.9533251655059755	0.9681728611802164	0.9758241323936865	0.9540549310657559	0.9526047603595508	0.9793394876317738	0.9522729857083823	0.9509150324078312	0.9688384905744104	0.9541436816516484	0.9681142719262482	0.9801105083467152	0.257565987447339	0.9539987685856207	0.9702380457120986	0.9642941832311315	0.9788374921303191	0.9550752161215439	0.9677866574587933	0.952430379325551	0.9672007649191121	0.968308067150912	0.8684522175165922	0.954293448265342	0.9746128255690438	0.9686086404242278	0.9666914890961585	0.952360002884394	0.9574714819406425	0.865364667837065	0.9469330432298557	0.8557875782461221	0.9783133089823913	0.9530287524163734	0.9521547671545175	0.852253502181323	0.9433844065220587	0.8724737284398479	0.953744304015132	0.9688783590016669	0.9671109742872912	0.8683183982738011	0.9540681049808493	0.965327642202013	0.9782782941028009	0.9570294624210605	0.9535366415114225	0.9800463721811289	0.8658514093315695	0.9539738074833385	0.9527382329203657	0.9554042173169034	0.9685257834319296	0.9523468289693006	0.9542629402514415	0.2649912220123641	0.9521759147550622	0.9522130097265096	0.9526425486949504	0.9535629893416093
scaffolds10650	0.9815917920887065	0.9930920120218313	0.9933280464453463	0.9934349166041193	0.9948284751645429	0.968814792245473	0.9932788578623349	0.985184328022028	0.9852112224990702	0.9920240181834975	0.993807192786335	0.9833155157422929	0.9636107109378069	0.9903211731370886	0.9950864498193293	0.9902288118409305	0.864677961639275	0.9943932092860968	0.9797074093222627	0.9634794234248771	0.991214352874648	0.9866631703846512	0.9938503654994818	0.9941621291083526	0.9718811165029819	0.9746937126020796	0.9836594819486747	0.9928453613573784	0.9910377694003841	0.9720676084687877	1.0	0.9924543298161728	0.9940446427086419	0.874108014589546	0.9933280464453463	0.9818391505025551	0.8782370245649199	0.860976078424295	0.9947357599936869	0.9931284611157174	0.9705325000291947	0.9930456544364032	0.9937555270804382	0.9849075980082517	0.9949590549280768	0.9947796404562295	0.9926737321288854	0.9931578327156451	0.9820868627911018	0.99346888857512	0.9931939279348333	0.9899552666994355	0.9827822265725218	0.9896166086135225	0.991942980877673	0.9938553197452527	0.9809618951264023	0.9904241506741844	0.9931479242241031	0.9841326124197988	0.9941217873927892	0.9824757710841199	0.9928690709621393	0.9899174021067576	0.9934175767439211	0.9913697038670365	0.2611924374146056	0.9901651143953042	0.9761283206274624	0.982349791691659	0.9842327589593112	0.9913180381611397	0.9928435919838888	0.993292658975554	0.9912178916216272	0.9928467768561701	0.8781620031289601	0.990110617691824	0.9759736773844696	0.9928156358827528	0.9824014573975559	0.9941362962554041	0.9836980542907484	0.8734151279310114	0.9633474281625516	0.8650622695612201	0.983148133010175	0.9928110355116798	0.9948008729381048	0.862826843094436	0.9734190559401583	0.8928973455505034	0.972256931432177	0.9931029821374668	0.9825122201780061	0.8782009293457317	0.9902886166648796	0.9745861346939108	0.9925028106497883	0.973504339742358	0.9901580369013457	0.9862385207471427	0.873955140720043	0.9904804167511543	0.9886505306881908	0.9707547333394908	0.9836056929945903	0.9936093768301957	0.9909899963161644	0.26440314254886743	0.9542896513944963	0.99338537414641	0.9936008838374455	0.9897471883770563
scaffolds117A	0.9807966331457814	0.9962586657432912	0.9982177190339081	0.9739787672175377	0.974028332790885	0.9680846233380369	0.9981879103674195	0.9836003808577063	0.9839109455690284	0.9935037903799114	0.992808485903447	0.9800448308479491	0.9460629510510501	0.9711542227615512	0.9740817111006435	0.9719299413150544	0.8574771400456211	0.9737898634589769	0.9847279109982541	0.9468903148523067	0.9714651340852742	0.9689989868519517	0.996956743118964	0.9800216078170801	0.9703525082779707	0.9739593569230801	0.9827265709947117	0.9978156486487142	0.9744012877343923	0.9705791927882438	0.9739874325275635	1.0	0.9974413072556028	0.8636485738459454	0.9981255201352343	0.9801082609173375	0.8735246009884693	0.8467144783812647	0.974135436022803	0.9980672892518614	0.9552672433603795	0.9731794790207645	0.997051368304445	0.9843036574193944	0.9739292016441906	0.9736311149793055	0.9975678207819784	0.9980707553758716	0.9801657985759082	0.9925017339285361	0.9982932805373325	0.9719933713844428	0.9807429082236219	0.9715604524955573	0.973458155391192	0.9969851653358484	0.979651425772781	0.972257143421626	0.9802774077690397	0.9841310444436819	0.9747316093525731	0.9642486638958472	0.9975057771621941	0.9717431172308997	0.9968673171194984	0.9925201043857907	0.25741516574831713	0.9717701529981799	0.9714602815116599	0.9817130763341024	0.9830236178223938	0.9740928026974763	0.9981185878872137	0.9805633629998888	0.9970018027310977	0.9980298551125503	0.8734514657718521	0.9718748299432908	0.9750123653974068	0.998122747236026	0.9799768948173474	0.974717398244131	0.9678056003552084	0.8638780312554266	0.9615696966482927	0.8579447201746094	0.9832378242862297	0.9739357872798101	0.974028679403286	0.8497480301150718	0.9562051765175644	0.8905255926465486	0.9684967454828606	0.9982229182199235	0.9805366738450095	0.8733984340744946	0.9720977017171525	0.9746848166784342	0.9910688382626816	0.9711673940327902	0.9720599209654404	0.9868883460938689	0.8637664220622953	0.9711670474203892	0.9706162803151539	0.9689206524493192	0.9662836253022894	0.9806209006584595	0.9715847153636293	0.2621398393867456	0.9531965808766313	0.9744158454552355	0.9806475898133388	0.9720450166321961
scaffolds13213	0.9792945220949423	0.997093244799295	0.9975816877540077	0.9742330752784125	0.9753076497787804	0.9684275323861928	0.9979817952807404	0.9837729550868043	0.984704807248632	0.9919143638255684	0.9940167470114912	0.9812863993925294	0.9456331814194915	0.9715951369095209	0.9754361691661552	0.9719741132162271	0.8566364501767402	0.9747613557790769	0.9844394545512491	0.9466855854595035	0.9726149780858856	0.9698990966923059	0.9983289015506851	0.9812046458199676	0.9693101938391062	0.9736892061728104	0.982554619007567	0.9976094008294524	0.9747173612718084	0.9715379786914163	0.9752272818599907	0.9966723524659787	1.0	0.8641650535347335	0.9979138982459009	0.9809292471327359	0.8740309083930434	0.8463001658627566	0.9750831738676784	0.9977327240151812	0.9535677813327496	0.9748060431132315	0.9982561547276428	0.9834449015562278	0.9753606510355683	0.9749556937206328	0.9973973958023005	0.9978889564780007	0.9807061568754062	0.9938248339640368	0.9978421906631878	0.9713692753446468	0.9804002738051854	0.9710609673803245	0.9731009961464968	0.9980008480201086	0.9791140406911086	0.9722838068343216	0.9801470455783096	0.9836922407545716	0.9745625144627612	0.9636643475441365	0.9970523680130141	0.9714849774346284	0.9974670249043552	0.9916351545904631	0.26321775133334535	0.9716474453394228	0.9708797931496049	0.9816581010169313	0.9834012534624024	0.9737034091239758	0.9974559396741773	0.9805000408767863	0.9954813830487431	0.9974237232239729	0.8734520515296925	0.9719117587964765	0.9745358406276458	0.9973031713457885	0.9806060433903622	0.9746352612858036	0.9678770814251726	0.8643105471808181	0.9610090885030921	0.8568688935970324	0.9823471173551749	0.9738198040408436	0.97511054052968	0.8491234354236844	0.9562389753921746	0.8897878702640086	0.9681372379209097	0.9973641401117669	0.9804085877278188	0.8733803439469794	0.9720572524425611	0.9743626339061164	0.990636098220682	0.9713644255564439	0.9718106060711035	0.98630038756736	0.864227061541041	0.9718746925580692	0.9718015993215839	0.9681199172487567	0.9660248087451381	0.9807061568754062	0.9726963852450043	0.26025002736666203	0.9521859381083886	0.9738974006520886	0.9808086952545515	0.9714752778582226
scaffoldsTV135	0.8734674183446707	0.8755001538935057	0.8766734153910448	0.8701463541357821	0.8704809666206398	0.8695907844615562	0.8768396627332051	0.8748390471591824	0.8744370180238944	0.8857213652189382	0.8764623412708498	0.8760906672765932	0.8813212816364103	0.8691908731268054	0.8703087188436245	0.8695678416224046	0.9212651175661671	0.8699162198107534	0.8734790662476245	0.8887741746931307	0.8695145436422216	0.869911631242923	0.8765954097379293	0.8711332491860586	0.883838287574723	0.8717142324667293	0.8742615935460735	0.8760084260224035	0.871447389599058	0.8871791179219576	0.8701745914762764	0.8764231619609139	0.8766352949813775	1.0	0.8770899161633361	0.8736230766841456	0.8595481743147504	0.8430077991534445	0.8699606936220319	0.8768534284366961	0.8803425048215259	0.8702847171042043	0.8768357800988872	0.8747956322481724	0.8708762893875603	0.8700867027539878	0.876242090014994	0.8771947472899212	0.8740875809352772	0.8759953662524249	0.8764796366419025	0.8687037790032783	0.877373701435304	0.8687454290805074	0.8696423176079584	0.876697417130465	0.8726792435781229	0.8691255742769123	0.871772824948255	0.8750038826343179	0.8703404858516806	0.8667698741461735	0.8768227203289085	0.8690638050945809	0.8766031750065651	0.8904775922584507	0.2561857424020376	0.8690189783165463	0.8709264106669378	0.8731599843000387	0.8744589019627775	0.8712694943539437	0.8762375014471637	0.8715003346124849	0.8762435018820187	0.8762675036214389	0.8637551850816483	0.869410771415905	0.8722302698642631	0.8761852623672493	0.876586938535781	0.8705974456501789	0.8786115558492239	0.9967883554855269	0.8796662205166869	0.9212584111977997	0.8742598287122926	0.8704746132190285	0.869937044849368	0.915058550125515	0.8815457684933402	0.8742245320366746	0.8825969034932414	0.8764912845448565	0.8764305742627936	0.8634643404745568	0.8693722980394815	0.8666424531471928	0.8748097509184195	0.883496968721498	0.8688403771379196	0.8811980962385039	0.9975334683078209	0.8688103749636444	0.8709677077774107	0.883187416876329	0.8914595457741408	0.8718017682222617	0.8690712173964608	0.2664747233446565	0.878676854699117	0.8700196390703138	0.8717816491171595	0.8687591947839984
scaffolds131096	0.9788351835375063	0.9949140021313743	0.9969109965958275	0.9730495795609729	0.9735846743316251	0.9675559399156108	0.9971617465077707	0.9820814251461294	0.9830723029058936	0.9915392685098632	0.9920996460755042	0.9791659379103043	0.9439563556617356	0.9696256657081139	0.9733623242715871	0.9713580566743288	0.8561800328953406	0.9730374576729646	0.9839772884306276	0.9464333768913176	0.9707304892151563	0.9676719637008332	0.9964628330791777	0.9794412779379214	0.9691013074668405	0.9731638716479083	0.9810292452670089	0.9968538505523598	0.9742756219480982	0.9700215319364993	0.9732414517311615	0.9963468092939555	0.9965109742915536	0.8642781467642006	1.0	0.9795624968180044	0.8732833241957387	0.8465677220444153	0.9733477780059772	0.9973162139949622	0.9535277984330901	0.9730145992555775	0.9964946963276567	0.9832087607309014	0.9734655334894864	0.97288472188406	0.9969757621117575	0.9972088487011743	0.9791399624360008	0.9916480191622805	0.9972133511167203	0.971398232074585	0.9800006164845901	0.9707741280119861	0.9728708682977648	0.9963097509506158	0.9787274719040612	0.9717348742215584	0.9795957454251129	0.9836420316422838	0.9740141355067763	0.9632952694505218	0.9967153146894078	0.9709995951289405	0.995896221399704	0.9914852395233119	0.25832297489141387	0.971374680977883	0.970471427151436	0.9811282984090195	0.9817309294128608	0.9731995446326185	0.9967461389189146	0.9801640888028735	0.995342077947896	0.9971319612972359	0.8727776682959638	0.9713442030880337	0.974634429833144	0.9968846747818666	0.9792920055455906	0.9740494621518291	0.9673883115214389	0.8640942404061317	0.9592441344781475	0.8565526943666816	0.9820807324668146	0.9733488170249492	0.9733173001161277	0.8488116566845805	0.9542942480948722	0.8885136106290256	0.966686627375587	0.9968496944764712	0.9788393396133949	0.8726706493418335	0.9718031031340622	0.9738281511107633	0.9896638392651503	0.9696727679015176	0.9716378991174919	0.985574260590807	0.8642442054777772	0.9703831105388041	0.9697638552314086	0.9674579257925723	0.9656396425913272	0.9801966447306673	0.9710297266791326	0.2588885475519154	0.9521812298451966	0.9736324692043435	0.9803036636847977	0.9712236768872654
scaffoldsTV3	0.9922948512414856	0.9837381412699999	0.984584826467846	0.9664272427144498	0.9672645241688397	0.9736851912286061	0.9842400225411213	0.9972189299445493	0.9971740009480367	0.9856749641351673	0.9843309253945306	0.98220149993191	0.9502984295400142	0.9689380422172356	0.9667243313503044	0.9687938514842416	0.8592461610958775	0.9668451868680554	0.9715272062488224	0.9480345653746504	0.9694458443638664	0.9784173639078056	0.9849484378814829	0.9674860345702506	0.9737353445270387	0.9892654527014343	0.98800883394626	0.9844542189198442	0.9687792234388654	0.9818162947370034	0.9662388195585325	0.9844322768517799	0.9845332800222346	0.8643043302148895	0.9849839631345394	1.0	0.8807695884329776	0.8546365853684021	0.9671746661758145	0.9849881425760754	0.9580387552647902	0.96580171963122	0.9850567550746256	0.9954795856919605	0.9667797089506571	0.9663931106085719	0.9847847430879874	0.9842650991903377	0.9934863403660564	0.9843284873869679	0.9848742527942179	0.9687722577029719	0.9822854370494257	0.968381131632556	0.9672028774061828	0.9846760776080499	0.9934654431583761	0.968825197295762	0.9670015676388628	0.9973073947903958	0.9665212801490111	0.9692567246343599	0.9843469465870854	0.9680210030868659	0.984683391630738	0.9873153949380694	0.2570102295314463	0.9680220479472499	0.9785350848444047	0.9834490632304227	0.9967811334436474	0.9690818846634348	0.9844221765347345	0.9673599547505797	0.9829572822763467	0.984905946892533	0.8740438221410791	0.9688255455825567	0.9870813462120502	0.9845945784980968	0.9825678976399042	0.9665599399832195	0.9709560159055614	0.8637829448832665	0.9644137967544547	0.8594843892634326	0.9961820801568126	0.9666943786859626	0.9666616397272636	0.8513592066305447	0.959160238743632	0.8846561207747152	0.9720900377090113	0.9844590949349696	0.9821269665578503	0.8736098567949186	0.9688074346692338	0.9803291101237568	0.9913628357789451	0.9764223771479282	0.9688022103673137	0.9976480192755843	0.8643126890979616	0.9693577278048146	0.9672007876854148	0.9732240595124612	0.9706247951638289	0.9674139392037537	0.9693789732992895	0.26086123662012745	0.9558765908434705	0.9663868414462679	0.967413590916959	0.9687698196954093
scaffoldsARL04446	0.7675017497263249	0.7612526844091907	0.7623231580017826	0.7470170904892653	0.7470197823759189	0.7681953591874091	0.7622753022390515	0.7692003302047629	0.7683266634364027	0.7625217594171169	0.7614231705639204	0.7597891953651694	0.7345883507109572	0.7464096214010971	0.74703294271067	0.7464368393661505	0.7592908972357315	0.7467338441936004	0.7602040450083448	0.7460791175397352	0.7460100257822921	0.753801542151954	0.76193762001328	0.7462340505715772	0.7552156799406589	0.7654786473568664	0.761400139978106	0.7619860739730453	0.7470117067159581	0.7668368537228792	0.7468409214627114	0.7617761068140624	0.7622845742930806	0.7305029640663041	0.7623052120907584	0.7667055494738857	1.0	0.8255798024753394	0.7466408245547919	0.7619663334709187	0.753483002231275	0.7574741728430511	0.761826056266413	0.7685264612458051	0.7470272598388458	0.7466148029838068	0.7615045253605632	0.7622992301204171	0.771394217827468	0.7617159880121315	0.7622759004360856	0.7451387518020686	0.7608097195054107	0.7451617823878829	0.7456253850893407	0.7618197751975546	0.7719134528531008	0.7460324581710723	0.7468878799298914	0.7685459026494147	0.7469136024023593	0.7413814762306409	0.7623129886522023	0.7458685521837183	0.7613735202100868	0.7619546686287529	0.24277856540387271	0.7458509053712111	0.7683763137902362	0.7622738067464662	0.7831392183957552	0.7456235904982383	0.7619759046234649	0.7463865908152827	0.7617737140259259	0.7614797001836465	0.7736443359713823	0.745879917927367	0.766409741040504	0.761327159939941	0.7597162153270044	0.7469850869479389	0.7572342958323612	0.7302110439136443	0.7578037794088617	0.7592535099210979	0.7714097709503557	0.7463883854063852	0.7464150051744044	0.7464021439381704	0.7432795554199643	0.7927543384239901	0.7632333147892253	0.7618529751329493	0.7592681657484343	0.7731633855559344	0.7458574855385867	0.7663660726570117	0.7708806656736595	0.7560561467736243	0.7456400409166771	0.7701320220854345	0.7308582931045828	0.74555300324821	0.7477145882310715	0.7562409896571732	0.7527412379089424	0.7467718297052683	0.7460898850863498	0.22472079153431557	0.7537046342324235	0.7467209829573666	0.7469222762593543	0.74534273699071
E_faecalis_reference_sequence	0.7950380856163756	0.7939297663754329	0.7950024059656376	0.7927105509227368	0.7931001341362005	0.8000496300727383	0.7946681101389031	0.7967671022048417	0.7970795402275205	0.7948336508607957	0.7951203738198794	0.7902235828348093	0.7842576880807788	0.791893454777007	0.793174064944036	0.7919558138062248	0.7902261543411688	0.7929535582737092	0.7950030488422275	0.7873171377719891	0.7923351109942505	0.7962142283375501	0.7958024658817358	0.7934723596817375	0.7897700334006532	0.7965790608023036	0.791541158405756	0.7946430379518981	0.7934533948223362	0.7958583961450548	0.7932463885603969	0.7946240730924967	0.7947561842317159	0.7723342559683859	0.7950930515648098	0.7968963203994064	0.8834381168601779	1.0	0.7932602104070791	0.7950930515648098	0.7990788864220285	0.7930284533964296	0.7950930515648098	0.7960731169260727	0.7933563204572652	0.7930962768766613	0.7943106707549332	0.7948339722990906	0.7976555576520475	0.7944395675112029	0.7949664048766046	0.7921939995827731	0.7905321635979489	0.7922444653950782	0.7924276852231923	0.7950265138377579	0.7996928335653583	0.7925704038261443	0.7932338524668943	0.7969220354630013	0.7930233103837105	0.7862567128369919	0.7950956230711693	0.7923344681176605	0.7950133348676655	0.794474925723646	0.26398569985313486	0.7926610494253166	0.7971476851460471	0.7970554323554002	0.8100701474791041	0.790475269019745	0.7949056530388615	0.7935662196638591	0.7946337162413448	0.7949959771997389	0.803586094193635	0.7922856094968301	0.7949786195318123	0.7948429725713488	0.7908304583356504	0.7932672820495678	0.7908439587440377	0.7720931772471832	0.7914733349255244	0.7905215561342159	0.7973424767527789	0.7923688620152188	0.7931798508333449	0.7877279359129185	0.7871149530844737	0.8100209674199788	0.8011370558245101	0.7949889055572502	0.7898815724889964	0.8036571320568161	0.7926202267618595	0.796525702045344	0.8004314987671234	0.7893936291572821	0.7925704038261443	0.797750060510759	0.7722223954417479	0.7918834901898639	0.7933993931887868	0.7892673039073718	0.790056756359737	0.7932412455476778	0.7925652608134253	0.2526373208503843	0.789873215093328	0.7932618175985537	0.79356171952773	0.7922390009440643
scaffolds10641	0.9826213536445997	0.995213742878607	0.9952417637999491	0.9961462365774466	0.9972830347154387	0.9699537690267377	0.9954659311706857	0.9871050557545396	0.9877371226131673	0.994079427607063	0.9962313634270935	0.9845374171520671	0.9656371283592297	0.9919303293486874	0.9973401406437434	0.9921995430106955	0.8679345601531149	0.9968343452787585	0.9818626605971222	0.9656467051298149	0.993491697649293	0.9887171454697264	0.9961366598068614	0.9966850185966697	0.9744818080375353	0.9767710109026213	0.9859473305993427	0.9951967175086777	0.9932189370352162	0.9738802449666977	0.9969386256695759	0.9950225621621085	0.9962469700161953	0.8760609820375254	0.9955201995373356	0.9842944509353667	0.8800314401831363	0.8615390508781898	1.0	0.9955283575270933	0.9733035105603404	0.9956638510961145	0.9961873812214426	0.9871759947959119	0.9971617289546919	0.9971241312627646	0.9955177166708875	0.9954286881739652	0.9845927496043375	0.9958110496069622	0.9955684380854688	0.9922513285108973	0.9846335395531266	0.9916203257378902	0.9942649332002517	0.9958543224221994	0.9819704879400083	0.992626950734964	0.9955347420408169	0.9864091437586767	0.9964516291505546	0.9843260188087775	0.9948828122506049	0.9914589394187681	0.9955900744930873	0.9940205482027239	0.2632622311321658	0.9917785198001505	0.9781965309389988	0.9845345795904121	0.986719147369474	0.993340242795963	0.9947923649728552	0.9957830286856202	0.9941131236517149	0.9954070517663467	0.8781682262614913	0.9922559395485865	0.9787232533211886	0.9951431585324415	0.9845565706932375	0.996489226842482	0.9857288383519158	0.8756215146762236	0.9655867616398552	0.8681839108835386	0.9855060897620066	0.9950175964292124	0.9973433329006052	0.8658567556313185	0.975419267469271	0.8929033292401507	0.9748510457478784	0.9951147829158925	0.9845750148439945	0.8784516277317738	0.9924680472822899	0.976838402991925	0.9948767824320883	0.9760240227969703	0.9924414451417752	0.9887235299834499	0.8758978222423689	0.9929674581335513	0.99115354684566	0.9734776659069095	0.9861399300966687	0.9958631898023709	0.9934104724469216	0.26165014141697895	0.9569215577362217	0.9961416255397574	0.995904334446367	0.9921271851884956
scaffoldsEF13431	0.9805128372304653	0.9963616980545783	0.9983093392446926	0.9742062391104107	0.9747344188704791	0.9688724211787946	0.9985951042626153	0.9831825206139231	0.9843904326981766	0.9930375989079893	0.9937284289027734	0.9802308870368109	0.945537141129077	0.9710440965941249	0.9746355802417073	0.9727510570531246	0.8573283467800109	0.9743081989590385	0.9853861018322254	0.947845803415863	0.972428877803549	0.9690492903039652	0.9978477455082179	0.9807934002152948	0.9705478226370284	0.9745228695246868	0.9821490500393967	0.9982843694858449	0.9755424680109644	0.971296915402457	0.9745076102276132	0.9978435838817432	0.9979358332685969	0.8653096527538869	0.9988118556415009	0.9809480739992675	0.8744960963943669	0.8477351041516386	0.9746820517373403	1.0	0.9548321338601028	0.9743484280149597	0.9979441565215461	0.9845388640424375	0.9747222807932615	0.9742135219567413	0.9984175415330322	0.9986412289560421	0.9804091433708064	0.9932494950559877	0.9986349865163302	0.9728478148686591	0.9808072723035435	0.9722228772930562	0.974216296374391	0.9975834822270805	0.9801292739903894	0.9731661792939662	0.9812882869635664	0.9848090229610804	0.9753479119732769	0.9646598147798777	0.9979531733789078	0.9724309586167863	0.9973754009033504	0.9930216460065032	0.2586884356723524	0.9727559122840116	0.9719513311655883	0.9825072967184189	0.9830001026534531	0.9743775594002819	0.9981806756261861	0.9816080385976983	0.9967709246579143	0.9985583432287563	0.8739942736019709	0.9728016901752322	0.9759707687356424	0.9982358171769745	0.9800994490006547	0.9753964642821472	0.9687160133837908	0.8652049184876095	0.9605554106693005	0.8576952635141883	0.9834287501803372	0.9747111831226626	0.9745790514820939	0.8497437825300469	0.9555985667358421	0.8900876299814668	0.9680005604323653	0.9982815950681951	0.9799309031284333	0.8739797079093098	0.973176930162359	0.9751679216282503	0.99129942625043	0.9710160056154213	0.9730226031805924	0.9871846180736663	0.865188271981711	0.9718299503934125	0.9711821238721993	0.9688367005515542	0.9670146017600906	0.9816337019609584	0.9724788173212443	0.2591687567279628	0.9535590229610804	0.9749633083265823	0.9817044496110267	0.9726619288861268
scaffoldsVV10	0.9507964682701341	0.9518977089759258	0.953470415111281	0.9506821526259343	0.9509700202026921	0.9534908533628198	0.9537794137616636	0.9533793090069642	0.9534084075345788	0.9550427748355933	0.9530609572584199	0.9640567365862716	0.9681357266179474	0.9511761347732948	0.9507808797731978	0.9528122341295244	0.8436127346241994	0.9508394232394698	0.9404786153534916	0.9518214985464593	0.9523005850189694	0.9529262033626813	0.9528777058166571	0.9512966858162691	0.9788824364058607	0.9555367569829538	0.9519884686691996	0.9533093339762723	0.9527592332399409	0.9404328890958118	0.9507635592210463	0.9532164958167403	0.9531243504792943	0.8667522994765037	0.9536540129640869	0.9525174383319062	0.8718999675759264	0.8534632790437947	0.9510372239450398	0.9536405029334087	1.0	0.9503031789448597	0.952934170816671	0.9546301992833448	0.9517082221353885	0.9509513140063685	0.9535577106941245	0.9536980071665516	0.9505460130860236	0.9526137406018684	0.9536522809088718	0.9528735488841408	0.9672336722618978	0.9522053219821363	0.9517934392519739	0.9525680143441885	0.9502862048037513	0.9531662662155009	0.9519538275648967	0.9534187998658696	0.9518253090679326	0.9504940514295691	0.9530138453565679	0.9522791075343017	0.9524415743134826	0.9555409139154701	0.2546751634367301	0.9522586692827628	0.9500953323190418	0.9545550280870073	0.9672870195625244	0.9537977735469443	0.9534278065529884	0.9518824668900325	0.9520071748655232	0.9536062082401487	0.8673924670840227	0.9527107356939167	0.9546603370440885	0.9534485912155702	0.9649193000834158	0.9517633014912302	0.9658047267094	0.8657134127584573	0.9628120817086655	0.843980623151897	0.9534160285775254	0.9517286603869273	0.9511480754788093	0.8415512425071291	0.9780205657308025	0.8777342223626342	0.9912593565622723	0.953480461031529	0.9668844899305238	0.8673162566545561	0.9529625765221994	0.9590448616157166	0.9540956870439499	0.9792205335838579	0.9529767793749636	0.960491820542452	0.8664727457647786	0.9517262355096261	0.9566040494065287	0.9759330927855051	0.9610093586407384	0.9516074165218669	0.9522853429330762	0.25806167779338934	0.9624906122607338	0.9515769323500802	0.951563422319402	0.9530245840989018
scaffoldsAR011155	0.9662234091736192	0.9790835871442184	0.9789143605029904	0.9785731158532565	0.9801436088680343	0.9557289149711146	0.9792200152199301	0.9710685249263864	0.9710290968635849	0.977590205650495	0.9800651016633408	0.9687806505211657	0.9483907593181946	0.9765647270967442	0.9802053678690598	0.9767562846761961	0.8541168654759856	0.9796910584480906	0.9664362509285658	0.9500205688876296	0.9778728315873912	0.9722621833586359	0.9800138102896079	0.9800396304369292	0.9576895015629913	0.9614592430719137	0.9699073161387435	0.9788327130101093	0.9770765940713453	0.9588032571069083	0.9797646807600474	0.9782688568199558	0.9800186951823443	0.8643580430980129	0.9794356483421547	0.9677265604528156	0.8796421746286347	0.8509873938364517	0.9800050872668641	0.9793581879001905	0.9557212387111002	1.0	0.979992875035023	0.9709540788679889	0.980217580100901	0.9797186231999606	0.978675000758903	0.9792835188255044	0.9674135783967712	0.9796038282206534	0.9791736087389336	0.9758016370671243	0.9686281720836056	0.9754862125647118	0.9776010221986972	0.9799907815095644	0.9662460890327529	0.9770664753649625	0.9792747958027606	0.9696613268973708	0.979410177115743	0.9675325604269954	0.9787182669517118	0.9761024068913275	0.9785151949822382	0.9770800832804427	0.26263870042313636	0.9764370220437764	0.963074746884049	0.9684742979624066	0.9707562407121615	0.9776250977414699	0.9787580439354231	0.9794262274775914	0.9770396084549119	0.9781292884560564	0.8679250615583715	0.976680219917871	0.9619920453010996	0.9785828856387294	0.9675301179806272	0.9794817059022415	0.9684111432777421	0.8637648775514405	0.9493150508081183	0.854270390676275	0.9693368304513048	0.9781526661570096	0.9801094146188789	0.8526102249876918	0.958832915384237	0.8826093980451357	0.957004569817155	0.9787904935800297	0.9675803625916309	0.8676986118879447	0.9770497271612946	0.9618329373662543	0.9779649467075648	0.9588015125023596	0.9760416946530313	0.972690658235807	0.8642938416506192	0.9766156695495676	0.9750943743830642	0.9568217352604468	0.9694160354978176	0.9796443030461842	0.9776366121314916	0.2616345060448803	0.9404489704914097	0.9786624396061521	0.9796948965780977	0.9756153133013187
scaffolds13985	0.979191926890273	0.9972933742577824	0.9973619665906839	0.973557309240565	0.9748259209733183	0.9679538699239941	0.99761970747795	0.9834075839563227	0.9843207626913137	0.991888783421441	0.9943120327580354	0.9811069693967339	0.9460625229507175	0.9709785146642094	0.97470952186294	0.9707723912395813	0.8570030000484996	0.9743575531244154	0.9845466323935953	0.9466729254283557	0.9718920398251242	0.9693146309524634	0.9984726081022095	0.9808866425092323	0.970244784557718	0.9729018713928401	0.9821109117237461	0.9973262847205382	0.9741122835704041	0.9712688195883075	0.9745695657897472	0.9967148429651288	0.9983496268992801	0.864892504035862	0.997802966791611	0.9810602018970284	0.874086648052047	0.8463022496899488	0.9747549036589506	0.9977475386438118	0.9544997263235202	0.9739875702378561	1.0	0.9833902626601354	0.9747891998254014	0.9742667895323943	0.9975878362929654	0.9976398001815272	0.9804705849748149	0.9939340820752298	0.9976301002556623	0.970623428092371	0.9805807484185657	0.9699849651149095	0.9727362798012901	0.9981885388447388	0.9791676770756109	0.9711742453111252	0.9801993334765227	0.9836386500474603	0.9740173628672981	0.962922033381602	0.9971641573882257	0.9706861311845688	0.9977558528659817	0.9916663779783969	0.2617781349813969	0.9707609591840977	0.9708250479799905	0.9813595138951438	0.9833445344382011	0.9729763529664451	0.997258731665408	0.9802038370135314	0.9955068557690309	0.9973231668872246	0.8733175825013337	0.9707966410542433	0.974379724383535	0.997276399387519	0.9809510777310487	0.9740710588854785	0.9676019011854695	0.8648388080176815	0.9617982276849741	0.8573133976761749	0.9822429000006928	0.9735971482217958	0.9746561722706834	0.8489974433766828	0.9563856690523865	0.8897000644352219	0.9687173926599275	0.9972957992392487	0.9811932294517464	0.8731048769841545	0.9711707810518877	0.9743402318282282	0.9901552680990224	0.9722547477672849	0.9707779340543612	0.9856122385350341	0.8648533579064789	0.9711416812742931	0.9712116593108896	0.9689283660474881	0.965697251456721	0.9803029148277224	0.9718702149919283	0.25910615183155383	0.9526996972237426	0.9732444866314236	0.9803424073830292	0.9707287415731894
scaffoldsTV154	0.9942933398034696	0.9818672120067243	0.9826474411188715	0.9655094365782222	0.9660026689312143	0.9693766139235022	0.9828068837628464	0.9927491724580163	0.9924271676400755	0.9840304327481326	0.9817247534704772	0.9799462747612693	0.946412020588898	0.9677031593906518	0.9652023361813487	0.9685069582849517	0.857765030068803	0.9656217396578916	0.9693513110691323	0.9476504739952514	0.9682490771390444	0.9743307741633593	0.9824564565605449	0.9657745966274415	0.969234155387255	0.9843254016394863	0.9873943259215612	0.9826481343477582	0.9679222197188957	0.9842349352697527	0.964761789223757	0.9823729224796798	0.982549002616939	0.8630599123065458	0.983083828703142	0.9905533699589262	0.8792052130812291	0.8495447219285628	0.9654685360738982	0.9828276806294518	0.9560180932739467	0.9644685534046203	0.982815549123932	1.0	0.9653978267274397	0.9646505259874179	0.9829216131436197	0.982580891145734	0.989257031940521	0.9822294241001023	0.9829704857801425	0.9674165092459402	0.9803396821545554	0.9674265610647995	0.9662806537148403	0.9825226599192388	0.9893221954558846	0.9679572277776815	0.9657849950607442	0.9931249025146878	0.965562468588066	0.9645527807143723	0.9823427670231019	0.9668442487998475	0.982023188506265	0.9855742534791425	0.25168783903225245	0.9671832377255161	0.9810211261503267	0.9787573872203255	0.9929872965806485	0.9683794041697718	0.9826942340687337	0.9657413216408728	0.9811112459056169	0.9825458830869482	0.8728022044678602	0.9682535831268089	0.9891811233774112	0.9825337515814284	0.9795247915980659	0.9657770229285454	0.9706140274865254	0.8624030779362576	0.9609774527304553	0.8582596488795688	0.992491291312109	0.9660938285298348	0.9653746035597304	0.8546659503301502	0.9563983293183826	0.8855115162648828	0.9686192613646211	0.9826443215888806	0.9789965511862879	0.8725848772118334	0.9677946656037157	0.9801750402939291	0.9928635552243462	0.9720892185577373	0.9675801112632363	0.9945612727682362	0.862938250636904	0.9676310635864196	0.9662421795116203	0.9692445538205577	0.9710649728774198	0.9659212145370097	0.9679229129477825	0.26092823347948907	0.951437236789657	0.9653368225853971	0.9659617684268903	0.9674830592190776
scaffolds10104	0.9841801793488002	0.9951771393280721	0.9954039429760969	0.9960037836101533	0.9975747271878654	0.9713208739216622	0.9956566569000307	0.9882331853844748	0.9882523518899416	0.9944619447259279	0.9962000628235457	0.9854735635325289	0.9654399511609046	0.9921541554935996	0.9976322267042661	0.9930006761517206	0.8681809389103132	0.9968999952083736	0.9820871259647584	0.9657682663008467	0.9940388618645105	0.9892876981204402	0.9963068983447593	0.9963704317610291	0.9747538080119542	0.9780600302049929	0.9866799885710837	0.9952403178090554	0.9937552685706579	0.9750175249297672	0.9969127728786848	0.9946166965108086	0.9963849841077725	0.87591497880149	0.9958632292367294	0.9851622852863352	0.8810796421542443	0.8630943613205723	0.9972655785533903	0.9956122899892277	0.9728442561709936	0.9959640308580738	0.9962206490701583	0.9874633307482213	1.0	0.9974167809854069	0.9952740366612657	0.9957162860281499	0.9851367299457127	0.9961127487430854	0.9954309180578651	0.9926361576125633	0.9856517410463137	0.9920746499894407	0.9945705549235736	0.9957698812564	0.9835058023045948	0.993129872595979	0.9957329679866118	0.987190030577675	0.9968052274868985	0.9845635094581381	0.9950553965248287	0.9922109451394274	0.9955725372371482	0.9942110054784261	0.2670866734222683	0.992420711893704	0.9790936017590592	0.9849560678849228	0.9875286388409233	0.9937790492348483	0.9948729597876067	0.9957177057692956	0.9941442776445785	0.9951995002511167	0.8801227366220454	0.9926826541350848	0.9799333786467382	0.9949890236262673	0.9852595375548153	0.9969074488493885	0.9854955695202872	0.8751486735181008	0.9660302085422275	0.8686537127118298	0.9862022456755573	0.9953322460482392	0.9972900690881535	0.8666355506732235	0.9754789408021183	0.8935825925538127	0.9742235346940369	0.994995412461423	0.9851519921630288	0.8798437574869162	0.9932207360293035	0.9777253262298952	0.9950227424784777	0.9756028132170802	0.9928849672483464	0.989554609455831	0.8755160315395496	0.9931745944420683	0.9914038222980995	0.9733582024657355	0.9857759683965621	0.9957755602209827	0.993656596561032	0.2639540145842909	0.956608451364105	0.9964304158244348	0.9961496620128735	0.992546358985098
scaffolds10217	0.9819162665767557	0.9934227768624545	0.9934001102165656	0.9943797343185768	0.9955934623726594	0.9690734866826372	0.9935109642816161	0.9860061794943354	0.9860369919660907	0.992035153134443	0.9944856300548391	0.9838415148119447	0.9634422418446117	0.9900574882806358	0.995682358124505	0.9906578002303498	0.8664413932620562	0.9949478171311676	0.9799952683376707	0.963300221141464	0.9917943200218733	0.9869592411206957	0.9942412552788493	0.9949577337887441	0.9724065461273327	0.9759761886884937	0.9848590347125515	0.993336360275003	0.9918658616229602	0.9730040247463106	0.9951755460890828	0.9927888191102492	0.9944973175441256	0.8740099279908994	0.9938771722792588	0.9831891404099546	0.8792413190287909	0.8617656892147849	0.9954262958592288	0.993684859955545	0.9713475887647103	0.9942855260716011	0.9944201092815665	0.9857671172134759	0.9956472956566457	1.0	0.9932283395406888	0.9937510890615017	0.9827170366760497	0.9939256930681147	0.9936434224935293	0.9904906337169191	0.983123619636682	0.9899827591824707	0.9933059019695899	0.9941374845406392	0.980977017437734	0.9910704040187963	0.9942005261495177	0.9852826176576005	0.9946605882277941	0.9829585781213034	0.9931922145738034	0.9902590089292418	0.9937974848523056	0.992209757141056	0.26695642195661323	0.9904676129046882	0.9769381044734042	0.9831643487660137	0.9854465966739531	0.9921056322365038	0.9929265898172926	0.9943375885238772	0.9919770698543526	0.9933193602905864	0.8791017774900373	0.9907247376689905	0.9771173126424634	0.9932379020319232	0.9830028489140552	0.9950179420668864	0.9832681195042238	0.8735449075838347	0.9634804918095492	0.8666935596975702	0.9841000562416151	0.9931380271234751	0.9954914624661594	0.8644205201145232	0.9731247954689375	0.8938414723119837	0.9722599212617389	0.9932046103957738	0.9828197449152338	0.8788928193482489	0.9910987373261575	0.9756878972860942	0.9930799438433848	0.9737013782737366	0.9908518833857736	0.9870130744046818	0.8736805532928261	0.99101302907139	0.9897330719113507	0.9711372139575539	0.9834951401294549	0.9942370052827452	0.9916947992797673	0.2615904477087563	0.9546659998895001	0.9947200881732525	0.9941537761923718	0.9905019670398636
scaffolds13988	0.9802779897982786	0.9973273279417512	0.9985202683699822	0.9743278526274687	0.9743725878935273	0.9690719790430884	0.9988632387430986	0.9829877678524055	0.9839767986958109	0.9933524781776863	0.9938327754140527	0.9809999961853649	0.9470542520870389	0.9710046118938241	0.974429113849865	0.9720196516128451	0.8559444672359258	0.9740622153111823	0.9856077285894069	0.9481587623381771	0.9714814412801083	0.9690248162819722	0.9977833502275429	0.9805613131499835	0.9710611378501618	0.9736651464767857	0.9815680300288074	0.9984855898691615	0.9752555025244215	0.9705385328427943	0.9743039244619024	0.9981318691607907	0.9981020456500849	0.8637384602953707	0.998797002806531	0.9806018869959436	0.874387534327381	0.8463246511082728	0.9744034517592577	0.9987429043452508	0.9560963243910195	0.9735857327099063	0.9980739560644202	0.9842309921068264	0.9743517807930349	0.9738492893161435	1.0	0.9986326267126411	0.9803213379243044	0.9936021633835952	0.9988133017019167	0.9721968587520387	0.981775407463715	0.9717356346911238	0.9736668804018267	0.9980469068337801	0.9801330336648483	0.9723473634456004	0.9812059864802397	0.9846707154972325	0.9750880053654577	0.9648842032839847	0.9981526762612831	0.9717314732710253	0.9977153803659344	0.9929873135640448	0.2566240271380076	0.9716888187150159	0.9718410573336186	0.9821364106572582	0.9827089527058074	0.9743947821340525	0.9986933140890772	0.9808557336219509	0.9968088843544822	0.9988004706566131	0.8726640128365939	0.9719780374118603	0.9755121234304944	0.9987255650948405	0.9810731678220965	0.9750557543596944	0.9693251320990792	0.8639160142195724	0.9616826840882208	0.8563113657746084	0.9830678751893013	0.9746122163341981	0.9743868060788637	0.8480949885751679	0.9566099129881735	0.8888720505501571	0.9694631525323455	0.9983683765363877	0.9813141834028002	0.8726355764659209	0.972190616621891	0.9751694998423862	0.9913862071811546	0.9724409953978161	0.97226621575368	0.9866120179731734	0.8638057365869628	0.9711596247924925	0.9709168752867479	0.9702350959606135	0.967373079287884	0.9812968441523898	0.9715736860922913	0.25788042922274035	0.9538997881490385	0.9747145179116191	0.9813263208780874	0.9721933909019566
scaffolds13107	0.9791860299901927	0.9959554478948992	0.9978531402372462	0.9742619411493584	0.9744445715117428	0.9682857350785449	0.9982755812462529	0.9826806117250771	0.9831796396602451	0.9923305644213875	0.9930222725870786	0.9797294159640423	0.9452535165874807	0.9702530834035091	0.9743884308690364	0.9719293320996254	0.8561607424426725	0.9737636063085449	0.9846943973717862	0.9478526204164804	0.971408818239471	0.9689050148842012	0.9972598514698798	0.9800458135368258	0.9706817622617055	0.97352656803934	0.9813207606017446	0.9979207169368002	0.9750822183177907	0.9698892088674491	0.974035992389824	0.9971960867892751	0.9975152567394763	0.8645378273571273	0.9983895952675518	0.9795779748476059	0.8744615523234256	0.8464127168952146	0.9740955985043024	0.9981563690172962	0.9548390115088318	0.9738031126867456	0.9972536136206902	0.9832991984363791	0.9746216571192919	0.9739635640297892	0.9976774408184058	1.0	0.9794123252969043	0.9927176576183199	0.9980219087125426	0.9718406160222622	0.9807198477964798	0.9712525254625538	0.9733002727326284	0.9971510356562391	0.978850225775486	0.9722647897671549	0.980609299246953	0.9838210984852422	0.9749643922775427	0.9641860819722693	0.9975301582680959	0.9715380803365666	0.9966145806259336	0.9923236334778435	0.2596882461593909	0.9717633360017466	0.9716278360554614	0.9816472080426669	0.9821268293359117	0.9741319859579084	0.9977207592155558	0.9808355945536645	0.9961938723528128	0.9978205648025894	0.873628799456614	0.9718707656266786	0.9748396352937507	0.997506246512869	0.9796240656221735	0.9751664292818503	0.9687258499935889	0.8646903081150953	0.9605057509504056	0.8564518420715204	0.9822893599620184	0.9741503529583	0.9740910933909988	0.84836135167261	0.9558897425501021	0.8902474693392385	0.9683505394006813	0.9977127886304802	0.9795304978843294	0.8735951843804256	0.9722845429562553	0.9742598618662952	0.9909838820907885	0.9712670804439962	0.9720083448560269	0.986498175429112	0.8644130703733353	0.9706637418084911	0.9708075588870291	0.9691683907388733	0.9668659312935567	0.9812282325054321	0.9714313438059891	0.2600483086765017	0.9538510055066346	0.9741493133167684	0.981255609732431	0.9716628373203586
scaffoldsTV5	0.9780772471205593	0.9659971261043699	0.9666765284077861	0.9489837458714623	0.9499357963117088	0.9545810517393347	0.9667611551135857	0.9845412942494447	0.9832087648698165	0.9687505651733124	0.9674112110593455	0.9648631964939974	0.93056174047105	0.9502183403133304	0.9504319544981312	0.9499511519639708	0.8512184027596496	0.9498788097799808	0.9557224885574798	0.9332882218393547	0.9508131159109467	0.9649959375768848	0.967143681473269	0.9502640660333995	0.952721994105477	0.9720080108731668	0.9718401224084351	0.9660066807324441	0.950469149300277	0.9704717631735288	0.9506588769148925	0.9662237072844143	0.9673484235034296	0.8493392121594927	0.9667335149395141	0.978841276129775	0.8756349135664457	0.8420346989967982	0.9500726322351994	0.9665618728708961	0.9382515098871632	0.9489206170788295	0.9673439874261095	0.9802703755002957	0.9503224175119953	0.9499801570849102	0.9664257194208394	0.9664564307253635	1.0	0.9666806232483893	0.9667621788237366	0.9496307306867696	0.9646362740772362	0.9492980248877587	0.9486203287679273	0.9673617317353901	0.9790712696769888	0.9502814691059632	0.9493403382406586	0.9823737586234784	0.9493918649849157	0.9471151336095304	0.9666758459343522	0.9500641013172761	0.9668625024185152	0.9679517300189694	0.24914682289848514	0.9504616420925045	0.964341786790522	0.9605073098023318	0.9909152548850595	0.9513270184066498	0.9665028389188666	0.949254687824708	0.9646693740387788	0.966235991806224	0.8587634878077828	0.9498723262823591	0.9727873955346446	0.9666468408134128	0.9647758398944624	0.9495242648310861	0.9561954426471506	0.8486304634984202	0.9443422440477226	0.8520974285424722	0.990066599170044	0.9496088915368858	0.9503108154636195	0.8450328047917824	0.9400808799266478	0.8712247702367876	0.9516020552004988	0.9666031625136452	0.9642441930894787	0.858725610532203	0.9501470218394911	0.9630628315754524	0.9780605265214295	0.9549485636834729	0.9498436623981366	0.9826859902194732	0.8493030410674977	0.9506186109822943	0.9491751796696624	0.9521302896383129	0.9637282431734742	0.9494242824730244	0.9508806807808997	0.25517101589924235	0.9387265113971357	0.9490120685189678	0.9496901058755162	0.9494959421835806
scaffolds13217	0.9836398572041493	0.9810984359379138	0.9808541474640188	0.9614280816785697	0.9626283113234209	0.9724446707135072	0.9810792760576083	0.9714938616533472	0.9722356227337454	0.9792891958119239	0.9819045194736233	0.969423568158195	0.9353508003013575	0.9752382496901916	0.9625362754698106	0.959370447390048	0.8463459713272391	0.962216031756133	0.9679882878388818	0.9349867625755532	0.9602713039051257	0.9573795305418756	0.9818076936499367	0.9643585169431506	0.9585606003064212	0.960985351587225	0.9700298415135759	0.9811182800996587	0.9619679797343209	0.9594607725400596	0.9620880711269499	0.9801400997819195	0.9817033407304157	0.8533903066059846	0.9811795232884923	0.969336322274661	0.8635648873296395	0.8357023156768193	0.9624692158887413	0.9810881717163216	0.9430718899237506	0.9618253070541889	0.981811115057134	0.9712677066375984	0.9627381384944577	0.9621055203036567	0.9809379719403553	0.9810238492610103	0.9686462244429436	1.0	0.9810142693208576	0.9593509453690228	0.9686705164340452	0.9587046415494321	0.9608416524849338	0.98124863571388	0.9834862360209855	0.9594994344413903	0.9637891947855017	0.9716847761749625	0.961937529210264	0.9516774133066738	0.9805506686456086	0.959215799784725	0.9813673585436301	0.979517403671991	0.2582331032094852	0.9590833913261854	0.974470485915093	0.9693760105981509	0.9711660908438353	0.9608450738921313	0.9806389409513018	0.9636817625995031	0.9788307272474711	0.9809116271049353	0.8617364873233442	0.959131291026949	0.9626337855749367	0.9806680229124797	0.9692343643401782	0.9619293178329902	0.95626449393624	0.8533307741207496	0.9497395282700613	0.8466333695318214	0.9701745670380262	0.9614718756906966	0.9623381759930806	0.8388951728734415	0.9451664754100043	0.8766233721799906	0.9731491384554536	0.9805551164749652	0.9692976603733303	0.861397425870081	0.959587022465644	0.9623662315320993	0.9779815339810741	0.9607882785326542	0.9594159521057735	0.9896245826738571	0.8533985179832584	0.9596828218671714	0.9591032354879303	0.9575642865305357	0.9541356943780122	0.9635452484523265	0.9601796101922352	0.25897760141564147	0.9416578223290614	0.9613189387889723	0.9638863627499081	0.9594436655040725
scaffolds13433	0.9809774750502946	0.996521153591433	0.9987063115767604	0.9744806002214977	0.9745301840983467	0.969161949263558	0.9989483363742466	0.9832507050965984	0.9843713700614632	0.9935128339023344	0.9935301709222115	0.9809029258648225	0.9462933798242859	0.970872072904249	0.9745884364851342	0.972578382400567	0.8576668809522323	0.9741068140729444	0.9854636023137293	0.9470246553227079	0.9720835838532705	0.9692052918132512	0.9975166452727842	0.9805579191692655	0.9700953744137487	0.9747732491170256	0.9823443256974163	0.9986737179793911	0.9754382971995165	0.971316247353504	0.9744549414320794	0.9981633161142052	0.9982829415513581	0.864367292394388	0.9989733016828698	0.9806425238262664	0.8746190189881976	0.8475857506340149	0.9745104198956867	0.9988966720550124	0.9556113345275072	0.97395632874041	0.9978536769391977	0.9848113836259476	0.974513887299662	0.974030184445087	0.9985433435899143	0.9988155348019869	0.9802715116008934	0.9932531253445732	1.0	0.9724285905488277	0.9814542430969188	0.9717989099868862	0.9739552885192174	0.9975332888118663	0.9805100689944043	0.9729806012617189	0.9808190146886168	0.9847902324616973	0.9751321254284845	0.9644653505788138	0.9979036075564441	0.9721036947963282	0.9970710838619391	0.9928075639337282	0.2580525256223817	0.9723949567302658	0.9719563301273716	0.9822538264536571	0.9829154071321726	0.9743061898015327	0.9985818317740418	0.9810156164940246	0.9969760769930118	0.9986508331131532	0.8743516821416906	0.9725971063820344	0.9755131931253862	0.9982645643102883	0.9805114559559945	0.9751914180364646	0.9676487741686726	0.8644057805785156	0.9613218021346726	0.8582233992902918	0.9836338532358854	0.9745090329340964	0.9745079927129038	0.8503860260845866	0.9566917776062569	0.8900839874590933	0.9682028653239492	0.9985974350919313	0.9808200549098094	0.8742410719548738	0.9728245680828238	0.9755225551161198	0.991358882552786	0.9711269270964444	0.972593638978059	0.9874081224631606	0.8642729790062559	0.9713907965389761	0.9711151379229279	0.969436220918016	0.9669147247470702	0.9814157549127913	0.9722871204666294	0.2565601549513489	0.9532767314308381	0.9748894071502031	0.9814861432134929	0.9722434311765387
scaffolds5A6	0.9875316168536528	0.9922208061724768	0.993731167120675	0.9934948956479506	0.9935020015569046	0.9747775761673498	0.994155389885236	0.9893596119321002	0.9899831554428242	0.9963361933432555	0.9934238365584094	0.9876748009190782	0.9667837838894121	0.9961873245506667	0.9936334608725559	0.9984043681443523	0.8674680473921492	0.99334318449178	0.9803955077864774	0.9649501040838014	0.9975370919565019	0.9905534046363924	0.9932500970844811	0.9937471554158218	0.9768294073778521	0.9812308073840342	0.9879981197764908	0.9937002564167247	0.9961336749380632	0.9768119979009144	0.993204263971727	0.9935481899651064	0.9934359166036313	0.8766989784189992	0.994007942274438	0.9874012234243447	0.880359942712162	0.8647482607399596	0.9935467687833156	0.99405874952346	0.9762946877290546	0.9928191237064137	0.9932991278562645	0.9913727159388025	0.9934760649892221	0.9930834635195069	0.9939759656841445	0.9939841374794417	0.9868171177083159	0.9929726113398227	0.9940214435014508	1.0	0.9879814208904486	0.9980085690156077	0.994585652672408	0.9929377923859475	0.9870480597493249	0.9987749412963096	0.994282230360067	0.9902162292565194	0.9942815197691717	0.9879828420722394	0.9933787140365506	0.9979385758124096	0.9929107899319218	0.9973523383236947	0.27051449267895966	0.9979911595386701	0.9806193439185322	0.9880503482073035	0.9893734684545608	0.9952695964092421	0.9936128537365889	0.9943404988134908	0.9921689330371116	0.9941049379316618	0.8828178766193923	0.9984121846442018	0.9819556100973545	0.993745734234031	0.9865133401005273	0.9942800985873809	0.9881686615913896	0.8761109644530457	0.9669347844546872	0.8677757332498626	0.9897063802890612	0.9937258376889594	0.9935926018960697	0.8664511918208145	0.976413711704036	0.8991632436911076	0.9760264396660365	0.9936579762584475	0.9869546170465782	0.8823751784915506	0.9986733267982657	0.9808811966634915	0.993186143903894	0.9774842168879743	0.9987813366143684	0.9913101839400063	0.876868454347555	0.9974514657536048	0.9923458701700693	0.9755602920386462	0.988559841879314	0.9943895295852743	0.9979460370168115	0.2658885459498273	0.9586716782273884	0.9939223160715409	0.9943696330402028	0.9987397670469867
scaffolds12327	0.9771887753710712	0.9788722694998984	0.9807014340249456	0.961449468769061	0.9615167809189731	0.9642972904961112	0.9808125853699285	0.9791888091997414	0.9792782135424452	0.9825986010809296	0.9799409793261951	0.9936850847667081	0.9544086178882556	0.9619109884840993	0.9616282774544685	0.9631381407555737	0.8506850823503745	0.9611035878756665	0.9679449186403222	0.9429282718278632	0.9625751350298987	0.9626890478989807	0.9796990007770239	0.9620359474495772	0.9832589505310929	0.9700916584367495	0.97778146748081	0.9803275927000491	0.9646141753864667	0.9663049185160536	0.9614898560590083	0.9798346606483851	0.980095969866249	0.8651751444881187	0.9809699922435692	0.9760185795341378	0.871095506965772	0.8398360897371063	0.9614370419106156	0.9805353973884957	0.9666704752686531	0.9600977027226212	0.9798312087432615	0.9799886156169021	0.9615903064981078	0.9612178459352609	0.9805388492936193	0.9806500006386024	0.9766692636499548	0.9796078704817582	0.9806033999194326	0.9631125966576584	1.0	0.9624294646336786	0.9610776985872388	0.9795982051474119	0.976760048754708	0.9633528492542677	0.9624836595441207	0.9801805415417796	0.9622454780905856	0.9581045727041984	0.9802533767398897	0.9630611632713153	0.9793192912134171	0.982598946271442	0.25732261263652717	0.9630380355069865	0.9648468337918039	0.977829103771517	0.9790465907086451	0.9645454824745051	0.9802875506006142	0.9626514221331324	0.9786655003829888	0.9804808572875413	0.8756782562079924	0.9629672714519507	0.9719418795830513	0.9802243807368506	0.9945021507094873	0.9622810327133596	0.9663977747638811	0.8645610505666129	0.9715849525932609	0.8510899908213843	0.9794653068001495	0.9622672250928649	0.9614629311990434	0.8428603038159775	0.966289384942997	0.8869542494850621	0.9778902024922065	0.9801850290184404	0.9961745987419186	0.8755864355317021	0.9632137374777827	0.971224573698347	0.9793472516449191	0.9831150060874347	0.9632154634303445	0.9815409373510288	0.8653394551720067	0.9626490057995458	0.9673353121954772	0.9806037451099449	0.9601025353897943	0.962811590530872	0.9625999887467893	0.2571341386167733	0.9656038365854307	0.9618495445728975	0.9631198456584181	0.9632044173339487
scaffolds5A16	0.9861841684945801	0.9903922737823967	0.9915152870356567	0.9920643709493082	0.9919607300296015	0.9730420029672537	0.9921882431444371	0.988235690809322	0.9881189173073237	0.9944293005657658	0.9918208857749289	0.9869217227108489	0.9664952332275628	0.995642822156441	0.9923185041633835	0.9973667397832059	0.8659429549020026	0.991524870271383	0.9778073556658219	0.9648465617479822	0.995725876866069	0.9888738633217624	0.991028316686898	0.991961084964258	0.9747549176196663	0.9799288001079002	0.9876021324474165	0.9913779273235798	0.994096371857941	0.9754662066713518	0.9919117490470004	0.9912831597702862	0.9922184125902421	0.8769863918052686	0.9917349915880487	0.9861717457816016	0.879926670499961	0.8649746931589894	0.9916842359321649	0.9917857472439324	0.9754573333049386	0.9922294155645945	0.9914769540927515	0.9895997046943658	0.9925616344031064	0.991769420249732	0.9916565510289556	0.9921119321932832	0.9859080293318	0.9906900639592251	0.9918244351214941	0.9969631790787316	0.9861667766964102	1.0	0.9922720077233781	0.9914677257916817	0.9846260053524146	0.9971555536625707	0.991680331650943	0.9888688942365711	0.9925935785221941	0.986308040689709	0.9911110164618694	0.9955675760092567	0.9910691341723988	0.9963569506853788	0.26448914254885675	0.9962245600584932	0.9796831853255815	0.9859726274392884	0.987674894052005	0.9939284877654024	0.9917076616194959	0.9920352663074727	0.9895695352485607	0.9918375677037857	0.8815061297215183	0.9974384365838249	0.980465461308573	0.9918439565276033	0.9855062433006083	0.9926510779365518	0.9865401679550795	0.8765342050528497	0.9661108389945411	0.8663216701805198	0.9869770925172676	0.9914382662151898	0.9926737937545698	0.8648873792334831	0.9759056157761357	0.8970118051266762	0.9751144664267308	0.9914059671614456	0.9852361380269893	0.8810770137217738	0.9969901541126278	0.9794602863612809	0.9914691455303078	0.9757427007687884	0.9970863414045474	0.98894059103719	0.877091807398258	0.9954898453194767	0.990693968240447	0.9741554329847875	0.9871662726891979	0.9921623329145104	0.9959860439693052	0.2695803252621192	0.957323366768178	0.9925861248944069	0.9920938305258002	0.9967626409977923
scaffoldsTV105	0.9865777261767817	0.996094192394947	0.9975860705801907	0.9977584432327707	0.9979639370768589	0.9740447385384651	0.9979197754881814	0.9885400677381787	0.9890596786888282	0.9968274884521007	0.9972530779558882	0.9877985804186091	0.9670818093430251	0.9951995640823827	0.997863505076802	0.9967801215868256	0.8692706571173167	0.99755188096315	0.9842339567002746	0.9681716033861967	0.9964731273171479	0.9907581191436925	0.9972349147218355	0.9979226246229348	0.9784142428246322	0.9808288845281299	0.9871069529572238	0.9975476072610199	0.9964061726504432	0.9770142492351854	0.9973862750056093	0.9973930417006486	0.9972035742395481	0.8778664966682931	0.9980205636300826	0.9866685423470459	0.8809043865990946	0.8635011592417028	0.9979582388073522	0.9980743410485529	0.9767952220010185	0.9966134472037523	0.9973339221545157	0.9909614761367157	0.9978464102682817	0.9981929362826627	0.9978834490200758	0.9978805998853223	0.9856115133535385	0.996992025984109	0.9978692033463088	0.9967217143243812	0.9878669596526904	0.9960062253594362	1.0	0.9969393169911712	0.9862511441056744	0.9971298528778042	0.9987054243964286	0.9896263003629086	0.9987314227510533	0.9888520479936749	0.9974208207644941	0.9964827431469405	0.9966390894165328	0.9968780605939733	0.2646262113274475	0.9964417868348606	0.9810642942871287	0.9885771064899729	0.9879987321350348	0.9959367776998223	0.9974607086510415	0.9986965208503242	0.9963409986929594	0.9976694077717273	0.8812430774929039	0.9967366722818364	0.9812477073368782	0.9976248900412056	0.9861218646162394	0.9986402504389448	0.9887932845893863	0.877595828866721	0.9677032768611082	0.8695167511316407	0.9886315961921314	0.9982744927649785	0.9977798117434211	0.8679258655137168	0.9770067702564578	0.89446804873445	0.9771246532068792	0.9975351422964739	0.9868437641343795	0.8813716446986506	0.997104922948712	0.9791614284137086	0.9973844942963883	0.9777920630228607	0.9968363919982051	0.9910205956828486	0.8774786581999879	0.9956906836854983	0.9925274318255475	0.9761449069935574	0.9886618682488861	0.9983824037437631	0.9963783935865976	0.26506996406528793	0.960543045083996	0.9982527681124839	0.9983581860983592	0.9968203656152173
scaffolds13986	0.9772894689630117	0.9950997048968729	0.9951080011075442	0.9712294327431386	0.9728067497970021	0.9656516137685295	0.9953724428226889	0.981379846499362	0.9816408314600605	0.9899605480615039	0.9916111483096298	0.9791550793376996	0.9438709496776058	0.969415328009701	0.9725049751338369	0.9686907922777488	0.8543185406135808	0.9720144616779017	0.9819553961146772	0.9441167249187403	0.9695777954686788	0.9669489337122397	0.9960482383169478	0.9781349911005857	0.9670467598630711	0.9707644992701063	0.9795612479851442	0.9952258764341642	0.972099152161837	0.9688065935517011	0.9722363853133565	0.9942071708988287	0.9959645848593464	0.8628294157359068	0.9957692782331283	0.9787250590845754	0.8716444852495102	0.8444792347575277	0.9721734723824332	0.9952179258989376	0.9510620359523203	0.9716992056723958	0.9959390048764435	0.9809989121593757	0.9727732192788726	0.9720251776166854	0.994962817420798	0.9955739716069103	0.9778923269384528	0.9916353455907542	0.995309184216321	0.9683454625085598	0.9781726697240507	0.9680799837670812	0.9702304307081473	1.0	0.9769341146059283	0.9689656042562326	0.9778885245085619	0.9811631079955767	0.9716636011015986	0.9607762072974161	0.9951249392043312	0.9683648203334593	0.9951536302662358	0.9890572981246761	0.25663498090316006	0.9684778562038545	0.9687021995674218	0.9792584362956451	0.9806463232058494	0.9713352094291965	0.9953371839273363	0.9775352442041463	0.9936620407226414	0.9947204989341097	0.8711460212583485	0.9685127694237625	0.9716611813734861	0.994741930811677	0.9781308429952501	0.9720403873362492	0.9644780456339982	0.862592282380888	0.9595545902760806	0.8547703384197171	0.9791215488195703	0.971085631758171	0.9720224122131282	0.8469155552913059	0.9544821488015259	0.8875248151759816	0.965911561702894	0.9946662278893023	0.9780537573710968	0.8710080967559397	0.9689037283516432	0.9719961408793361	0.9877254106365025	0.9693050575428629	0.9684947943006416	0.9836706376709494	0.8627834409017704	0.9688027911218101	0.9689884188355784	0.9659782770637083	0.963113664654029	0.9782621996642109	0.9695943878900213	0.2606721244210368	0.9498438756854312	0.9710026696514589	0.9781498551447049	0.9681415139962259
scaffoldsTV70	0.9843383345053954	0.9553087682580914	0.9573299865072662	0.9394479082897876	0.939321729357968	0.9583592701137629	0.957318209806963	0.9678290830661144	0.9677553945699318	0.957952805714728	0.9565941109768941	0.9538047153908014	0.9182929168194833	0.9547912663990552	0.9396645995753659	0.9402884282142822	0.8335440801892348	0.9391773806599663	0.9447040178736663	0.9201930032941114	0.9399055172158535	0.948943629982806	0.9563111336924666	0.9397110334222755	0.9431750656971638	0.9579171391366669	0.9587667439442524	0.9566677994730768	0.9406259147972557	0.9520779146492058	0.9398651399576712	0.9567253370659865	0.9563895328687706	0.8378738681749816	0.957309124923872	0.9636365777581873	0.8631688745175758	0.8309040804584165	0.939596631190759	0.9571893390579312	0.9290524466936073	0.9384209800233515	0.9565904097282274	0.9652207121875389	0.9395993230079711	0.9393250941294832	0.9572505778995077	0.9568986227990188	0.965143658919841	0.971784708459372	0.9572677382342352	0.9399593535600965	0.9550749166377858	0.9392786602825736	0.9398658129119742	0.9562539325767084	1.0	0.9405848645847704	0.9403247677466462	0.9677116525402343	0.9401932051804022	0.9370649771027298	0.9570557576287783	0.9404300850950716	0.956044980265615	0.9576964101252704	0.2481158961900692	0.9404909874594966	0.9651076558646285	0.9519002547132037	0.9670780660639239	0.9412093661779897	0.9569141007479887	0.9399919918437939	0.9553262650699704	0.95681248464823	0.8515954064139275	0.9401804190486445	0.9580100068304862	0.9569817326554441	0.9537327092803763	0.9402170950581601	0.9438143722850499	0.8371231876499426	0.9374822087706134	0.8338509473514201	0.9678583565782966	0.9404822390535571	0.9396003324394258	0.8258922532865406	0.9282681184534164	0.8611163638933098	0.9577997086107868	0.9572209679101741	0.9534406471128578	0.8512495079021659	0.940428402709314	0.9520900278266604	0.9636651783160665	0.9446232633573017	0.9400892337405828	0.9845731955571557	0.8377668684407985	0.9394768453248182	0.9389371359737817	0.9424183285833976	0.9421077601725455	0.9401965699519174	0.9398600928003984	0.25126565880543883	0.9266627859635191	0.9398022187303371	0.9404432077039808	0.9400670262485826
scaffolds5A19	0.9835002581238187	0.9886492794840073	0.9905446660430149	0.9901796102719825	0.990240865993019	0.9709867411460698	0.9908838740242459	0.9854809777971026	0.9857263547605609	0.9931775998096469	0.9902128937273433	0.9838100775221247	0.9635716121868434	0.9926698500757376	0.9903701049420266	0.9948389399431915	0.8640232757576766	0.9897685241903446	0.9772206615192977	0.9624162513906465	0.9939013379240896	0.9870707939095525	0.9897370111315454	0.9905085499531553	0.973641273750755	0.9774185918549011	0.98418610975184	0.9904490646286805	0.9926549787446188	0.9729430293468015	0.9898882029979187	0.9903676263868402	0.9902454690240795	0.8736595442432723	0.9908088092100278	0.9834620175580849	0.8786102811885451	0.8621484257987853	0.9903084951416777	0.9908456334585122	0.9728899174499491	0.9895550143649977	0.9900893200473333	0.9874273517770886	0.9902422823102683	0.9898609388908678	0.9907425963786184	0.9907957082754709	0.9829471862379285	0.9896545106517679	0.9908803332311225	0.9950382865960443	0.9840752829270746	0.9944250212270548	0.9909847866282656	0.9897171826900538	0.9831270585286022	1.0	0.9907638411373594	0.986364405681415	0.9909175115589192	0.9844442335705429	0.9901866918582295	0.9940695255974558	0.9895224390682615	0.9936984504781133	0.27046419089690416	0.994393862247568	0.9771417018326437	0.9842158524140774	0.9855521477388849	0.9917524305774397	0.9904239249975038	0.9907992490685944	0.9890327473792819	0.9907429504579308	0.8789916246079457	0.9949193159470949	0.9781826950109517	0.9905230672049616	0.9825623020254045	0.9909932845317619	0.9844856608500878	0.8730753133778953	0.9635022126416228	0.8643943508770191	0.9855932209391175	0.9898142004216376	0.9902982268416196	0.8630548688384003	0.9735499212881689	0.8948069311733551	0.972938426315741	0.9904508350252423	0.9826568412018019	0.8785437142778234	0.9950892740170227	0.9770924848082271	0.99012649837513	0.9742789705922968	0.995123973789633	0.9875098522568662	0.8738305645511372	0.9938365414099296	0.988802949905567	0.9726526843106749	0.985562416038943	0.9912411400504068	0.9944395384788611	0.2668331075487585	0.9561865799691668	0.990942651190096	0.9911749272189974	0.9947886606808378
scaffoldsEF13212	0.979881735798919	0.99623691972013	0.9978060765182024	0.9913051831618845	0.9918469537061662	0.9677890216944846	0.998143358701898	0.9822469491855254	0.9826806481609998	0.9920842873474681	0.9928648042332976	0.9803451014795563	0.9610684534499376	0.9873630431258535	0.991706743206766	0.9891133787304557	0.8637842637200565	0.9912560918283414	0.9844203885137581	0.9638119173273689	0.988901473693579	0.9852005522245261	0.9969220793393648	0.997700123999764	0.9707359144073175	0.9740617639610984	0.980676379687207	0.9977845328394533	0.9920263666373884	0.9698522704035414	0.9915608819063825	0.9969383253921921	0.9972459408707248	0.8737519234796784	0.998307231930416	0.9794155447177901	0.878063484629998	0.8615659711590181	0.9914814175175537	0.9980066799531124	0.970959121046161	0.9908386389056941	0.9972837306023012	0.9835999628459835	0.991825410027417	0.9912960006102866	0.9978036042927723	0.9981278189991937	0.979329723177855	0.9928443200797328	0.9978452789500246	0.9889975373102964	0.9814936267794284	0.9882657585829486	0.9912960006102866	0.9972106233645788	0.979681838714132	0.9893132758152429	1.0	0.9830924502826637	0.9923777758235425	0.981515523633239	0.9975899333805882	0.9888954697175342	0.9966769758467107	0.9916283383431216	0.26277178145385927	0.9888929974921039	0.9769821685443218	0.9810302610987912	0.9816744524108966	0.9915086119972862	0.9975539095243191	0.9982447199445373	0.9959204748650606	0.9976852906471827	0.8784152469912133	0.9889484459767534	0.9753211862302694	0.9973236393842464	0.9794950091066189	0.992532819675524	0.9844267456648644	0.8735548517953831	0.9608915127441455	0.8641865301150609	0.9822232864564074	0.9923195019384013	0.9913892388265123	0.8624291310092296	0.9710781410418735	0.8922363998464394	0.9703926282475771	0.9974808022865966	0.979923763631233	0.8783135325735125	0.9893252837673325	0.9743453635354519	0.9908856111888685	0.9710873235934715	0.989088303301092	0.9858235530329438	0.873655859862961	0.9882025402469471	0.9878504247106702	0.9693348689385005	0.9839439553558468	0.9988843199808438	0.9885931518649232	0.26163597045619974	0.9530231255498495	0.9915036675464257	0.9989009192087325	0.9890286167157051
scaffoldsTV19	0.9917499197230506	0.9841514076957103	0.9853159863534382	0.9677333426628947	0.9684174720052541	0.9694764003088454	0.9852397795406184	0.9963254460436713	0.9973289512106664	0.9857382413753806	0.984182236815442	0.9804834352368526	0.9464321529013492	0.967384869691546	0.9676796514993171	0.9682654047742183	0.8563702487217173	0.9678743252666112	0.9722898172803105	0.9487820938930285	0.968682117482501	0.9784331255773965	0.9850852875473565	0.9681129911485787	0.9695952136579236	0.9862418991291986	0.9885142477296431	0.9852768437632171	0.9694746683358269	0.9813972242014825	0.9672220642277947	0.9845469903331658	0.9850018064478584	0.861981148512876	0.98583765662665	0.9929127664077598	0.8783777370802607	0.849547660606724	0.9681736102042308	0.9856215063939248	0.9545963273165745	0.9659012616037862	0.9853759126198829	0.9942803323032713	0.9677731780423232	0.9675733083559731	0.9850205117564597	0.9852158783129613	0.9937461918243253	0.9847118741645395	0.9855252086940889	0.9671957382379114	0.9810120334021388	0.9675404008686191	0.9670242729090669	0.9851528344950831	0.9931379229001819	0.9681147231215973	0.9680004129023676	1.0	0.9679640414689764	0.9648167000995191	0.985227655729488	0.9676425872767184	0.9844801361746466	0.9865813658408504	0.25509226047072947	0.9680205037893838	0.9782006947982962	0.9789270842823102	0.996592862677748	0.9699928746630013	0.9853464690785662	0.9680496009360968	0.9829899465894161	0.985092215439431	0.8694189334440873	0.9680696918231129	0.9868976241140525	0.9854621648762107	0.9802904934425769	0.9679498392902236	0.971744938568649	0.86132057400357	0.9609114473371088	0.8568261040202211	0.9962842250858279	0.968317710359381	0.9675137284841322	0.8485964610248916	0.9562559038630273	0.8812742887566201	0.9681102199917488	0.985111267142636	0.9796406571659864	0.8690430952990442	0.968027778076062	0.9805506357899754	0.9919681483233982	0.9719666311150338	0.9677406169495729	0.997634471251153	0.8617927098484489	0.9677475448416475	0.9671226489765252	0.9696967072768153	0.9710864424269653	0.9683665519985063	0.9683994594858604	0.2646364709872004	0.9526319235188426	0.9677655573610412	0.9686616802008812	0.967301388592048
scaffolds10646	0.9797123273206407	0.9907056770662458	0.9921910453411668	0.992504646631735	0.9926579157309541	0.967120599826036	0.9926861680994737	0.983353704468218	0.9834610634685927	0.9912015061337658	0.9918767377413856	0.9801965022861463	0.9603382656082858	0.9875495343479936	0.9927175988594519	0.9895222559798786	0.8643222380396246	0.9922906349401985	0.9787573972646764	0.9622834411808643	0.9893131884528332	0.9842464793134392	0.9918597863202738	0.9920377762419477	0.9715707010224885	0.9741370755478929	0.9819301382494338	0.9922185914004734	0.9903281547919018	0.9700411884217556	0.9922627357262854	0.992010230182641	0.9918523700735374	0.8716922215225837	0.9926992348199141	0.9799461156701409	0.8755059381181309	0.8577475587304939	0.9924746284901829	0.9926268381255825	0.9697855044866527	0.9911382914592031	0.991797984264137	0.9844986317024771	0.9926490868657917	0.9926985285107011	0.9924417851117787	0.992580928026738	0.9800488836606311	0.9915889167370916	0.9925095907962259	0.9891362579949788	0.9819283724764013	0.9883900423114534	0.9915493634211641	0.9915281741447743	0.9792482821677053	0.9897175504772708	0.9929001797910102	0.9835595936038051	1.0	0.9806425365541505	0.9920819205677596	0.989034549468308	0.9909797250408865	0.9908889643070171	0.26260611854481936	0.9890207764386547	0.9753826518450033	0.9816048828568512	0.9824319709452642	0.9904909590654964	0.992092162051348	0.9928429687447579	0.9912262269562205	0.9919957508437747	0.8747318232206923	0.9892697504362342	0.9757442821620549	0.9919530191363887	0.9798602991007624	0.993452866750176	0.9821646329081469	0.8711741437148545	0.96131438494064	0.8647845174195276	0.9831764208557572	0.9924813384277063	0.9925420810200235	0.8621927157624555	0.9700931021489104	0.889635300769418	0.9696908590521118	0.9920084644096084	0.9802194573355686	0.8748024541419914	0.9896508042566431	0.9739477846788112	0.9920748574756297	0.9712917088833569	0.9892171303998664	0.9861757629287253	0.8712352394617783	0.9885277726079867	0.9866991380555519	0.9697791477037357	0.9826364474624252	0.9930721660843735	0.9889335472508503	0.261483793205376	0.9534976608804638	0.9928747526593424	0.9930315533046266	0.9891320201397009
scaffolds121VP	0.9918009532658992	0.9914305651177469	0.9929780281738575	0.992687520641796	0.9930650729707637	0.9830911004396657	0.9932119386774779	0.9943291926756281	0.9945122374954597	0.9952977899218602	0.9925625056865686	0.9915688338074827	0.9740875162000039	0.9946540882756032	0.9930288938576463	0.9961055513087884	0.8672355503846091	0.992643102720741	0.9794599353934174	0.9701002913672337	0.9955732526742096	0.9939681179625356	0.9923454310078641	0.9934404760454868	0.9828826227779398	0.9880014299704908	0.992874505761076	0.9928909833769513	0.9960912229471577	0.9813627418179682	0.9925291922457773	0.9928888341227067	0.9925392220989188	0.8806952550914042	0.9932602968979813	0.9954776108603249	0.885832689154075	0.8701277301797564	0.9931879386717466	0.9932667446607152	0.9831269213437425	0.9922712817364255	0.9925359982175518	0.9959859094891724	0.9929733714563275	0.9929504460777184	0.9931395804512431	0.9930965953663511	0.9914448934793776	0.9920724757188002	0.9933473416948876	0.996431163326845	0.9918862070176017	0.9961066259359107	0.9938964761543824	0.9925012519405975	0.9910920575742227	0.9965450738018087	0.993641073108316	0.9948213718976411	0.993697670136757	1.0	0.9926180280878873	0.9951237003280479	0.9921122369223252	0.9965332529034634	0.26239134624270954	0.9955514019227228	0.9856272204482914	0.9923074608495429	0.9941450732286742	0.9970433425775146	0.9932208939034971	0.9939820881151256	0.9913897292870996	0.9933473416948876	0.888846660023083	0.9961818498344716	0.9868916983621966	0.9933194013897078	0.9912113411847979	0.9937467447753421	0.99361026713081	0.8803685684462254	0.9733084115363371	0.8675976997248238	0.9942485956414556	0.9930374908746247	0.9930632819255598	0.8658836694647569	0.9831176079086825	0.8981335876139911	0.9830388019197139	0.9928988639758481	0.9904200574137451	0.8884003315582881	0.9962638797048071	0.9858127727314084	0.9929418490607401	0.9838082349392799	0.9965336111125042	0.9960048945683331	0.880816687956224	0.9957022079288855	0.9936765358033518	0.982316652493529	0.9938703268944065	0.9936342671365415	0.9957340885335136	0.2706305123893761	0.965638797764489	0.9941640583078348	0.993685491029371	0.9962653125409702
scaffolds132VP	0.980528351239294	0.9967709634269047	0.9988759221980055	0.9745591583216083	0.9747477759416838	0.9691575518819808	0.998752141884831	0.9833666303531519	0.9837476795525324	0.9937087008892073	0.9939323375894806	0.9809139078450367	0.9461829549307905	0.9713647941051446	0.9744787184542232	0.9721979708350005	0.8567199534558284	0.974120206286653	0.9855801136005092	0.9481936048918534	0.9717850230675189	0.9697240981893402	0.9981831685125073	0.980426067787231	0.9716907142574811	0.973979436518729	0.9820501209718523	0.9986366829372479	0.9752519120071065	0.9709116264039704	0.9746662959035998	0.9983045217607177	0.998093713832398	0.8650083803085978	0.9991702905058073	0.980631674862056	0.8746067287949068	0.8463737222369773	0.9744013990989348	0.9988606663610876	0.9554404741514114	0.9737173135025945	0.998194957113762	0.9844334987667043	0.9745529172974147	0.974003707168371	0.9986682347817826	0.9989574022360896	0.9804489515426078	0.9936615464841884	0.9988447170770371	0.9719240592176114	0.9814360735359078	0.9713072379931362	0.9738716054896048	0.9981315067011264	0.980278710271547	0.9725259713287349	0.9812127835592006	0.9844678243997695	0.9751614171562981	0.9643280393267738	1.0	0.9725793667579474	0.9977445632011184	0.9926830925800464	0.25904653793051796	0.9728085510352819	0.9720988078950343	0.9828257415896998	0.9833739115480444	0.9743018894354023	0.9984009109121534	0.9812065425350069	0.997346177823422	0.9983409277351809	0.8730100667720244	0.9721320933574006	0.9750303556482309	0.9982667288919894	0.980350135326208	0.9752234806746686	0.9693967911427385	0.8652067061885302	0.9615171513746549	0.8570274972591502	0.9835198821694632	0.9745255261356757	0.974301542711836	0.8493645597200138	0.9563835622517892	0.8892069114488815	0.9692539410334166	0.9986841840658331	0.9803345327657237	0.8729213055390477	0.9725148761746127	0.975201983813557	0.9912930778026879	0.9721442286822216	0.9720988078950343	0.9867818574813584	0.864948050408059	0.9709896392063914	0.9709196010459956	0.9701377394039544	0.9670203478192128	0.981430872682413	0.9718217757655483	0.2601824043337672	0.9546579190622376	0.974636824400463	0.9814794139816971	0.9717468834752242
scaffolds5A8	0.9844796247019264	0.9894904492451165	0.991423276842564	0.990519046589826	0.9907412066088177	0.9718887853480684	0.9914392213415347	0.9861541514160487	0.9860804523985841	0.9940548278171272	0.9906760113241375	0.9842408115395654	0.9639774792810094	0.9932427213362198	0.9907412066088177	0.9951096450045884	0.8641748367460467	0.9903557040559262	0.9778272254091536	0.9630445489301241	0.994577807383366	0.9880880419800941	0.9904531426607471	0.9908560070014066	0.9744324644171931	0.9781206041902143	0.9847715861941898	0.9909250998302797	0.9931527234975853	0.9736065393705112	0.9909920667259566	0.9908514008128151	0.990717112699262	0.874343883867356	0.9915058339150122	0.9838351126213111	0.878716574129519	0.8621739792863242	0.9905378256663915	0.9915313451133654	0.9736816556767731	0.9900038621119729	0.9906005406956762	0.9878191114307885	0.9907610486519812	0.9903170829361972	0.9913371765481223	0.9914328435419464	0.9838981819727951	0.9903720028770963	0.9913651680018708	0.9951298413699513	0.9848307580014811	0.994317734889044	0.9917329544447948	0.9903868844094689	0.9838489311870857	0.9953938114084662	0.9917598829319453	0.986905314478668	0.9915178808697901	0.9846220622260646	0.9915143376477966	1.0	0.9903929078868579	0.9937933380340078	0.270110442229537	0.9956889618005237	0.9778265167647548	0.9849933918909821	0.9863603669360697	0.9918583845033643	0.9909148244864986	0.991400954544005	0.9897615057276183	0.991054427433042	0.8789436946593014	0.9951110622933859	0.9786914172533652	0.9907656548405728	0.9831179644898291	0.9914718189838748	0.9856318804942086	0.8738496043992644	0.9639165358627214	0.8644685698493068	0.9870140913938681	0.991461897962293	0.9905622738981466	0.8632939917584657	0.9738967292517778	0.8947737475596058	0.9735771306279652	0.9913230036601484	0.9833833518171414	0.8784090224604842	0.9954848722136989	0.9777935648002154	0.9907461671196085	0.9750369380892822	0.9951819267332557	0.9878690708608967	0.8742730194274861	0.9940792760488822	0.9889795166336557	0.9732267059728094	0.9857084140892679	0.9918821240907206	0.9945494616074181	0.26740094037111706	0.9562103823490853	0.9913191061159555	0.9918151571950438	0.9951280697589546
scaffolds131VP	0.9804635120726936	0.9976955504422642	0.9980822845266826	0.9741928703577168	0.9754585140115667	0.9682198231220505	0.9980285232862477	0.9841223980426747	0.9849201454813851	0.9929371603937126	0.9946939389924381	0.9816660296248714	0.9469158043479317	0.9719140874567048	0.975350297837272	0.9714004074755178	0.8567835239487249	0.9751196447734709	0.9849569112329083	0.9471700429881815	0.9725300872180743	0.9698881558090928	0.9988311265789329	0.9812626468982539	0.9708915833483055	0.9734679607286278	0.9832042947947326	0.9976875729678771	0.9741855865767548	0.972083001805684	0.9755719328865485	0.9977115053910385	0.9987260320250506	0.8634141925512587	0.998155122336304	0.9820260565124286	0.8742559270900463	0.8453798977357153	0.9754103023185315	0.998102054789294	0.955362215490313	0.9743257126485978	0.9989396895999401	0.9840620467147027	0.9754366626686802	0.9752004600574794	0.9980687575048958	0.9980125683374735	0.9814995432028797	0.99435194813393	0.9980725728187331	0.9716681731375546	0.9808519803906742	0.9709800292599887	0.9737728389889002	0.9985623203767587	0.980069494207313	0.9717687586841746	0.9805949669767245	0.9842399790782063	0.9747148746600035	0.9636431807508399	0.9978530188497314	0.9716501371085055	1.0	0.992456777696924	0.2582894630049828	0.9716744163783793	0.9712738084254616	0.9819497502356823	0.9839319791975216	0.9732497941464762	0.9976126540779808	0.9805647913127385	0.9965412445831214	0.9980975457820318	0.8721751936618619	0.9713900020741434	0.9750853069489351	0.9977423747484494	0.9816472999023973	0.97473395122919	0.9683405257779946	0.8632927962018898	0.9621930146459493	0.8571480598435444	0.9830176912634169	0.9743017802254365	0.9753045140712243	0.8488025810944956	0.9560344044191046	0.8879112821604943	0.9700144080124365	0.9979896764544497	0.981927898892796	0.8723829548426392	0.9717982406547356	0.9744450279176919	0.9908699539873151	0.9723032494681105	0.9717656370637622	0.9858906225829119	0.8630763638533004	0.9720354838060739	0.9714500065554028	0.9696294081615806	0.9659552609362503	0.9806567056915464	0.9724877719191514	0.25674044558703457	0.9533796396817612	0.9742178433210157	0.9806851471219701	0.9717160379838772
scaffolds5A12	0.9748669249392674	0.9811128700800755	0.9825524955916843	0.9649113211324641	0.9649440008035759	0.9619395350405193	0.983586549184969	0.9780144932621399	0.978165851738868	0.9933364430620371	0.9828311327874796	0.9743681299591401	0.9407324924681958	0.9664015141351617	0.9651603746259898	0.9681906401293977	0.8486903707801084	0.9645470287987021	0.9692625333418644	0.9487992112847377	0.9670774673323688	0.9629398769730781	0.982217098967116	0.966058893583295	0.9642831834540417	0.9686574434314893	0.9777227841978998	0.9827974211267538	0.9684231817890985	0.9733949637530848	0.9644221580554013	0.9823474736550252	0.9835769172819044	0.8641437272575289	0.9833189198783904	0.9748425011850681	0.8662317862433032	0.8394664476096713	0.9645422128471699	0.983367767386789	0.9492852783929583	0.9649670485716232	0.9826718623903768	0.9780138052690638	0.9655215709909095	0.9649742724989215	0.9827351577533724	0.9836323007245255	0.9750447711494231	0.9816842483297248	0.9828834202612585	0.967503335046436	0.9746082395426773	0.967866595390584	0.9636791255332806	0.9819883412693334	0.9731490062284013	0.9679288587639654	0.9659814943622408	0.9791737615952633	0.9655941542604315	0.9580606300778189	0.9823172019596795	0.9665263848784625	0.9822766103681932	1.0	0.25564721916638633	0.96720921800643	0.966296251194528	0.9745432241969917	0.9768548809324783	0.9679567224835449	0.9824135209903248	0.9663093230629727	0.9812525326745112	0.9832391126815699	0.8644433482421433	0.9682666633642999	0.9707799020710656	0.9828710363858898	0.974567991947729	0.9656423137757542	0.9631768905877731	0.8637460672595791	0.9546585043168125	0.8490357433042793	0.9771744537162979	0.9641108411884943	0.9654204360087321	0.8408555056301913	0.9501287579041805	0.8814845927390587	0.9616860095919995	0.9828173729259588	0.9739364143039264	0.8643735169449255	0.9679140669128306	0.968068177361863	0.9810303109109509	0.9650881353530059	0.967920946843591	0.9801290399813416	0.8641234314617857	0.9663554185990673	0.9653722764934094	0.9634338560016732	0.9708294375725403	0.9660186459883467	0.9668129339946323	0.2616189990663934	0.9477507098368562	0.9654314438979487	0.9663970421801675	0.9676677653916091
scaffoldsARL09542	0.22031933653982586	0.22443121436493205	0.22447291228090496	0.22478275096209255	0.2242678975273715	0.2200045751880026	0.22449549865205695	0.22019482192962897	0.21947205805276523	0.22448188891559356	0.2242757158866164	0.2205454898202067	0.21850489805728252	0.22479809811172147	0.22449260296344772	0.2248276341355356	0.22198783231646402	0.22445988168216344	0.22442716040087912	0.21850258150639512	0.22443092479607113	0.22019308451646344	0.2245513854422151	0.22414251421059184	0.21953257794469813	0.21956819491459167	0.22036335100668614	0.22448159934673265	0.22442281686796528	0.22023130760610526	0.22448130977787173	0.2243408688803241	0.22426210615015305	0.2179413970539264	0.22449173425686494	0.2199973359664795	0.23972942685635357	0.24067863358245908	0.22435534732337023	0.22443353091581944	0.21908490448571122	0.22496315236244754	0.22443121436493205	0.2202984875818394	0.2245400922566391	0.22448565331078557	0.22443324134695852	0.2242453111562195	0.21974772760836392	0.22447783495154064	0.22446914788571296	0.22397659125328298	0.22077019525628291	0.22408489000726817	0.22435447861678748	0.22447117486773943	0.22025621052814465	0.22444771979000466	0.2244795723647062	0.22018034348658283	0.22454356708297016	0.219469162364156	0.22447551840065327	0.2244558277181105	0.22395024048693898	0.22428237597041764	1.0	0.22413903938426077	0.2193921370471505	0.22470833176483535	0.21999559855331396	0.22310527855076576	0.22447262271204405	0.22429106303624533	0.2244821784844545	0.223972826858091	0.21657492159923092	0.22472396848332518	0.21919986332349764	0.22416249446199554	0.22027271595321726	0.22448536374192465	0.21921405219768286	0.2180421670175276	0.2200549601698032	0.22233502538071065	0.22002137018193613	0.22426587054534503	0.22442600212543543	0.22192267932275636	0.2198496558474088	0.2253934516897791	0.21917322298829273	0.22442107945479975	0.22023275545040988	0.21649268404272878	0.22415409696502878	0.21995332149961921	0.2244494572031702	0.21970284443492086	0.22397572254670023	0.21995911287683767	0.21801089358054793	0.22397572254670023	0.22445988168216344	0.2197375926982316	0.21991480884111647	0.22425370865318628	0.2243460811198207	0.2357953443118541	0.21981172232662788	0.22444337625709082	0.22448073064014987	0.22397543297783928
scaffolds5A15	0.9877768882530406	0.9916018051590383	0.9937943218328914	0.9929450901194323	0.9931084722140334	0.9749162311586703	0.9937577384508394	0.9888619584682715	0.9893492633243426	0.9961047577576305	0.9932711439517015	0.9873076974987622	0.966843024614578	0.9959985593961398	0.9931436348822192	0.9978582738468599	0.8668950937777705	0.9929443797624993	0.9802233078054731	0.9652837911465374	0.9972825295526243	0.990814729677221	0.9931965564737314	0.9933979426642505	0.9762151188107488	0.9808107729891038	0.9875914850935149	0.9934107290890454	0.9958721158620573	0.9763770801914838	0.99339083909492	0.993146831488418	0.9931201931034287	0.877229366439755	0.993928224114771	0.9867862955099048	0.8813377157620389	0.8653049597831423	0.9929642697566247	0.9939083341206456	0.976549341747748	0.992770697492369	0.9931525143438824	0.9907522182671127	0.993243795209779	0.9925249139935344	0.9935762422544456	0.9938355225350082	0.9869035044038578	0.9927770907047664	0.9937087238224591	0.998067118785176	0.9877708502191096	0.9973770070247198	0.9938557677076001	0.9927877460587622	0.9869376015366441	0.99821487302725	0.9938078186146193	0.9897442217791174	0.9938039116514875	0.9878631966204059	0.9938770784155915	0.9982180696334487	0.9930388572345946	0.9968055248720825	0.2690089739391352	1.0	0.9804570152364459	0.9877715605760427	0.989340028684213	0.9946936337101303	0.9932988478720903	0.9942091702817915	0.9917730011799029	0.9937119204286577	0.8830447034721537	0.9978781638409852	0.9812423148259306	0.993391549451853	0.9863227876110909	0.9938511503875352	0.9886172405048365	0.8765765484182837	0.9666103827190048	0.8671433635258708	0.989672120550413	0.9935076928104064	0.9931049204293682	0.8654054752891686	0.9765692317418734	0.8989574091293653	0.9760364640420872	0.9937051720377938	0.986006323597418	0.8824575934669894	0.9982926571114188	0.9805127782556902	0.9928026635543562	0.9775711901959377	0.9982397355199066	0.990896775902988	0.8771906519869038	0.997005135170269	0.9917136863759933	0.9755857425680682	0.9887181111893293	0.9942091702817915	0.9973823347017176	0.26727037534549986	0.9583407624829248	0.9933673973161294	0.9942216015281198	0.9977815552980906
scaffoldsAR0036	0.9833153310978934	0.9601601706213143	0.9614723513853012	0.9477929442696169	0.9487445073701449	0.9634029794100721	0.9608913753593286	0.9669300883014805	0.9664972783507706	0.9633462568986606	0.9598662448803637	0.9550297054073398	0.9338299245968749	0.9651582833086619	0.9480438984110133	0.9487579145092059	0.8479616679581065	0.9482742261846239	0.9516129475835866	0.940545182402408	0.9490789983010749	0.9584560888693932	0.9610292282506984	0.9488448890267036	0.9516810145972805	0.965436739273773	0.9612836201200592	0.9609343469588827	0.9516768893237233	0.9609759434672511	0.9480153652689094	0.9608569980796852	0.9606479842194535	0.8498737322518699	0.9615493564917024	0.9640145512149274	0.8718748474508216	0.8439017112322261	0.9483670448396609	0.9613197162636847	0.9406679092907348	0.9477726616746273	0.9611619245501217	0.9708150646739762	0.9487194119560053	0.9476327461464789	0.9610268218411233	0.9610402289801843	0.9637732227118311	0.9765093172741017	0.9613173098541097	0.9471930607398403	0.9561125897161056	0.9471899667846724	0.9469947038362981	0.9613413739498601	0.9793942585817722	0.9484186107591259	0.9495245278452528	0.9667987670932429	0.9483141038290102	0.9445587298007699	0.9615448874453487	0.9484237673510725	0.9600109732276622	0.9622221198543228	0.2526527227836796	0.948281445413349	1.0	0.9532874648750145	0.9673020504672216	0.951838462538047	0.9613485931785851	0.9491800675032263	0.9599992849525835	0.9600621953743308	0.8604976867528528	0.9485093667773844	0.9695558249206401	0.9606469529010643	0.9545773004072332	0.9483178853297709	0.9515686008928467	0.8493089135473296	0.9434211856173712	0.8482153722818745	0.966653007427555	0.9474027621456648	0.9477200644367729	0.8431375043057543	0.9439554085430291	0.8679658069825755	0.9651056860708076	0.9611925203290043	0.9541812741457418	0.8603306131737861	0.9482260979931232	0.9541857431920955	0.9694784760414425	0.953388534077166	0.9474371394253082	0.9871435849589776	0.8497585683650647	0.9475808364542174	0.9490573406148995	0.9506703225757658	0.9544803564786389	0.9498669255505006	0.9487592896003916	0.2603470455134556	0.9381270845522943	0.9477331278030374	0.9498954586926045	0.9470177366136592
scaffoldsAR96360	0.982439145215003	0.9878876421554273	0.9897278305403402	0.9710775562438186	0.9714819778736589	0.9743898953366618	0.9899314407380625	0.9854702083646008	0.9857224471147	0.9899916141985577	0.9893157123050879	0.9859103142558975	0.9539466618248021	0.9720578238967703	0.9715106652211042	0.9729215929314375	0.8599053387503441	0.9709446148776082	0.9765704835882134	0.9500469318007293	0.9724975799423664	0.9672712350217937	0.9892139072062267	0.971554745779374	0.9772880171200492	0.97920272263918	0.9840963642985261	0.9896183288360668	0.9725846915218043	0.9726822984722588	0.9710719587126098	0.9893993254275202	0.9893041673969696	0.8692000393226568	0.990000010495371	0.9869486562951411	0.8817280138594873	0.8548245296412017	0.9711891570222954	0.9899373881149719	0.9624926925979297	0.9703344839758424	0.9893318052073133	0.9874090532370698	0.9713703770951821	0.9706241562159009	0.9899087007675265	0.9898460783871273	0.9825447986165702	0.9888703587282829	0.9899790197533378	0.9728617693166429	0.9868594456414999	0.9722586353288882	0.9717982383869594	0.9889490740109075	0.982719721466847	0.9733267142526788	0.9718776533609851	0.9864417298750386	0.9720676195763859	0.9693150336044287	0.9894245143179601	0.9721834185032692	0.9886338630347086	0.991171293900825	0.26080612146013	0.9725220691414052	0.9711072931283657	1.0	0.9853337685413848	0.971506117226997	0.989583694111712	0.9719304800617687	0.9879894472542885	0.9897621154189945	0.8786889042587767	0.9729660233354079	0.9779758137673379	0.9896239263672757	0.9858235525221601	0.9720945576953285	0.9708403608588432	0.8686371375904657	0.9676319259390646	0.8601904629962955	0.9851840345815478	0.971717773875832	0.9714462936122024	0.852636944475639	0.9627176433833857	0.8969197135603342	0.9754495779636392	0.9896337220468913	0.9855030938604529	0.8786637153683368	0.9731958719606717	0.9773380450552284	0.9889868573465673	0.9791079144543299	0.9730527850691453	0.9878977876807434	0.8692920487419024	0.9721725732865519	0.974677468502517	0.9770315802215432	0.9663896238563982	0.9723048149613613	0.972608481029442	0.26018514534164705	0.9598510077130482	0.971456788983219	0.9723282546232984	0.9727228805735231
scaffoldsTV33	0.9708993851920996	0.9591630945173498	0.959678415443834	0.9423211782389456	0.9434645359985583	0.9602679803806828	0.959573798883775	0.9771460062459462	0.9759658639539255	0.9607701398689661	0.9599372570617866	0.9578611245537766	0.9242920327402587	0.9437189904704438	0.9436076244548971	0.9432765636632264	0.8419280899513432	0.9432974869752383	0.9471652624424525	0.9267302735351826	0.9442393734885438	0.9583184001630668	0.9602160095734277	0.9432100815266728	0.9460289916111018	0.9654967835469873	0.965020946935106	0.9592440879832019	0.9440969599777538	0.9604589899709841	0.9435985126899887	0.9588772550774466	0.9603408744999498	0.8412453825287645	0.959729373832766	0.9720872893579311	0.8789647145216559	0.8452056255361599	0.943280613336519	0.9595299274231052	0.9454843105532461	0.9419297098206603	0.9601920490064464	0.9728077937312407	0.9438256318671491	0.9431493364272837	0.9591317095493321	0.959473569469783	0.9814656577580604	0.9600007019433707	0.9596949516097789	0.9426900359813472	0.9575304012348804	0.9423893477393711	0.9419509706054464	0.9603148890963221	0.9727244379559679	0.9436592577893779	0.9422249984982461	0.9750071038019008	0.9428115261801254	0.9402507827681001	0.9596561422407247	0.9429735131118298	0.9594091121698757	0.960809624183569	0.24589143770826288	0.9435067200953563	0.9563775942375848	0.9539494776258926	1.0	0.9449976748125845	0.9594229485536254	0.9424257947990046	0.9581189537534059	0.9588438452727827	0.8519051350532296	0.9431000654022237	0.9651903582678467	0.9593335182684137	0.9573431038450972	0.9428769958983559	0.9496811219754846	0.8403871892635062	0.937131859387244	0.8426192341932814	0.9825951791339234	0.9426893610357985	0.9434294388300224	0.8346899738863567	0.9337669183538618	0.8639748488290707	0.9593088827558837	0.9595322897325258	0.9566998807371215	0.8514198492036655	0.9435404673727947	0.9707077006562496	0.9701944045664116	0.9485576751095606	0.9428553976407953	0.9759726134094132	0.841152577515809	0.9435735397046843	0.9426076926243975	0.9452821643613901	0.9575648234578675	0.9428506730219539	0.9440483638982425	0.25587118259234437	0.9292633441797084	0.9424821527523267	0.9428965693192701	0.9425111754109238
scaffoldsAR991024	0.9856048146224387	0.9923600535997352	0.9933680602550593	0.992539687826185	0.9924521737158633	0.9730704555906635	0.9940830540794685	0.9890472725005155	0.9881933898856364	0.995241287385709	0.9936642618592249	0.9867453325217315	0.9670259587401085	0.9919207115074323	0.9930817792787845	0.9935834796035433	0.8673470327756287	0.9918324887808327	0.9799695436723755	0.9669044310484474	0.992801521540872	0.9906476823641707	0.9933163312667721	0.9939987287423975	0.9757096969177318	0.980120124631431	0.9879039201361111	0.9935207670629486	0.9950471265255623	0.9753720412613086	0.992616218384199	0.9929740696045425	0.9940834083876074	0.8775766173635081	0.9938970423065177	0.985424471779711	0.8785913558734723	0.8619123002322135	0.9923271029428126	0.993616784568605	0.9758035885745546	0.9924748494367563	0.9932646022784848	0.9894161072731666	0.9930562690927799	0.9928840753372482	0.9934761242374404	0.9941620647944552	0.9856816994885916	0.99272428236658	0.9936823315743115	0.9929914307033513	0.9868013132076863	0.9931827570983864	0.9914870383453527	0.9935335221559508	0.9845280721881574	0.9935802908302928	0.994125571056143	0.9884034946120361	0.9929156087616151	0.9866209703649587	0.9932036612785847	0.9922707679487188	0.9925432309075745	0.9959562812101181	0.2630192297199336	0.9925839763435542	0.9814838566582649	0.9838488634857827	0.9878295154269306	1.0	0.9936004863942132	0.994286426951228	0.9918151276820241	0.993324834662107	0.8799327664875521	0.9935452143245364	0.9802480298695934	0.9934697466909391	0.9855371417678984	0.993131736726377	0.98852750246067	0.8771595966839593	0.9660342502591764	0.8675723727520034	0.9871099155967151	0.9917471005193449	0.9929992254824083	0.86589684956289	0.9766890046138006	0.8953898133575585	0.9744359591581923	0.993270271208708	0.9854758464598594	0.879856944545816	0.9932968443191296	0.9796177156903942	0.9920638519955697	0.9766202688348435	0.9931653959995776	0.9910746236716103	0.877662005624996	0.9923242684777009	0.9918498498796415	0.9747413727739705	0.9887464648905436	0.9941163590445301	0.9927047954189375	0.2671656978701121	0.9582738390916673	0.9930180038137728	0.9940068778295934	0.9928270317268766
scaffolds13105	0.9779622469787175	0.9939728227211098	0.9957878917708456	0.9714959122044634	0.9718704063520847	0.9661181347494261	0.9960883861515315	0.9806013414705413	0.9815702543067691	0.9904581795849858	0.9905954595264499	0.9781365268036493	0.9439185504621355	0.9682540999847505	0.9719132847217108	0.9696296657458191	0.8563515832665087	0.971341688391131	0.9825571483947756	0.9444489973896063	0.9689913313076761	0.966651002230021	0.9948998945676217	0.9777475093372837	0.9684007163454074	0.9718697147654778	0.9795653447334469	0.9957930786703971	0.9726577777040085	0.96822989445351	0.9717065003262559	0.9949666326751849	0.9954275751486652	0.8633981592039285	0.9961257318283026	0.9775614725400351	0.8733981557459954	0.8453059077748513	0.9718275279824586	0.9959300128185578	0.9534499970780466	0.9713818004143295	0.9948431844658583	0.9817991694736438	0.9720059573270315	0.9714198376777075	0.995433799428127	0.9960551899944016	0.9773788936758209	0.9903904040975123	0.9960524236479741	0.9693360872312019	0.9787178053467253	0.9690653310746115	0.9708717552917614	0.995020576430521	0.9773218377807539	0.9699011134890164	0.9779532563528281	0.9821664019618929	0.9724665540072084	0.9615823639882555	0.9950613800403264	0.9690342096773022	0.9941069905228429	0.9899664615074998	0.26008290048656574	0.9692071063290203	0.9695418342467463	0.9795089804249869	0.9803900617621419	0.9719651537172261	1.0	0.9784003670941709	0.9939316733180008	0.9957024808248969	0.8722504677718912	0.9694422457753568	0.9732961121421515	0.9958888634154489	0.9776040051163577	0.9725298341817372	0.9651263995551715	0.8630153660170248	0.959371015812782	0.8566199188699751	0.9806030704370585	0.971739004896779	0.9717497244891855	0.8485331966758198	0.9542512001621078	0.8888409388841457	0.965561407530894	0.9957308358757786	0.9779622469787175	0.8722165800281545	0.9697427401560427	0.9727646278347702	0.9887465027329774	0.9686932574801143	0.9695200492686299	0.9847090201220581	0.8633611593204609	0.9682831466222391	0.9684429031284266	0.9670586925347721	0.9640551319011267	0.9785940113440951	0.9691521251937739	0.2597658080273149	0.9514647977230203	0.9717939860320253	0.9786839176029885	0.9691891250772415
scaffolds13219	0.977374210440455	0.9928505817028307	0.9947504221965637	0.9879674419768206	0.9884994818776992	0.9647648647896346	0.9949731037974612	0.979565439674603	0.9803441205891338	0.9888158870637845	0.990159375899579	0.9772533563437654	0.95843288528057	0.9843485136179312	0.9883934262418287	0.9861239765719224	0.8629951450478184	0.9883603058771382	0.9817386993491848	0.9605628066056101	0.986107064045272	0.9822111930624816	0.9944072388432819	0.9951267259145361	0.9676089880213506	0.9717578422152873	0.9783075705049763	0.9946496517252715	0.9890117904974854	0.967637175565768	0.9882620018159826	0.9942881464681183	0.9943047066504636	0.8716920595335031	0.9951739400514352	0.9772618126070907	0.8748860606603003	0.8587081718862365	0.9883842652898931	0.9951788728717083	0.967308438329	0.9880636319721451	0.9944639662764219	0.9812954502132212	0.9884956060903418	0.9882429752235008	0.994966409255662	0.9950876156966569	0.9771103045558471	0.9897189455180572	0.9950840922536047	0.9862842932307965	0.9782110281653468	0.9857395689349301	0.9882912463933156	0.9940675789330521	0.9769165151879774	0.9865439709837418	0.9954875264830788	0.9807612962465113	0.989109742214336	0.9784724676398181	0.9944674897194741	0.9857871354161345	0.9939780834795269	0.9890308170899672	0.26389249552434646	0.986107064045272	0.9740547747410006	0.9786704851393504	0.979445642610829	0.9885907390527505	0.9946285110669585	1.0	0.9932600057854934	0.9950270124761595	0.8758631114186686	0.9861553352150868	0.9731087302814914	0.9947180065204837	0.9768238486357053	0.9891632985487291	0.9803730128221616	0.871515182692284	0.9581365637198821	0.8633672206341282	0.9796006741051247	0.9887362572508054	0.9883617152543591	0.8613010736283324	0.9676946076875185	0.8901143815318028	0.9663183508313388	0.9946612790873437	0.9767526750860512	0.8757616362587659	0.9865503131812356	0.9717166179315768	0.9881221211268112	0.9677072920825064	0.9864745591556139	0.9834933739891683	0.8716515399384032	0.9855493030101127	0.9849168449822472	0.9657764452899141	0.9803018392725077	0.9954529967411675	0.9858410440948328	0.26352323869247846	0.9499850782186741	0.9891425102347212	0.9955312171769258	0.9861278523592798
scaffolds113A	0.9821904656273179	0.9962175145746827	0.9979332025482299	0.9736224238685125	0.9746306938311485	0.9674955114829783	0.9974919761259419	0.9841210478520973	0.9845653937070645	0.9931105596262226	0.9925722841872492	0.9799995840756428	0.9465953125324941	0.971849546295847	0.973949617696195	0.9716329190264598	0.8546108681034542	0.9742310598445829	0.9843421809686879	0.9468389748851009	0.9717836916059532	0.9692992367788045	0.9973692784405609	0.9800505348094026	0.9703133990031679	0.9733600449198305	0.9836614514373653	0.9975231704527336	0.974249776440658	0.9712766104937716	0.9738567279230818	0.9981044247419536	0.9970781313905045	0.8622617966545818	0.9980385700520599	0.9807510207476934	0.8743624226207394	0.8470913023284832	0.9744220384452748	0.9978278350444	0.9546333973394705	0.9734851688306286	0.997405325218187	0.9842278017704513	0.9739797722120936	0.9735777120001109	0.9972590584858967	0.9976424021018044	0.9799267973131287	0.9928308504959898	0.9977436103620622	0.9711092009399891	0.9804938408534768	0.9711050416964168	0.9730124014779179	0.9974375593558719	0.9804293725781071	0.9715868207435341	0.9798848582737752	0.9847851404091309	0.9741731770382026	0.963821166390539	0.9974001261637216	0.9709521894951372	0.9970448574419266	0.9922728186500481	0.25758784669028195	0.9712877018099642	0.9715830081035929	0.9814903262926582	0.9839148186916407	0.9736373278246463	0.9978215961790415	0.9801382255280506	1.0	0.9975037606493966	0.8731454972722295	0.9715573594348974	0.9759935393083178	0.9975904115571514	0.9798040996277477	0.9743478652682366	0.9667482340544999	0.8619879797860762	0.9620964667225854	0.8547072239128777	0.9835318216793639	0.9736262365084537	0.973773196448006	0.8460164844686913	0.9559151375669811	0.8895783220225015	0.969079490076738	0.9978274884407689	0.9799936918139155	0.8727004582100002	0.971621134503005	0.9755231981810242	0.9903346111453863	0.9712658657812099	0.971283889170023	0.9866068890937701	0.8622056468663566	0.9709445642152548	0.9710239364467582	0.9690503753717324	0.9658564229118864	0.9804938408534768	0.9717549235045786	0.2608632510034175	0.953424097270843	0.9740719687779449	0.9805378595146163	0.9709241146010246
scaffolds13761	0.9798548397607886	0.996270467538266	0.9979281145530454	0.9741532550474693	0.9741979719995618	0.9684069533820575	0.9982546522962328	0.9824834339291434	0.983737935089011	0.9925132036333737	0.9931635059754327	0.9798305747480252	0.9457371918863343	0.9705821384547763	0.974256208030194	0.9723073808622538	0.8560734633660703	0.9738038388636764	0.9849972892514313	0.947762627165999	0.9718525851944598	0.9688738815562331	0.9970323889390366	0.9805193544674662	0.9698555746440323	0.9738038388636764	0.9814057207194091	0.9979589657835588	0.975104096904755	0.9705467808647495	0.9741189373865611	0.9975190757664624	0.9975838980148446	0.8636985703054479	0.9982619318000618	0.9802143085927263	0.874064583757971	0.8468728638122692	0.9742319430174305	0.9982064689137455	0.9556116655088789	0.9736450763515959	0.9974001772039218	0.9838682728718544	0.9741775200602327	0.973719257962044	0.9980608788371651	0.9981111420778893	0.9799179287939734	0.9927714526977841	0.998275104235562	0.9725732560735327	0.9804046156213992	0.9719309265213817	0.973916844494546	0.9970264960073655	0.9796998903221423	0.9727209260083499	0.9807789901040345	0.9841188957893964	0.9748250492579759	0.9646087855985069	0.9973998305608823	0.9720640374485409	0.9970185232174575	0.9925197898511238	0.2575821232024825	0.9721413388463442	0.971244573303217	0.9817658828374258	0.9823797876603397	0.9739747338821386	0.9978102559196231	0.9808063749041532	0.9962018322164494	1.0	0.8730561991561322	0.9723448183105173	0.975141187709979	0.9979984830900592	0.9798382008948937	0.9748798188582133	0.9692652415478028	0.8638517865288968	0.9601062391587389	0.8564332788410475	0.982921244088003	0.9744097708966823	0.9742066380755487	0.8485655217740359	0.9557198181371958	0.8888849602677749	0.9683785286528204	0.9979236081935322	0.9799259015838814	0.8730350539307241	0.9725659765697037	0.9744433952715116	0.9909286982999239	0.9713977895266659	0.9727171129349157	0.9859827954126646	0.8637658190551065	0.9715205011626408	0.9707766051999229	0.968997979764366	0.9671822635235849	0.9811058744902614	0.9720248667850799	0.25609363799096785	0.9529026501553655	0.9745844789885788	0.9811509380853934	0.972622826028178
scaffoldsTV112	0.8626841696310875	0.8643407797015004	0.8650145091087734	0.8528705107226944	0.8530429882050877	0.8624325108693519	0.8649869677942196	0.8633716696956375	0.8631110600066719	0.8646630130817802	0.8646526850888224	0.8666384138681535	0.8499631807051059	0.8530784476475758	0.8526925249773903	0.8533738282461657	0.8577673564503652	0.8527269516205825	0.8642609098892943	0.8423211544492821	0.8529600199949944	0.8530116599597828	0.8650255256345949	0.8534461241968695	0.8671403543258971	0.8637902976768557	0.8623726085101974	0.8645886515324848	0.8537731773071962	0.8635727212918805	0.8531187268201108	0.8648179329761454	0.8649370491615908	0.841250830112434	0.8651167562390545	0.8632322417907087	0.8851881777530212	0.8572303008165656	0.8528708549891263	0.8649563280817785	0.8590507817085736	0.8535982899597794	0.8649384262273184	0.8640911865383563	0.8532302691440539	0.8528760189856052	0.8647762767378828	0.8650244928352991	0.8632597831052625	0.8643394026357727	0.8649487542202762	0.85262263889171	0.8675727529643922	0.853046430869407	0.8526522458048553	0.8650806082637026	0.8664965760982013	0.8532158099539131	0.8536929632285581	0.863391637148689	0.8529941023717548	0.8510125047896068	0.8651222645019653	0.8533066962919407	0.8647700799421082	0.8648272281698074	0.2534258813306724	0.8532887944374807	0.8628081055465797	0.8611490856111434	0.8636660174949315	0.8538798999010923	0.8648774910688681	0.8535559451886529	0.8644726337449268	0.8647201613094794	1.0	0.8532220067496876	0.8628325484632463	0.8649694102061914	0.8660545379996124	0.8531235465501578	0.8542365599245644	0.8404748535748798	0.8720282491263379	0.8576289613447322	0.8624975772249853	0.8523169303001624	0.8530089058283274	0.8504716622250559	0.8591881440149108	0.9343917690027325	0.8641696792848347	0.8648668188094785	0.867506653809463	0.9989492988497715	0.8532788107109549	0.8554728206815994	0.863869134689766	0.8680058401357511	0.8530533161980455	0.864913983310652	0.8410883363565664	0.8528553629996898	0.8525548184046211	0.8657894528470318	0.8528371168787979	0.8537177504116565	0.8531166612215193	0.25662962474614653	0.8647687028763804	0.8530168239562617	0.8537270456053185	0.8529586429292667
scaffolds5A5	0.9868700010406821	0.990727273437636	0.9925024711761236	0.9930696962238156	0.9928999194092903	0.973882429911123	0.9931190664690436	0.9890881102597407	0.9888373520357767	0.9955073076842478	0.9927205526910158	0.9873502065913895	0.9661128319660617	0.9960759534584211	0.9936475767201179	0.9982219608085496	0.8663131899180987	0.9925227165284832	0.9791437352533031	0.965581835443645	0.996606949980838	0.9896688322090059	0.9920663081463391	0.992910930039521	0.9756775178203498	0.9807846743393	0.988353594668866	0.9920350521637487	0.9949610383521562	0.9762642778571609	0.9932845811041247	0.9921110610305026	0.9931474809986712	0.8777386722813777	0.9927056350629613	0.9867385838411542	0.8810169986371681	0.8657839693037837	0.9926306917410683	0.9927503879471248	0.9759946950073185	0.993161688263485	0.992428948580712	0.9903678296378462	0.9934550682818906	0.9928249760873974	0.992669406537686	0.9930075394402551	0.9865354199543166	0.9913602070850919	0.9927461257676806	0.9975773061676223	0.986962348261972	0.9976074966053516	0.9932110585087132	0.9920215552621755	0.9853803693249524	0.9979005214421368	0.9926100912070883	0.9895196559284607	0.9935673056739198	0.9865485616742693	0.9921369892887879	0.9966978764756464	0.9917988563862188	0.9969528968790546	0.26499461367072746	0.9970715275402501	0.9803950401017808	0.9865432339499641	0.9885475238335747	0.9944023376633525	0.9922602373110478	0.9927539397633283	0.990363567458402	0.9925252027998257	0.8818282334580376	1.0	0.9815159932955917	0.9924030203224268	0.9860800771170334	0.993569436763642	0.9868284447911017	0.8771391257062342	0.966487193393906	0.8665870349473852	0.9881131367118919	0.9923305632718763	0.9936621391665521	0.8650380879010577	0.9761950174411934	0.8972051113476621	0.9760223991737055	0.9924051514121488	0.9859163383900541	0.8813231651939061	0.9977357171702964	0.9803101516945182	0.9924026651408064	0.9765210741686707	0.9977211547238622	0.9897981183188117	0.8778516200366476	0.9961182200712423	0.9914859413786943	0.9757339916979848	0.9879923749609745	0.9930814172172869	0.9968335558546185	0.2646603877659822	0.9581699053902718	0.99361880700887	0.9930221018866893	0.997319089129631
scaffoldsTV30	0.99416096219119	0.980989471969017	0.9815398429799198	0.9651689278849633	0.965226272767929	0.9675501391837236	0.9815562771841844	0.9925252343709843	0.9921601852379586	0.9835039052214963	0.9805349088723374	0.9793184280928385	0.9530278972365711	0.9665014970860757	0.9646381380536098	0.9668200409176719	0.858244847964379	0.9647696116877263	0.9686557765004167	0.9565895739310162	0.9668606019324526	0.9747374810700695	0.9813807458960819	0.9647094694933964	0.9763962867090297	0.9921794167535873	0.9873278298563336	0.9815398429799198	0.9672543235069613	0.9830570347310682	0.9640083933327482	0.9812625594909453	0.9812307400741777	0.8646639782173364	0.9821370689561728	0.988868449090157	0.8832419719786327	0.8555790102343133	0.964579394514962	0.981710478973135	0.9623090266790074	0.9629170922367966	0.9815461369304893	0.9959019388514729	0.9652150835224724	0.9641863722682943	0.9813884385023335	0.9815237584395758	0.9891614674555551	0.9810905248420481	0.981848246557821	0.9656416735055102	0.9803457406913345	0.9659273489285773	0.9647297500007868	0.9814929880145697	0.9890408334029748	0.9662542846942661	0.9645863877933724	0.9931857495168519	0.9647112178129991	0.9623237125636694	0.981495085998093	0.965531879034466	0.9806835160385595	0.9846158364887588	0.24976983372431588	0.9653930624580185	0.9875197953487006	0.9764672684848957	0.9925035552079119	0.9677414053482495	0.9817923003305373	0.9643772887688997	0.9790963915033066	0.9811482193889344	0.8761175695979809	0.9665756258372266	1.0	0.9816978910719961	0.9792593348902702	0.9649692697863449	0.9692652407138879	0.8636065945216755	0.9668154952867052	0.8587046560198665	0.9924518049476745	0.9653234793378345	0.9642573540441605	0.8552164087487312	0.9627947098646136	0.8846532155618627	0.975258829975569	0.9814741061628616	0.9788054711214317	0.8757762976115506	0.9660623192018991	0.9791229659612664	0.9920423484967423	0.9784054555963536	0.9657119559535352	0.9932046313685601	0.8641709520893993	0.9657423767146207	0.9649084282641739	0.976801197528995	0.969727496416819	0.9646821957075956	0.9662018351061877	0.2598628827902062	0.959279538471598	0.9645398824919429	0.9649447933119083	0.965691675446145
scaffolds13432	0.9789583624077683	0.9955431704714786	0.9968777952580303	0.9727572399239118	0.9731236210926124	0.9673131204975027	0.9972109320106674	0.9816975637730058	0.9829352256793722	0.9914032017835629	0.9920802104648574	0.9790560178799551	0.9449541729187524	0.9695896704058554	0.9731797210447196	0.971345737425213	0.8546169741140277	0.9727852898999655	0.9839277100172698	0.9467126640101147	0.9708062082561815	0.9677899700904145	0.9962000939847345	0.9795380619128767	0.9691031245249252	0.9726990621958006	0.9805738332508571	0.9968272360419337	0.973989014798267	0.9695709704218197	0.9727510065959	0.9964764381932629	0.9964705511612517	0.862660045025406	0.997181496850611	0.9791543659441432	0.8731278805334205	0.8453307005602723	0.9732354747008263	0.9971195098664924	0.9541434835923224	0.9727156844038324	0.9963136790729518	0.9828015554231165	0.9732299339648156	0.9727167232918343	0.9969934581222515	0.9970246247623111	0.9790054586638585	0.9917979792243178	0.9971240117145012	0.9714617465854348	0.979364567616545	0.9711905968169164	0.9729030305401906	0.995961842336279	0.978890142095638	0.9716425130977805	0.9797517265452853	0.9831880217598555	0.973805477917916	0.9638789030589364	0.9963102161129451	0.9710995209687423	0.9958759609281148	0.9913117796393881	0.2622821668294835	0.9710427284246337	0.9702486716951154	0.9809350199795478	0.9815275324366807	0.9732320117408196	0.99710773580247	0.9800194133537972	0.9949894431664198	0.9972095468266646	0.8715563892824159	0.9712473893610251	0.9742234571907152	1.0	0.9787537014713771	0.9738269482699571	0.9681729734671467	0.8625495766011948	0.9595024142025687	0.8549847404667308	0.9818101099732209	0.9733753782850937	0.9731063062925792	0.8472529896599477	0.9549313069938287	0.886156921262332	0.9666735117842797	0.9968431656579642	0.9786550071111884	0.8712748506338776	0.9715573242816176	0.9735977003175188	0.9899833881808482	0.9703252031112618	0.9715628650176282	0.984946166555217	0.8627940615776623	0.9704716863195418	0.9696928666140527	0.9675718036099973	0.9661073178231971	0.9797198673132244	0.9709139063123874	0.26142612311584673	0.952112457548439	0.9737895483018856	0.9800557744338666	0.971598879801697
scaffolds12768	0.9798439786179332	0.9821714573706898	0.9828526706641795	0.964062191173788	0.9650871264187184	0.9658711447671707	0.9828505937943822	0.9826702522669899	0.9832593909994694	0.9834906158368937	0.9836179971844569	0.9963260173287093	0.956638766228574	0.9643906827467157	0.9652460069582061	0.9644429506366126	0.8519143374283437	0.9649836290738234	0.9701602270434062	0.9452405586364381	0.9654325790949901	0.9653380815192164	0.9835678061643572	0.9657617629578503	0.9828353634158693	0.9723444017801544	0.9812981336209567	0.9825259098160828	0.9664789753278252	0.9696607398571737	0.9650763959247661	0.9817353147132726	0.9836124588649976	0.8663600053029409	0.9830970490103196	0.9792209176787657	0.8738183908897414	0.8435448982904938	0.965116894885812	0.9828024796440799	0.9672550323420549	0.9641051131495972	0.9835172689992915	0.9818703112500922	0.9651809317045598	0.9644128360245527	0.9827599038132367	0.9827311737810418	0.9802188536163322	0.9831680087283915	0.9828741316520841	0.9647530965263315	0.9973211841065462	0.9640663449133824	0.9630732550053428	0.9831160869834609	0.9792579551901496	0.9648365174631867	0.9642214178582419	0.9824861031449693	0.964386182862155	0.9595685372225259	0.9821046513922124	0.9640071541241615	0.9830596653539696	0.9843698240510522	0.2571590567272755	0.9643034542152322	0.9668040054510909	0.9793694138692672	0.9824189510215258	0.9666350867075834	0.9823950670188576	0.964969437130209	0.9804504245987228	0.982875516231949	0.8785505387227182	0.9645007568459686	0.974231237990933	0.9825214099315221	1.0	0.9644173359091134	0.9678251331013932	0.865885440554275	0.9743146589277882	0.8522037146200904	0.9810956388157273	0.9637769677216358	0.9651850854441542	0.8439575030902092	0.9685714216485293	0.8914904759943274	0.9814577064503768	0.9824546039530447	0.997426066031306	0.878117857514963	0.9647350969880888	0.9732918005526551	0.9813275559430841	0.9844698599462852	0.9648607476108209	0.9831223175928525	0.8664652333726669	0.9655841905901875	0.9705160640686641	0.9824317583852753	0.9619243998625112	0.9648593630309561	0.9654370789795508	0.25952980360080763	0.9651504709475338	0.9641698422582774	0.9651823162844245	0.9645142564996506
scaffolds10212	0.9849380291868722	0.9950803856466525	0.9964891843023838	0.9972388398228939	0.9974024720174749	0.9722645204937788	0.9966655947160644	0.9876214551977891	0.9876509160918243	0.9952244955620535	0.9959585332592197	0.9851013064309228	0.9644939434790973	0.9915695699490362	0.9973609428054012	0.9935015656867903	0.8681230996835971	0.9965229046027855	0.9828409814524149	0.9659652134282045	0.9930841438628698	0.988393117651193	0.9958651812696865	0.9961413327824501	0.975240780692395	0.9787672142133551	0.9866492456946275	0.9964984130161779	0.9946569296637128	0.9740754781006171	0.9968540734477835	0.9956742178842535	0.996037687227531	0.8758837380834233	0.9969754665292299	0.9848315440277089	0.8818838218517485	0.8647358067706103	0.996944940783603	0.9966648848150034	0.9746224568681863	0.9955464356932574	0.9958637614675643	0.9886156716338443	0.9973928883531502	0.9972697205190513	0.9960824109943797	0.9969261284054841	0.9844577811190455	0.9955922243116977	0.9966205159986853	0.9934341250859867	0.9861445060401932	0.9929290304810219	0.9958566624569534	0.9958637614675643	0.9837620780791781	0.9938771033481064	0.9970159308897119	0.9882983458595376	0.9977506784879392	0.9857114663929288	0.9963340709205358	0.9929655903856679	0.9955130703433862	0.9954104896400588	0.267861643122798	0.993112894855844	0.9796915053948931	0.9859961367184256	0.9871138759391104	0.9948351148300462	0.9960387520791227	0.996849104140356	0.9948748692894671	0.9964426857828824	0.881823480261556	0.9934256062732537	0.9801451321729291	0.9962297154645557	0.9844812078540613	1.0	0.9865164941962039	0.8754517632877505	0.9649000068860403	0.8684084799101549	0.9869562779035486	0.9963763100336706	0.9969254185044231	0.8663994599072727	0.9743903192212101	0.896780740668173	0.9741645706837838	0.9960635986162608	0.9844765934971643	0.8815551376604642	0.993838413740277	0.979647136578575	0.9958949971142522	0.9748031266882334	0.9937191503620141	0.9901760341661182	0.8754957771535381	0.9924569462753976	0.9910541817786855	0.9735228201245593	0.9863780634892915	0.9974404517242432	0.9929545869192211	0.2647167814221732	0.9572217170093004	0.9973062804236974	0.9973616527064623	0.9934497429093307
scaffoldsIV23	0.9708142138419901	0.9681581782733021	0.9699673568811736	0.9665121109240027	0.9666633974857912	0.9537612621542233	0.97007725700422	0.971923996413639	0.9719768597639652	0.972071457338233	0.9688008853220039	0.9702135888024295	0.9573956174891439	0.966320133493871	0.9666174898394554	0.9678083063625911	0.8502871662392386	0.9661399807605228	0.9566527483029821	0.973435123105527	0.9675026031722184	0.972323253822681	0.9688951351110722	0.968055929424645	0.9708663816219172	0.9626572597725902	0.9672643703105513	0.9696905198623605	0.9706444946646272	0.9589943860513095	0.966869634109103	0.9690123387233084	0.9693437780184452	0.8681334159670967	0.9700261325798915	0.9682705128927451	0.8702044768302022	0.8477462475715899	0.9663531730878248	0.9697472088498813	0.9686840294949672	0.965696902416342	0.9690961549563912	0.9730309967036919	0.9666414870182218	0.9661789327028684	0.9696668704687936	0.9699311872204242	0.9702692344343518	0.9686676835905901	0.9699364039984169	0.9675645089377318	0.9720589370710504	0.9668762420278938	0.9658148015989773	0.9688965262518702	0.9700003964751275	0.9680131518451048	0.9690721577776248	0.9725545309803578	0.967305408964094	0.9641085674101618	0.9700553465366506	0.9680844478110052	0.96871776465932	0.9718300944097703	0.25842248806922874	0.9680354100978737	0.9646312885650313	0.9659897375543327	0.9728386714883607	0.9710329707324843	0.9695423633673675	0.9686993320437458	0.9680872300926013	0.9695486235009588	0.8643276025288158	0.9675530320261478	0.9647432753992748	0.9695117582698104	0.9705039894440236	0.9672101158194272	1.0	0.8671982215656038	0.9572349407269685	0.850721202168232	0.9733168761376924	0.967244546554179	0.9664164699941363	0.8466816770758777	0.9694446357263041	0.885072989679822	0.969651567920015	0.9697920731406185	0.9695180184034016	0.863298506123454	0.967832651326557	0.960405698390937	0.970975933959764	0.9716638530844026	0.9676601498675982	0.981096831050819	0.8678930963942326	0.9667294766736989	0.973259143794573	0.969976399296361	0.9834621181927133	0.969090590393199	0.9668644173311103	0.262709636223637	0.9533341819292201	0.966508285286808	0.9691483227363183	0.9677081442251311
scaffoldsTV103	0.8720800787798998	0.8745479509108044	0.876004955509828	0.8694240808129295	0.8697187995242146	0.8684393320650429	0.8759410703760045	0.873414960415924	0.873388135718849	0.8846478023161009	0.8759682480296201	0.8750600908510136	0.8794787537810469	0.8677934215959989	0.8694099625513111	0.868515217721242	0.9223968572749638	0.8694321988133601	0.8729995305678012	0.8865149424151404	0.8689684139191941	0.8687559340818365	0.8761242548205039	0.8706506047910321	0.8822519333194504	0.870237292682152	0.8728721132566947	0.8755835254005174	0.8703400030354262	0.8848214569340077	0.8691028903611099	0.875928363940548	0.8759901313351287	0.9960352391809997	0.8764405038807571	0.8723807977523728	0.8597276587333802	0.8417025211685685	0.8693220763727362	0.8763367346578615	0.8782028158872798	0.8697406828297232	0.8763250870920264	0.8735123764210913	0.8702129386808602	0.8694043152466637	0.8755821135743556	0.8763430878755899	0.872973411783807	0.8755468179203094	0.8760070732490708	0.8680941405684718	0.8761701391707639	0.8678389529897184	0.8687541692991342	0.8759400115063832	0.8722043194821422	0.8684954521549761	0.8707307259257168	0.873196833273919	0.8696697385650904	0.8661542914220972	0.8760218974237702	0.8681806149208848	0.8760222503803107	0.8888659859311523	0.2611525442872219	0.8685928681601435	0.8698575114446159	0.8729402338690037	0.872982588653859	0.869964810232916	0.8756082323583497	0.8710310919416492	0.8748341986651184	0.875655881491312	0.8622336501706545	0.8685049819815686	0.8704843622604749	0.8756029380102428	0.875606114619107	0.869787979006145	0.8767200454608024	1.0	0.8786581298244747	0.9227254598141331	0.8723645617515116	0.8694501995969236	0.8690884191429509	0.9166697844494407	0.8790527352367103	0.8718679518990826	0.8813804836210517	0.8760123675971777	0.8751889199882819	0.8620296412902679	0.8688720567836482	0.8645998708179062	0.8741851115872102	0.8814944885836207	0.8682134398791477	0.8803480857402028	0.9976718986591181	0.868173908746616	0.8698836302286099	0.8813420113581415	0.8893873027414134	0.8710586225518052	0.8684827457195196	0.27218561278549774	0.8774429004556669	0.8694240808129295	0.8710572107256433	0.8678205992496144
scaffoldsVV9	0.9609813763447442	0.9650171740512536	0.9650109137652559	0.9468324344026365	0.9476810509489898	0.9503882768493233	0.965303060445148	0.9638388491090222	0.9642568970962011	0.9667043211276305	0.9656665048266805	0.9773579367210291	0.9598308748958359	0.9480806658718423	0.9476177525016798	0.9480013689158715	0.8495215054735767	0.9473982946980942	0.9523675706055923	0.9450131257329751	0.9481519635734825	0.9489828426428424	0.9654428734990964	0.9478212117966047	0.9873695252059982	0.9645441746647617	0.9625711411944904	0.9649215307929556	0.9479085080069057	0.9518733558054414	0.9472466566594836	0.964806758882998	0.9657631914659781	0.8679156169094498	0.9654414823244303	0.9647264185460277	0.8762727509226966	0.847631594689608	0.9474219446674188	0.9653434045104665	0.9706722990691651	0.9464147342091241	0.9657906671656347	0.9648446683926507	0.9483870720920624	0.947209442737164	0.9652773237138242	0.9653020170641484	0.9609191212784338	0.9654859999137472	0.96535209935213	0.947601753993019	0.9772935948927196	0.9475554974353695	0.9467983506233159	0.9658842236619334	0.9648822301086368	0.9479898917248757	0.9472650897238101	0.9646909435920408	0.9471631861795144	0.9457007138117212	0.9647198104663635	0.9472633507554774	0.9652557605064989	0.9666782366026402	0.2554923575819715	0.947031720173563	0.9562054737158414	0.9659729110469006	0.9637609433277177	0.949480883173325	0.9652216767271782	0.9474612453517377	0.9641094325815889	0.9650696908949009	0.8830053407195434	0.9478629470365892	0.9641939464425577	0.9653364486371357	0.976829290347891	0.9472710022161412	0.9597849661318527	0.8681340313320358	1.0	0.8498553873934535	0.9629443237986859	0.9470164172522353	0.947473765923733	0.8411334178240081	0.9729722585859822	0.8866603043611935	0.9855380437580079	0.9650672563392352	0.9773381124820365	0.8831875846008094	0.9479335491508966	0.9542665240248909	0.9639463173519824	0.9889405091977513	0.9476730516946594	0.9698452457301372	0.8678867500351272	0.9477993007956128	0.9527922266724353	0.9853794498460665	0.9529003905027288	0.9475182835130499	0.9484141999980523	0.2687008654497598	0.9707658555654638	0.9467503550973335	0.9476608789163306	0.9476619222973302
scaffoldsTV148	0.8590590930835662	0.8584785971862035	0.8592689108777938	0.8509825067911027	0.8508873893910528	0.84909554542835	0.8592559721138163	0.8591751922630387	0.8589115212349595	0.8590965105902034	0.8590730809365147	0.8539398886007391	0.8465249277527396	0.8503292740584076	0.8508625609520692	0.8504418762746431	0.998611006202214	0.850858014899861	0.8571980092487683	0.8483045323441124	0.8504180969246307	0.8537143344719446	0.8593563349587219	0.8515783893267087	0.8541409639868738	0.8570126701972007	0.8543780580943509	0.8585307019384366	0.8513951484530834	0.8571962607671498	0.8508247937491082	0.8592507266689606	0.8590916148416715	0.9083890049880684	0.8596756077022714	0.8584425784648612	0.8745146215026871	0.8510629369455565	0.8507076454806646	0.8596018217779681	0.8465836767351232	0.8503208813466385	0.8596067175265	0.8585345485979975	0.8512206499875508	0.8507426151130358	0.8588783000842068	0.8593913045910931	0.8615289982179475	0.8588066123378458	0.8592510763652844	0.8499173317890744	0.8548623875026926	0.8501551252891989	0.8508303888902877	0.8595168455713059	0.8592307939785091	0.8501093150707926	0.8519987243078111	0.8593301077344434	0.8511111950382289	0.8431804321127533	0.8596364417140155	0.8507985665248299	0.8594514523587716	0.8597707251023211	0.2625754294970248	0.8504201951025729	0.8581914965044356	0.8545938207260815	0.8611320928905338	0.8504422259709669	0.8592094625027626	0.8520043194489905	0.8587359736804558	0.8591139954063891	0.8663722923013655	0.8503897715224099	0.8567371094941153	0.8592328921564514	0.8547983930754532	0.8511388210478021	0.8531219488995756	0.907167166033017	0.8540545889949168	1.0	0.8617839268379339	0.8513000310530335	0.8507912229020319	0.969378841414116	0.8467763594094888	0.8760323035475993	0.8517000836473606	0.8592633157366143	0.8550484259469077	0.8663859304579903	0.8503943175746183	0.8457874182060299	0.8644699443003696	0.8537653901352066	0.850021191597217	0.8605176764497711	0.9076504463523876	0.8499613935258622	0.8501288980649204	0.8531670597253345	0.8524662682926147	0.8517773665349011	0.8500677012082707	0.26097382033442157	0.8503306728437026	0.8507807320123205	0.8520218042651762	0.8503138874201643
scaffoldsTV13	0.9865055697289998	0.9724374923662393	0.9743821285600772	0.9562480872712101	0.9563750307065877	0.9592161620264839	0.9743924212710537	0.9899399042915116	0.9900599859195713	0.9757726738130102	0.9731267609113029	0.9708311432731644	0.9368772052133267	0.9567788480672347	0.9565325091845291	0.9578537501835533	0.8543660307601099	0.955958519002403	0.960845498174073	0.9406494837862355	0.9575140907213269	0.9713560715329689	0.9732128765931402	0.9564635480209861	0.9603058170285355	0.9798873565710725	0.9783897671239833	0.9739862022778456	0.9586788825135074	0.9745416655802138	0.9566796949514939	0.9737896114981933	0.9735748369291491	0.8520934001764857	0.9743461040716592	0.9852797078516916	0.879824365179896	0.8463836903074227	0.9563201362480461	0.9742088679253051	0.9459835097046541	0.9550764336717119	0.9730893640614214	0.987874843379248	0.9564055657491516	0.9563125882599967	0.9734952399642637	0.9742277378954288	0.99553159107471	0.9728526317089605	0.974197202852865	0.9578489469184309	0.9717691523334948	0.9574375815697345	0.9564930537924523	0.9731435723392313	0.9871022038752743	0.9582441870199309	0.9572540282239859	0.9902939735491052	0.956930494008956	0.9547000635403358	0.9739251321927179	0.9583656410094542	0.9728780203960361	0.9758309991752108	0.24978488234058993	0.9583028554724972	0.9721870363991431	0.9682082174259714	0.9971015725890011	0.9592219945627039	0.9740345780194354	0.9570975790171422	0.9722834447919568	0.9740304609350448	0.86174110126518	0.9577765548512291	0.980418460457463	0.9741488271112752	0.9707748764531593	0.9570286178535993	0.9643275222974429	0.8514099641676421	0.9506584590302071	0.85520900378909	1.0	0.9574145945152202	0.9562968061031659	0.8480813014378231	0.9460061536688025	0.8748766590134642	0.9584356314440948	0.9741625507259106	0.9708874100931696	0.8614532484482023	0.9579882416069804	0.9702506343740865	0.9855620712228153	0.9615807408281652	0.9579978481372252	0.990390381941919	0.8520848229173386	0.9572794169110613	0.9556322400644461	0.9595276880787077	0.9722089941825598	0.9573051486885028	0.9574434141059546	0.25422584403660914	0.9444948406070778	0.9569411298102984	0.9573085795921616	0.9579460414919765
scaffoldsTV102	0.9738362330369171	0.9829247104684711	0.9843555850665934	0.9841906316946919	0.9844602066555372	0.9601946240545259	0.9846987438783292	0.9760998954830327	0.9763394789217141	0.9838882753026441	0.983771099123027	0.9739778209206211	0.952998053689707	0.9802816203931191	0.9842746777044767	0.9821128469382666	0.8576012989816483	0.9839137332226204	0.9714184281164243	0.9549164648923077	0.9818669862042485	0.9777278074069993	0.9838955988138701	0.9839925481529581	0.9643498448287466	0.9670166491309259	0.9746160126131788	0.9843691858731561	0.9833020456659286	0.9631871502369505	0.9840828714580797	0.983599519717159	0.9840242833682711	0.8650412889100767	0.9848507939209277	0.9725050976869213	0.8688624180769366	0.851102554615085	0.9840926361397144	0.9847545420590993	0.9627010085869913	0.9828054418570751	0.983843636758028	0.9773337327553107	0.9843643035323387	0.9841763334108695	0.9844113832473634	0.9847064161281852	0.9733298645464288	0.9837937671339648	0.9846732859583529	0.9811171981501509	0.9756974511042286	0.9806160607391097	0.9838317796446144	0.9836724060907899	0.9735589858262159	0.9824350814322138	0.985135364642855	0.9769752294438631	0.9851113016773979	0.9731391045159211	0.9843869715432766	0.9822603633786775	0.9827294168357759	0.9828971601167158	0.268787160280623	0.9820256622808134	0.9675938115632663	0.974490815445076	0.9756353756281219	0.9823025607528848	0.9842478248299812	0.9847294328777528	0.9829784162174623	0.9837571495778344	0.8673039051403028	0.981948242304995	0.9686103846691708	0.9840629933561804	0.9732353563777495	0.9850764278144166	0.9755171532326153	0.864552357351079	0.954565633830716	0.858144285028267	0.9766571798134737	1.0	0.9839210567338466	0.8556682407565954	0.9634497504251995	0.8824855439119477	0.9625182695449693	0.9842631693296929	0.9736172251773946	0.867256825425278	0.9821756198916329	0.967435832963961	0.9841498292750038	0.9644541176790608	0.98147291155256	0.9784500451093417	0.8645478237488915	0.9809874673798604	0.9789365354979308	0.9628052814373054	0.9753996283143683	0.9851046756434315	0.9815196425289548	0.27199834558394015	0.9465048891412207	0.9844368411673398	0.9852047636301878	0.981526966040181
scaffolds10105	0.983854295800213	0.9965008287043582	0.9966095228893614	0.9976364342908131	0.9985748984632915	0.9714123637148973	0.9969405783809397	0.98871036835962	0.9889785517245789	0.9954295160835425	0.9976303957249796	0.9858694007398309	0.9670237471929549	0.9931668299447507	0.9988764715452122	0.9937454666355029	0.8691023636367511	0.9982221751766636	0.9831374825147998	0.9669477323054037	0.9947347258029339	0.989967455682255	0.9975540256276734	0.9979742387677347	0.9759242380217943	0.9781659667850462	0.9875005239343885	0.9964880411531813	0.9945972596277828	0.9751555641121639	0.998354313205491	0.9963690458852857	0.9977209742124822	0.876987664986051	0.9970158828489811	0.9854651720387406	0.8812189235865671	0.862041504128603	0.9986768436629514	0.9968155445472106	0.9745666263385192	0.997138075004671	0.9975582881447324	0.9884823236969663	0.9987152063164819	0.9985237482585841	0.9968137684984361	0.9968379227617701	0.9858754393056643	0.9971153415803566	0.9969370262833906	0.9933423035636774	0.9860487816660616	0.9929430477991559	0.9956160012048715	0.9971373645851612	0.9833445698019138	0.9940520126539923	0.9968247800008383	0.9877108081092966	0.9978538226608195	0.9855500671701647	0.9962372630662132	0.9928755579457226	0.9968958219518208	0.9953680647959426	0.2643037640156889	0.9932698407736753	0.979427671834495	0.9858505746228206	0.9879569684694509	0.9948924389341149	0.9961495262567499	0.997085148751189	0.9953794315080998	0.9966887346647069	0.8793380879343061	0.993672293425991	0.9798791434329887	0.9964866203141617	0.9858903581153707	0.9979547022312145	0.9870021646482464	0.8763894917587784	0.9668081348717231	0.8692980842117078	0.9870479867066302	0.9964482576606312	1.0	0.8670332668143865	0.9765991365561277	0.8938047156226223	0.975669907837277	0.9964667285678867	0.9859351145444897	0.8791203443545448	0.9938157981669756	0.9780640215853864	0.9962752705099889	0.9773329999097767	0.9938509639327119	0.9900793467550524	0.8768118361573692	0.9943223272774806	0.9923885653717377	0.9748110106498988	0.9875836430170379	0.9972254566043794	0.9947244247200414	0.2621099885693501	0.9584756244409887	0.9976218706908616	0.9972737651310475	0.9934065965293165
scaffoldsTV106	0.8731307711602958	0.8688543686267559	0.8693739115147713	0.8673664892693311	0.866717953958638	0.8605113102414267	0.869343182017956	0.8678377939937412	0.8674618936373505	0.869228839704225	0.8687589642587367	0.8651257372399338	0.8621932142124638	0.8677141613670195	0.8671395912405212	0.8679725035321055	0.990576764069643	0.8663863612488182	0.8684280861883775	0.8604441341321096	0.8671649609413803	0.8703183075622433	0.8686778526799337	0.8677327419930008	0.8638951280884037	0.8667790556325381	0.8629689553471825	0.8689458424777408	0.8679239080487698	0.8719959236965155	0.867049546668458	0.8691877479352279	0.8692249091871905	0.9220667801990556	0.8693896335829092	0.8674172286710493	0.8819004693037339	0.8640791477495646	0.866949139824213	0.8688926018379097	0.8637547014343528	0.8667351053056978	0.8688615150213641	0.8731489944665467	0.8667819141903814	0.8663459841192819	0.8688565125451384	0.8689729987772519	0.8709025253214627	0.8684141507188916	0.8692291970239554	0.8671688914584148	0.8654337468475467	0.8674429556916388	0.8671992636354996	0.868885812763032	0.8686724928839775	0.867558369964561	0.8675815957470376	0.867004167062696	0.8667686933603562	0.8589769793190486	0.8689815744507817	0.867586240903533	0.8685967411011307	0.8692595692010402	0.262636790925794	0.8671495961929727	0.8694778915563204	0.8650635636068426	0.8710025748459773	0.8664310262151194	0.8691873906154975	0.8673857845347733	0.86822084074474	0.8689862196072771	0.8777019624714234	0.8677781215987628	0.8696572660609859	0.8691609489554473	0.8647930725709226	0.8667090209653778	0.8656109774338298	0.9210444884503544	0.8629107122311258	0.991304624360487	0.8714227828489388	0.8667486834554533	0.8669162664090153	1.0	0.8632294414306511	0.8898890665164971	0.8643828695204127	0.8692824376637864	0.8648723975510735	0.8779388654526848	0.8670749163693171	0.8545072668113574	0.879044770018302	0.8640394852594891	0.8673275414187166	0.8685592225294377	0.9219938869740522	0.8672289211731236	0.8655059254330894	0.8640262644294641	0.8681522353565014	0.8675265685085546	0.8674661814741154	0.2643301291282042	0.8615604009699087	0.8669616460147773	0.8675290697466674	0.8676148264819658
scaffoldsAR01912	0.9639551498173474	0.9673745187333272	0.9671813082007137	0.9649683613353699	0.9661476846409944	0.9536013176324847	0.9673498835105896	0.9679179013605682	0.9678798927312016	0.9692439802073581	0.9680101074799575	0.9799356668754795	0.9823727942677356	0.9667079599923982	0.966164225433404	0.9664306377707235	0.8555376461396605	0.9656687055246247	0.9543400223828595	0.9654065163683458	0.9671982009248766	0.9686235245261239	0.9679126223842672	0.9663859424380424	0.9905256452668698	0.9689272416293032	0.9669493851752268	0.9670419432263695	0.9668233936075117	0.9555091396676356	0.9658024395909145	0.9669184151809281	0.9681529917718356	0.8789305497877852	0.967450184060307	0.967732081394776	0.8704961533859354	0.8528161578906619	0.9660970064685056	0.9673122268129765	0.9924732355901543	0.9645734939080614	0.9680252405453534	0.9680692320145278	0.9667568785061201	0.9657640790297946	0.9671971451296165	0.967400209751325	0.9649166273676208	0.9676761242459863	0.9673449564660421	0.9663535647167302	0.9806617020827321	0.9660987661272726	0.9645460432312966	0.9680815496258965	0.9636658619160572	0.966704088743111	0.9651552370964223	0.9670176599353854	0.9652949540025199	0.9644049185981854	0.9667245007848078	0.9654913319209139	0.9674396261077052	0.9694607701674491	0.26437148508161296	0.9657851949349983	0.9642637939650743	0.9683637988921189	0.967993566687548	0.9681603823386569	0.967135205141019	0.9655029456687759	0.9656088771265476	0.9672238919428744	0.8780208062052607	0.9663352642655536	0.9678893948885432	0.9673076517001823	0.9808176078494858	0.9653213488840244	0.9787405066409521	0.8782928494506346	0.9791888676947766	0.8559233633413809	0.9662958479091734	0.9649201466851548	0.9660086715984036	0.8531557720326874	1.0	0.8906759201255693	0.9908152850999135	0.9670764325382022	0.9805930753908202	0.8775002991419903	0.9664573845839814	0.9586955297628684	0.9669068014330661	0.9939520528179175	0.9665837280834501	0.974579265588817	0.8790818804417447	0.9671700463846051	0.9724894948371612	0.9900969923912355	0.9741298487397324	0.9655511603189909	0.9674290681551033	0.26854715533563733	0.9744666474277308	0.9653269797920787	0.9655796667910159	0.9662258134902479
scaffoldsAR01215	0.8330809323219058	0.8370279609959849	0.837850774183528	0.8219685585726096	0.8219366489199071	0.8212427767779782	0.8378624960967657	0.8341049716866954	0.8335084565463792	0.8394944469064081	0.837538189830524	0.8365060102482083	0.8131839614270908	0.8219275318762778	0.82176635556926	0.8225911224090094	0.8275328856647839	0.8216289486974186	0.8290342673853067	0.813361743777862	0.8225836334088854	0.819704601274237	0.8377716512691739	0.8220831728353778	0.8350850538768437	0.826456748907827	0.8336523755922415	0.8374665559162938	0.8233859332482626	0.824500817440644	0.8221023837487395	0.8376915515287165	0.8378465412704145	0.8058672083058872	0.8378377498354862	0.8295021670887098	0.8567777567579272	0.8153479568542422	0.8218897612669565	0.8376541065280962	0.8214368395638015	0.8215263819565892	0.8376414077887555	0.8336058135479919	0.8220060035732298	0.8218477577445216	0.8373718037842894	0.8377804427041021	0.8317794743438252	0.8372601199998306	0.8378182133134234	0.8214970771734951	0.8372523053910056	0.8213723690409944	0.8205931874193915	0.8374271572634673	0.8328663561879166	0.8224068278842175	0.8222101602287857	0.8332040124109013	0.8219197172674527	0.8129648267712869	0.8377791402692979	0.8223195647523371	0.8368661334715651	0.8389070488097211	0.2501651650136056	0.822303935534687	0.8247974469672968	0.834804053567841	0.8340437572508987	0.822148945792989	0.83752451426508	0.8220864289223883	0.8373298002618546	0.8369742355603124	0.8877965440543688	0.8223996644927944	0.8277855580167955	0.8371106656060506	0.8364141885945133	0.8219483708331448	0.8285745078994299	0.8052495286000031	0.8310331792010279	0.8273358924006511	0.8333931910662089	0.8217552848734245	0.8219232989631642	0.8152916265489613	0.8221717384020623	1.0	0.8312692455092862	0.8377397416164714	0.8362595244615165	0.8875542911807907	0.8222453259684986	0.8261995180340007	0.8373805952192177	0.8360918359804778	0.8216943960463289	0.8400694718724552	0.80604238578705	0.8215683854790241	0.8247108350528186	0.8350186297018304	0.8232670860723809	0.8222300223595495	0.8224149681017436	0.24689930974211466	0.8258849800287903	0.8218907380930596	0.8222505357077154	0.8217080716117728
scaffoldsVV5	0.9492966384146256	0.9357989234963587	0.936158671051779	0.9198534554804885	0.9212316527076598	0.9521335334825768	0.9361262703898702	0.9374152822899318	0.9358283179112863	0.9390760667333385	0.9361129092921758	0.9482551408493516	0.9339460732735959	0.938419702809104	0.9214340733377291	0.921459125395906	0.8195937825467989	0.9210699834255583	0.9234308893881485	0.9208171246516929	0.9221331927745856	0.9229969877405249	0.9363811333283897	0.9204042667329377	0.9597734091442016	0.9367632607224479	0.9364228867586846	0.9356937048520159	0.9216745730962272	0.9240465019644154	0.9212720700281852	0.9360915315358649	0.9368457655007105	0.8422208014921674	0.9362101112779021	0.93548894602985	0.8520896422766508	0.8261166704411768	0.9208318218591567	0.9358734116160047	0.9606759512934545	0.9201834745935387	0.9364793373964432	0.9369733639836915	0.9218663048481411	0.9209864765649687	0.9360153732790071	0.9359332025281869	0.934072001619365	0.9521756209403139	0.9362605494216983	0.9205385457647659	0.9484712566045576	0.9198962109931104	0.9199650206462362	0.9363781270814086	0.9483095873224561	0.9217370362279483	0.9201657711390937	0.9362411758300415	0.9204871055386427	0.9186563011270754	0.935471242575405	0.9209326981467489	0.9355270251582789	0.9372028408365918	0.2441052507109774	0.9206881900589425	0.9433051881810403	0.9367722794633916	0.9499129190457771	0.9223593293530623	0.9357408027213884	0.9197612639063975	0.9351849810573037	0.9349371326950737	0.8448599523142424	0.921282090851456	0.9362010925369585	0.9355303654327025	0.9478559780557332	0.9205642658778275	0.9346381781341628	0.8415103251222708	0.9474294250118412	0.820327974865103	0.9354194683218394	0.9208034295265561	0.9211197535144697	0.8138956084076043	0.94690099359803	0.8596373263641848	1.0	0.9360798405753823	0.9474564812346723	0.8441892252099864	0.9213729463157775	0.9405561423304293	0.9357909068377421	0.9614051332001232	0.920703555321291	0.9583080307545747	0.8416108673824206	0.9215947405375036	0.9266903291706834	0.9593054366974573	0.9290903163440296	0.9204991305265675	0.9222390794738132	0.2539727553856915	0.9433081944280214	0.9204283167087876	0.9204881076209697	0.9206731588240363
scaffolds13106	0.9800460531698476	0.9964589952060883	0.9984711346053309	0.9744447202488341	0.9744994959251057	0.9685958567401123	0.998431266233361	0.9833845959704517	0.9841407083118968	0.9927883315329008	0.993317714176361	0.9799791436412374	0.9454077182394681	0.9708728608018327	0.9745563516903496	0.9722644403243275	0.8569907630182368	0.9740477699366128	0.9852057138657344	0.947591811660424	0.9717991937575143	0.9698768448655777	0.9974792788470206	0.9806069838293884	0.9705601540929911	0.9742183372323445	0.9822748685037088	0.9981317334213442	0.9750701336665174	0.9706433576518846	0.974693637562524	0.9980402095065612	0.9977587041323047	0.8642485401242229	0.9984475602636443	0.9802953171650328	0.8736314747969487	0.8465993318754221	0.9746062738256858	0.9983924379058774	0.9553203822371495	0.973955552658839	0.9975808565251698	0.98419687071415	0.9746139008185843	0.9740883316715734	0.9981761086527541	0.9983886244094281	0.9806277847191117	0.9929526585617156	0.9983875843649419	0.9722689471837676	0.980885022388691	0.9716300131877641	0.9738869097227518	0.9972088672806165	0.9795329645566706	0.9726617373180442	0.9809553987322551	0.984524138045798	0.9751273361132566	0.9643292475763496	0.9982166703877147	0.9725684799957843	0.9973003911953994	0.9925071728401396	0.261828772622701	0.9726343494799085	0.971836288677521	0.9819999500778647	0.9837038896277057	0.9742124436469229	0.9980641305297432	0.9812330906100624	0.9966025213451797	0.9982887801387558	0.8737122515853745	0.9722966817033988	0.9757409623600967	0.9981657082078924	0.9800034113459146	0.9751793383375652	0.9695970728987982	0.8642107518412254	0.9607560014033667	0.8572199194866895	0.9839687542901835	0.9746204877669967	0.9745085096439858	0.8491172795764385	0.9553148353332234	0.8911427038105844	0.9685944700141308	1.0	0.9801583779743539	0.8736436086492873	0.9725157844084851	0.9749241807569582	0.9913138951330078	0.9715360625025135	0.972421487041739	0.9865335039930775	0.864400733300699	0.9713034392191069	0.9710219338448504	0.9690943847304829	0.9666183854904087	0.9812920264642786	0.9719371729926795	0.25907092132687487	0.9531851709070436	0.974558431779322	0.9813228811173683	0.9724096998708958
scaffolds120320	0.976511019751838	0.9798112813966917	0.9800668479116762	0.9617675947184762	0.9628799997789695	0.9633593596746431	0.9804812800981375	0.979991214037647	0.9805020017074606	0.9812562682868202	0.981025222342868	0.9939517075987523	0.9556036066651747	0.9622086196369022	0.9630343757684263	0.9627166444254727	0.8502621974299679	0.9625336035431189	0.9673144241741057	0.9427696779309335	0.9636850343011706	0.9634678027634338	0.9806073365548529	0.96343292138774	0.9824809153978135	0.9698386615498106	0.9787679483672753	0.9799798171525194	0.9640424820619935	0.9674867588916426	0.9629425099670941	0.9796123539471903	0.9811889230565203	0.8647224271359144	0.9803959761397576	0.9767244523278656	0.871162357953368	0.8401044645398007	0.9629539068522218	0.980355914361733	0.9665252762190523	0.9617334040630932	0.9809274854188942	0.979480081007678	0.9629083193117111	0.9625498354704219	0.9802491980737192	0.9803165433040192	0.9781273052790372	0.9805213418761621	0.9803545329211114	0.9629394017256956	0.9961813527619142	0.9622707844648714	0.9611269516302381	0.9805123625121221	0.9759062941197598	0.9630440458527771	0.9622959957562144	0.9797294310398657	0.9622324494876237	0.9574281443660707	0.9797919412279902	0.9628268143150402	0.980533774841756	0.9818109166963677	0.25843922075697423	0.9627629226862942	0.9636280498755322	0.9768346222174332	0.98029029593221	0.9642310487068334	0.9798838070293224	0.9625664127578805	0.9783321038511802	0.9804284399943637	0.8762919923412932	0.962714226904385	0.9717844206652465	0.9800937860037962	0.9956602042874391	0.9621882433877345	0.9662113438378078	0.8642168198684316	0.9722105950969909	0.8506303513556077	0.979504256218555	0.9621502537706422	0.9629725563006125	0.8425054083400333	0.9666313017867553	0.8867981936282433	0.9794417460304303	0.98003887373909	1.0	0.8761110236198717	0.9628741286563279	0.9703701708289473	0.9792797721175551	0.9831257028079162	0.9630875612323555	0.980790722797362	0.8648906175315867	0.9632087826468955	0.9681059896502469	0.9803165433040192	0.9600069486463263	0.9626565517584358	0.9636346117184845	0.25802720609160057	0.9645391099654363	0.9619316407922838	0.9626251239842958	0.9630402468910679
scaffoldsTV126	0.8632003179529779	0.8647311899059573	0.8653969211736984	0.8532270918530059	0.8533806956530124	0.8629003428188846	0.8652822349284021	0.8637854588861865	0.8634369229094901	0.8649598735902718	0.8653239077082244	0.8671447671042652	0.8510635513336323	0.853436144558396	0.8529415816507518	0.8535732170077291	0.8567465475307328	0.8529567353888691	0.8647008824297229	0.8432683306848732	0.8535566856570558	0.8536365871853102	0.8654089752835643	0.8540071649629043	0.8683439788343607	0.8643017191915894	0.8627594819350222	0.8648744616117929	0.8542506579821971	0.8637868364987425	0.8533025161404532	0.865245039389387	0.865331484577283	0.8414347283726883	0.8654110417023985	0.8639662705341762	0.8851763378512137	0.8582202485626335	0.8532935616588384	0.8654110417023985	0.8603472823492703	0.8538787025920469	0.8654110417023985	0.8645262700382357	0.8534719624848549	0.8532239922247548	0.865195789740506	0.8654189629745961	0.8636773163005317	0.8649202672292836	0.8652905006037387	0.8531179160579341	0.8683811743733757	0.8535494531911362	0.8529381376193615	0.8653831450481372	0.8669401916396827	0.8535508308036923	0.854003032125236	0.8635877714843844	0.8533379896637729	0.8517279049888172	0.8654144857337888	0.8536476080857591	0.8653087539701072	0.8653624808597955	0.2538244246573361	0.8536538073422616	0.8631476242727066	0.8616642799529132	0.8641601695014489	0.8542165620714334	0.8653263185301976	0.8540378168422779	0.8648472537638097	0.8652505498396115	0.9992722761672339	0.8535956032117659	0.8634317568624047	0.865356281603293	0.8666877441387751	0.8533820732655686	0.8547765615754929	0.8406029947919358	0.8724892150157013	0.8565071873491084	0.8630153734673199	0.8528317170494019	0.8532842627740846	0.8502221744649869	0.8598193123371404	0.934432530391855	0.8653004882947705	0.8653276961427537	0.8684552210482667	1.0	0.8536854924310522	0.855973362483615	0.8643778322853146	0.8692015426505403	0.8534812613696087	0.8658019392651952	0.8411257987569802	0.8532828851615285	0.8529464032946982	0.8670008065921516	0.8528616801224973	0.85404057206739	0.8535429095314946	0.2562459231278418	0.86598447292888	0.8532870179991968	0.854040227664251	0.853461630390684
scaffolds5A9	0.987132955668892	0.9918153363687162	0.9936583066343022	0.9934153244327485	0.9935961401353667	0.9744009014497583	0.9939979133370586	0.9885560356388106	0.9892331176215027	0.9959595328063272	0.9934956080256595	0.9876270905261453	0.9668027343312892	0.9958550930881155	0.9935627478445098	0.9979879368573095	0.8666098760897343	0.9933343303655638	0.9803266121282932	0.9655867576121102	0.9972422941072198	0.9901780484053228	0.9933339751284271	0.9936469390459254	0.9768086987628156	0.9802648008664945	0.9876324190831969	0.9936238486320351	0.99585900069662	0.9761912966191016	0.9931350423318334	0.9933801559562078	0.9933584864908646	0.8764730351922775	0.9941634538427955	0.9867006320734375	0.88021616890247	0.8638205540917812	0.9934607947862556	0.9941417843774523	0.9759845486054989	0.9929069800900242	0.9933794454819342	0.990613924372145	0.993656885685755	0.9930529825532385	0.9938071509946107	0.9940813940642006	0.9858292353769297	0.9929886846314824	0.993945338240816	0.9981385574033018	0.987848048025219	0.9974330564496677	0.9943332571941736	0.993031668325032	0.9867340243642942	0.9984120899986181	0.9940451598762496	0.9895876442840036	0.994283879232162	0.987750357812606	0.9934735833231795	0.9974408716666767	0.9927872651749312	0.9969325273239524	0.2695095347423696	0.997790069772126	0.9804271442380004	0.9877361483271351	0.988679658162408	0.9949069651700645	0.9935417888534401	0.994417803632726	0.9926242113291517	0.9938227814286288	0.8822992794725155	0.9980540109647494	0.9810893062609479	0.9936128362807951	0.986261914209521	0.9943339676684473	0.9878633232221002	0.8757600742587711	0.9670176527990377	0.8668191107632944	0.9886334773346274	0.9934924108914285	0.9935165670167292	0.865265303527043	0.9765902279236993	0.8976934807946371	0.9761525757711932	0.9935762468557073	0.9864512556034218	0.8817653580559435	1.0	0.9802509466181603	0.9930337997478527	0.977430363752171	0.9982270114503586	0.99089420647306	0.8764790742236026	0.9968806627019834	0.9919769692659486	0.9753493846049461	0.9886665143883474	0.9944416045208899	0.9975811903357027	0.2674999582596364	0.9592979945797918	0.9938433851825617	0.994457234954908	0.9979041008930306
scaffoldsTV9	0.962144161856396	0.9589743153655409	0.9596348842983922	0.9421087183534078	0.9426985363397951	0.9596263805788652	0.959465830354197	0.9640183816401294	0.9644408464262268	0.9605791373146614	0.9586814472650337	0.9557986863454074	0.9226120705196453	0.9428342557034447	0.9422134841779795	0.9431199806795493	0.8295878417219692	0.9422509005438979	0.9468014109371439	0.9205630142624384	0.9431822279064863	0.9457122545401359	0.9594784158590968	0.942534244478535	0.9457847062305053	0.9540159665837837	0.9718152719999728	0.9595539288884958	0.9442809084693645	0.951281510532707	0.9420811663021406	0.9588804343019637	0.9592682039123913	0.841087251563834	0.9599651687648177	0.9603349104898483	0.8639064726911551	0.8345822462745205	0.9424468262417982	0.9597120980716966	0.9447159587603617	0.9402127290476855	0.959625700281303	0.9644010490188408	0.9421713057291259	0.9416080193476627	0.9593617448271874	0.9593974604492005	0.9612444683304477	0.9591001704145393	0.9598672059158676	0.9419614339312015	0.956327957848763	0.9419988502971199	0.9417148260649209	0.9598447560963165	0.9619149015779502	0.9429883431012724	0.9425886682835072	0.9648701141879458	0.9422117834340741	0.9397184928687808	0.9594777355615346	0.942499209154084	0.9584872223110389	0.9606202953171717	0.25222100146604126	0.9426679229494981	0.9480218647636476	0.9540146059886594	0.9791437774882734	0.9444390776525652	0.9594699121395699	0.9421876328706176	0.9577953596903286	0.9589780570021327	0.8482463629591583	0.9428733728132686	0.9564687794441289	0.9594270533931542	0.955061583936814	0.9423369581855103	0.9426322073274851	0.8402181714281827	0.936593886165809	0.8297953324784261	0.9635952365564698	0.9428832371279198	0.9418478242383218	0.8221698771042454	0.9324280840439608	0.8597889716962199	0.95759365146315	0.9592335087367214	0.9544210837820463	0.8475061992115351	0.9427563616325781	1.0	0.9611026262887387	0.9473572140454235	0.9421199432631833	0.9650976737224862	0.8410086771954053	0.9426600995275334	0.941905989679886	0.945991856838181	0.9424250567198093	0.9429856219110239	0.9432458357285477	0.2561055005459388	0.9289395181452367	0.9420723224338325	0.9429982074159238	0.9417811550772308
scaffoldsTV32	0.9853604321347696	0.9841873511901174	0.9857569713909502	0.9679574920941924	0.9680949544427728	0.9623732133770503	0.9860580793926025	0.985582645705783	0.9847527038568352	0.9849721612905338	0.9853490630683457	0.9743899720699934	0.9394927949402831	0.963673421155352	0.968110457715169	0.9659989120147949	0.8577020085006165	0.9675282237073974	0.9728330990042421	0.942879743183125	0.9656605961593916	0.9685965714340837	0.9851147913965795	0.967727699145563	0.9660443882804907	0.9756960366400894	0.97911605853071	0.9855285565109783	0.9667723530487874	0.9747813435687086	0.9674827474417017	0.9852698241205424	0.9853821367161244	0.8557420503525617	0.9859922766142093	0.9817233644306009	0.8743911089766359	0.845123342312599	0.9680088251516823	0.9860797839739572	0.9488729637743647	0.9665635756471841	0.985264656363077	0.9892937846002895	0.9681042564062106	0.9681772940450553	0.9857652398028949	0.9859753952731556	0.9815772891529115	0.9849197946815508	0.9859102815290912	0.9654356264510632	0.9761973091142361	0.964809983280582	0.9675695657671208	0.9845032734298372	0.9816765100962478	0.9662552327850802	0.9681841843883425	0.9849997226636827	0.9687974249409067	0.9574982955013294	0.9852887725645824	0.9654056534577637	0.9841342955468055	0.9845029289126728	0.25858459257227884	0.9653811927390941	0.974114358338504	0.9760381421843008	0.9847895671934219	0.9660047688065891	0.9856157193535617	0.968286505986158	0.9841787382610083	0.9852949738735408	0.8645761594811295	0.9657922017161779	0.980690501971844	0.9856419026580533	0.9748798754777162	0.9687171524416104	0.9637199309725409	0.8554044235314869	0.9552441196949094	0.8580778767269354	0.9851016997443338	0.968720597613254	0.9680539569002137	0.8530758320175649	0.9491186045125547	0.8811925668354685	0.9622143909642794	0.9856184754908767	0.974815106250816	0.8644666030228625	0.9660602360700513	0.9708597046867771	1.0	0.9656674865026788	0.9655152099160308	0.9871715588678202	0.855360669851613	0.964428258262469	0.9627149744040973	0.9641939865907029	0.9641929530392098	0.9680822073076913	0.9653091886517424	0.2603464533508256	0.9485377485734405	0.9683815927235219	0.9685293905870331	0.9655861804518894
scaffoldsIV22	0.9676321890721112	0.9704221231231731	0.9704852155681648	0.9530706607650964	0.9542298977763727	0.9563996538928732	0.9707885446306249	0.9712981374555579	0.9710887537370141	0.9722455641157906	0.9713879228580462	0.982878027744036	0.9691457144283409	0.9541921116417348	0.9542513908070841	0.9545037605870509	0.8495789445951267	0.954121739299244	0.95755403763915	0.9541300591821	0.955456040512283	0.9560675519022025	0.9714461620380385	0.9543831222856383	0.9955890754391512	0.9710887537370141	0.969790158687899	0.9704106832842461	0.9547745034416583	0.9577190486491284	0.9535653471332457	0.9702855383796196	0.9715574404712382	0.8717022064329334	0.970748678525273	0.9705295882767304	0.8694326117221602	0.8432024477095362	0.9541255525788863	0.970748678525273	0.9799040162847841	0.9529482891547554	0.9714537885973232	0.9710748872655873	0.9549083148909263	0.953788943985002	0.9707517984813441	0.970700492537065	0.9683820185145127	0.9711036601937978	0.9708058777199083	0.9541692319638806	0.9850009845194713	0.9537518511739355	0.953050207719742	0.9707691315706275	0.9671811820889562	0.9548219961062948	0.9533816163868413	0.9707611583495571	0.9534759083925431	0.9515699618949365	0.9700463417475081	0.9540017943214026	0.9707871579834823	0.9725038271461138	0.2588551286531219	0.9539224087724845	0.9610671081751169	0.9714565618916086	0.9712187519066399	0.9556584909951135	0.9704495094042409	0.9535494006911049	0.9692077668879755	0.9705379081595864	0.8751514912003372	0.954357122651713	0.9706817728006389	0.9704491627424553	0.983610524097154	0.9534766017161145	0.9692212866976166	0.8709520303287464	0.9823701682280314	0.8498853936136579	0.9700359418939382	0.9535376141903922	0.9541941916124488	0.841985664841839	0.981246637380679	0.8891271610895719	0.9927506087380956	0.970471349096738	0.9848054672723542	0.8748654952271605	0.9546770914798853	0.9611700667254605	0.9700092489364417	1.0	0.954567546355614	0.9767622205212684	0.8715170890393863	0.9552761230455209	0.959959870431691	0.9934678519726442	0.9620277079832049	0.9533805764014842	0.955422414319073	0.26207457665662737	0.9788668042220632	0.9531531662700856	0.9537119850685836	0.9545048005724079
scaffolds5A4	0.9858164946834945	0.991603853645038	0.9935657725957256	0.9932297278143839	0.9932915373196202	0.9739909864690468	0.9938400078718312	0.9882021994947962	0.9885208381511	0.9961475627339836	0.99319527079135	0.9867074041037959	0.9667894686549434	0.9958679990522542	0.9934922405981171	0.9978590466203522	0.8675749111665976	0.9929078921147056	0.9802095910590775	0.9657149068541413	0.9968619243146161	0.9899513374475729	0.9927999030940631	0.9935696800931831	0.9767059867479	0.9803673118655423	0.9868466531040982	0.9934119592867183	0.995661612141092	0.9758122355112658	0.9930322215792613	0.9934116040596768	0.9932016648780985	0.8774285540731931	0.9939007516959427	0.9864239329246091	0.8811097719051644	0.8639519505694467	0.9933664902253951	0.9938847664790713	0.9761592923308968	0.9926258418436852	0.9931252910641573	0.9904426164460884	0.9932958000441192	0.9929139309744126	0.9937899208589674	0.9937554638359334	0.9858267962677005	0.9926134088972296	0.9938638080836176	0.9980174778809002	0.9869876782396084	0.9973954753310805	0.9940495918263679	0.992688006575963	0.9853284127283533	0.9981958018557772	0.9937234934021906	0.9891453272902109	0.9939877823211316	0.9874576436156287	0.9932048619214728	0.9970569439604476	0.9926489316013883	0.9967468307531417	0.26936724472763146	0.997432063716364	0.980098049768019	0.9874718526972922	0.9881727156503444	0.9946904214093917	0.9933842515774745	0.9938495990019541	0.9921828737228255	0.9938726887596573	0.8808096050550229	0.9978203268728191	0.9810269684817703	0.993495792868533	0.9856953622623131	0.9939813882343831	0.9878984803742388	0.8769060150950179	0.9663703007458703	0.8679514518306803	0.9882434058316203	0.9931316851509058	0.9934499685801682	0.8667731637337346	0.976744706495433	0.8965657004846362	0.9758687166108783	0.9934840703761606	0.9860001470639952	0.8807122728456279	0.998031331735522	0.9796856311727359	0.9931121476636184	0.9770921185421056	1.0	0.990767649189141	0.8776015496424462	0.9968118373017523	0.9917377742397164	0.9755340927377029	0.9884806974954007	0.9941629092526343	0.9974231830403243	0.26636166872875966	0.9591890308731374	0.9937792640477198	0.99413733290564	0.9978373777708154
scaffoldsAR01673	0.9736643584150244	0.9529547452258317	0.9551652936857169	0.9362635801840526	0.9365252013913826	0.9547050279509264	0.9553240753147494	0.9637910889337914	0.9637261023598835	0.9563384018394551	0.954222318399374	0.949038466692036	0.9211478370860289	0.9521213091645808	0.9363928833671888	0.9376179137835853	0.8313075834641998	0.936037802087074	0.9420651393258548	0.9254289113877916	0.937522443816762	0.9477909924588775	0.9540246788189327	0.9376772056577177	0.9450712708426012	0.9554007862705478	0.9548477304276518	0.9550145516328379	0.9396877696607835	0.9489068186325217	0.9359319476677189	0.9546222873130129	0.9547087127566635	0.8412749829828972	0.9555619127759585	0.9606958521146766	0.8546752815191583	0.8231293246220059	0.9362689399014884	0.9553773375067667	0.9301401030137691	0.9358689709878495	0.954371720522894	0.9621520203454874	0.9363717794797858	0.9359935844182294	0.954863809579959	0.9554007862705478	0.960108628073128	0.9697041971947239	0.9554115057054192	0.937136209179052	0.9503247988766033	0.9366143066937511	0.9360746501444444	0.9540910053221994	0.9758829464510631	0.9378239279225199	0.9380600904720303	0.9638728246246858	0.9370571533468756	0.9340694458588144	0.9546165926132374	0.9369342148281943	0.9534297501835703	0.9567976626272263	0.2513191604538609	0.9371707123600443	0.964597391425524	0.9479544638406663	0.9627861419145982	0.94032725094733	0.9549787085224867	0.9381907335845254	0.9539905106202801	0.9547944682356346	0.8445913081462345	0.9374879406357697	0.9535992512474742	0.9546253021540705	0.9490431564447922	0.9370682077640867	0.9470704454461161	0.8407899285549666	0.9327399009524218	0.8317042025544413	0.9633335030577188	0.9366317257754171	0.9361955787690873	0.8242558702305215	0.9310820733530928	0.864213903643	0.9582230124827819	0.9549301360832257	0.9489691253477117	0.8445075625613018	0.9378125385229691	0.9479209656066933	0.9603608697749455	0.9465676369541798	0.9373760565342996	1.0	0.8411285957004346	0.9365389356673116	0.9373536127175375	0.9444180552801257	0.9463773669852126	0.938700576705596	0.9371770770244993	0.2537487873639302	0.928790124184653	0.9365891830182713	0.9386888523237055	0.9369901568789294
scaffoldsTV121	0.8749553519116441	0.8770854010280708	0.8785720235431311	0.8718642218102911	0.8715437438322107	0.8709800837760494	0.8782674282842287	0.8762270282938289	0.8760353768157477	0.8868896271019896	0.8778093000732723	0.8779811863897097	0.883412723399269	0.8710767918883776	0.8719256349911128	0.8712292659924864	0.9230256368264492	0.8708847874609814	0.8752299464787658	0.8892377988951274	0.8709754954349536	0.8720304609376875	0.8781378958855992	0.8731383688376815	0.8839901484787178	0.8732375475952151	0.8761462029006787	0.8781117776362843	0.8736247329938431	0.8863704386595267	0.8718984578938526	0.8782342510486124	0.8785621409623092	0.9962223834808426	0.8782155447349139	0.8746747572061662	0.8629307216966414	0.8444679430255098	0.871826103284264	0.8782130740897084	0.8821484589527006	0.8717844552650861	0.8781978972691605	0.8761709093527333	0.871926693839058	0.8712765612007053	0.8779049493376553	0.8782130740897084	0.8760364356636929	0.8770878716732762	0.8785490818376518	0.8708307862157763	0.8789712092184714	0.8708629046034473	0.8703592459308473	0.8778311829308064	0.8749087626020553	0.8715363318965943	0.8725874149568625	0.8755013645020521	0.8712627961774178	0.8684197894445566	0.877855183484231	0.8705117200349561	0.8779787157445043	0.8912478452444316	0.2528737133232719	0.8707672553390643	0.8714184468253621	0.875162180210273	0.8761207905499938	0.87318425224864	0.8782091916472426	0.8728789510911075	0.8773811725540965	0.8782681341828588	0.8642853411678669	0.8715246845691971	0.8729689531664495	0.8782526044129959	0.87861931875135	0.8716228044787856	0.8801761781801086	0.9976606519397389	0.8804073599814772	0.9227761016606971	0.8757812533088998	0.8712843260856368	0.8718645747596062	0.9173212699963434	0.8826238816800952	0.8743945154500034	0.8835355497609121	0.8785614350636791	0.8782787226623108	0.8640658066938955	0.8711237341472815	0.8680262509582574	0.8767437460910863	0.8847556955430972	0.871237736776048	0.8826884714047524	1.0	0.8710594973719394	0.8731729578705579	0.8846088686280296	0.8924030483526444	0.8729198932116552	0.8715299788089231	0.26530635294649146	0.8787604984773767	0.871932341028099	0.8728821276349431	0.8709363180609812
scaffolds5A2	0.985713981055288	0.9926641667703353	0.9932207787591747	0.9927647550160834	0.9940016705468375	0.9735346283033287	0.9931304981428495	0.9895114539089018	0.9898548045993353	0.9957234000959676	0.9937894755549237	0.9879848584478131	0.9679336757361958	0.9965672039666601	0.9939654161261086	0.9971017789546642	0.8692800654001315	0.9936146012902308	0.979815528976879	0.9656436048268141	0.997639197426647	0.9907732499244699	0.9936508557109599	0.9942380351525707	0.976404414508877	0.9799360216104782	0.9881966980042297	0.9927469832412164	0.9946073326343102	0.9763333274094084	0.993510103254012	0.9927221027564023	0.9938051147168068	0.8785882102045531	0.9934777586237538	0.9877086850663775	0.8813716255842471	0.8644276599904033	0.9940251292896621	0.9934063160887878	0.9760926975777071	0.993477047752759	0.9937766798770193	0.9898117969041568	0.9938847322682116	0.99348628907569	0.9931013524320674	0.9929705521690452	0.9868126321775755	0.9934855782046953	0.9931468481757273	0.997288027155272	0.9876176935790577	0.9966201638557642	0.9933483801027209	0.9934343954930779	0.9849672110753701	0.997458991629494	0.9933682844905721	0.9883811690273507	0.9932182907106932	0.9872746983241216	0.9924679663758019	0.9965355702073966	0.9933892551849153	0.9959725603796051	0.26910839005491477	0.9964971831736835	0.9798414757681849	0.9867024471733992	0.9892942828200252	0.9936217100001777	0.992650304785939	0.9933370061668059	0.9912921857505909	0.9931308535783469	0.8816758783699729	0.996994792869964	0.9807705841582399	0.992844017131991	0.9876990883079493	0.9931646199505945	0.9872366667259059	0.8780074286018945	0.967349695214061	0.8696294584940198	0.9885126801613677	0.9931468481757273	0.9939280953988875	0.8680836695160745	0.9776374202491603	0.8976178712968064	0.9770004798379214	0.9927519593381791	0.9874819172190726	0.881609767367467	0.9972627912349606	0.9794220618813201	0.9928049192272832	0.9787076365316604	0.9973992784659403	0.9901270681903002	0.8786994615152215	1.0	0.9922056549787627	0.9756622651904245	0.9872526613232864	0.9933736160230322	0.9981542234622972	0.2663939291617054	0.9590353480602107	0.992855391067906	0.9937749026995326	0.9973822175620679
scaffoldsAR99190	0.9810891103132281	0.9878044289589043	0.9882420843159333	0.986620351682282	0.9878699356264208	0.9673975086220938	0.9884255029849794	0.9841080824605013	0.983944846926852	0.990341484487313	0.9888624501618192	0.988193219882867	0.9646752639741656	0.987838421607994	0.9878940137528592	0.9881344409271495	0.8658756293951433	0.9873161387183355	0.9748071979434447	0.9653813196229649	0.9892944400773332	0.9855864086058057	0.9887300204664075	0.9898602760486378	0.9759282471832132	0.9741347808536404	0.9830196095094436	0.9881602895040614	0.9908315451783551	0.9712142457526893	0.9873773963047158	0.9877838917334126	0.9892703619508948	0.8751556225966135	0.988513317328461	0.9812272054501547	0.8783693442959627	0.8622019446628	0.9878132812112714	0.9883826580835228	0.975465097339367	0.9870272012010736	0.9890699469573038	0.9843562996168745	0.9877722067602881	0.9877187391559908	0.9883231709476159	0.9884003625882569	0.9805976332618072	0.9885519131487815	0.9885310218331952	0.9877909735353063	0.9876557111191372	0.9871766272210302	0.9860481420892732	0.9888642206122926	0.9806603072085661	0.9884655151656787	0.9888383720353807	0.9828383153809656	0.9869439900288229	0.9804797212602775	0.9878908269420071	0.987313305997578	0.9882332320635663	0.9903758312264973	0.2689370923537785	0.9875817062893483	0.9758266233260391	0.9859238564660392	0.9838871302414186	0.9895157463865106	0.9880848683138937	0.9887739276381482	0.987083855616223	0.9880090930336315	0.8787751315444702	0.9880016571416431	0.975146062164057	0.9880908878455034	0.9875459431897852	0.9870073721557713	0.9874609615670611	0.8745582726068821	0.9670320876443802	0.8662651284992954	0.9823124915903603	0.986259887965894	0.9877311323093048	0.8644861798636045	0.9774933254017152	0.8968616994908184	0.9753971120411877	0.9880377743313009	0.9871861876535866	0.8784975249102381	0.9882226093607257	0.9744187611095767	0.9863034410475401	0.977765620684527	0.987978287195394	0.9865413895911676	0.8752795541297528	0.9887643672055918	1.0	0.9753075272472328	0.9830327108429469	0.9888861741981629	0.9891666135531525	0.2642453985992196	0.9577896279929465	0.986967359975072	0.9889375172618922	0.9876404852450658
scaffoldsVV14	0.9674450825066268	0.967274236938891	0.968945612543738	0.9527624134206297	0.9519431863980591	0.9564371525692505	0.9689761083043075	0.9695995386823129	0.9692214605597982	0.9715010186623658	0.9684296104131933	0.9816592258166019	0.966999428551032	0.9533768336875578	0.9522873033326669	0.9541943279964598	0.8490147963351027	0.9518274411249886	0.9568464195378021	0.9541707630905651	0.9531384122867419	0.9537750112886295	0.9685325336051153	0.951506196010808	0.9962046639800364	0.9707289214515843	0.9682317345122256	0.9682740127257423	0.9536596125582928	0.957582822847008	0.9519577411928763	0.9681776738457615	0.9685540192546074	0.870097070085149	0.969217648589727	0.9692533424913027	0.8685965400480378	0.8412283276506101	0.952089427431699	0.96911333922687	0.9784440023329257	0.9505292920443839	0.9688645215440419	0.970706396173891	0.9525187938788078	0.952196509136426	0.9691559639831206	0.968600455980929	0.9664841195059548	0.9679330146757382	0.9689712567060351	0.9530479646332347	0.983430752271501	0.9530645986844545	0.9520291289960275	0.9682681214992687	0.9662574805580862	0.9535289659476713	0.9513738166865178	0.9705355506061553	0.9524536438448639	0.9503989919764961	0.9685107014128894	0.952932565902898	0.9679025189151688	0.9722488578817853	0.25236246845161586	0.9526698865107202	0.961485933657166	0.9703629723247508	0.9688173917322528	0.9549542962115601	0.968600455980929	0.9513457467250845	0.9679506883551592	0.968589713156183	0.871675225694619	0.9540768500097205	0.970945857202908	0.9685969905535916	0.9825138001980145	0.9521459138972993	0.9682546063326526	0.8692927444001294	0.9807450460849855	0.8492577227914572	0.9689435332873355	0.9523160663795676	0.9521954695082246	0.8408824780023336	0.9785774212854171	0.8875115355412495	0.9917914422658073	0.9689497710565429	0.9826676651717968	0.8718824582493978	0.9533567342090006	0.9607311635830716	0.9692245794444019	0.9941416950860587	0.9534464887770403	0.9763359828835613	0.8698364699493736	0.9526456285193581	0.9575329206933488	1.0	0.9608891870696589	0.9514413925195978	0.953101678756965	0.2593678298142496	0.9803430565138425	0.9521549240083766	0.9514646108827587	0.9531158870090486
scaffoldsIV18	0.9643503439542574	0.9606315459140224	0.9625106448865836	0.9603032133732954	0.9604165745031464	0.9479655133323749	0.96241871177518	0.9652599978986718	0.9646848975325982	0.9719299870602418	0.961218397128922	0.9573644643271879	0.9489228618984948	0.9598100233358033	0.9605230233689822	0.9616251838662228	0.8449824566739291	0.9601179646976852	0.9519362633959677	0.9630857452526571	0.9614630912750639	0.9667609960295955	0.9616051383005784	0.9619462585297338	0.9588626975525055	0.9552645185193378	0.9609332662382907	0.9620807020648315	0.9654901762903815	0.9637693681637709	0.9604867339829019	0.9620706792820093	0.9619054761720435	0.8675924722679967	0.962502695782966	0.961043171236134	0.8608654569283005	0.8402150681825723	0.9603412308253796	0.9624173293223769	0.957745675687632	0.9594917135778984	0.9616358978754466	0.9666739015030027	0.9604587393136398	0.9602741818644311	0.9623703259270728	0.9623126085225451	0.9705852060960639	0.9609291188798814	0.9624912905473407	0.9612218532609297	0.9592591158937834	0.9607853437883631	0.9598494232406906	0.9611001974142602	0.9628261897388823	0.9619718339065905	0.9628223879936739	0.9657113687388712	0.9610818799146197	0.9578535070062708	0.962476083566507	0.9619390006525177	0.961336251230383	0.9740897239518242	0.25760452725643945	0.9619383094261162	0.9607535473738926	0.9542124719362081	0.9725818135568852	0.9647014869662349	0.9619652672557759	0.9626416322896736	0.9610507747265509	0.9621605387142083	0.8551369181256152	0.961617580375806	0.9586003771331246	0.9621999386190956	0.9578331158274257	0.9610649448677823	0.9779993004788816	0.8669019370928677	0.945128720180493	0.8457977582145345	0.9736317864608103	0.9611520393943751	0.9603840868622745	0.844537998097745	0.9583954285050709	0.8711512513962774	0.9569168952321968	0.9624353012088167	0.9577418739424236	0.8549858851568808	0.9616939608931752	0.9526945387584468	0.9651068912507327	0.959414296220927	0.9616199996682113	0.9737959527311738	0.8676688527853659	0.9608610330793307	0.9617454572600891	0.95731573286588	1.0	0.9626257340824385	0.9612149409969144	0.2659887578938055	0.9448771137703359	0.960934303077893	0.9628655896437696	0.9615367068868269
scaffolds13109	0.9801012779403854	0.9963512126384929	0.997935048266923	0.9912170719619795	0.9917924345816231	0.9677105085923171	0.9982957970996076	0.9825065054804172	0.9828266612448446	0.992544994768789	0.9928559729699583	0.9800024426437595	0.9600663043647079	0.9872329505583488	0.9916014706692138	0.989068816193175	0.8645889369416688	0.9910868211603546	0.9844327348150156	0.9630006537248905	0.9887281874030178	0.9848552557080914	0.9971775463149259	0.9972908539228436	0.970753223795586	0.9739590172382877	0.9808566619931691	0.9979339893173164	0.9918076128593193	0.9697267486434855	0.9913332034355149	0.9970702394214465	0.9972830882923943	0.8734339900232828	0.9984698178183097	0.9796335751974236	0.8767781528812607	0.8608787305029728	0.9912488404501807	0.9979999971761344	0.9699547757921296	0.9905707597186865	0.9971860179117796	0.9837271213937471	0.9917426639501079	0.991162359565633	0.9978348010374882	0.9983134462597194	0.9795403876320333	0.9929346882240568	0.998014469487426	0.9886565318129641	0.9813088334752326	0.9880543424699505	0.9909597472075499	0.9973325059407073	0.9798104197817434	0.9891394128336221	0.9987539692961092	0.9833162489463452	0.9922622552237984	0.9805781582466053	0.9977493791025472	0.9886367647536389	0.9965742980223057	0.9915333449111824	0.26478046562720176	0.9886752399226826	0.9767468785695427	0.98126894637338	0.981943850256054	0.9912979051152914	0.9978037385156915	0.9981150697000631	0.9964235741949512	0.9976088917880576	0.8777580342506661	0.9887006547132435	0.9755202619417748	0.997333564890314	0.9791697552696862	0.9924532191362078	0.9834020238644884	0.8732864430447483	0.9607465029954154	0.8650471091381703	0.9825693364904151	0.9922011891298117	0.9911524760359705	0.8633150205648014	0.9703067000447583	0.8920524420083897	0.9693391730874311	0.9974800529192417	0.9794733208236086	0.8776351960962882	0.9890882302692979	0.9747567592753396	0.9908676185917664	0.9704274202999228	0.9887670155552638	0.9862357730120339	0.873426930359238	0.9878863224656865	0.9876339394760882	0.9686660341207682	0.9831231671347224	1.0	0.9883490834438171	0.2640120211959353	0.9526434206049003	0.9915033413389923	0.9988111525748713	0.9886918301331876
scaffolds5A18	0.9832608973086413	0.9907092822098069	0.9911119934204929	0.9911222739003431	0.9922768781373188	0.9714284195002978	0.9913463174612178	0.9867328635035876	0.9874929100138964	0.9932641587022489	0.9921350784152463	0.9857129690025808	0.9657117637049432	0.9946233090383143	0.9923009840900712	0.9949430674115879	0.8661775757919514	0.9920138396528743	0.9777987720144069	0.9632136071013301	0.995576557669947	0.9887013981452596	0.9920429085958992	0.9925622500779898	0.9739138141289243	0.9776006069028105	0.9855229573750035	0.9910673265080401	0.9929270298630215	0.9745994157851451	0.991851124471796	0.9908904313547545	0.9921574118714728	0.8763098749326451	0.9913924023708913	0.985152505601089	0.8794886702022064	0.8627116360851933	0.9923282805365702	0.9914399052777857	0.9733193187941351	0.9914824451944074	0.992122670939565	0.9876754771560647	0.9921403959048241	0.9917373301948328	0.9912718726071297	0.9912559201383965	0.9843243952241854	0.9917079067525028	0.9914012648535209	0.9951316610419444	0.9845190153427299	0.9945265307279998	0.9915717790193131	0.9917426476844106	0.9827844502424775	0.9953808740534869	0.9913353279827571	0.9863127818269476	0.99141898981878	0.9849614304755963	0.9907652931000255	0.9942074813533366	0.9916231814185644	0.9938675165196676	0.26881150562944894	0.9945669436487905	0.9773779813391565	0.9848185672556081	0.9869306741158788	0.9918752304245484	0.9909865006664587	0.9917032982615354	0.9899510081960239	0.9914016193528261	0.880289129633306	0.9950015597969428	0.9779877201440685	0.9910698080031763	0.984495618388588	0.9914625932333173	0.9850670712685403	0.8757040356200901	0.9651778877513401	0.8664076458410142	0.9854910524375372	0.9907160176966053	0.9922566716769236	0.8653026715067639	0.9755175689855647	0.8960604492215195	0.9745848813136326	0.9910389665636256	0.9848837951277616	0.8802639601826381	0.9952667252772185	0.9770748844332265	0.9903189784748022	0.975901137233771	0.9953149371827231	0.9880849238535493	0.8764860610873203	0.995480842857548	0.9905043816114121	0.9730938572360398	0.9857314029664502	0.9917213777260997	1.0	0.2650967074104535	0.956440543376535	0.9911641048183546	0.9917440656816313	0.9949476759025553
scaffoldsVV15	0.2505045805968251	0.24969441821511246	0.2497833746376673	0.24990396001046392	0.2496199583947517	0.24850800311281585	0.24998039664021476	0.2505352211423718	0.24959491880914367	0.24999423430594553	0.24935506593647722	0.24965191681322513	0.2534180681696129	0.2495708676282307	0.24990758416101244	0.24962259414060517	0.24905030782216886	0.24957416231054752	0.24923118588136375	0.2536302457108178	0.24934551135775834	0.25062483650139	0.24967036703419945	0.24935243019062373	0.2543593589075361	0.2501965278001999	0.2502228852587347	0.25002026229624863	0.24999390483771383	0.24938372967263378	0.24997809036259297	0.24941206394055865	0.24948125226921244	0.25270147476569865	0.24997841983082464	0.24951057494183237	0.24883154091633022	0.24956065411304845	0.2494347972485449	0.24950497398189375	0.25386219134592386	0.2496716849071262	0.2496631187331024	0.250526654968348	0.24989012234473315	0.2499971995200307	0.24957778646109607	0.24973263652998787	0.25017807757922556	0.2498163214608358	0.24966937862950442	0.2489590451219922	0.2504489004656704	0.24877487238048046	0.2493033394241027	0.25000906037637133	0.2504159536425019	0.2493339799696494	0.2500014826070426	0.250429461840001	0.24985585764863794	0.24896168086784567	0.24981236784205557	0.24926643898215403	0.24926413270453224	0.2493422166754415	0.26770776431424154	0.2490045117379647	0.25015369693008094	0.24970496119852637	0.2507226885662004	0.2499948932424089	0.2496957360880392	0.2494219479875092	0.24989868851875696	0.24928983122660364	0.24728073394979036	0.24915441978338124	0.2502291451551367	0.2496328076557874	0.2498331243406517	0.24998698600484845	0.25444765639362754	0.2522965583089582	0.25238320845389123	0.24908885560527597	0.250477564201827	0.24874291396200704	0.2495662550729871	0.24879694675200334	0.25427073195321287	0.25079648945009775	0.25384670633903467	0.24956987922353563	0.24980676688211692	0.24719408380485727	0.24892115627534847	0.24976327707553456	0.2499751251485078	0.25435540528875583	0.24895937459022388	0.2546199682787987	0.2522965583089582	0.24895937459022388	0.24967497958944304	0.2539063400889696	0.2547069478919634	0.2496324781875557	0.24923513950014398	1.0	0.2524830373280917	0.24958239901633963	0.24981928667492095	0.2489590451219922
scaffoldsVV8	0.9679808010114809	0.9669170846851248	0.9690381815026701	0.9516941847240902	0.9518121016563633	0.9683750307551999	0.9694331152280742	0.9698231210816819	0.9683190642112255	0.9722353143260625	0.9684412050336099	0.9821889113732817	0.9669677713664602	0.9521211496161716	0.9521422690667279	0.9533538215469787	0.8622934385739021	0.9511595106341714	0.9687671485538633	0.9525621941419572	0.9525678259954389	0.9545259510528574	0.9683225841196516	0.9507100183281632	0.9977029077611517	0.9692571198067711	0.9684570446215272	0.9686231842992372	0.9544309135253537	0.9693204781584402	0.952116221744375	0.968440149061082	0.9690494452096334	0.8818782090565132	0.9692335364203165	0.9671958614324689	0.8809535291129866	0.8531733558419744	0.9510584892623434	0.968900553083211	0.980191715332334	0.9509887950755073	0.9683127283760585	0.9696781008545282	0.9521862679220537	0.9519817612424996	0.9683194162020681	0.969478874037613	0.9695123131676606	0.9681289891562181	0.9689304723048325	0.9524872200924821	0.984901704797248	0.9519395223413868	0.9509187488978287	0.9682937208705579	0.9670202180020084	0.9537371395745768	0.9514147039950609	0.9696453657061658	0.9525125634331497	0.9488976174795837	0.9690916841107462	0.953542136647773	0.9674447189581916	0.9710536810674334	0.2593954275685564	0.9533777569242758	0.963316218365263	0.9696858446530655	0.9692775352756423	0.9543020848769599	0.9684922437057878	0.9513052348430103	0.9685130111655015	0.9679251864583491	0.8874921110052401	0.9529416402702867	0.9685594739567256	0.9683602471398104	0.9816936602577347	0.9525407227005582	0.9686098086472182	0.8809053063675495	0.9805060431547813	0.8628164969660149	0.9695668717482646	0.9517726786819914	0.9516772891636451	0.8550843141264837	0.9796081145152927	0.8925217081552407	0.991867955563268	0.9687643326271224	0.9830424891666019	0.887577996770836	0.9534555469004918	0.9598783238055278	0.9689406800392681	0.9947972233554372	0.9527198860394448	0.9764922915765424	0.8808268124096483	0.9516199146563002	0.9568374749162526	0.995046784862845	0.9642049952428438	0.9517571910849167	0.9523689511693664	0.26294455123455507	1.0	0.9517445194145829	0.9517849983614827	0.9523161525429754
scaffolds10101	0.984440593229251	0.9953220525413757	0.9968437088765536	0.9971226022277362	0.9974434184011346	0.9720285956280892	0.9971741175601202	0.9878306573782746	0.9880452453835157	0.9957498074392404	0.9964745748741605	0.985408370921762	0.965583139351461	0.9921767750407149	0.9976103991336898	0.9941375551746974	0.8685122656230015	0.9969467395413217	0.9835275283725134	0.9665587331633683	0.9938778468438509	0.9889561785713271	0.9963004885785179	0.9971524455927034	0.9755494021379219	0.9791586729081933	0.9863711747201118	0.996814576067895	0.9952389174532525	0.9746359820030298	0.9971641697717978	0.9966355158780913	0.9965026418483559	0.8772435815448631	0.9971851311829057	0.9847642516278845	0.8808258511754022	0.8636161773775924	0.9974885387267399	0.9971826442358251	0.9746125336448412	0.9962837905052624	0.9963989006272791	0.9891064612306267	0.9974523003549939	0.9978637124577574	0.9970611391070296	0.997115851942803	0.9848974809357742	0.9959363284702859	0.9971265102874343	0.9941595824202685	0.9866728058731742	0.9935158184045453	0.996252881305832	0.9960215952273354	0.9838007372732259	0.994547190886689	0.9974871176141225	0.9883188095623826	0.9981756466772966	0.9862304845709803	0.9965520255118137	0.9933356923802784	0.9958361400307528	0.9957093057296419	0.26443033279615275	0.9937087344423696	0.9802198887553043	0.986157652549334	0.9871897355877864	0.9954762432603734	0.9964561004101331	0.997788038210876	0.995752294386321	0.9970348485236061	0.8803313039845155	0.9941272521082206	0.9809190761631096	0.9966436872756419	0.9851138453317871	0.9981685411142092	0.9863882280715217	0.8764360342999742	0.9656087193785758	0.86875101254274	0.987458325872492	0.996725756529302	0.9974995523495255	0.8662924877144814	0.9753333930200633	0.8953457140664569	0.9742430443642937	0.9967637712918198	0.984931587638594	0.8801284401583688	0.994345037616851	0.9787429974675773	0.9967282434763826	0.9756790786642678	0.994345037616851	0.9906515659239932	0.8769920446115673	0.9932561100736989	0.9917191767778829	0.974378760619264	0.9871520761034229	0.9974174830958654	0.9936110329499172	0.2631467128244045	0.9578359439172117	1.0	0.9975400540591239	0.9939691533295247
scaffolds13545	0.9781324229337462	0.9948077597927618	0.9967496477550668	0.9900260458456259	0.990577293736124	0.9665629182633046	0.9969531474561656	0.9811291940953345	0.9816613969531475	0.9910347272063582	0.9918335605217634	0.9790427049589385	0.959656272428612	0.9857899368163406	0.9904563225099943	0.9875297358207087	0.862937484680211	0.9900211082445594	0.9835129973530932	0.9627320452072646	0.9871132139021684	0.9836886348767452	0.9959243630053767	0.996376506188754	0.9694912683815425	0.9725338886958914	0.9798094438674113	0.9966350248731654	0.9905716507634765	0.9683006011529298	0.9901297354680229	0.9958823933963112	0.9962777541674235	0.8728056330974453	0.9972236574574529	0.9780946855541663	0.8770777160773581	0.8606302142389834	0.9902866806447802	0.9970310910158585	0.9689551859800345	0.9897280263526823	0.9962939777137849	0.9823678265914505	0.9905610701897626	0.9899138917642578	0.9967196694628772	0.996995117065231	0.9784188037956045	0.9914861650181545	0.996973955917803	0.9870790033804933	0.9809521458285206	0.9867273756473989	0.9894356498323861	0.9959324747785574	0.9779052932846862	0.9878432734884328	0.9971157356055703	0.9820571104100502	0.9911634575198782	0.9799011421729324	0.9964414003741996	0.9870920527547405	0.9955713245291203	0.9906196160309799	0.2645213965651931	0.9874115860809026	0.9756138937040296	0.9798108546105732	0.9808763183835705	0.990041211334616	0.9965736575456243	0.9969231691639759	0.9947005433124602	0.9966449000752984	0.8768498810567171	0.9874535556899681	0.9743029606208681	0.9964548024342373	0.979105835715432	0.991238226907457	0.9829010875066349	0.8724490677632843	0.9597864134852939	0.863340251852923	0.9810583042514509	0.990458438624737	0.990159361074422	0.8611595956104726	0.9697868190739529	0.8906913875893397	0.9688271610380954	0.9964957139859314	0.9788487277741823	0.8767197400000353	0.9878439788600137	0.9733775131066857	0.9896557257656368	0.9700083057503655	0.9875293831349182	0.9849628886376982	0.872721341193524	0.9866004087628312	0.9864279454112933	0.9683436288193666	0.9826256399042811	0.9974215141859042	0.9870998118421308	0.2630630408216168	0.9521306630316518	0.9902820957295041	1.0	0.9871731704865477
scaffolds5A13	0.9855507268286763	0.9910410673639339	0.9926738678812063	0.9922150087051939	0.9922806614101917	0.9729439879511317	0.9929886459857097	0.987742462537147	0.9880444649801374	0.9950994691712641	0.9922561747256249	0.9857015506104282	0.9652257139997829	0.9946001537337935	0.9924105473022417	0.9969565535239888	0.8666295462723813	0.9918938427699338	0.9792597781719306	0.964201176922329	0.9958922699440497	0.9890033493525934	0.9920091786030382	0.9926763520376115	0.9754728591717539	0.9796079149481628	0.9863956948859737	0.992477264645699	0.9945841841569022	0.9752574473234634	0.9916276831550773	0.9924964281379687	0.9922565296051113	0.8754649808471541	0.9928339185296066	0.9859684199842575	0.8796255879465892	0.8632425764534621	0.992355540981838	0.9928850211756589	0.9747943295936133	0.9915978732782135	0.9921340961822774	0.9897627914536502	0.9923612190536216	0.9919378478262567	0.9928530820218762	0.9928257563014176	0.9852434011933887	0.9918587097007727	0.9929048944269016	0.9970626624904448	0.9860809167814701	0.9964476563403833	0.9933935634797779	0.9914076578734627	0.9850592187399081	0.997254652292628	0.9931511807905153	0.9885593951150129	0.9930511047753293	0.9861135656942259	0.9922142989462208	0.9963869719481961	0.9916745272472921	0.9957105716469744	0.2726748473485889	0.996316705809874	0.9790422370467213	0.9860876594917132	0.9877967590985777	0.9936778219484446	0.9924627145867535	0.9931266941059486	0.9910446161587987	0.9928679869603082	0.8798118996769887	0.9968543482318839	0.9806164824487252	0.9926859337837464	0.9846787879304068	0.9930642353163289	0.986719344977639	0.8748631052380922	0.9653857646481832	0.8670035892511262	0.9881821582208897	0.9925233989789407	0.9923267957434335	0.8660077974120768	0.9752123776286811	0.8954404373818695	0.9741307049539047	0.992491459825158	0.985040410127125	0.8794896691032692	0.9971063126672813	0.9792633269667953	0.9923417006818654	0.9759877893066293	0.9971535116389825	0.9897549841049478	0.8756346132416892	0.9959185310260489	0.9907983297951849	0.9740920230898789	0.9869961509770897	0.9928530820218762	0.9963891012251149	0.2669460277984199	0.9571213311671489	0.9929726764088184	0.9931834748237846	1.0
