	scaffoldsTV46	scaffolds13110	scaffolds130651	scaffolds10102	scaffolds101A	scaffoldsAR01802	scaffolds13216	scaffoldsTV28	scaffoldsTV2	scaffolds5A20	scaffolds131098	scaffolds12801	scaffoldsAR991107	scaffolds5D62	scaffolds10109	scaffolds5A1	scaffoldsTV147	scaffolds106A	scaffolds13108	scaffoldsIV12	scaffolds5A7	scaffoldsAR00128	scaffolds134VP	scaffolds13872	scaffoldsIV30	scaffoldsTV7	scaffoldsTV29	scaffolds13435	scaffoldsAR9984	scaffoldsTV163	scaffolds10650	scaffolds117A	scaffolds13213	scaffoldsTV135	scaffolds131096	scaffoldsTV3	scaffoldsARL04446	E_faecalis_reference_sequence	scaffolds10641	scaffoldsEF13431	scaffoldsVV10	scaffoldsAR011155	scaffolds13985	scaffoldsTV154	scaffolds10104	scaffolds10217	scaffolds13988	scaffolds13107	scaffoldsTV5	scaffolds13217	scaffolds13433	scaffolds5A6	scaffolds12327	scaffolds5A16	scaffoldsTV105	scaffolds13986	scaffoldsTV70	scaffolds5A19	scaffoldsEF13212	scaffoldsTV19	scaffolds10646	scaffolds121VP	scaffolds132VP	scaffolds5A8	scaffolds131VP	scaffolds5A12	scaffoldsARL09542	scaffolds5A15	scaffoldsAR0036	scaffoldsAR96360	scaffoldsTV33	scaffoldsAR991024	scaffolds13105	scaffolds13219	scaffolds113A	scaffolds13761	scaffoldsTV112	scaffolds5A5	scaffoldsTV30	scaffolds13432	scaffolds12768	scaffolds10212	scaffoldsIV23	scaffoldsTV103	scaffoldsVV9	scaffoldsTV148	scaffoldsTV13	scaffoldsTV102	scaffolds10105	scaffoldsTV106	scaffoldsAR01912	scaffoldsAR01215	scaffoldsVV5	scaffolds13106	scaffolds120320	scaffoldsTV126	scaffolds5A9	scaffoldsTV9	scaffoldsTV32	scaffoldsIV22	scaffolds5A4	scaffoldsAR01673	scaffoldsTV121	scaffolds5A2	scaffoldsAR99190	scaffoldsVV14	scaffoldsIV18	scaffolds13109	scaffolds5A18	scaffoldsVV15	scaffoldsVV8	scaffolds10101	scaffolds13545	scaffolds5A13
scaffoldsTV46	2942900.0	2833468.0	2840098.0	2789601.0	2789597.0	2844941.0	2839661.0	2868429.0	2864399.0	2845051.0	2835256.0	2834367.0	2729252.0	2841386.0	2789795.0	2795799.0	2473982.0	2787409.0	2800825.0	2737481.0	2792715.0	2812146.0	2836764.0	2787036.0	2801630.0	2841322.0	2854721.0	2838877.0	2795452.0	2840672.0	2790096.0	2838471.0	2838508.0	2489112.0	2840544.0	2854971.0	2543259.0	2447019.0	2788022.0	2838929.0	2758957.0	2785387.0	2836587.0	2877027.0	2789808.0	2788818.0	2837686.0	2839793.0	2858775.0	2883091.0	2839376.0	2791177.0	2837727.0	2791457.0	2788253.0	2836253.0	2921244.0	2793756.0	2789449.0	2869480.0	2789831.0	2780511.0	2838066.0	2792958.0	2834240.0	2844042.0	737780.0	2793182.0	2879350.0	2824551.0	2866154.0	2797526.0	2839482.0	2788466.0	2836244.0	2836884.0	2510863.0	2794348.0	2856226.0	2837740.0	2833313.0	2790864.0	2804649.0	2485782.0	2773794.0	2475215.0	2866975.0	2790848.0	2788341.0	2460710.0	2758537.0	2550952.0	2845406.0	2838734.0	2832502.0	2509798.0	2793563.0	2828958.0	2868279.0	2804350.0	2791710.0	2916600.0	2488354.0	2790699.0	2790009.0	2800855.0	2803317.0	2790268.0	2791240.0	756769.0	2752901.0	2789325.0	2790698.0	2790741.0
scaffolds13110	2826484.0	2884297.0	2878794.0	2810410.0	2813290.0	2793807.0	2879943.0	2838710.0	2840541.0	2862004.0	2868887.0	2832786.0	2733377.0	2803685.0	2813404.0	2802994.0	2470826.0	2813168.0	2841628.0	2732083.0	2805426.0	2797557.0	2881444.0	2830605.0	2798938.0	2807800.0	2834494.0	2879875.0	2811529.0	2802393.0	2813070.0	2877103.0	2881868.0	2491536.0	2879595.0	2830533.0	2524593.0	2442214.0	2812970.0	2879258.0	2754403.0	2810530.0	2881442.0	2838038.0	2813189.0	2810843.0	2879269.0	2879174.0	2829338.0	2869837.0	2879688.0	2802329.0	2829428.0	2801117.0	2808092.0	2881741.0	2826635.0	2803863.0	2829169.0	2837923.0	2811103.0	2780551.0	2877801.0	2802356.0	2879095.0	2861219.0	753463.0	2801999.0	2801653.0	2833228.0	2837381.0	2809417.0	2878692.0	2828398.0	2872791.0	2878217.0	2522045.0	2802533.0	2810828.0	2878918.0	2830076.0	2811440.0	2792289.0	2492161.0	2776574.0	2471695.0	2833899.0	2809158.0	2812816.0	2449262.0	2762839.0	2567573.0	2795667.0	2878238.0	2830355.0	2520099.0	2803195.0	2813239.0	2858042.0	2807696.0	2802342.0	2842761.0	2491568.0	2803488.0	2803095.0	2796234.0	2788575.0	2829184.0	2805684.0	759434.0	2749336.0	2810598.0	2829227.0	2802372.0
scaffolds130651	2829068.0	2874903.0	2888315.0	2811594.0	2811748.0	2795544.0	2881854.0	2837602.0	2839406.0	2866352.0	2865633.0	2829903.0	2731214.0	2800441.0	2811889.0	2805327.0	2473093.0	2810209.0	2843035.0	2734032.0	2802486.0	2796465.0	2878468.0	2828576.0	2802481.0	2810210.0	2834715.0	2881102.0	2813489.0	2800828.0	2811611.0	2879895.0	2879942.0	2494267.0	2882087.0	2827208.0	2525853.0	2442961.0	2811556.0	2881678.0	2757684.0	2810026.0	2878416.0	2839235.0	2811966.0	2810469.0	2880070.0	2881535.0	2828520.0	2865300.0	2881941.0	2803947.0	2833294.0	2802607.0	2808814.0	2876835.0	2827476.0	2805861.0	2829609.0	2840982.0	2813452.0	2782211.0	2879865.0	2804806.0	2876932.0	2863407.0	756550.0	2805126.0	2804643.0	2833789.0	2836300.0	2811000.0	2880861.0	2830570.0	2876065.0	2880374.0	2519815.0	2804788.0	2813825.0	2880230.0	2830006.0	2813627.0	2794242.0	2494264.0	2773591.0	2473878.0	2838377.0	2811542.0	2811182.0	2450883.0	2761028.0	2563737.0	2794325.0	2881506.0	2829683.0	2518737.0	2805655.0	2814414.0	2859755.0	2802973.0	2804452.0	2847377.0	2494255.0	2801216.0	2801564.0	2798164.0	2790004.0	2830387.0	2803740.0	753955.0	2755331.0	2812230.0	2831602.0	2803802.0
scaffolds10102	2776352.0	2808826.0	2810891.0	2834692.0	2815031.0	2739858.0	2811296.0	2786933.0	2786712.0	2805705.0	2810810.0	2778833.0	2723800.0	2799634.0	2815007.0	2802108.0	2449454.0	2813566.0	2773031.0	2724934.0	2802025.0	2789282.0	2811790.0	2812110.0	2749801.0	2760439.0	2785960.0	2811275.0	2804860.0	2749265.0	2813526.0	2809015.0	2811930.0	2472655.0	2812366.0	2778297.0	2483887.0	2432236.0	2814237.0	2811575.0	2746728.0	2810196.0	2811371.0	2788765.0	2814930.0	2812881.0	2810297.0	2811841.0	2777113.0	2809392.0	2811753.0	2799583.0	2779743.0	2799759.0	2808439.0	2811158.0	2772954.0	2802466.0	2811964.0	2786556.0	2813453.0	2778192.0	2810411.0	2799528.0	2808386.0	2806239.0	745655.0	2800358.0	2763619.0	2781658.0	2785214.0	2805563.0	2809604.0	2811962.0	2807450.0	2809946.0	2479677.0	2802706.0	2763911.0	2809278.0	2776603.0	2814615.0	2780037.0	2471460.0	2723608.0	2450403.0	2783293.0	2810292.0	2814431.0	2444532.0	2750395.0	2520509.0	2745843.0	2810326.0	2776646.0	2479556.0	2802113.0	2761027.0	2808969.0	2751746.0	2800906.0	2792202.0	2471775.0	2799654.0	2796363.0	2746679.0	2781717.0	2812867.0	2802534.0	745340.0	2699372.0	2813305.0	2812787.0	2799981.0
scaffolds101A	2771997.0	2804336.0	2804559.0	2808589.0	2818457.0	2736082.0	2805603.0	2784307.0	2783953.0	2802086.0	2807761.0	2776310.0	2722440.0	2797052.0	2811439.0	2798031.0	2449714.0	2811455.0	2766506.0	2722248.0	2801541.0	2787084.0	2807231.0	2807818.0	2747132.0	2754971.0	2781854.0	2804898.0	2800900.0	2746186.0	2810126.0	2803499.0	2807520.0	2472117.0	2806394.0	2775577.0	2483741.0	2435306.0	2810912.0	2805448.0	2745711.0	2806650.0	2807237.0	2783225.0	2811829.0	2810875.0	2804536.0	2805883.0	2775843.0	2807451.0	2805454.0	2797698.0	2775986.0	2795993.0	2803523.0	2807279.0	2768572.0	2798857.0	2806122.0	2781663.0	2809373.0	2775047.0	2804586.0	2796315.0	2805692.0	2802213.0	739243.0	2796769.0	2757792.0	2776036.0	2782368.0	2799849.0	2803284.0	2805736.0	2801504.0	2804571.0	2481478.0	2797803.0	2759253.0	2803606.0	2774858.0	2809933.0	2778541.0	2470479.0	2721340.0	2450811.0	2778726.0	2805742.0	2810612.0	2445230.0	2749609.0	2522801.0	2748241.0	2803772.0	2775054.0	2481847.0	2798773.0	2756909.0	2804109.0	2750087.0	2798224.0	2787781.0	2470811.0	2799869.0	2794123.0	2744074.0	2779402.0	2807316.0	2800810.0	734599.0	2697549.0	2807655.0	2807336.0	2797185.0
scaffoldsAR01802	2828840.0	2784869.0	2791476.0	2738297.0	2738455.0	2896432.0	2791005.0	2792156.0	2789108.0	2795723.0	2788596.0	2778861.0	2682738.0	2789287.0	2739283.0	2744557.0	2437795.0	2737320.0	2792214.0	2676465.0	2742254.0	2741128.0	2788899.0	2737479.0	2756020.0	2772948.0	2788695.0	2789941.0	2748389.0	2793735.0	2739207.0	2790109.0	2789415.0	2464151.0	2791634.0	2792107.0	2542360.0	2456714.0	2738458.0	2790937.0	2751562.0	2735449.0	2788535.0	2795567.0	2739073.0	2738434.0	2790634.0	2790973.0	2788549.0	2834506.0	2791204.0	2741710.0	2782937.0	2739915.0	2739257.0	2787776.0	2830415.0	2744861.0	2738977.0	2790746.0	2740441.0	2743183.0	2791013.0	2743880.0	2785732.0	2794332.0	734874.0	2744947.0	2805750.0	2783784.0	2833617.0	2746181.0	2789917.0	2739891.0	2787117.0	2788168.0	2502423.0	2743768.0	2767174.0	2789223.0	2778170.0	2740408.0	2739299.0	2461488.0	2725889.0	2439026.0	2791450.0	2739600.0	2738518.0	2418737.0	2712792.0	2510985.0	2835401.0	2790650.0	2776874.0	2501292.0	2744407.0	2808972.0	2789822.0	2758287.0	2742553.0	2844043.0	2463183.0	2740219.0	2735740.0	2756643.0	2744210.0	2740310.0	2742562.0	744776.0	2747626.0	2739806.0	2740478.0	2741188.0
scaffolds13216	2826625.0	2874579.0	2879218.0	2810829.0	2810823.0	2794096.0	2885425.0	2836128.0	2838901.0	2863058.0	2865445.0	2827227.0	2725937.0	2799531.0	2811234.0	2805008.0	2471544.0	2809281.0	2841600.0	2732623.0	2803087.0	2795416.0	2877079.0	2828497.0	2798550.0	2809559.0	2832193.0	2879219.0	2813465.0	2800057.0	2810857.0	2877317.0	2878182.0	2493307.0	2880276.0	2827409.0	2520684.0	2442684.0	2810752.0	2879721.0	2754427.0	2809172.0	2877383.0	2838337.0	2811066.0	2809896.0	2879373.0	2880131.0	2827380.0	2864608.0	2879737.0	2805079.0	2830119.0	2802970.0	2808816.0	2876716.0	2826384.0	2805631.0	2829863.0	2839588.0	2813100.0	2781559.0	2877597.0	2803676.0	2875924.0	2863231.0	748146.0	2803973.0	2802273.0	2832167.0	2834933.0	2810461.0	2878909.0	2830314.0	2873421.0	2879794.0	2520248.0	2804558.0	2813927.0	2878957.0	2827307.0	2813118.0	2795462.0	2493523.0	2770019.0	2472382.0	2836604.0	2811480.0	2810776.0	2449122.0	2755935.0	2568318.0	2791785.0	2878868.0	2827850.0	2520137.0	2805190.0	2812212.0	2859224.0	2800828.0	2805258.0	2846583.0	2493443.0	2802016.0	2800942.0	2794133.0	2788925.0	2830814.0	2803279.0	748130.0	2748610.0	2810913.0	2830885.0	2805069.0
scaffoldsTV28	2859239.0	2834946.0	2835694.0	2785229.0	2789071.0	2797163.0	2836023.0	2886415.0	2874586.0	2842692.0	2836732.0	2830438.0	2733633.0	2791015.0	2788950.0	2789755.0	2474201.0	2787240.0	2798081.0	2730747.0	2791848.0	2821938.0	2836824.0	2787007.0	2799917.0	2843790.0	2853148.0	2834521.0	2790628.0	2829834.0	2788741.0	2835952.0	2838034.0	2485208.0	2836957.0	2863709.0	2543750.0	2452751.0	2786901.0	2835320.0	2756513.0	2783362.0	2837384.0	2866594.0	2789082.0	2788110.0	2834610.0	2835949.0	2869867.0	2836383.0	2835393.0	2788191.0	2830191.0	2787038.0	2784236.0	2837574.0	2863033.0	2790094.0	2785731.0	2873007.0	2786318.0	2779566.0	2835479.0	2788710.0	2835688.0	2841417.0	731993.0	2789007.0	2816541.0	2821061.0	2875696.0	2795032.0	2835467.0	2784050.0	2832602.0	2833742.0	2511017.0	2788732.0	2844054.0	2834790.0	2830157.0	2786365.0	2799053.0	2482747.0	2774765.0	2475611.0	2871428.0	2786305.0	2787962.0	2453304.0	2759839.0	2551862.0	2795464.0	2835275.0	2829354.0	2510815.0	2789403.0	2824243.0	2858381.0	2805560.0	2789051.0	2874024.0	2484429.0	2790330.0	2787437.0	2797504.0	2795829.0	2786141.0	2791409.0	747365.0	2752530.0	2785226.0	2785963.0	2788430.0
scaffoldsTV2	2858831.0	2841679.0	2841290.0	2789843.0	2793073.0	2798430.0	2842300.0	2878344.0	2885190.0	2843149.0	2843893.0	2833547.0	2736100.0	2791352.0	2793298.0	2792328.0	2477982.0	2792982.0	2803984.0	2733284.0	2794897.0	2822484.0	2843687.0	2794028.0	2797673.0	2844618.0	2852896.0	2841338.0	2794259.0	2830542.0	2791999.0	2840028.0	2844117.0	2486041.0	2842445.0	2866892.0	2541755.0	2455757.0	2793141.0	2842338.0	2757319.0	2789169.0	2843887.0	2865176.0	2793146.0	2792404.0	2840860.0	2841884.0	2869972.0	2842974.0	2842194.0	2792668.0	2831387.0	2791369.0	2789518.0	2843642.0	2866642.0	2793159.0	2791596.0	2876601.0	2790891.0	2784267.0	2840602.0	2792133.0	2842589.0	2845917.0	730294.0	2792421.0	2818443.0	2824128.0	2876445.0	2796730.0	2841738.0	2791751.0	2835053.0	2842251.0	2516881.0	2791879.0	2842346.0	2842214.0	2833401.0	2790871.0	2799742.0	2484098.0	2774529.0	2479086.0	2874637.0	2790727.0	2793290.0	2454327.0	2761780.0	2550677.0	2795287.0	2841235.0	2832429.0	2516058.0	2792704.0	2827672.0	2859671.0	2806723.0	2793167.0	2876845.0	2486368.0	2794555.0	2789901.0	2797226.0	2797726.0	2791644.0	2795328.0	752503.0	2748064.0	2790645.0	2791568.0	2792856.0
scaffolds5A20	2836407.0	2857972.0	2864585.0	2807722.0	2808629.0	2799410.0	2864698.0	2842162.0	2841042.0	2905113.0	2860289.0	2838624.0	2734253.0	2809351.0	2809099.0	2812355.0	2466801.0	2807113.0	2825599.0	2761055.0	2810923.0	2800279.0	2861651.0	2812782.0	2808262.0	2815595.0	2838477.0	2863490.0	2818936.0	2828301.0	2809856.0	2863513.0	2862768.0	2511890.0	2864559.0	2832003.0	2520967.0	2433637.0	2808472.0	2864200.0	2759639.0	2806534.0	2861317.0	2844113.0	2808855.0	2808593.0	2863268.0	2864636.0	2830970.0	2859550.0	2864265.0	2811365.0	2842781.0	2809574.0	2806694.0	2860992.0	2831426.0	2813152.0	2814467.0	2842433.0	2810625.0	2787524.0	2862279.0	2811207.0	2860137.0	2895077.0	741436.0	2811774.0	2808506.0	2837443.0	2837515.0	2814196.0	2863454.0	2814111.0	2862989.0	2862982.0	2515213.0	2812057.0	2818503.0	2862269.0	2837045.0	2810808.0	2799659.0	2509335.0	2777935.0	2467676.0	2839795.0	2809142.0	2808486.0	2444270.0	2763166.0	2567736.0	2801128.0	2864404.0	2837682.0	2515572.0	2812784.0	2813344.0	2856939.0	2808337.0	2811862.0	2851281.0	2510957.0	2808504.0	2806148.0	2803389.0	2820818.0	2815482.0	2810919.0	755905.0	2758534.0	2809712.0	2815689.0	2810846.0
scaffolds131098	2825559.0	2863306.0	2864419.0	2807139.0	2811532.0	2792134.0	2865374.0	2837360.0	2839834.0	2861596.0	2871075.0	2829939.0	2730292.0	2801255.0	2811579.0	2800847.0	2472822.0	2810304.0	2827411.0	2730537.0	2803751.0	2796303.0	2867568.0	2816877.0	2798573.0	2807145.0	2833941.0	2864179.0	2809808.0	2802071.0	2811206.0	2863137.0	2867554.0	2495468.0	2865682.0	2831240.0	2522592.0	2444124.0	2811450.0	2865573.0	2753420.0	2809789.0	2867876.0	2837095.0	2811847.0	2810231.0	2865179.0	2865511.0	2829973.0	2866836.0	2865398.0	2801410.0	2828387.0	2799608.0	2804975.0	2866813.0	2824812.0	2802109.0	2814010.0	2838576.0	2809562.0	2777578.0	2863787.0	2799968.0	2866565.0	2861747.0	746071.0	2800895.0	2799583.0	2830565.0	2837011.0	2806763.0	2864077.0	2814906.0	2859996.0	2865236.0	2517786.0	2801007.0	2812640.0	2864139.0	2830673.0	2809712.0	2790303.0	2494442.0	2773818.0	2473682.0	2833282.0	2807438.0	2811459.0	2450778.0	2759141.0	2564942.0	2794794.0	2864173.0	2830661.0	2517515.0	2802125.0	2810988.0	2856162.0	2804218.0	2801896.0	2844377.0	2495349.0	2802094.0	2801335.0	2795449.0	2785402.0	2815089.0	2803875.0	746542.0	2749040.0	2808320.0	2815313.0	2800874.0
scaffolds12801	2830699.0	2838150.0	2839144.0	2786492.0	2790351.0	2792020.0	2839939.0	2838868.0	2839285.0	2842447.0	2840620.0	2889412.0	2761549.0	2790221.0	2790529.0	2788590.0	2452654.0	2789816.0	2801847.0	2728604.0	2791492.0	2792819.0	2840678.0	2788330.0	2839576.0	2809026.0	2833445.0	2838999.0	2791815.0	2803025.0	2789322.0	2835768.0	2842238.0	2491626.0	2839923.0	2830809.0	2518584.0	2425847.0	2789080.0	2838572.0	2791262.0	2786177.0	2840701.0	2839754.0	2790429.0	2788158.0	2838646.0	2838999.0	2830880.0	2839934.0	2840024.0	2787839.0	2880922.0	2786942.0	2785208.0	2841021.0	2830600.0	2789551.0	2785798.0	2838174.0	2788181.0	2773961.0	2837838.0	2787128.0	2838174.0	2843774.0	725344.0	2787976.0	2793068.0	2832799.0	2838456.0	2793809.0	2838852.0	2786406.0	2833412.0	2838409.0	2528287.0	2788623.0	2811403.0	2839222.0	2879537.0	2788264.0	2795555.0	2488815.0	2815032.0	2453576.0	2833083.0	2786413.0	2790125.0	2429660.0	2798030.0	2567426.0	2835349.0	2837963.0	2877831.0	2527705.0	2789037.0	2808665.0	2836748.0	2843674.0	2788191.0	2841700.0	2490790.0	2788423.0	2804309.0	2837578.0	2779513.0	2787338.0	2790241.0	749596.0	2788308.0	2787166.0	2787274.0	2787200.0
scaffoldsAR991107	2716258.0	2721783.0	2723393.0	2716967.0	2720333.0	2686955.0	2722683.0	2727396.0	2726184.0	2728889.0	2724903.0	2746542.0	2810671.0	2722706.0	2720405.0	2721227.0	2430745.0	2719914.0	2688687.0	2745038.0	2723698.0	2728343.0	2725159.0	2719846.0	2783357.0	2727810.0	2722970.0	2721773.0	2718994.0	2691743.0	2720315.0	2722737.0	2724972.0	2505371.0	2723034.0	2726181.0	2454884.0	2424243.0	2720320.0	2723034.0	2789786.0	2717516.0	2725118.0	2725971.0	2721231.0	2718962.0	2722644.0	2722770.0	2719793.0	2723875.0	2723005.0	2721453.0	2749731.0	2721509.0	2715266.0	2724881.0	2712120.0	2721998.0	2715798.0	2723970.0	2717920.0	2715617.0	2722683.0	2720650.0	2724457.0	2730404.0	735578.0	2721262.0	2716037.0	2725457.0	2727824.0	2726108.0	2723067.0	2717345.0	2719758.0	2723056.0	2478099.0	2721280.0	2726326.0	2723279.0	2749140.0	2717832.0	2750772.0	2502989.0	2748255.0	2431673.0	2723554.0	2714971.0	2720436.0	2423518.0	2791385.0	2505681.0	2780664.0	2723148.0	2751813.0	2478865.0	2721672.0	2698349.0	2724108.0	2792349.0	2722196.0	2747428.0	2505687.0	2723347.0	2727306.0	2778186.0	2743150.0	2716973.0	2724065.0	747098.0	2737994.0	2717589.0	2716776.0	2721242.0
scaffolds5D62	2830123.0	2798260.0	2801233.0	2799535.0	2801506.0	2789579.0	2799237.0	2789547.0	2788247.0	2807045.0	2797597.0	2782314.0	2724625.0	2863785.0	2800328.0	2809575.0	2444870.0	2799696.0	2762704.0	2719770.0	2809196.0	2791814.0	2800039.0	2800453.0	2747958.0	2761840.0	2787028.0	2800022.0	2805427.0	2751989.0	2799882.0	2800637.0	2800116.0	2471566.0	2801030.0	2781540.0	2478177.0	2435820.0	2800516.0	2800834.0	2745707.0	2797858.0	2800395.0	2790714.0	2800050.0	2798906.0	2799771.0	2799069.0	2780012.0	2845868.0	2801076.0	2806325.0	2779383.0	2807462.0	2799231.0	2801033.0	2825333.0	2809226.0	2800796.0	2788868.0	2799172.0	2780156.0	2800286.0	2807324.0	2798947.0	2805557.0	762023.0	2807299.0	2809775.0	2781321.0	2788751.0	2801443.0	2800839.0	2798987.0	2797661.0	2799113.0	2482629.0	2808961.0	2766004.0	2799228.0	2776148.0	2799362.0	2780247.0	2469450.0	2726315.0	2445633.0	2787142.0	2798974.0	2799078.0	2440559.0	2752507.0	2528352.0	2798866.0	2799952.0	2776430.0	2480265.0	2808559.0	2764309.0	2796754.0	2753590.0	2807589.0	2838030.0	2471592.0	2808038.0	2796725.0	2747096.0	2782956.0	2801625.0	2810670.0	758471.0	2697968.0	2798686.0	2801981.0	2806612.0
scaffolds10109	2771070.0	2806656.0	2807058.0	2809686.0	2812701.0	2736140.0	2807218.0	2784863.0	2784719.0	2803907.0	2808895.0	2777061.0	2722058.0	2796067.0	2816892.0	2797281.0	2443627.0	2810833.0	2768461.0	2722076.0	2799745.0	2788241.0	2808216.0	2809715.0	2746123.0	2754363.0	2781297.0	2806728.0	2801450.0	2744868.0	2811935.0	2804502.0	2809965.0	2464958.0	2807917.0	2774407.0	2483833.0	2432911.0	2812176.0	2807128.0	2744115.0	2808017.0	2808947.0	2782572.0	2812849.0	2812173.0	2806207.0	2807499.0	2775676.0	2807862.0	2807729.0	2796198.0	2776569.0	2795016.0	2803372.0	2808601.0	2768683.0	2798595.0	2807509.0	2782067.0	2809789.0	2774603.0	2805923.0	2795439.0	2806508.0	2802477.0	741328.0	2796231.0	2759037.0	2775409.0	2782623.0	2802091.0	2805501.0	2806664.0	2803477.0	2806044.0	2478601.0	2797425.0	2758897.0	2805115.0	2775897.0	2810753.0	2778295.0	2463540.0	2721591.0	2444675.0	2779247.0	2805526.0	2812421.0	2437850.0	2750006.0	2520635.0	2746968.0	2805985.0	2775473.0	2477592.0	2797924.0	2756135.0	2804842.0	2751605.0	2797532.0	2787827.0	2463937.0	2797785.0	2795328.0	2744473.0	2779967.0	2808725.0	2800235.0	740320.0	2696689.0	2809855.0	2808761.0	2796241.0
scaffolds5A1	2779108.0	2793697.0	2797369.0	2797778.0	2797570.0	2742468.0	2799311.0	2787356.0	2786226.0	2805054.0	2797645.0	2780322.0	2721290.0	2805001.0	2799630.0	2816144.0	2443278.0	2796550.0	2759263.0	2717979.0	2807230.0	2788025.0	2796761.0	2798310.0	2749360.0	2762436.0	2784957.0	2796712.0	2802502.0	2750483.0	2797448.0	2796306.0	2798940.0	2470061.0	2797931.0	2779827.0	2475832.0	2433634.0	2797437.0	2797945.0	2747664.0	2797164.0	2796782.0	2789791.0	2799339.0	2798266.0	2797717.0	2798805.0	2779498.0	2795219.0	2797943.0	2810154.0	2779584.0	2809444.0	2798943.0	2794939.0	2775749.0	2810723.0	2798491.0	2787223.0	2799653.0	2778124.0	2796128.0	2808695.0	2795196.0	2807339.0	765134.0	2808216.0	2759985.0	2778761.0	2785276.0	2801234.0	2796700.0	2798348.0	2792226.0	2797315.0	2478965.0	2811026.0	2764857.0	2796931.0	2777038.0	2799480.0	2779419.0	2468345.0	2721365.0	2444039.0	2784932.0	2796648.0	2799104.0	2440817.0	2749268.0	2522397.0	2746362.0	2796579.0	2777951.0	2477899.0	2810350.0	2761314.0	2797331.0	2750590.0	2810532.0	2789981.0	2470505.0	2806981.0	2792795.0	2746266.0	2780834.0	2797946.0	2808512.0	757914.0	2697992.0	2799176.0	2798698.0	2810426.0
scaffoldsTV147	2460833.0	2460828.0	2462138.0	2436791.0	2437898.0	2435515.0	2462084.0	2462763.0	2462890.0	2460917.0	2461453.0	2447591.0	2423552.0	2436192.0	2436991.0	2436551.0	2862582.0	2438026.0	2456134.0	2425080.0	2437410.0	2446197.0	2463273.0	2439044.0	2446184.0	2456270.0	2447769.0	2461203.0	2439335.0	2455644.0	2436720.0	2461819.0	2462225.0	2599652.0	2463424.0	2460392.0	2508923.0	2436736.0	2436678.0	2463060.0	2426722.0	2436330.0	2462845.0	2460508.0	2438048.0	2436691.0	2461027.0	2463189.0	2469386.0	2460992.0	2462099.0	2435890.0	2449674.0	2435664.0	2437553.0	2462840.0	2461982.0	2436549.0	2440306.0	2462199.0	2437954.0	2416548.0	2463276.0	2438358.0	2462566.0	2462632.0	753353.0	2437428.0	2455858.0	2450526.0	2468968.0	2435968.0	2461959.0	2440067.0	2461576.0	2461612.0	2485767.0	2436122.0	2453590.0	2461715.0	2449233.0	2437814.0	2441080.0	2597264.0	2443046.0	2857630.0	2469990.0	2439230.0	2436684.0	2775710.0	2425350.0	2521704.0	2439406.0	2461406.0	2449909.0	2485521.0	2437027.0	2425653.0	2477042.0	2445434.0	2436113.0	2465712.0	2597876.0	2435971.0	2434246.0	2443135.0	2441767.0	2440237.0	2436085.0	751339.0	2434721.0	2436747.0	2440499.0	2436964.0
scaffolds106A	2773094.0	2803962.0	2804254.0	2806720.0	2811389.0	2735017.0	2805190.0	2784772.0	2784981.0	2800698.0	2807995.0	2775942.0	2721993.0	2795957.0	2810309.0	2797422.0	2446893.0	2816151.0	2766512.0	2720908.0	2801293.0	2786664.0	2807697.0	2807824.0	2745521.0	2754009.0	2782190.0	2804146.0	2799774.0	2746510.0	2808978.0	2804034.0	2807101.0	2465561.0	2805718.0	2775345.0	2477263.0	2428577.0	2810021.0	2805445.0	2743185.0	2805985.0	2807532.0	2783598.0	2810252.0	2809442.0	2805307.0	2805104.0	2776521.0	2807393.0	2805406.0	2797015.0	2776488.0	2794974.0	2803326.0	2806470.0	2770710.0	2798080.0	2806285.0	2782217.0	2808303.0	2773630.0	2803761.0	2796154.0	2805603.0	2801947.0	734213.0	2796140.0	2757421.0	2775150.0	2782601.0	2799225.0	2803821.0	2806134.0	2801720.0	2804381.0	2477659.0	2797038.0	2760135.0	2803545.0	2775920.0	2808239.0	2777471.0	2463862.0	2721565.0	2448391.0	2780562.0	2805921.0	2809854.0	2440865.0	2746710.0	2520646.0	2745409.0	2804048.0	2776720.0	2477570.0	2798128.0	2754201.0	2804235.0	2750084.0	2797483.0	2788129.0	2464491.0	2799453.0	2793763.0	2741667.0	2778506.0	2806568.0	2800295.0	741276.0	2694346.0	2806680.0	2806623.0	2797089.0
scaffolds13108	2785941.0	2831254.0	2836897.0	2766710.0	2766839.0	2791069.0	2836297.0	2793965.0	2792961.0	2820435.0	2821326.0	2785316.0	2686618.0	2757247.0	2767086.0	2759762.0	2465129.0	2765374.0	2843716.0	2693267.0	2759028.0	2752337.0	2834151.0	2784109.0	2759086.0	2769705.0	2789604.0	2835519.0	2770391.0	2795497.0	2767066.0	2835679.0	2834434.0	2480117.0	2836590.0	2785641.0	2519414.0	2442577.0	2767118.0	2836419.0	2713320.0	2765659.0	2834361.0	2797548.0	2767556.0	2765898.0	2836003.0	2836062.0	2791085.0	2820260.0	2836413.0	2759175.0	2789649.0	2757432.0	2765423.0	2833133.0	2784756.0	2760807.0	2784859.0	2794793.0	2768583.0	2737843.0	2836437.0	2759730.0	2832978.0	2818565.0	757119.0	2760441.0	2770836.0	2790489.0	2795078.0	2766186.0	2834486.0	2785916.0	2831717.0	2835572.0	2517028.0	2759818.0	2772967.0	2834910.0	2784648.0	2768612.0	2749702.0	2480554.0	2730290.0	2465903.0	2792564.0	2766627.0	2766873.0	2446299.0	2716022.0	2543778.0	2751118.0	2836626.0	2784359.0	2516959.0	2760372.0	2770028.0	2816391.0	2761320.0	2759835.0	2802434.0	2480759.0	2757049.0	2756043.0	2757746.0	2749295.0	2785630.0	2758835.0	742812.0	2749719.0	2767291.0	2785786.0	2758751.0
scaffoldsIV12	2722538.0	2717859.0	2723533.0	2715065.0	2715435.0	2675295.0	2723588.0	2725370.0	2724444.0	2739395.0	2721344.0	2718002.0	2737216.0	2713819.0	2715067.0	2717059.0	2425797.0	2714390.0	2689169.0	2829638.0	2715551.0	2728963.0	2722194.0	2718690.0	2741173.0	2726248.0	2714360.0	2721754.0	2719101.0	2719253.0	2714397.0	2723421.0	2722485.0	2503655.0	2724584.0	2718918.0	2472625.0	2432923.0	2713795.0	2724382.0	2735435.0	2715107.0	2723005.0	2730288.0	2716278.0	2712944.0	2723702.0	2723889.0	2718661.0	2719759.0	2723917.0	2714074.0	2721990.0	2714329.0	2713069.0	2721919.0	2717204.0	2715963.0	2719189.0	2727656.0	2716328.0	2702111.0	2723529.0	2714158.0	2720761.0	2752986.0	723157.0	2715291.0	2731399.0	2712196.0	2727549.0	2723387.0	2722706.0	2719606.0	2720129.0	2722572.0	2455242.0	2717054.0	2730788.0	2722780.0	2719614.0	2716193.0	2789047.0	2501246.0	2706535.0	2426758.0	2726752.0	2713952.0	2715268.0	2414805.0	2739433.0	2493054.0	2740631.0	2723495.0	2715753.0	2451936.0	2715851.0	2691750.0	2727200.0	2743196.0	2714695.0	2752900.0	2502063.0	2712331.0	2725215.0	2741205.0	2782297.0	2720263.0	2713803.0	745701.0	2695470.0	2715016.0	2720410.0	2713698.0
scaffolds5A7	2778100.0	2791404.0	2792714.0	2794657.0	2798490.0	2742336.0	2792782.0	2785787.0	2784644.0	2803062.0	2795211.0	2776521.0	2722499.0	2806813.0	2798097.0	2806736.0	2439916.0	2797475.0	2756643.0	2717478.0	2818345.0	2788968.0	2794071.0	2795301.0	2748516.0	2758992.0	2781060.0	2791602.0	2798456.0	2750502.0	2797096.0	2792296.0	2794788.0	2468133.0	2793168.0	2780453.0	2482315.0	2435487.0	2798209.0	2793277.0	2746897.0	2796923.0	2795234.0	2787553.0	2797691.0	2796988.0	2792849.0	2792732.0	2779504.0	2794205.0	2792843.0	2807507.0	2776331.0	2805215.0	2796474.0	2794134.0	2775802.0	2807671.0	2793344.0	2782283.0	2796356.0	2778233.0	2792743.0	2806656.0	2794627.0	2806244.0	755463.0	2806822.0	2758337.0	2778941.0	2785909.0	2797309.0	2791516.0	2792681.0	2788714.0	2792657.0	2484177.0	2806721.0	2761071.0	2791892.0	2778024.0	2796226.0	2778282.0	2466580.0	2723303.0	2441043.0	2782404.0	2793598.0	2797962.0	2435203.0	2751821.0	2527147.0	2752561.0	2792467.0	2776229.0	2482954.0	2807743.0	2756701.0	2795028.0	2754597.0	2807562.0	2788115.0	2467957.0	2808449.0	2794567.0	2747061.0	2778955.0	2793734.0	2808868.0	754022.0	2699087.0	2794881.0	2793607.0	2807243.0
scaffoldsAR00128	2793724.0	2786542.0	2789046.0	2785622.0	2789049.0	2739215.0	2788548.0	2813851.0	2812637.0	2794501.0	2789847.0	2779262.0	2724739.0	2788561.0	2789094.0	2788699.0	2454306.0	2787652.0	2751336.0	2732335.0	2791032.0	2836070.0	2790069.0	2792305.0	2750071.0	2787548.0	2785440.0	2787653.0	2794246.0	2770846.0	2788927.0	2786783.0	2790819.0	2473189.0	2788729.0	2804559.0	2503235.0	2449096.0	2789012.0	2788513.0	2747365.0	2786679.0	2790056.0	2804734.0	2789662.0	2787848.0	2788403.0	2788381.0	2803522.0	2789336.0	2788823.0	2787393.0	2777643.0	2785849.0	2783318.0	2789557.0	2798506.0	2789700.0	2789245.0	2809016.0	2786572.0	2774669.0	2788694.0	2788361.0	2788619.0	2794125.0	742316.0	2788919.0	2783113.0	2763849.0	2812587.0	2797355.0	2787700.0	2790268.0	2783888.0	2787077.0	2483257.0	2788518.0	2782238.0	2786910.0	2776218.0	2786677.0	2794427.0	2471505.0	2724765.0	2456792.0	2808570.0	2783646.0	2788837.0	2451871.0	2755546.0	2521007.0	2752424.0	2788668.0	2776905.0	2483025.0	2789056.0	2762116.0	2804936.0	2755115.0	2787999.0	2819131.0	2473206.0	2788098.0	2787643.0	2747130.0	2794506.0	2790361.0	2790489.0	743551.0	2704620.0	2785103.0	2790419.0	2787005.0
scaffolds134VP	2828631.0	2877335.0	2878369.0	2809633.0	2813283.0	2793607.0	2878959.0	2839006.0	2841637.0	2863233.0	2869247.0	2831315.0	2729697.0	2802055.0	2813166.0	2802373.0	2471010.0	2813125.0	2841345.0	2730958.0	2805435.0	2797178.0	2886372.0	2830608.0	2797990.0	2808464.0	2835034.0	2878152.0	2811067.0	2803502.0	2812836.0	2876770.0	2881151.0	2493310.0	2879789.0	2832446.0	2522026.0	2444235.0	2813092.0	2879431.0	2752639.0	2811000.0	2881823.0	2838836.0	2813317.0	2811640.0	2879106.0	2879091.0	2831043.0	2868346.0	2879289.0	2802633.0	2828731.0	2800642.0	2807495.0	2880751.0	2828123.0	2803314.0	2827898.0	2840315.0	2810933.0	2779536.0	2877780.0	2801344.0	2880112.0	2862346.0	750100.0	2802435.0	2801586.0	2833064.0	2838217.0	2807919.0	2877950.0	2828826.0	2874652.0	2878869.0	2521504.0	2802352.0	2813077.0	2877949.0	2830821.0	2811015.0	2790597.0	2494113.0	2775411.0	2472334.0	2834893.0	2808995.0	2812992.0	2448030.0	2758942.0	2567333.0	2796212.0	2878140.0	2829330.0	2520032.0	2803391.0	2812427.0	2857405.0	2804805.0	2803132.0	2844390.0	2493164.0	2803422.0	2802586.0	2796037.0	2787542.0	2829112.0	2805465.0	747735.0	2748258.0	2810469.0	2829152.0	2801862.0
scaffolds13872	2773292.0	2820665.0	2822059.0	2804491.0	2807674.0	2737423.0	2822429.0	2783454.0	2785664.0	2805531.0	2812384.0	2776984.0	2721661.0	2795456.0	2807826.0	2797345.0	2447426.0	2806266.0	2784978.0	2724424.0	2800745.0	2790131.0	2824347.0	2830768.0	2745061.0	2756452.0	2779845.0	2821652.0	2805347.0	2748596.0	2806515.0	2820136.0	2824592.0	2472018.0	2822542.0	2776119.0	2481104.0	2436992.0	2807987.0	2822543.0	2743354.0	2806169.0	2824650.0	2783572.0	2807932.0	2807518.0	2822222.0	2822112.0	2776436.0	2811478.0	2822576.0	2797665.0	2775587.0	2796062.0	2803032.0	2822581.0	2771891.0	2798313.0	2823436.0	2782247.0	2805324.0	2776503.0	2820567.0	2795923.0	2823350.0	2804972.0	759048.0	2796590.0	2762572.0	2775780.0	2783185.0	2804134.0	2821472.0	2824526.0	2815747.0	2822643.0	2485711.0	2797252.0	2760381.0	2821947.0	2775773.0	2805651.0	2781878.0	2472453.0	2721738.0	2448100.0	2779436.0	2804085.0	2807592.0	2443344.0	2748970.0	2524519.0	2745819.0	2821580.0	2775141.0	2484759.0	2798141.0	2757078.0	2803209.0	2749098.0	2798136.0	2789566.0	2472465.0	2799703.0	2798043.0	2741416.0	2780699.0	2822425.0	2800353.0	751067.0	2694845.0	2805605.0	2823500.0	2797399.0
scaffoldsIV30	2791777.0	2795571.0	2799859.0	2748452.0	2748715.0	2760251.0	2800922.0	2799927.0	2797360.0	2807717.0	2798922.0	2836153.0	2796430.0	2750367.0	2749760.0	2753145.0	2458486.0	2747389.0	2762784.0	2755587.0	2751761.0	2755393.0	2797861.0	2747360.0	2896642.0	2801605.0	2795586.0	2798270.0	2753114.0	2761923.0	2748694.0	2798182.0	2799524.0	2518281.0	2800934.0	2796939.0	2507883.0	2426123.0	2747932.0	2799827.0	2831077.0	2745054.0	2798717.0	2800295.0	2751778.0	2749302.0	2799622.0	2801198.0	2792995.0	2797486.0	2799410.0	2752161.0	2844927.0	2750403.0	2747795.0	2798334.0	2790129.0	2754285.0	2748956.0	2800056.0	2750931.0	2742595.0	2798249.0	2752457.0	2796202.0	2806886.0	735061.0	2752028.0	2775286.0	2802258.0	2798779.0	2756462.0	2798452.0	2748553.0	2797416.0	2797969.0	2525907.0	2753236.0	2800482.0	2798395.0	2837004.0	2751046.0	2797823.0	2516108.0	2835139.0	2459411.0	2799100.0	2749092.0	2749273.0	2434613.0	2826514.0	2565000.0	2864318.0	2798651.0	2840991.0	2526825.0	2754050.0	2772961.0	2800259.0	2876540.0	2752751.0	2819740.0	2516771.0	2750242.0	2764205.0	2874649.0	2777768.0	2749333.0	2751154.0	749290.0	2836791.0	2749311.0	2749596.0	2752623.0
scaffoldsTV7	2820373.0	2791980.0	2797446.0	2750496.0	2750620.0	2766312.0	2800672.0	2833454.0	2830619.0	2807231.0	2796533.0	2789846.0	2724033.0	2753859.0	2752823.0	2757567.0	2465319.0	2749238.0	2761762.0	2723605.0	2754671.0	2784596.0	2795422.0	2748708.0	2790705.0	2861498.0	2811178.0	2798628.0	2752563.0	2791706.0	2751693.0	2797294.0	2800344.0	2473894.0	2799767.0	2829116.0	2521308.0	2450546.0	2750207.0	2799113.0	2750317.0	2749716.0	2795685.0	2826374.0	2752937.0	2751500.0	2796899.0	2800764.0	2823425.0	2794055.0	2798029.0	2755610.0	2791834.0	2755010.0	2750666.0	2795513.0	2818636.0	2756982.0	2748994.0	2832711.0	2752578.0	2750677.0	2795652.0	2753943.0	2794033.0	2807268.0	732447.0	2754363.0	2803719.0	2789552.0	2828298.0	2758661.0	2797215.0	2748489.0	2794324.0	2798217.0	2506131.0	2756958.0	2828950.0	2798377.0	2790856.0	2752443.0	2757139.0	2471631.0	2761002.0	2466488.0	2829743.0	2747992.0	2751950.0	2444181.0	2751279.0	2522951.0	2783869.0	2798031.0	2791581.0	2506000.0	2756431.0	2782599.0	2820645.0	2791397.0	2756424.0	2836347.0	2473633.0	2753589.0	2748613.0	2788240.0	2756592.0	2749887.0	2754894.0	739985.0	2745175.0	2751537.0	2749963.0	2755080.0
scaffoldsTV29	2853903.0	2839863.0	2842432.0	2793524.0	2794584.0	2801186.0	2842752.0	2860954.0	2857352.0	2849241.0	2842425.0	2837541.0	2736179.0	2799767.0	2794082.0	2798907.0	2453123.0	2793174.0	2803579.0	2728498.0	2797951.0	2802868.0	2842167.0	2793406.0	2804700.0	2828529.0	2894492.0	2841005.0	2797997.0	2819880.0	2795430.0	2843200.0	2844348.0	2480269.0	2843855.0	2846556.0	2522306.0	2434303.0	2793437.0	2841854.0	2761657.0	2789903.0	2841895.0	2856877.0	2794842.0	2794184.0	2839918.0	2842839.0	2850579.0	2841093.0	2842346.0	2794944.0	2837320.0	2795915.0	2791242.0	2842180.0	2847288.0	2797549.0	2792455.0	2859807.0	2793194.0	2786319.0	2841414.0	2796038.0	2840169.0	2849536.0	722576.0	2796202.0	2809218.0	2826033.0	2858880.0	2802370.0	2842403.0	2791825.0	2839725.0	2840285.0	2512008.0	2798220.0	2833252.0	2842071.0	2836527.0	2793704.0	2794568.0	2478119.0	2779433.0	2454694.0	2857225.0	2793118.0	2794325.0	2430347.0	2764824.0	2549278.0	2800524.0	2841915.0	2836413.0	2510854.0	2796762.0	2856452.0	2846449.0	2809121.0	2795316.0	2858456.0	2479986.0	2796011.0	2792970.0	2802858.0	2794859.0	2793026.0	2798134.0	756407.0	2754905.0	2792502.0	2792620.0	2795235.0
scaffolds13435	2825840.0	2876630.0	2880314.0	2811926.0	2811973.0	2794243.0	2881313.0	2835820.0	2837991.0	2864805.0	2865604.0	2827179.0	2727698.0	2800551.0	2812039.0	2805501.0	2472391.0	2810348.0	2842287.0	2734824.0	2803471.0	2796487.0	2877802.0	2829056.0	2800409.0	2809295.0	2831901.0	2888475.0	2814638.0	2799354.0	2811656.0	2878147.0	2878968.0	2494684.0	2881429.0	2826727.0	2523630.0	2442635.0	2811438.0	2880421.0	2756749.0	2809682.0	2878059.0	2837807.0	2811932.0	2810690.0	2879983.0	2880994.0	2826796.0	2866563.0	2880623.0	2804677.0	2829858.0	2802811.0	2809408.0	2877890.0	2825585.0	2805914.0	2831005.0	2839200.0	2813677.0	2781942.0	2878932.0	2804084.0	2876116.0	2863153.0	750996.0	2804267.0	2803322.0	2832877.0	2834480.0	2811345.0	2879985.0	2830968.0	2875549.0	2879998.0	2518498.0	2804842.0	2813033.0	2879336.0	2826567.0	2813939.0	2796715.0	2494891.0	2770694.0	2473523.0	2836266.0	2812484.0	2811161.0	2450507.0	2758638.0	2565863.0	2793693.0	2879561.0	2826828.0	2518207.0	2805506.0	2812556.0	2859430.0	2802812.0	2805099.0	2845915.0	2494741.0	2801623.0	2802032.0	2795968.0	2790884.0	2831933.0	2803926.0	749171.0	2751472.0	2812269.0	2832016.0	2804792.0
scaffoldsAR9984	2778851.0	2801489.0	2807146.0	2800880.0	2800957.0	2747145.0	2807477.0	2786449.0	2786186.0	2808715.0	2803301.0	2778573.0	2720476.0	2799360.0	2800505.0	2802871.0	2451999.0	2799385.0	2772693.0	2724956.0	2801171.0	2794868.0	2804652.0	2806213.0	2748957.0	2759965.0	2781226.0	2806937.0	2828566.0	2753156.0	2800983.0	2804077.0	2804913.0	2476161.0	2807914.0	2774995.0	2484481.0	2440156.0	2799762.0	2806729.0	2747147.0	2798142.0	2804314.0	2788137.0	2800695.0	2798689.0	2806176.0	2807428.0	2776921.0	2803556.0	2806754.0	2800992.0	2781041.0	2799201.0	2798144.0	2804835.0	2776475.0	2803751.0	2808919.0	2786615.0	2801691.0	2777693.0	2807750.0	2803131.0	2802074.0	2809186.0	753861.0	2803777.0	2770670.0	2781147.0	2785113.0	2809483.0	2805616.0	2808782.0	2802348.0	2804502.0	2491292.0	2802580.0	2762203.0	2804642.0	2775599.0	2802637.0	2789139.0	2474237.0	2722311.0	2452873.0	2786815.0	2799936.0	2799562.0	2448342.0	2751782.0	2532810.0	2746675.0	2806384.0	2775684.0	2490312.0	2803127.0	2762491.0	2798171.0	2750934.0	2801572.0	2796018.0	2476088.0	2798341.0	2801742.0	2745724.0	2791419.0	2808898.0	2801740.0	750558.0	2703503.0	2800854.0	2808928.0	2800608.0
scaffoldsTV163	2830485.0	2791235.0	2794569.0	2747124.0	2749113.0	2792363.0	2793334.0	2822491.0	2823056.0	2818444.0	2791091.0	2789561.0	2689382.0	2752793.0	2747441.0	2754027.0	2466890.0	2747142.0	2794454.0	2718813.0	2753598.0	2778025.0	2793116.0	2748250.0	2754288.0	2796427.0	2807831.0	2793077.0	2757911.0	2884488.0	2746507.0	2792387.0	2793601.0	2498505.0	2795684.0	2816302.0	2531590.0	2449240.0	2746509.0	2794953.0	2715149.0	2744201.0	2793922.0	2837344.0	2748020.0	2747136.0	2793316.0	2793513.0	2818765.0	2792093.0	2793591.0	2750108.0	2789875.0	2750310.0	2749855.0	2792683.0	2814753.0	2751960.0	2747777.0	2824893.0	2746820.0	2742903.0	2794603.0	2752216.0	2792514.0	2827117.0	742946.0	2751798.0	2798640.0	2781495.0	2823445.0	2754903.0	2791569.0	2747274.0	2789879.0	2793073.0	2505040.0	2752648.0	2811259.0	2793940.0	2788410.0	2747071.0	2761815.0	2496134.0	2731417.0	2468509.0	2821933.0	2749000.0	2746479.0	2458315.0	2721181.0	2516640.0	2751064.0	2794718.0	2789620.0	2504654.0	2751998.0	2784476.0	2821832.0	2760540.0	2750465.0	2826932.0	2497538.0	2751726.0	2748162.0	2755852.0	2793701.0	2747033.0	2752560.0	764364.0	2746540.0	2746647.0	2747886.0	2750541.0
scaffolds10650	2773840.0	2806338.0	2807005.0	2807307.0	2811245.0	2737734.0	2806866.0	2783992.0	2784068.0	2803320.0	2808359.0	2778711.0	2723028.0	2798508.0	2811974.0	2798247.0	2443458.0	2810015.0	2768515.0	2722657.0	2801032.0	2788171.0	2808481.0	2809362.0	2746399.0	2754347.0	2779683.0	2805641.0	2800533.0	2746926.0	2825859.0	2804536.0	2809030.0	2470106.0	2807005.0	2774539.0	2481774.0	2432997.0	2810983.0	2806441.0	2742588.0	2806207.0	2808213.0	2783210.0	2811614.0	2811107.0	2805156.0	2806524.0	2775239.0	2807403.0	2806626.0	2797474.0	2777204.0	2796517.0	2803091.0	2808495.0	2772060.0	2798799.0	2806496.0	2781020.0	2809248.0	2776338.0	2805708.0	2797367.0	2807258.0	2801471.0	738093.0	2798067.0	2758401.0	2775982.0	2781303.0	2801325.0	2805636.0	2806905.0	2801042.0	2805645.0	2481562.0	2797913.0	2757964.0	2805557.0	2776128.0	2809289.0	2779792.0	2468148.0	2722284.0	2444544.0	2778238.0	2805544.0	2811167.0	2438227.0	2750745.0	2523202.0	2747461.0	2806369.0	2776441.0	2481672.0	2798416.0	2754043.0	2804673.0	2750986.0	2798047.0	2786971.0	2469674.0	2798958.0	2793787.0	2743216.0	2779531.0	2807800.0	2800398.0	747166.0	2696688.0	2807167.0	2807776.0	2796886.0
scaffolds117A	2829664.0	2874273.0	2879925.0	2809994.0	2810137.0	2792989.0	2879839.0	2837753.0	2838649.0	2866325.0	2864319.0	2827495.0	2729455.0	2801845.0	2810291.0	2804083.0	2473879.0	2809449.0	2841006.0	2731842.0	2802742.0	2795627.0	2876287.0	2827428.0	2799532.0	2809938.0	2835232.0	2878765.0	2811213.0	2800186.0	2810019.0	2885067.0	2877685.0	2491684.0	2879659.0	2827678.0	2520177.0	2442828.0	2810446.0	2879491.0	2756010.0	2807688.0	2876560.0	2839782.0	2809851.0	2808991.0	2878050.0	2879501.0	2827844.0	2863434.0	2880143.0	2804266.0	2829509.0	2803017.0	2808492.0	2876369.0	2826360.0	2805027.0	2828166.0	2839284.0	2812166.0	2781922.0	2877871.0	2803544.0	2876029.0	2863487.0	742660.0	2803622.0	2802728.0	2832308.0	2836089.0	2810323.0	2879639.0	2828991.0	2876417.0	2879383.0	2519966.0	2803924.0	2812976.0	2879651.0	2827299.0	2812125.0	2792184.0	2492346.0	2774193.0	2475228.0	2836707.0	2809870.0	2810138.0	2451580.0	2758716.0	2569226.0	2794178.0	2879940.0	2828914.0	2519813.0	2804567.0	2812031.0	2859300.0	2801883.0	2804458.0	2847239.0	2492024.0	2801882.0	2800293.0	2795401.0	2787793.0	2829157.0	2803087.0	756291.0	2750036.0	2811255.0	2829234.0	2804415.0
scaffolds13213	2826953.0	2878333.0	2879743.0	2812342.0	2815444.0	2795583.0	2880898.0	2839881.0	2842571.0	2863383.0	2869452.0	2832703.0	2729782.0	2804727.0	2815815.0	2805821.0	2472873.0	2813867.0	2841805.0	2732820.0	2807671.0	2799831.0	2881900.0	2832467.0	2798131.0	2810772.0	2836364.0	2879823.0	2813740.0	2804562.0	2815212.0	2877118.0	2886724.0	2494606.0	2880702.0	2831672.0	2523086.0	2443035.0	2814796.0	2880179.0	2752687.0	2813996.0	2881690.0	2838934.0	2815597.0	2814428.0	2879211.0	2880630.0	2831028.0	2868898.0	2880495.0	2804075.0	2830145.0	2803185.0	2809074.0	2880953.0	2826432.0	2806715.0	2829414.0	2839648.0	2813293.0	2781833.0	2878215.0	2804409.0	2879412.0	2862577.0	759837.0	2804878.0	2802662.0	2833776.0	2838808.0	2810813.0	2879380.0	2830433.0	2873680.0	2879287.0	2521415.0	2805641.0	2813216.0	2878939.0	2830739.0	2813503.0	2793994.0	2495026.0	2774168.0	2473544.0	2835765.0	2811149.0	2814875.0	2451185.0	2760398.0	2568572.0	2794745.0	2879115.0	2830169.0	2521208.0	2806061.0	2812716.0	2859693.0	2804061.0	2805349.0	2847177.0	2494785.0	2805534.0	2805323.0	2794695.0	2788647.0	2831028.0	2807906.0	751270.0	2748698.0	2811373.0	2831324.0	2804381.0
scaffoldsTV135	2474645.0	2480404.0	2483728.0	2465236.0	2466184.0	2463662.0	2484199.0	2478531.0	2477392.0	2509362.0	2483130.0	2482077.0	2496896.0	2462529.0	2465696.0	2463597.0	2610062.0	2464584.0	2474678.0	2518011.0	2463446.0	2464571.0	2483507.0	2468032.0	2504027.0	2469678.0	2476895.0	2481844.0	2468922.0	2513492.0	2465316.0	2483019.0	2483620.0	2833128.0	2484908.0	2475086.0	2435210.0	2388349.0	2464710.0	2484238.0	2494123.0	2465628.0	2484188.0	2478408.0	2467304.0	2465067.0	2482506.0	2485205.0	2476402.0	2481807.0	2483179.0	2461149.0	2485712.0	2461267.0	2463808.0	2483796.0	2472412.0	2462344.0	2469844.0	2478998.0	2465786.0	2455670.0	2484151.0	2462169.0	2483529.0	2522837.0	725807.0	2462042.0	2467446.0	2473774.0	2477454.0	2468418.0	2482493.0	2469072.0	2482510.0	2482578.0	2447129.0	2463152.0	2471140.0	2482345.0	2483483.0	2466514.0	2489219.0	2824029.0	2492207.0	2610043.0	2476890.0	2466166.0	2464643.0	2592478.0	2497532.0	2476790.0	2500510.0	2483212.0	2483040.0	2446305.0	2463043.0	2455309.0	2478448.0	2503060.0	2461536.0	2496547.0	2826140.0	2461451.0	2467563.0	2502183.0	2525619.0	2469926.0	2462190.0	754957.0	2489404.0	2464877.0	2469869.0	2461306.0
scaffolds131096	2826229.0	2872654.0	2878420.0	2809524.0	2811069.0	2793662.0	2879144.0	2835602.0	2838463.0	2862910.0	2864528.0	2827184.0	2725522.0	2799638.0	2810427.0	2804640.0	2472082.0	2809489.0	2841076.0	2732674.0	2802828.0	2793997.0	2877126.0	2827979.0	2798124.0	2809854.0	2832564.0	2878255.0	2813064.0	2800781.0	2810078.0	2876791.0	2877265.0	2495464.0	2887339.0	2828329.0	2521465.0	2444328.0	2810385.0	2879590.0	2753158.0	2809423.0	2877218.0	2838857.0	2810725.0	2809048.0	2878607.0	2879280.0	2827109.0	2863224.0	2879293.0	2804756.0	2829594.0	2802954.0	2809008.0	2876684.0	2825918.0	2805728.0	2828425.0	2840108.0	2812309.0	2781360.0	2877855.0	2803605.0	2875490.0	2862754.0	745866.0	2804688.0	2802080.0	2832850.0	2834590.0	2809957.0	2877944.0	2830066.0	2873890.0	2879058.0	2520005.0	2804600.0	2814100.0	2878344.0	2827548.0	2812411.0	2793178.0	2494933.0	2769663.0	2473158.0	2835600.0	2810388.0	2810297.0	2450807.0	2755371.0	2565440.0	2791152.0	2878243.0	2826241.0	2519696.0	2805925.0	2811772.0	2857495.0	2799774.0	2805448.0	2845687.0	2495366.0	2801825.0	2800037.0	2793379.0	2788129.0	2830160.0	2803692.0	747499.0	2749270.0	2811207.0	2830469.0	2804252.0
scaffoldsTV3	2849074.0	2824506.0	2826937.0	2774803.0	2777207.0	2795642.0	2825947.0	2863212.0	2863083.0	2830067.0	2826208.0	2820094.0	2728494.0	2782012.0	2775656.0	2781598.0	2467065.0	2776003.0	2789446.0	2721994.0	2783470.0	2809229.0	2827981.0	2777843.0	2795786.0	2840376.0	2836768.0	2826562.0	2781556.0	2818988.0	2774262.0	2826499.0	2826789.0	2481588.0	2828083.0	2871197.0	2528863.0	2453830.0	2776949.0	2828095.0	2750718.0	2773007.0	2828292.0	2858218.0	2775815.0	2774705.0	2827511.0	2826019.0	2852495.0	2826201.0	2827768.0	2781536.0	2820335.0	2780413.0	2777030.0	2827199.0	2852435.0	2781688.0	2776452.0	2863466.0	2775073.0	2782927.0	2826254.0	2779379.0	2827220.0	2834777.0	737927.0	2779382.0	2809567.0	2823676.0	2861955.0	2782425.0	2826470.0	2777481.0	2822264.0	2827859.0	2509552.0	2781689.0	2834105.0	2826965.0	2821146.0	2775184.0	2787806.0	2480091.0	2769022.0	2467749.0	2860235.0	2775570.0	2775476.0	2444420.0	2753938.0	2540022.0	2791062.0	2826576.0	2819880.0	2508306.0	2781637.0	2814718.0	2846398.0	2803501.0	2781622.0	2864444.0	2481612.0	2783217.0	2777024.0	2794318.0	2786855.0	2777636.0	2783278.0	748984.0	2744510.0	2774687.0	2777635.0	2781529.0
scaffoldsARL04446	2566050.0	2545157.0	2548736.0	2497562.0	2497571.0	2568369.0	2548576.0	2571729.0	2568808.0	2549400.0	2545727.0	2540264.0	2456008.0	2495531.0	2497615.0	2495622.0	2538598.0	2496615.0	2541651.0	2494426.0	2494195.0	2520245.0	2547447.0	2494944.0	2524973.0	2559286.0	2545650.0	2547609.0	2497544.0	2563827.0	2496973.0	2546907.0	2548607.0	2442349.0	2548676.0	2563388.0	3343380.0	2760227.0	2496304.0	2547543.0	2519180.0	2532524.0	2547074.0	2569476.0	2497596.0	2496217.0	2545999.0	2548656.0	2579064.0	2546706.0	2548578.0	2491282.0	2543676.0	2491359.0	2492909.0	2547053.0	2580800.0	2494270.0	2497130.0	2569541.0	2497216.0	2478720.0	2548702.0	2493722.0	2545561.0	2547504.0	811701.0	2493663.0	2568974.0	2548571.0	2618332.0	2492903.0	2547575.0	2495454.0	2546899.0	2545916.0	2586587.0	2493760.0	2562399.0	2545406.0	2540020.0	2497455.0	2531722.0	2441373.0	2533626.0	2538473.0	2579116.0	2495460.0	2495549.0	2495506.0	2485066.0	2650479.0	2551779.0	2547164.0	2538522.0	2584979.0	2493685.0	2562253.0	2577347.0	2527783.0	2492958.0	2574844.0	2443537.0	2492667.0	2499894.0	2528401.0	2516700.0	2496742.0	2494462.0	751327.0	2519921.0	2496572.0	2497245.0	2491964.0
E_faecalis_reference_sequence	2473377.0	2469929.0	2473266.0	2466136.0	2467348.0	2488968.0	2472226.0	2478756.0	2479728.0	2472741.0	2473633.0	2458399.0	2439839.0	2463594.0	2467578.0	2463788.0	2458407.0	2466892.0	2473268.0	2449357.0	2464968.0	2477036.0	2475755.0	2468506.0	2456988.0	2478171.0	2462498.0	2472148.0	2468447.0	2475929.0	2467803.0	2472089.0	2472500.0	2402745.0	2473548.0	2479158.0	2748391.0	3111017.0	2467846.0	2473548.0	2485948.0	2467125.0	2473548.0	2476597.0	2468145.0	2467336.0	2471114.0	2472742.0	2481520.0	2471515.0	2473154.0	2464529.0	2459359.0	2464686.0	2465256.0	2473341.0	2487858.0	2465700.0	2467764.0	2479238.0	2467109.0	2446058.0	2473556.0	2464966.0	2473300.0	2471625.0	821264.0	2465982.0	2479940.0	2479653.0	2520142.0	2459182.0	2472965.0	2468798.0	2472119.0	2473246.0	2499970.0	2464814.0	2473192.0	2472770.0	2460287.0	2467868.0	2460329.0	2401995.0	2462287.0	2459326.0	2480546.0	2465073.0	2467596.0	2450635.0	2448728.0	2519989.0	2492351.0	2473224.0	2457335.0	2500191.0	2465855.0	2478005.0	2490156.0	2455817.0	2465700.0	2481814.0	2402397.0	2463563.0	2468279.0	2455424.0	2457880.0	2467787.0	2465684.0	785959.0	2457309.0	2467851.0	2468784.0	2464669.0
scaffolds10641	2770326.0	2805828.0	2805907.0	2808457.0	2811662.0	2734612.0	2806539.0	2782967.0	2784749.0	2802630.0	2808697.0	2775728.0	2722442.0	2796571.0	2811823.0	2797330.0	2446987.0	2810397.0	2768187.0	2722469.0	2800973.0	2787512.0	2808430.0	2809976.0	2747378.0	2753832.0	2779703.0	2805780.0	2800204.0	2745682.0	2810691.0	2805289.0	2808741.0	2469898.0	2806692.0	2775043.0	2481092.0	2428956.0	2819322.0	2806715.0	2744056.0	2807097.0	2808573.0	2783167.0	2811320.0	2811214.0	2806685.0	2806434.0	2775884.0	2807512.0	2806828.0	2797476.0	2775999.0	2795697.0	2803153.0	2807634.0	2768491.0	2798535.0	2806733.0	2781005.0	2809318.0	2775132.0	2804895.0	2795242.0	2806889.0	2802464.0	742221.0	2796143.0	2757851.0	2775720.0	2781879.0	2800546.0	2804640.0	2807433.0	2802725.0	2806373.0	2475839.0	2797489.0	2759336.0	2805629.0	2775782.0	2809424.0	2779087.0	2468659.0	2722300.0	2447690.0	2778459.0	2805275.0	2811832.0	2441129.0	2750021.0	2517382.0	2748419.0	2805549.0	2775834.0	2476638.0	2798087.0	2754022.0	2804878.0	2751726.0	2798012.0	2787530.0	2469438.0	2799495.0	2794381.0	2744547.0	2780246.0	2807659.0	2800744.0	737676.0	2697870.0	2808444.0	2807775.0	2797126.0
scaffoldsEF13431	2827297.0	2872997.0	2878613.0	2809112.0	2810635.0	2793732.0	2879437.0	2834995.0	2838478.0	2863412.0	2865404.0	2826484.0	2726445.0	2799994.0	2810350.0	2804916.0	2472096.0	2809406.0	2841349.0	2733102.0	2803987.0	2794242.0	2877282.0	2828106.0	2798563.0	2810025.0	2832015.0	2878541.0	2812965.0	2800723.0	2809981.0	2877270.0	2877536.0	2495110.0	2880062.0	2828552.0	2521599.0	2444434.0	2810484.0	2883488.0	2753247.0	2809522.0	2877560.0	2838906.0	2810600.0	2809133.0	2878925.0	2879570.0	2826998.0	2864023.0	2879552.0	2805195.0	2828146.0	2803393.0	2809141.0	2876520.0	2826191.0	2806113.0	2829533.0	2839685.0	2812404.0	2781585.0	2877586.0	2803993.0	2875920.0	2863366.0	745925.0	2804930.0	2802610.0	2833048.0	2834469.0	2809606.0	2878242.0	2830455.0	2874177.0	2879331.0	2520152.0	2805062.0	2814200.0	2878401.0	2826105.0	2812544.0	2793281.0	2494808.0	2769750.0	2473154.0	2835705.0	2810568.0	2810187.0	2450226.0	2755457.0	2566557.0	2791218.0	2878533.0	2825619.0	2520110.0	2806144.0	2811885.0	2858400.0	2799913.0	2805699.0	2846535.0	2494760.0	2802260.0	2800392.0	2793629.0	2788375.0	2830529.0	2804131.0	747310.0	2749576.0	2811295.0	2830733.0	2804659.0
scaffoldsVV10	2744706.0	2747885.0	2752425.0	2744376.0	2745207.0	2752484.0	2753317.0	2752162.0	2752246.0	2756964.0	2751243.0	2782985.0	2794760.0	2745802.0	2744661.0	2750525.0	2435294.0	2744830.0	2714921.0	2747665.0	2749048.0	2750854.0	2750714.0	2746150.0	2825783.0	2758390.0	2748147.0	2751960.0	2750372.0	2714789.0	2744611.0	2751692.0	2751426.0	2502092.0	2752955.0	2749674.0	2516952.0	2463730.0	2745401.0	2752916.0	2886744.0	2743282.0	2750877.0	2755773.0	2747338.0	2745153.0	2752677.0	2753082.0	2743983.0	2749952.0	2752950.0	2750702.0	2792156.0	2748773.0	2747584.0	2749820.0	2743233.0	2751547.0	2748047.0	2752276.0	2747676.0	2743833.0	2751107.0	2748986.0	2749455.0	2758402.0	735182.0	2748927.0	2742682.0	2755556.0	2792310.0	2753370.0	2752302.0	2747841.0	2748201.0	2752817.0	2503940.0	2750232.0	2755860.0	2752362.0	2785475.0	2747497.0	2788031.0	2499093.0	2779392.0	2436356.0	2752268.0	2747397.0	2745721.0	2429343.0	2823295.0	2533794.0	2861512.0	2752454.0	2791148.0	2503720.0	2750959.0	2768517.0	2754230.0	2826759.0	2751000.0	2772694.0	2501285.0	2747390.0	2761471.0	2817269.0	2774188.0	2747047.0	2749004.0	744958.0	2778464.0	2746959.0	2746920.0	2751138.0
scaffoldsAR011155	2769176.0	2806033.0	2805548.0	2804570.0	2809071.0	2739099.0	2806424.0	2783062.0	2782949.0	2801753.0	2808846.0	2776505.0	2718068.0	2798814.0	2809248.0	2799363.0	2447881.0	2807774.0	2769786.0	2722739.0	2802563.0	2786483.0	2808699.0	2808773.0	2744718.0	2755522.0	2779734.0	2805314.0	2800281.0	2747910.0	2807985.0	2803698.0	2808713.0	2477232.0	2807042.0	2773484.0	2521036.0	2438912.0	2808674.0	2806820.0	2739077.0	2865979.0	2808639.0	2782734.0	2809283.0	2807853.0	2804862.0	2806606.0	2772587.0	2807524.0	2806291.0	2796627.0	2776068.0	2795723.0	2801784.0	2808633.0	2769241.0	2800252.0	2806581.0	2779029.0	2806969.0	2772928.0	2804986.0	2797489.0	2804404.0	2800291.0	752717.0	2798448.0	2760152.0	2775627.0	2782167.0	2801853.0	2805100.0	2807015.0	2800175.0	2803298.0	2487455.0	2799145.0	2757049.0	2804598.0	2772921.0	2807174.0	2775446.0	2475532.0	2720717.0	2448321.0	2778099.0	2803365.0	2808973.0	2443563.0	2747995.0	2529540.0	2742755.0	2805193.0	2773065.0	2486806.0	2800204.0	2756593.0	2802827.0	2747905.0	2797315.0	2787711.0	2477048.0	2798960.0	2794600.0	2742231.0	2778326.0	2807640.0	2801886.0	749839.0	2695307.0	2804826.0	2807785.0	2796093.0
scaffolds13985	2826555.0	2878807.0	2879005.0	2810290.0	2813952.0	2794115.0	2879749.0	2838724.0	2841360.0	2863206.0	2870201.0	2832083.0	2730923.0	2802846.0	2813616.0	2802251.0	2473842.0	2812600.0	2842012.0	2732685.0	2805483.0	2798043.0	2882211.0	2831447.0	2800728.0	2808398.0	2834981.0	2878902.0	2811892.0	2803684.0	2813212.0	2877137.0	2881856.0	2496616.0	2880278.0	2831948.0	2523156.0	2442953.0	2813747.0	2880118.0	2755278.0	2811532.0	2886620.0	2838674.0	2813846.0	2812338.0	2879657.0	2879807.0	2830246.0	2869110.0	2879779.0	2801821.0	2830564.0	2799978.0	2807920.0	2881391.0	2826485.0	2803411.0	2829463.0	2839391.0	2811618.0	2779590.0	2878434.0	2802002.0	2880142.0	2862564.0	755654.0	2802218.0	2802403.0	2832812.0	2838542.0	2808613.0	2878707.0	2829476.0	2873650.0	2878893.0	2520936.0	2802321.0	2812664.0	2878758.0	2831633.0	2811773.0	2793099.0	2496461.0	2776346.0	2474738.0	2835362.0	2810405.0	2813462.0	2450733.0	2760722.0	2568226.0	2796319.0	2878814.0	2832332.0	2520322.0	2803401.0	2812550.0	2858202.0	2806530.0	2802267.0	2845088.0	2496503.0	2803317.0	2803519.0	2796928.0	2787601.0	2829762.0	2805420.0	747941.0	2750082.0	2809387.0	2829876.0	2802125.0
scaffoldsTV154	2868586.0	2832736.0	2834987.0	2785543.0	2786966.0	2796700.0	2835447.0	2864131.0	2863202.0	2838977.0	2832325.0	2827194.0	2730446.0	2791872.0	2784657.0	2794191.0	2474695.0	2785867.0	2796627.0	2734019.0	2793447.0	2810993.0	2834436.0	2786308.0	2796289.0	2839828.0	2848682.0	2834989.0	2792504.0	2839567.0	2783386.0	2834195.0	2834703.0	2489971.0	2836246.0	2857796.0	2536551.0	2450979.0	2785425.0	2835507.0	2758160.0	2782540.0	2835472.0	2885050.0	2785221.0	2783065.0	2835778.0	2834795.0	2854056.0	2833781.0	2835919.0	2791045.0	2828329.0	2791074.0	2787768.0	2834627.0	2854244.0	2792605.0	2786338.0	2865215.0	2785696.0	2782783.0	2834108.0	2789394.0	2833186.0	2843431.0	726132.0	2790372.0	2830295.0	2823764.0	2864818.0	2793823.0	2835122.0	2786212.0	2830555.0	2834694.0	2518078.0	2793460.0	2853837.0	2834659.0	2825978.0	2786315.0	2800270.0	2488076.0	2772468.0	2476122.0	2863387.0	2787229.0	2785154.0	2465754.0	2759257.0	2554745.0	2794515.0	2834978.0	2824454.0	2517451.0	2792136.0	2827854.0	2864461.0	2804526.0	2791517.0	2869359.0	2489620.0	2791664.0	2787657.0	2796319.0	2801571.0	2786731.0	2792506.0	752791.0	2744944.0	2785045.0	2786848.0	2791237.0
scaffolds10104	2772844.0	2803827.0	2804466.0	2806156.0	2810582.0	2736614.0	2805178.0	2784263.0	2784317.0	2801812.0	2806709.0	2776488.0	2720045.0	2795310.0	2810744.0	2797695.0	2446026.0	2808681.0	2766947.0	2720970.0	2800620.0	2787234.0	2807010.0	2807189.0	2746286.0	2755601.0	2779887.0	2804005.0	2799821.0	2747029.0	2808717.0	2802248.0	2807230.0	2467816.0	2805760.0	2775611.0	2482367.0	2431695.0	2809711.0	2805053.0	2740906.0	2806044.0	2806767.0	2782094.0	2817415.0	2810137.0	2804100.0	2805346.0	2775539.0	2806463.0	2804542.0	2796668.0	2776990.0	2795086.0	2802118.0	2805497.0	2770944.0	2798059.0	2805393.0	2781324.0	2808414.0	2773924.0	2803484.0	2795470.0	2804941.0	2801105.0	752494.0	2796061.0	2758513.0	2775030.0	2782278.0	2799888.0	2802970.0	2805350.0	2800917.0	2803890.0	2479671.0	2796799.0	2760879.0	2803297.0	2775885.0	2808702.0	2776550.0	2465657.0	2721708.0	2447358.0	2778541.0	2804264.0	2809780.0	2441672.0	2748329.0	2517593.0	2744792.0	2803315.0	2775582.0	2478885.0	2798315.0	2754658.0	2803392.0	2748678.0	2797369.0	2787986.0	2466692.0	2798185.0	2793196.0	2742354.0	2777340.0	2805513.0	2799543.0	743668.0	2695163.0	2807358.0	2806567.0	2796415.0
scaffolds10217	2772472.0	2804961.0	2804897.0	2807663.0	2811090.0	2736210.0	2805210.0	2784020.0	2784107.0	2801043.0	2807962.0	2777908.0	2720310.0	2795459.0	2811341.0	2797154.0	2446425.0	2809267.0	2767048.0	2719909.0	2800363.0	2786711.0	2807272.0	2809295.0	2745621.0	2755700.0	2780781.0	2804717.0	2800565.0	2747308.0	2809910.0	2803171.0	2807995.0	2467795.0	2806244.0	2776066.0	2482566.0	2433223.0	2810618.0	2805701.0	2742631.0	2807397.0	2807777.0	2783345.0	2811242.0	2823532.0	2804412.0	2805888.0	2774733.0	2806381.0	2805584.0	2796682.0	2775881.0	2795248.0	2804631.0	2806979.0	2769820.0	2798319.0	2807157.0	2781977.0	2808456.0	2775415.0	2804310.0	2796028.0	2806019.0	2801536.0	753760.0	2796617.0	2758416.0	2775996.0	2782440.0	2801242.0	2803560.0	2807544.0	2800879.0	2804669.0	2482172.0	2797343.0	2758922.0	2804439.0	2775540.0	2809465.0	2776289.0	2466482.0	2720418.0	2447137.0	2778638.0	2804157.0	2810802.0	2440719.0	2747649.0	2523790.0	2745207.0	2804345.0	2775023.0	2481582.0	2798399.0	2754886.0	2803993.0	2749277.0	2797702.0	2786863.0	2466865.0	2798157.0	2794543.0	2742037.0	2776930.0	2807260.0	2800082.0	738609.0	2695530.0	2808624.0	2807025.0	2796714.0
scaffolds13988	2826760.0	2875924.0	2879364.0	2809602.0	2809731.0	2794446.0	2880353.0	2834574.0	2837426.0	2864462.0	2865847.0	2828842.0	2730955.0	2800019.0	2809894.0	2802946.0	2468228.0	2808836.0	2842129.0	2734140.0	2801394.0	2794310.0	2877239.0	2827577.0	2800182.0	2807691.0	2830480.0	2879264.0	2812277.0	2798675.0	2809533.0	2878244.0	2878158.0	2490703.0	2880162.0	2827694.0	2521411.0	2440488.0	2809820.0	2880006.0	2757029.0	2807462.0	2878077.0	2838159.0	2809671.0	2808222.0	2883631.0	2879688.0	2826885.0	2865182.0	2880209.0	2803457.0	2831078.0	2802127.0	2807696.0	2877999.0	2826342.0	2803891.0	2829436.0	2839427.0	2811794.0	2782370.0	2878304.0	2802115.0	2877043.0	2863409.0	740009.0	2801992.0	2802431.0	2832119.0	2833770.0	2809795.0	2879863.0	2828426.0	2874429.0	2880172.0	2516441.0	2802826.0	2813017.0	2879956.0	2829053.0	2811701.0	2795176.0	2491215.0	2773138.0	2469286.0	2834805.0	2810422.0	2809772.0	2445593.0	2758510.0	2563179.0	2795574.0	2878926.0	2829748.0	2516359.0	2803439.0	2812029.0	2858792.0	2804161.0	2803657.0	2845025.0	2490897.0	2800466.0	2799766.0	2797800.0	2789547.0	2829698.0	2801660.0	743632.0	2750695.0	2810717.0	2829783.0	2803447.0
scaffolds13107	2825549.0	2873939.0	2879415.0	2811340.0	2811867.0	2794095.0	2880634.0	2835633.0	2837073.0	2863479.0	2865475.0	2827117.0	2727633.0	2799772.0	2811705.0	2804609.0	2470546.0	2809902.0	2841444.0	2735133.0	2803107.0	2795882.0	2877703.0	2828030.0	2801009.0	2809218.0	2831709.0	2879610.0	2813707.0	2798722.0	2810688.0	2877519.0	2878440.0	2494719.0	2880963.0	2826680.0	2523355.0	2442417.0	2810860.0	2880290.0	2755293.0	2810016.0	2877685.0	2837418.0	2812378.0	2810479.0	2878908.0	2885610.0	2826202.0	2864596.0	2879902.0	2804353.0	2829975.0	2802656.0	2808565.0	2877389.0	2824580.0	2805577.0	2829656.0	2838924.0	2813367.0	2782265.0	2878483.0	2803480.0	2875841.0	2863459.0	749359.0	2804130.0	2803739.0	2832651.0	2834035.0	2810965.0	2879033.0	2830309.0	2874627.0	2879321.0	2520952.0	2804440.0	2813007.0	2878414.0	2826813.0	2813950.0	2795365.0	2495159.0	2771645.0	2471386.0	2834504.0	2811018.0	2810847.0	2448040.0	2758325.0	2568907.0	2794282.0	2879010.0	2826543.0	2520855.0	2805634.0	2811334.0	2859593.0	2802698.0	2804837.0	2846649.0	2494359.0	2800957.0	2801372.0	2796642.0	2789998.0	2831442.0	2803172.0	750398.0	2752442.0	2811015.0	2831521.0	2803840.0
scaffoldsTV5	2866272.0	2830871.0	2832862.0	2781013.0	2783803.0	2797416.0	2833110.0	2885215.0	2881310.0	2838940.0	2835015.0	2827548.0	2727027.0	2784631.0	2785257.0	2783848.0	2494510.0	2783636.0	2800761.0	2735017.0	2786374.0	2827937.0	2834231.0	2784765.0	2791968.0	2848486.0	2847994.0	2830899.0	2785366.0	2843984.0	2785922.0	2831535.0	2834831.0	2489003.0	2833029.0	2868511.0	2566063.0	2467597.0	2784204.0	2832526.0	2749562.0	2780828.0	2834818.0	2872699.0	2784936.0	2783933.0	2832127.0	2832217.0	2930517.0	2832874.0	2833113.0	2782909.0	2826883.0	2781934.0	2779948.0	2834870.0	2869185.0	2784816.0	2782058.0	2878863.0	2782209.0	2775537.0	2832860.0	2784179.0	2833407.0	2836599.0	730129.0	2785344.0	2826020.0	2814783.0	2903894.0	2787880.0	2832353.0	2781807.0	2826980.0	2831571.0	2516621.0	2783617.0	2850770.0	2832775.0	2827292.0	2782597.0	2802147.0	2486926.0	2767411.0	2497086.0	2901407.0	2782845.0	2784902.0	2476383.0	2754923.0	2553139.0	2788686.0	2832647.0	2825734.0	2516510.0	2784422.0	2822272.0	2866223.0	2798493.0	2783533.0	2879778.0	2488897.0	2785804.0	2781574.0	2790234.0	2824222.0	2782304.0	2786572.0	747783.0	2750954.0	2781096.0	2783083.0	2782514.0
scaffolds13217	2874957.0	2867529.0	2866815.0	2810037.0	2813545.0	2842236.0	2867473.0	2839457.0	2841625.0	2862241.0	2869885.0	2833406.0	2733819.0	2850401.0	2813276.0	2804023.0	2473678.0	2812340.0	2829211.0	2732755.0	2806656.0	2798204.0	2869602.0	2818602.0	2801656.0	2808743.0	2835178.0	2867587.0	2811615.0	2804287.0	2811966.0	2864728.0	2869297.0	2494267.0	2867766.0	2833151.0	2524005.0	2442569.0	2813080.0	2867499.0	2756386.0	2811198.0	2869612.0	2838796.0	2813866.0	2812017.0	2867060.0	2867311.0	2831134.0	2922774.0	2867283.0	2803966.0	2831205.0	2802077.0	2808323.0	2867968.0	2874508.0	2804400.0	2816938.0	2840015.0	2811526.0	2781538.0	2865928.0	2803571.0	2868315.0	2862908.0	754757.0	2803184.0	2848157.0	2833267.0	2838499.0	2808333.0	2866186.0	2816624.0	2860901.0	2866983.0	2518661.0	2803324.0	2813561.0	2866271.0	2832853.0	2811502.0	2794945.0	2494093.0	2775874.0	2474518.0	2835601.0	2810165.0	2812697.0	2451901.0	2762508.0	2562172.0	2844295.0	2865941.0	2833038.0	2517670.0	2804656.0	2812779.0	2858419.0	2808167.0	2804156.0	2892449.0	2494291.0	2804936.0	2803242.0	2798744.0	2788723.0	2816225.0	2806388.0	756933.0	2752253.0	2809718.0	2817222.0	2804237.0
scaffolds13433	2829141.0	2873969.0	2880271.0	2810404.0	2810547.0	2795065.0	2880969.0	2835697.0	2838929.0	2865293.0	2865343.0	2828926.0	2729112.0	2799997.0	2810715.0	2804918.0	2473513.0	2809326.0	2842079.0	2731221.0	2803491.0	2795190.0	2876840.0	2827931.0	2797757.0	2811248.0	2833083.0	2880177.0	2813166.0	2801278.0	2810330.0	2878705.0	2879050.0	2492837.0	2881041.0	2828175.0	2522403.0	2444439.0	2810490.0	2880820.0	2755985.0	2808892.0	2877812.0	2840198.0	2810500.0	2809105.0	2879801.0	2880586.0	2827105.0	2864544.0	2884002.0	2804486.0	2830516.0	2802670.0	2808889.0	2876888.0	2827793.0	2806078.0	2828684.0	2840137.0	2812283.0	2781520.0	2877956.0	2803549.0	2875555.0	2863259.0	744224.0	2804389.0	2803124.0	2832822.0	2834730.0	2809901.0	2879912.0	2829251.0	2875281.0	2880111.0	2521632.0	2804972.0	2813382.0	2878997.0	2827797.0	2812454.0	2790701.0	2492948.0	2772454.0	2475118.0	2836802.0	2810486.0	2810483.0	2452515.0	2759101.0	2567004.0	2792299.0	2879957.0	2828687.0	2521313.0	2805628.0	2813409.0	2859081.0	2800732.0	2804962.0	2847687.0	2492565.0	2801493.0	2800698.0	2795856.0	2788584.0	2830405.0	2804078.0	739920.0	2749252.0	2811583.0	2830608.0	2803952.0
scaffolds5A6	2779466.0	2792664.0	2796915.0	2796250.0	2796270.0	2743569.0	2798109.0	2784611.0	2786366.0	2804247.0	2796050.0	2779869.0	2721070.0	2803828.0	2796640.0	2810068.0	2441540.0	2795823.0	2759381.0	2715909.0	2807627.0	2787971.0	2795561.0	2796960.0	2749344.0	2761732.0	2780779.0	2796828.0	2803677.0	2749295.0	2795432.0	2796400.0	2796084.0	2467521.0	2797694.0	2779099.0	2477825.0	2433885.0	2796396.0	2797837.0	2747839.0	2794348.0	2795699.0	2790277.0	2796197.0	2795092.0	2797604.0	2797627.0	2777455.0	2794780.0	2797732.0	2814559.0	2780732.0	2808954.0	2799320.0	2794682.0	2778105.0	2811111.0	2798466.0	2787022.0	2798464.0	2780736.0	2795923.0	2808757.0	2794606.0	2807107.0	761379.0	2808905.0	2760011.0	2780926.0	2784650.0	2801245.0	2796582.0	2798630.0	2792518.0	2797967.0	2484743.0	2810090.0	2763772.0	2796956.0	2776600.0	2798460.0	2781259.0	2465866.0	2721495.0	2442406.0	2785587.0	2796900.0	2796525.0	2438678.0	2748174.0	2530748.0	2747084.0	2796709.0	2777842.0	2483497.0	2810825.0	2760748.0	2795381.0	2751187.0	2811129.0	2790101.0	2467998.0	2807386.0	2793016.0	2745772.0	2782360.0	2798768.0	2808778.0	748359.0	2698238.0	2797453.0	2798712.0	2811012.0
scaffolds12327	2830868.0	2835745.0	2841044.0	2785272.0	2785467.0	2793522.0	2841366.0	2836662.0	2836921.0	2846540.0	2838841.0	2878657.0	2764875.0	2786609.0	2785790.0	2790164.0	2464393.0	2784270.0	2804089.0	2731617.0	2788533.0	2788863.0	2838140.0	2786971.0	2848453.0	2810308.0	2832585.0	2839961.0	2794440.0	2799338.0	2785389.0	2838533.0	2839290.0	2506370.0	2841822.0	2827478.0	2523521.0	2432964.0	2785236.0	2840563.0	2800397.0	2781356.0	2838523.0	2838979.0	2785680.0	2784601.0	2840573.0	2840895.0	2829363.0	2837876.0	2840760.0	2790090.0	2896951.0	2788111.0	2784195.0	2837848.0	2829626.0	2790786.0	2788268.0	2839535.0	2787578.0	2775582.0	2839746.0	2789941.0	2837040.0	2846541.0	745451.0	2789874.0	2795114.0	2832723.0	2836250.0	2794241.0	2839845.0	2788754.0	2835146.0	2840405.0	2536797.0	2789669.0	2815668.0	2839662.0	2881024.0	2787681.0	2799607.0	2504591.0	2814634.0	2465566.0	2837463.0	2787641.0	2785311.0	2441725.0	2799293.0	2569463.0	2832900.0	2839548.0	2885869.0	2536531.0	2790383.0	2813590.0	2837121.0	2848036.0	2790388.0	2843476.0	2506846.0	2788747.0	2802323.0	2840761.0	2781370.0	2789218.0	2788605.0	744905.0	2797307.0	2786431.0	2790111.0	2790356.0
scaffolds5A16	2778495.0	2790351.0	2793515.0	2795062.0	2794770.0	2741468.0	2795411.0	2784275.0	2783946.0	2801725.0	2794376.0	2780573.0	2723023.0	2805144.0	2795778.0	2810001.0	2439725.0	2793542.0	2754894.0	2718378.0	2805378.0	2786073.0	2792143.0	2794771.0	2746294.0	2760871.0	2782490.0	2793128.0	2800787.0	2748298.0	2794632.0	2792861.0	2795496.0	2470839.0	2794134.0	2778460.0	2479123.0	2436997.0	2793991.0	2794277.0	2748273.0	2795527.0	2793407.0	2788118.0	2796463.0	2794231.0	2793913.0	2795196.0	2777717.0	2791190.0	2794386.0	2808864.0	2778446.0	2817420.0	2795647.0	2793381.0	2774105.0	2809406.0	2793980.0	2786059.0	2796553.0	2778844.0	2792376.0	2804932.0	2792258.0	2807156.0	745177.0	2806783.0	2760179.0	2777899.0	2782695.0	2800314.0	2794057.0	2794980.0	2788033.0	2794423.0	2483573.0	2810203.0	2762383.0	2794441.0	2776585.0	2796715.0	2779498.0	2469565.0	2721940.0	2440792.0	2780729.0	2793298.0	2796779.0	2436751.0	2749536.0	2527259.0	2747307.0	2793207.0	2775824.0	2482364.0	2808940.0	2759551.0	2793385.0	2749077.0	2809211.0	2786261.0	2471136.0	2804713.0	2791201.0	2744605.0	2781262.0	2795338.0	2806111.0	759521.0	2697182.0	2796532.0	2795145.0	2808299.0
scaffoldsTV105	2770182.0	2796903.0	2801092.0	2801576.0	2802153.0	2734991.0	2802029.0	2775692.0	2777151.0	2798962.0	2800157.0	2773610.0	2715440.0	2794391.0	2801871.0	2798829.0	2440799.0	2800996.0	2763601.0	2718500.0	2797967.0	2781920.0	2800106.0	2802037.0	2747260.0	2754040.0	2771668.0	2800984.0	2797779.0	2743329.0	2800531.0	2800550.0	2800018.0	2464935.0	2802312.0	2770437.0	2473465.0	2424599.0	2802137.0	2802463.0	2742714.0	2798361.0	2800384.0	2782491.0	2801823.0	2802796.0	2801927.0	2801919.0	2767469.0	2799424.0	2801887.0	2798665.0	2773802.0	2796656.0	2807870.0	2799276.0	2769265.0	2799811.0	2804235.0	2778742.0	2804308.0	2776568.0	2800628.0	2797994.0	2798433.0	2799104.0	743036.0	2797879.0	2754701.0	2775796.0	2774172.0	2796461.0	2800740.0	2804210.0	2797596.0	2801326.0	2474416.0	2798707.0	2755216.0	2801201.0	2768902.0	2804052.0	2776403.0	2464175.0	2717185.0	2441490.0	2775949.0	2803025.0	2801636.0	2437023.0	2743308.0	2511550.0	2743639.0	2800949.0	2770929.0	2474777.0	2799741.0	2749358.0	2800526.0	2745513.0	2798987.0	2782657.0	2463846.0	2795770.0	2786888.0	2740888.0	2776034.0	2803328.0	2797701.0	744282.0	2697080.0	2802964.0	2803260.0	2798942.0
scaffolds13986	2827188.0	2878711.0	2878735.0	2809657.0	2814220.0	2793521.0	2879500.0	2839021.0	2839776.0	2863844.0	2868619.0	2832585.0	2730512.0	2804409.0	2813347.0	2802313.0	2471447.0	2811928.0	2840686.0	2731223.0	2804879.0	2797274.0	2881455.0	2829634.0	2797557.0	2808312.0	2833760.0	2879076.0	2812173.0	2802648.0	2812570.0	2876129.0	2881213.0	2496068.0	2880648.0	2831341.0	2521569.0	2442983.0	2812388.0	2879053.0	2751315.0	2811016.0	2881139.0	2837919.0	2814123.0	2811959.0	2878315.0	2880083.0	2828932.0	2868689.0	2879317.0	2801314.0	2829743.0	2800546.0	2806767.0	2892887.0	2826160.0	2803108.0	2828921.0	2838394.0	2810913.0	2779417.0	2878784.0	2801370.0	2878867.0	2861231.0	742416.0	2801697.0	2802346.0	2832884.0	2836899.0	2809963.0	2879398.0	2827899.0	2874552.0	2877614.0	2520127.0	2801798.0	2810906.0	2877676.0	2829622.0	2812003.0	2790126.0	2495382.0	2775883.0	2472754.0	2832488.0	2809241.0	2811951.0	2450031.0	2761209.0	2567509.0	2794273.0	2877457.0	2829399.0	2519728.0	2802929.0	2811875.0	2857378.0	2804090.0	2801746.0	2845648.0	2495935.0	2802637.0	2803174.0	2794466.0	2786179.0	2830002.0	2804927.0	754095.0	2747791.0	2809001.0	2829677.0	2800724.0
scaffoldsTV70	2925424.0	2839149.0	2845156.0	2792011.0	2791636.0	2848215.0	2845121.0	2876359.0	2876140.0	2847007.0	2842969.0	2834679.0	2729139.0	2837611.0	2792655.0	2794509.0	2477268.0	2791207.0	2807632.0	2734786.0	2793371.0	2820232.0	2842128.0	2792793.0	2803088.0	2846901.0	2849426.0	2843188.0	2795512.0	2829547.0	2793251.0	2843359.0	2842361.0	2490136.0	2845094.0	2863899.0	2565312.0	2469422.0	2792453.0	2844738.0	2761116.0	2788959.0	2842958.0	2868607.0	2792461.0	2791646.0	2844920.0	2843874.0	2868378.0	2888115.0	2844971.0	2793531.0	2838454.0	2791508.0	2793253.0	2841958.0	2971970.0	2795390.0	2794617.0	2876010.0	2794226.0	2784929.0	2844341.0	2794930.0	2841337.0	2846245.0	737393.0	2795111.0	2868271.0	2829019.0	2874127.0	2797246.0	2843920.0	2793628.0	2839201.0	2843618.0	2530916.0	2794188.0	2847177.0	2844121.0	2834465.0	2794297.0	2804988.0	2487905.0	2786169.0	2478180.0	2876446.0	2795085.0	2792464.0	2454527.0	2758785.0	2559212.0	2846552.0	2844832.0	2833597.0	2529888.0	2794925.0	2829583.0	2863984.0	2807392.0	2793917.0	2926122.0	2489818.0	2792097.0	2790493.0	2800839.0	2799916.0	2794236.0	2793236.0	746754.0	2754014.0	2793064.0	2794969.0	2793851.0
scaffolds5A19	2777627.0	2792169.0	2797522.0	2796491.0	2796664.0	2742286.0	2798480.0	2783221.0	2783914.0	2804958.0	2796585.0	2778502.0	2721344.0	2803524.0	2797029.0	2809650.0	2440197.0	2795330.0	2759892.0	2718081.0	2807002.0	2787711.0	2795241.0	2797420.0	2749783.0	2760451.0	2779564.0	2797252.0	2803482.0	2747811.0	2795668.0	2797022.0	2796677.0	2467412.0	2798268.0	2777519.0	2481394.0	2434902.0	2796855.0	2798372.0	2747661.0	2794727.0	2796236.0	2788718.0	2796668.0	2795591.0	2798081.0	2798231.0	2776065.0	2795008.0	2798470.0	2810213.0	2779251.0	2808481.0	2798765.0	2795185.0	2776573.0	2824226.0	2798141.0	2785716.0	2798575.0	2780293.0	2796511.0	2807477.0	2794635.0	2806429.0	763852.0	2808393.0	2759669.0	2779648.0	2783422.0	2800933.0	2797181.0	2798241.0	2793252.0	2798082.0	2482471.0	2809877.0	2762609.0	2797461.0	2774978.0	2798789.0	2780410.0	2465762.0	2721148.0	2441245.0	2783538.0	2795459.0	2796826.0	2437462.0	2749525.0	2527137.0	2747798.0	2797257.0	2775245.0	2481206.0	2810357.0	2759530.0	2796341.0	2751584.0	2810455.0	2788951.0	2467895.0	2806819.0	2792603.0	2746991.0	2783451.0	2799489.0	2808522.0	753597.0	2700487.0	2798646.0	2799302.0	2809508.0
scaffoldsEF13212	2774493.0	2820802.0	2825245.0	2806838.0	2808372.0	2740253.0	2826200.0	2781190.0	2782418.0	2809044.0	2811254.0	2775805.0	2721224.0	2795676.0	2807975.0	2800632.0	2445768.0	2806699.0	2787344.0	2728992.0	2800032.0	2789553.0	2822742.0	2824945.0	2748597.0	2758014.0	2776743.0	2825184.0	2808880.0	2746095.0	2807562.0	2822788.0	2823659.0	2473991.0	2826664.0	2773173.0	2486199.0	2439487.0	2807337.0	2825813.0	2749229.0	2805517.0	2823766.0	2785021.0	2808311.0	2806812.0	2825238.0	2826156.0	2772930.0	2811196.0	2825356.0	2800304.0	2779057.0	2798232.0	2806812.0	2823559.0	2773927.0	2801198.0	2831457.0	2783584.0	2809875.0	2779119.0	2824633.0	2800015.0	2822048.0	2807753.0	744027.0	2800008.0	2766283.0	2777745.0	2779569.0	2807414.0	2824531.0	2826487.0	2819906.0	2824903.0	2487195.0	2800165.0	2761580.0	2823879.0	2773398.0	2810314.0	2787362.0	2473433.0	2720723.0	2446907.0	2781123.0	2809710.0	2807076.0	2441931.0	2749566.0	2526329.0	2747625.0	2824324.0	2774612.0	2486907.0	2801232.0	2758817.0	2805650.0	2749592.0	2800561.0	2791317.0	2473719.0	2798053.0	2797056.0	2744630.0	2785995.0	2828298.0	2799159.0	740811.0	2698444.0	2807400.0	2828345.0	2800392.0
scaffoldsTV19	2863064.0	2841128.0	2844490.0	2793731.0	2795706.0	2798763.0	2844270.0	2876273.0	2879170.0	2845709.0	2841217.0	2830539.0	2732237.0	2792725.0	2793576.0	2795267.0	2472239.0	2794138.0	2806885.0	2739021.0	2796470.0	2824620.0	2843824.0	2794827.0	2799106.0	2847163.0	2853723.0	2844377.0	2798758.0	2833177.0	2792255.0	2842270.0	2843583.0	2488437.0	2845996.0	2866421.0	2535772.0	2452543.0	2795002.0	2845372.0	2755806.0	2788442.0	2844663.0	2870369.0	2793846.0	2793269.0	2843637.0	2844201.0	2868827.0	2842746.0	2845094.0	2792179.0	2832065.0	2793174.0	2791684.0	2844019.0	2867071.0	2794832.0	2794502.0	2886881.0	2794397.0	2785311.0	2844235.0	2793469.0	2842077.0	2848143.0	736421.0	2794560.0	2823949.0	2826046.0	2877045.0	2800254.0	2844578.0	2794644.0	2837775.0	2843844.0	2509909.0	2794702.0	2849056.0	2844912.0	2829982.0	2794356.0	2805312.0	2486530.0	2774037.0	2473555.0	2876154.0	2795418.0	2793097.0	2449797.0	2760597.0	2544134.0	2794819.0	2843899.0	2828106.0	2508824.0	2794581.0	2830733.0	2863694.0	2805952.0	2793752.0	2880052.0	2487893.0	2793772.0	2791968.0	2799399.0	2803411.0	2795559.0	2795654.0	763974.0	2750135.0	2793824.0	2796411.0	2792484.0
scaffolds10646	2774174.0	2805303.0	2809509.0	2810397.0	2810831.0	2738519.0	2810911.0	2784485.0	2784789.0	2806707.0	2808619.0	2775545.0	2719314.0	2796366.0	2811000.0	2801952.0	2447433.0	2809791.0	2771470.0	2724822.0	2801360.0	2787013.0	2808571.0	2809075.0	2751120.0	2758387.0	2780454.0	2809587.0	2804234.0	2746789.0	2809712.0	2808997.0	2808550.0	2468302.0	2810948.0	2774836.0	2479101.0	2428816.0	2810312.0	2810743.0	2746065.0	2806528.0	2808396.0	2787727.0	2810806.0	2810946.0	2810219.0	2810613.0	2775127.0	2807804.0	2810411.0	2800859.0	2780449.0	2798746.0	2807692.0	2807632.0	2772860.0	2802505.0	2811517.0	2785068.0	2831621.0	2776808.0	2809200.0	2800571.0	2806079.0	2805822.0	743601.0	2800532.0	2761914.0	2779533.0	2781875.0	2804695.0	2809229.0	2811355.0	2806777.0	2808956.0	2476909.0	2801237.0	2762938.0	2808835.0	2774593.0	2813082.0	2781118.0	2466835.0	2722078.0	2448742.0	2783983.0	2810331.0	2810503.0	2441403.0	2746936.0	2519110.0	2745797.0	2808992.0	2775610.0	2477109.0	2802316.0	2757851.0	2809180.0	2750330.0	2801088.0	2792476.0	2467008.0	2799136.0	2793958.0	2746047.0	2782454.0	2812004.0	2800285.0	740423.0	2699944.0	2811445.0	2811889.0	2800847.0
scaffolds121VP	2768777.0	2767743.0	2772063.0	2771252.0	2772306.0	2744462.0	2772716.0	2775835.0	2776346.0	2778539.0	2770903.0	2768129.0	2719327.0	2776742.0	2772205.0	2780794.0	2421032.0	2771128.0	2734325.0	2708196.0	2779308.0	2774827.0	2770297.0	2773354.0	2743880.0	2758170.0	2771774.0	2771820.0	2780754.0	2739637.0	2770810.0	2771814.0	2770838.0	2458607.0	2772851.0	2779041.0	2472949.0	2429106.0	2772649.0	2772869.0	2744562.0	2770090.0	2770829.0	2780460.0	2772050.0	2771986.0	2772514.0	2772394.0	2767783.0	2769535.0	2773094.0	2781703.0	2769015.0	2780797.0	2774627.0	2770732.0	2766798.0	2782021.0	2773914.0	2777209.0	2774072.0	2791666.0	2771058.0	2778053.0	2769646.0	2781988.0	732509.0	2779247.0	2751542.0	2770191.0	2775321.0	2783412.0	2772741.0	2774866.0	2767629.0	2773094.0	2481363.0	2781007.0	2755072.0	2773016.0	2767131.0	2774209.0	2773828.0	2457695.0	2717152.0	2422043.0	2775610.0	2772229.0	2772301.0	2417258.0	2744536.0	2507289.0	2744316.0	2771842.0	2764922.0	2480117.0	2781236.0	2752060.0	2771962.0	2746464.0	2781989.0	2780513.0	2458946.0	2779668.0	2774013.0	2742300.0	2774554.0	2773895.0	2779757.0	755510.0	2695741.0	2775374.0	2774038.0	2781240.0
scaffolds132VP	2827983.0	2874829.0	2880900.0	2810767.0	2811311.0	2795188.0	2880543.0	2836169.0	2837268.0	2865997.0	2866642.0	2829095.0	2728926.0	2801554.0	2810535.0	2803957.0	2470902.0	2809501.0	2842553.0	2734725.0	2802766.0	2796822.0	2878902.0	2827688.0	2802494.0	2809095.0	2832372.0	2880210.0	2812765.0	2800247.0	2811076.0	2879252.0	2878644.0	2494807.0	2881749.0	2828281.0	2522490.0	2441062.0	2810312.0	2880856.0	2755626.0	2808339.0	2878936.0	2839246.0	2810749.0	2809165.0	2880301.0	2881135.0	2827754.0	2865861.0	2880810.0	2803167.0	2830601.0	2801388.0	2808784.0	2878753.0	2827263.0	2804903.0	2829957.0	2839345.0	2812504.0	2781259.0	2884142.0	2805057.0	2877637.0	2863039.0	747127.0	2805718.0	2803671.0	2834609.0	2836190.0	2810025.0	2879530.0	2829939.0	2876488.0	2879357.0	2517885.0	2803767.0	2812126.0	2879143.0	2827469.0	2812683.0	2795878.0	2495379.0	2773152.0	2471789.0	2836611.0	2810670.0	2810024.0	2449688.0	2758346.0	2564599.0	2795466.0	2880347.0	2827424.0	2517629.0	2804871.0	2812621.0	2859030.0	2803802.0	2803671.0	2846019.0	2494633.0	2800472.0	2800270.0	2798015.0	2789024.0	2830586.0	2802872.0	750403.0	2753369.0	2810991.0	2830726.0	2802656.0
scaffolds5A8	2778487.0	2792629.0	2798084.0	2795532.0	2796159.0	2742952.0	2798129.0	2783213.0	2783005.0	2805511.0	2795975.0	2777813.0	2720624.0	2803219.0	2796159.0	2808488.0	2438952.0	2795071.0	2759712.0	2717991.0	2806987.0	2788671.0	2795346.0	2796483.0	2750131.0	2760540.0	2779311.0	2796678.0	2802965.0	2747800.0	2796867.0	2796470.0	2796091.0	2467652.0	2798317.0	2776668.0	2479993.0	2433305.0	2795585.0	2798389.0	2748012.0	2794078.0	2795762.0	2787912.0	2796215.0	2794962.0	2797841.0	2798111.0	2776846.0	2795117.0	2797920.0	2808545.0	2779478.0	2806253.0	2798958.0	2795159.0	2776707.0	2809290.0	2799034.0	2785333.0	2798351.0	2778889.0	2798341.0	2822290.0	2795176.0	2804773.0	762330.0	2810123.0	2759710.0	2779937.0	2783795.0	2799312.0	2796649.0	2798021.0	2793394.0	2797043.0	2480634.0	2808492.0	2762151.0	2796228.0	2774644.0	2798221.0	2781739.0	2466257.0	2720452.0	2439781.0	2785640.0	2798193.0	2795654.0	2436466.0	2748619.0	2525311.0	2747717.0	2797801.0	2775393.0	2479125.0	2809547.0	2759617.0	2796173.0	2751837.0	2808692.0	2788053.0	2467452.0	2805580.0	2791187.0	2746728.0	2781955.0	2799379.0	2806907.0	754683.0	2698703.0	2797790.0	2799190.0	2808540.0
scaffolds131VP	2826792.0	2876474.0	2877589.0	2808713.0	2812362.0	2791492.0	2877434.0	2837341.0	2839641.0	2862755.0	2867820.0	2830259.0	2730070.0	2802143.0	2812050.0	2800662.0	2470208.0	2811385.0	2839747.0	2730803.0	2803919.0	2796302.0	2879748.0	2829096.0	2799195.0	2806623.0	2834694.0	2876451.0	2808692.0	2802630.0	2812689.0	2876520.0	2879445.0	2489325.0	2877799.0	2831297.0	2520583.0	2437330.0	2812223.0	2877646.0	2754422.0	2809096.0	2880061.0	2837167.0	2812299.0	2811618.0	2877550.0	2877388.0	2829779.0	2866834.0	2877561.0	2801434.0	2827912.0	2799450.0	2807502.0	2878973.0	2825656.0	2801724.0	2827171.0	2837680.0	2810218.0	2778297.0	2876928.0	2801382.0	2883118.0	2861370.0	744679.0	2801452.0	2800297.0	2831077.0	2836792.0	2805994.0	2876235.0	2827084.0	2873146.0	2877633.0	2514584.0	2800632.0	2811286.0	2876609.0	2830205.0	2810273.0	2791840.0	2488975.0	2774116.0	2471259.0	2834156.0	2809027.0	2811918.0	2447198.0	2756360.0	2559953.0	2796666.0	2877322.0	2831014.0	2515183.0	2801809.0	2809440.0	2856795.0	2803265.0	2801715.0	2842439.0	2488351.0	2802493.0	2800805.0	2795556.0	2784963.0	2827349.0	2803797.0	740213.0	2748706.0	2808785.0	2827431.0	2801572.0
scaffolds5A12	2833944.0	2852101.0	2856286.0	2805003.0	2805098.0	2796364.0	2859292.0	2843094.0	2843534.0	2887635.0	2857096.0	2832494.0	2734715.0	2809335.0	2805727.0	2814536.0	2467148.0	2803944.0	2817652.0	2758165.0	2811300.0	2799272.0	2855311.0	2808339.0	2803177.0	2815893.0	2842246.0	2856998.0	2815212.0	2829665.0	2803581.0	2855690.0	2859264.0	2512071.0	2858514.0	2833873.0	2518141.0	2440334.0	2803930.0	2858656.0	2759578.0	2805165.0	2856633.0	2843092.0	2806777.0	2805186.0	2856817.0	2859425.0	2834461.0	2853762.0	2857248.0	2812538.0	2833192.0	2813594.0	2801421.0	2854646.0	2828950.0	2813775.0	2808114.0	2846464.0	2806988.0	2785088.0	2855602.0	2809698.0	2855484.0	2907006.0	743168.0	2811683.0	2809029.0	2833003.0	2839723.0	2813856.0	2855882.0	2809067.0	2852507.0	2858282.0	2512942.0	2814757.0	2822063.0	2857212.0	2833075.0	2807128.0	2799961.0	2510915.0	2775198.0	2468152.0	2840652.0	2802676.0	2806483.0	2444372.0	2762030.0	2562481.0	2795627.0	2857056.0	2831239.0	2512739.0	2813732.0	2814180.0	2851861.0	2805517.0	2813752.0	2849241.0	2512012.0	2809201.0	2806343.0	2800708.0	2822207.0	2808222.0	2810531.0	760528.0	2755117.0	2806515.0	2809322.0	2813016.0
scaffoldsARL09542	760853.0	775053.0	775197.0	776267.0	774489.0	759766.0	775275.0	760423.0	757927.0	775228.0	774516.0	761634.0	754587.0	776320.0	775265.0	776422.0	766615.0	775152.0	775039.0	754579.0	775052.0	760417.0	775468.0	774056.0	758136.0	758259.0	761005.0	775227.0	775024.0	760549.0	775226.0	774741.0	774469.0	752641.0	775262.0	759741.0	827884.0	831162.0	774791.0	775061.0	756590.0	776890.0	775053.0	760781.0	775429.0	775241.0	775060.0	774411.0	758879.0	775214.0	775184.0	773483.0	762410.0	773857.0	774788.0	775191.0	760635.0	775110.0	775220.0	760373.0	775441.0	757917.0	775206.0	775138.0	773392.0	774539.0	3453410.0	774044.0	757651.0	776010.0	759735.0	770474.0	775196.0	774569.0	775229.0	773470.0	747922.0	776064.0	756987.0	774125.0	760692.0	775240.0	757036.0	752989.0	759940.0	767814.0	759824.0	774482.0	775035.0	766390.0	759231.0	778376.0	756895.0	775018.0	760554.0	747638.0	774096.0	759589.0	775116.0	758724.0	773480.0	759609.0	752881.0	773480.0	775152.0	758844.0	759456.0	774440.0	774759.0	814298.0	759100.0	775095.0	775224.0	773479.0
scaffolds5A15	2781072.0	2791841.0	2798014.0	2795623.0	2796083.0	2744863.0	2797911.0	2784127.0	2785499.0	2804519.0	2796541.0	2779751.0	2722133.0	2804220.0	2796182.0	2809456.0	2440731.0	2795621.0	2759805.0	2717743.0	2807835.0	2789625.0	2796331.0	2796898.0	2748520.0	2761459.0	2780550.0	2796934.0	2803864.0	2748976.0	2796878.0	2796191.0	2796116.0	2469827.0	2798391.0	2778283.0	2481394.0	2436254.0	2795677.0	2798335.0	2749461.0	2795132.0	2796207.0	2789449.0	2796464.0	2794440.0	2797400.0	2798130.0	2778613.0	2795150.0	2797773.0	2810044.0	2781055.0	2808101.0	2798187.0	2795180.0	2778709.0	2810460.0	2798052.0	2786611.0	2798041.0	2781315.0	2798247.0	2810469.0	2795887.0	2806492.0	757391.0	2815486.0	2760463.0	2781057.0	2785473.0	2800546.0	2796619.0	2799182.0	2792323.0	2797782.0	2486200.0	2809512.0	2762674.0	2796880.0	2776978.0	2798174.0	2783438.0	2467989.0	2721478.0	2441430.0	2786408.0	2797207.0	2796073.0	2436537.0	2749517.0	2531002.0	2748017.0	2797763.0	2776087.0	2484547.0	2810679.0	2760620.0	2795222.0	2752338.0	2810530.0	2789856.0	2469718.0	2807054.0	2792156.0	2746748.0	2783722.0	2799182.0	2808116.0	752496.0	2698195.0	2796812.0	2799217.0	2809240.0
scaffoldsAR0036	2860364.0	2793008.0	2796825.0	2757033.0	2759801.0	2802441.0	2795135.0	2812701.0	2811442.0	2802276.0	2792153.0	2778084.0	2716416.0	2807547.0	2757763.0	2759840.0	2466634.0	2758433.0	2768145.0	2735950.0	2760774.0	2788051.0	2795536.0	2760093.0	2768343.0	2808357.0	2796276.0	2795260.0	2768331.0	2795381.0	2757680.0	2795035.0	2794427.0	2472196.0	2797049.0	2804220.0	2536195.0	2454824.0	2758703.0	2796381.0	2736307.0	2756974.0	2795922.0	2824002.0	2759728.0	2756567.0	2795529.0	2795568.0	2803518.0	2840566.0	2796374.0	2755288.0	2781234.0	2755279.0	2754711.0	2796444.0	2848958.0	2758853.0	2762070.0	2812319.0	2758549.0	2747625.0	2797036.0	2758868.0	2792574.0	2799006.0	734941.0	2758454.0	2908898.0	2773016.0	2813783.0	2768801.0	2796465.0	2761068.0	2792540.0	2792723.0	2503100.0	2759117.0	2820339.0	2794424.0	2776768.0	2758560.0	2768016.0	2470553.0	2744316.0	2467372.0	2811895.0	2755898.0	2756821.0	2452601.0	2745870.0	2524824.0	2807394.0	2796011.0	2775616.0	2502614.0	2758293.0	2775629.0	2820114.0	2773310.0	2755998.0	2871500.0	2471861.0	2756416.0	2760711.0	2765403.0	2776486.0	2763066.0	2759844.0	757323.0	2728916.0	2756859.0	2763149.0	2754778.0
scaffoldsAR96360	2808207.0	2823781.0	2829041.0	2775731.0	2776887.0	2785199.0	2829623.0	2816871.0	2817592.0	2829795.0	2827863.0	2818129.0	2726764.0	2778533.0	2776969.0	2781002.0	2457956.0	2775351.0	2791432.0	2715617.0	2779790.0	2764851.0	2827572.0	2777095.0	2793483.0	2798956.0	2812944.0	2828728.0	2780039.0	2780318.0	2775715.0	2828102.0	2827830.0	2484524.0	2829819.0	2821097.0	2520334.0	2443433.0	2776050.0	2829640.0	2751192.0	2773607.0	2827909.0	2822413.0	2776568.0	2774435.0	2829558.0	2829379.0	2808509.0	2826590.0	2829759.0	2780831.0	2820842.0	2779107.0	2777791.0	2826815.0	2809009.0	2782160.0	2778018.0	2819648.0	2778561.0	2770693.0	2828174.0	2778892.0	2825914.0	2833167.0	745489.0	2779860.0	2775816.0	2858403.0	2816481.0	2776956.0	2828629.0	2778169.0	2824072.0	2829139.0	2511647.0	2781129.0	2795449.0	2828744.0	2817881.0	2778638.0	2775053.0	2482915.0	2765882.0	2458771.0	2816053.0	2777561.0	2776785.0	2437180.0	2751835.0	2563758.0	2788228.0	2828772.0	2816965.0	2511575.0	2781786.0	2793626.0	2826923.0	2798685.0	2781377.0	2823810.0	2484787.0	2778861.0	2786021.0	2792750.0	2762331.0	2779239.0	2780107.0	743714.0	2743641.0	2776815.0	2779306.0	2780434.0
scaffoldsTV33	2876971.0	2842194.0	2843721.0	2792288.0	2795676.0	2845468.0	2843411.0	2895481.0	2891984.0	2846956.0	2844488.0	2838336.0	2738864.0	2796430.0	2796100.0	2795119.0	2494803.0	2795181.0	2806642.0	2746089.0	2797972.0	2839691.0	2845314.0	2794922.0	2803275.0	2860962.0	2859552.0	2842434.0	2797550.0	2846034.0	2796073.0	2841347.0	2845684.0	2492780.0	2843872.0	2880491.0	2604550.0	2504515.0	2795131.0	2843281.0	2801661.0	2791128.0	2845243.0	2882626.0	2796746.0	2794742.0	2842101.0	2843114.0	2908281.0	2844676.0	2843770.0	2793381.0	2837356.0	2792490.0	2791191.0	2845607.0	2882379.0	2796253.0	2792003.0	2889143.0	2793741.0	2786153.0	2843655.0	2794221.0	2842923.0	2847073.0	728626.0	2795801.0	2833940.0	2826745.0	2963202.0	2800219.0	2842964.0	2792598.0	2839100.0	2841248.0	2524367.0	2794596.0	2860054.0	2842699.0	2836801.0	2793935.0	2814097.0	2490237.0	2776911.0	2496851.0	2911628.0	2793379.0	2795572.0	2473355.0	2766940.0	2560132.0	2842626.0	2843288.0	2834895.0	2522929.0	2795901.0	2876403.0	2874882.0	2810768.0	2793871.0	2892004.0	2492505.0	2795999.0	2793137.0	2801062.0	2837458.0	2793857.0	2797406.0	758198.0	2753595.0	2792765.0	2793993.0	2792851.0
scaffoldsAR991024	2781773.0	2800839.0	2803684.0	2801346.0	2801099.0	2746396.0	2805702.0	2791489.0	2789079.0	2808971.0	2804520.0	2784992.0	2729336.0	2799599.0	2802876.0	2804292.0	2448002.0	2799350.0	2765868.0	2728993.0	2802085.0	2796006.0	2803538.0	2805464.0	2753845.0	2766293.0	2788262.0	2804115.0	2808423.0	2752892.0	2801562.0	2802572.0	2805703.0	2476874.0	2805177.0	2781264.0	2479738.0	2432663.0	2800746.0	2804386.0	2754110.0	2801163.0	2803392.0	2792530.0	2802804.0	2802318.0	2803989.0	2805925.0	2781990.0	2801867.0	2804571.0	2802621.0	2785150.0	2803161.0	2798375.0	2804151.0	2778734.0	2804283.0	2805822.0	2789672.0	2802407.0	2784641.0	2803220.0	2800587.0	2801356.0	2810989.0	742346.0	2801471.0	2770142.0	2776817.0	2788052.0	2822402.0	2804340.0	2806276.0	2799301.0	2803562.0	2483524.0	2804184.0	2766654.0	2803971.0	2781582.0	2803017.0	2790022.0	2475697.0	2726537.0	2448638.0	2786021.0	2799109.0	2802643.0	2443909.0	2756609.0	2527150.0	2750250.0	2803408.0	2781409.0	2483310.0	2803483.0	2764875.0	2800003.0	2756415.0	2803112.0	2797211.0	2477115.0	2800738.0	2799399.0	2751112.0	2790640.0	2805796.0	2801812.0	754049.0	2704634.0	2802696.0	2805487.0	2802157.0
scaffolds13105	2828170.0	2874471.0	2879720.0	2809470.0	2810553.0	2793918.0	2880589.0	2835802.0	2838604.0	2864307.0	2864704.0	2828674.0	2729719.0	2800095.0	2810677.0	2804073.0	2476484.0	2809024.0	2841458.0	2731253.0	2802227.0	2795459.0	2877152.0	2827549.0	2800519.0	2810551.0	2832806.0	2879735.0	2812830.0	2800025.0	2810079.0	2877345.0	2878678.0	2496862.0	2880697.0	2827011.0	2525781.0	2444541.0	2810429.0	2880131.0	2757283.0	2809140.0	2876988.0	2839266.0	2810945.0	2809250.0	2878696.0	2880493.0	2826483.0	2864111.0	2880485.0	2803224.0	2830355.0	2802441.0	2807665.0	2877501.0	2826318.0	2804858.0	2828144.0	2840328.0	2812277.0	2780801.0	2877619.0	2802351.0	2874859.0	2862885.0	752134.0	2802851.0	2803819.0	2832643.0	2835191.0	2810827.0	2891901.0	2829437.0	2874352.0	2879473.0	2522462.0	2803531.0	2814676.0	2880012.0	2827134.0	2812460.0	2791050.0	2495755.0	2774406.0	2477260.0	2835807.0	2810173.0	2810204.0	2453874.0	2759600.0	2570440.0	2792308.0	2879555.0	2828170.0	2522364.0	2804400.0	2813139.0	2859357.0	2801365.0	2803756.0	2847681.0	2496755.0	2800179.0	2800641.0	2796638.0	2787952.0	2829997.0	2802692.0	751217.0	2751542.0	2810332.0	2830257.0	2802799.0
scaffolds13219	2773918.0	2817842.0	2823234.0	2803983.0	2805493.0	2738131.0	2823866.0	2780137.0	2782347.0	2806391.0	2810204.0	2773575.0	2720160.0	2793712.0	2805192.0	2798751.0	2449295.0	2805098.0	2786305.0	2726205.0	2798703.0	2787646.0	2822260.0	2824302.0	2746203.0	2757978.0	2776567.0	2822948.0	2806947.0	2746283.0	2804819.0	2821922.0	2821969.0	2473978.0	2824436.0	2773599.0	2483043.0	2437128.0	2805166.0	2824450.0	2745350.0	2804256.0	2822421.0	2785047.0	2805482.0	2804765.0	2823847.0	2824191.0	2773169.0	2808954.0	2824181.0	2799206.0	2776293.0	2797660.0	2804902.0	2821296.0	2772619.0	2799943.0	2825326.0	2783531.0	2807225.0	2777035.0	2822431.0	2797795.0	2821042.0	2807001.0	748962.0	2798703.0	2764497.0	2777597.0	2779797.0	2805752.0	2822888.0	2838133.0	2819004.0	2824019.0	2485816.0	2798840.0	2761812.0	2823142.0	2772356.0	2807377.0	2782429.0	2473476.0	2719319.0	2450351.0	2780237.0	2806165.0	2805102.0	2444487.0	2746446.0	2526263.0	2742540.0	2822981.0	2772154.0	2485528.0	2799961.0	2757861.0	2804422.0	2746482.0	2799746.0	2791285.0	2473863.0	2797120.0	2795325.0	2741002.0	2782227.0	2825228.0	2797948.0	747914.0	2696184.0	2807318.0	2825450.0	2798762.0
scaffolds113A	2833757.0	2874227.0	2879177.0	2809037.0	2811946.0	2791360.0	2877904.0	2839327.0	2840609.0	2865263.0	2863710.0	2827436.0	2731060.0	2803922.0	2809981.0	2803297.0	2465672.0	2810793.0	2839965.0	2731763.0	2803732.0	2796564.0	2877550.0	2827583.0	2799490.0	2808280.0	2838001.0	2877994.0	2810847.0	2802269.0	2809713.0	2879671.0	2876710.0	2487746.0	2879481.0	2829604.0	2522658.0	2443977.0	2811344.0	2878873.0	2754251.0	2808641.0	2877654.0	2839635.0	2810068.0	2808908.0	2877232.0	2878338.0	2827226.0	2864456.0	2878630.0	2801786.0	2828862.0	2801774.0	2807277.0	2877747.0	2828676.0	2803164.0	2827105.0	2841243.0	2810626.0	2780759.0	2877639.0	2801333.0	2876614.0	2862846.0	743177.0	2802301.0	2803153.0	2831737.0	2838732.0	2809080.0	2878855.0	2827836.0	2885140.0	2877938.0	2519147.0	2803079.0	2815878.0	2878188.0	2826872.0	2811130.0	2789204.0	2486956.0	2775783.0	2465950.0	2837627.0	2809048.0	2809472.0	2440876.0	2757949.0	2566558.0	2795930.0	2878872.0	2827419.0	2517863.0	2803263.0	2814521.0	2857254.0	2802238.0	2802290.0	2846499.0	2487584.0	2801311.0	2801540.0	2795846.0	2786631.0	2828862.0	2803649.0	752627.0	2750762.0	2810334.0	2828989.0	2801252.0
scaffolds13761	2826697.0	2874053.0	2878835.0	2810249.0	2810378.0	2793672.0	2879777.0	2834280.0	2837899.0	2863214.0	2865090.0	2826627.0	2728274.0	2799947.0	2810546.0	2804924.0	2469611.0	2809241.0	2841532.0	2734117.0	2803612.0	2795019.0	2876251.0	2828614.0	2797851.0	2809241.0	2831171.0	2878924.0	2812992.0	2799845.0	2810150.0	2877655.0	2877842.0	2491608.0	2879798.0	2827734.0	2521512.0	2443069.0	2810476.0	2879638.0	2756760.0	2808783.0	2877312.0	2838275.0	2810319.0	2808997.0	2879218.0	2879363.0	2826879.0	2863959.0	2879836.0	2805691.0	2828283.0	2803838.0	2809567.0	2876234.0	2826250.0	2806117.0	2829363.0	2838998.0	2812187.0	2782715.0	2877311.0	2804222.0	2876211.0	2863233.0	743076.0	2804445.0	2801858.0	2832210.0	2833981.0	2809734.0	2878495.0	2829442.0	2873855.0	2884812.0	2518603.0	2805032.0	2813099.0	2879038.0	2826649.0	2812345.0	2796148.0	2492050.0	2769726.0	2470649.0	2835543.0	2810989.0	2810403.0	2447952.0	2757072.0	2564266.0	2793590.0	2878822.0	2826902.0	2518542.0	2805670.0	2811086.0	2858643.0	2802300.0	2806106.0	2844375.0	2491802.0	2802654.0	2800508.0	2795377.0	2790139.0	2830306.0	2804109.0	738782.0	2748945.0	2811493.0	2830436.0	2805834.0
scaffoldsTV112	2505862.0	2510674.0	2512631.0	2477356.0	2477857.0	2505131.0	2512551.0	2507859.0	2507102.0	2511610.0	2511580.0	2517348.0	2468911.0	2477960.0	2476839.0	2478818.0	2491580.0	2476939.0	2510442.0	2446713.0	2477616.0	2477766.0	2512663.0	2479028.0	2518806.0	2509075.0	2504957.0	2511394.0	2479978.0	2508443.0	2478077.0	2512060.0	2512406.0	2443604.0	2512928.0	2507454.0	2571230.0	2490020.0	2477357.0	2512462.0	2495308.0	2479470.0	2512410.0	2509949.0	2478401.0	2477372.0	2511939.0	2512660.0	2507534.0	2510670.0	2512440.0	2476636.0	2520062.0	2477867.0	2476722.0	2512823.0	2516936.0	2478359.0	2479745.0	2507917.0	2477715.0	2471959.0	2512944.0	2478623.0	2511921.0	2512087.0	736133.0	2478571.0	2506222.0	2501403.0	2508714.0	2480288.0	2512233.0	2479347.0	2511057.0	2511776.0	2904727.0	2478377.0	2506293.0	2512500.0	2515652.0	2478091.0	2481324.0	2441350.0	2533004.0	2491178.0	2505320.0	2475748.0	2477758.0	2470388.0	2495707.0	2714153.0	2510177.0	2512202.0	2519870.0	2901675.0	2478542.0	2484915.0	2509304.0	2521320.0	2477887.0	2512339.0	2443132.0	2477312.0	2476439.0	2514882.0	2477259.0	2479817.0	2478071.0	745439.0	2511917.0	2477781.0	2479844.0	2477612.0
scaffolds5A5	2778494.0	2789354.0	2794352.0	2795949.0	2795471.0	2741928.0	2796088.0	2784739.0	2784033.0	2802812.0	2794966.0	2779846.0	2720053.0	2804413.0	2797576.0	2810455.0	2439071.0	2794409.0	2756741.0	2718558.0	2805908.0	2786374.0	2793124.0	2795502.0	2746982.0	2761361.0	2782671.0	2793036.0	2801274.0	2748634.0	2796554.0	2793250.0	2796168.0	2471239.0	2794924.0	2778124.0	2480469.0	2437581.0	2794713.0	2795050.0	2747875.0	2796208.0	2794145.0	2788342.0	2797034.0	2795260.0	2794822.0	2795774.0	2777552.0	2791136.0	2795038.0	2808640.0	2778754.0	2808725.0	2796347.0	2792998.0	2774300.0	2809550.0	2794655.0	2785954.0	2797350.0	2777589.0	2793323.0	2806164.0	2792371.0	2806882.0	746082.0	2807216.0	2760264.0	2777574.0	2783217.0	2799701.0	2793670.0	2795060.0	2788330.0	2794416.0	2482753.0	2815461.0	2763420.0	2794072.0	2776270.0	2797356.0	2778377.0	2469551.0	2721107.0	2439842.0	2781994.0	2793868.0	2797617.0	2435481.0	2748439.0	2526046.0	2747953.0	2794078.0	2775809.0	2481331.0	2809086.0	2760025.0	2794071.0	2749357.0	2809045.0	2786738.0	2471557.0	2804532.0	2791490.0	2747141.0	2781654.0	2795982.0	2806546.0	745141.0	2697690.0	2797495.0	2795815.0	2807913.0
scaffoldsTV30	2843190.0	2805521.0	2807095.0	2760276.0	2760440.0	2767086.0	2807142.0	2838512.0	2837468.0	2812712.0	2804221.0	2800742.0	2725554.0	2764087.0	2758758.0	2764998.0	2454485.0	2759134.0	2770248.0	2735740.0	2765114.0	2787641.0	2806640.0	2758962.0	2792385.0	2837523.0	2823648.0	2807095.0	2766240.0	2811434.0	2756957.0	2806302.0	2806211.0	2472843.0	2808803.0	2828054.0	2525974.0	2446861.0	2758590.0	2807583.0	2752097.0	2753836.0	2807113.0	2848169.0	2760408.0	2757466.0	2806662.0	2807049.0	2828892.0	2805810.0	2807977.0	2761628.0	2803680.0	2762445.0	2759020.0	2806961.0	2828547.0	2763380.0	2758610.0	2840401.0	2758967.0	2752139.0	2806967.0	2761314.0	2804646.0	2815892.0	714314.0	2760917.0	2824197.0	2792588.0	2838450.0	2767633.0	2807817.0	2758012.0	2800107.0	2805975.0	2505599.0	2764299.0	2859889.0	2807547.0	2800573.0	2759705.0	2771991.0	2469819.0	2764985.0	2455800.0	2838302.0	2760718.0	2757669.0	2445824.0	2753486.0	2530010.0	2789132.0	2806907.0	2799275.0	2504623.0	2762831.0	2800183.0	2837131.0	2798131.0	2761829.0	2840455.0	2471433.0	2761916.0	2759531.0	2793543.0	2773313.0	2758884.0	2763230.0	743179.0	2743433.0	2758477.0	2759635.0	2761771.0
scaffolds13432	2826941.0	2874833.0	2878687.0	2809034.0	2810092.0	2793313.0	2879649.0	2834851.0	2838425.0	2862878.0	2864833.0	2827223.0	2728747.0	2799887.0	2810254.0	2804958.0	2467880.0	2809115.0	2841291.0	2733825.0	2803400.0	2794690.0	2876730.0	2828615.0	2798482.0	2808866.0	2831606.0	2878541.0	2812591.0	2799833.0	2809016.0	2877528.0	2877511.0	2491106.0	2879564.0	2827507.0	2521334.0	2441064.0	2810415.0	2879385.0	2755283.0	2808914.0	2877058.0	2838039.0	2810399.0	2808917.0	2879021.0	2879111.0	2827077.0	2864018.0	2879398.0	2805293.0	2828114.0	2804510.0	2809455.0	2876042.0	2826744.0	2805815.0	2829232.0	2839155.0	2812061.0	2783396.0	2877048.0	2804247.0	2875794.0	2862614.0	757393.0	2804083.0	2801790.0	2832649.0	2834360.0	2810405.0	2879351.0	2830005.0	2873234.0	2879645.0	2516796.0	2804674.0	2813268.0	2887703.0	2826350.0	2812123.0	2795796.0	2490787.0	2770758.0	2468942.0	2835176.0	2810819.0	2810042.0	2446615.0	2757558.0	2558958.0	2791466.0	2878587.0	2826065.0	2515983.0	2805569.0	2811461.0	2858778.0	2802011.0	2805585.0	2844232.0	2491493.0	2802434.0	2800185.0	2794060.0	2789831.0	2829140.0	2803711.0	754921.0	2749418.0	2812015.0	2830110.0	2805689.0
scaffolds12768	2830733.0	2837457.0	2839425.0	2785140.0	2788101.0	2790366.0	2839419.0	2838898.0	2840600.0	2841268.0	2841636.0	2878349.0	2763694.0	2786089.0	2788560.0	2786240.0	2461149.0	2787802.0	2802757.0	2730765.0	2789099.0	2788826.0	2841491.0	2790050.0	2839375.0	2809067.0	2834934.0	2838481.0	2792122.0	2801314.0	2788070.0	2836197.0	2841620.0	2502882.0	2840131.0	2828933.0	2524429.0	2436970.0	2788187.0	2839280.0	2794364.0	2785264.0	2841345.0	2836587.0	2788372.0	2786153.0	2839157.0	2839074.0	2831816.0	2840336.0	2839487.0	2787136.0	2881224.0	2785152.0	2782283.0	2840186.0	2829040.0	2787377.0	2785600.0	2838366.0	2786076.0	2772158.0	2837264.0	2784981.0	2840023.0	2843808.0	742923.0	2785837.0	2793061.0	2829362.0	2838172.0	2792573.0	2838103.0	2787761.0	2832485.0	2839491.0	2538100.0	2786407.0	2814518.0	2838468.0	2888963.0	2786166.0	2796011.0	2501511.0	2814759.0	2461985.0	2834349.0	2784316.0	2788384.0	2438162.0	2798167.0	2575483.0	2835395.0	2838275.0	2881527.0	2536850.0	2787084.0	2811804.0	2835019.0	2844097.0	2787447.0	2840204.0	2503186.0	2789537.0	2803785.0	2838209.0	2778964.0	2787443.0	2789112.0	749772.0	2788284.0	2785451.0	2788376.0	2786446.0
scaffolds10212	2774860.0	2803434.0	2807403.0	2809515.0	2809976.0	2739155.0	2807900.0	2782420.0	2782503.0	2803840.0	2805908.0	2775320.0	2717263.0	2793543.0	2809859.0	2798986.0	2445758.0	2807498.0	2768952.0	2721408.0	2797810.0	2784594.0	2805645.0	2806423.0	2747540.0	2757475.0	2779681.0	2807429.0	2802241.0	2744257.0	2808431.0	2805107.0	2806131.0	2467622.0	2808773.0	2774560.0	2484526.0	2436215.0	2808687.0	2807898.0	2745798.0	2804747.0	2805641.0	2785221.0	2809949.0	2809602.0	2806257.0	2808634.0	2773507.0	2804876.0	2807773.0	2798796.0	2778259.0	2797373.0	2805621.0	2805641.0	2771547.0	2800044.0	2808887.0	2784327.0	2810957.0	2777039.0	2806966.0	2797476.0	2804653.0	2804364.0	754645.0	2797891.0	2760079.0	2777841.0	2780990.0	2802743.0	2806134.0	2808417.0	2802855.0	2807272.0	2484356.0	2798772.0	2761357.0	2806672.0	2773573.0	2817294.0	2779307.0	2466405.0	2718407.0	2446562.0	2780546.0	2807085.0	2808632.0	2440902.0	2745144.0	2526495.0	2744508.0	2806204.0	2773560.0	2483600.0	2799935.0	2759954.0	2805729.0	2746307.0	2799599.0	2789617.0	2466529.0	2796043.0	2792091.0	2742700.0	2778917.0	2810083.0	2797445.0	745785.0	2696775.0	2809705.0	2809861.0	2798840.0
scaffoldsIV23	2791419.0	2783782.0	2788984.0	2779049.0	2779484.0	2742386.0	2789300.0	2794610.0	2794762.0	2795034.0	2785630.0	2789692.0	2752836.0	2778497.0	2779352.0	2782776.0	2444863.0	2777979.0	2750700.0	2798955.0	2781897.0	2795758.0	2785901.0	2783488.0	2791569.0	2767965.0	2781212.0	2788188.0	2790931.0	2757433.0	2780077.0	2786238.0	2787191.0	2496177.0	2789153.0	2784105.0	2502132.0	2437557.0	2778592.0	2788351.0	2785294.0	2776705.0	2786479.0	2797793.0	2779421.0	2778091.0	2788120.0	2788880.0	2789852.0	2785247.0	2788895.0	2782075.0	2794998.0	2780096.0	2777044.0	2785905.0	2789079.0	2783365.0	2786410.0	2796423.0	2781330.0	2772138.0	2789237.0	2783570.0	2785391.0	2794340.0	743052.0	2783429.0	2773641.0	2777547.0	2797240.0	2792048.0	2787762.0	2785338.0	2783578.0	2787780.0	2485234.0	2782042.0	2773963.0	2787674.0	2790527.0	2781056.0	2875338.0	2493488.0	2752374.0	2446111.0	2798615.0	2781155.0	2778774.0	2434496.0	2787481.0	2544884.0	2788076.0	2788480.0	2787692.0	2482275.0	2782846.0	2761491.0	2791884.0	2793862.0	2782350.0	2820985.0	2495486.0	2779674.0	2798449.0	2789010.0	2827786.0	2786463.0	2780062.0	755379.0	2741158.0	2779038.0	2786629.0	2782488.0
scaffoldsTV103	2470786.0	2477778.0	2481906.0	2463261.0	2464096.0	2460471.0	2481725.0	2474568.0	2474492.0	2506393.0	2481802.0	2479229.0	2491748.0	2458641.0	2463221.0	2460686.0	2613344.0	2463284.0	2473391.0	2511683.0	2461970.0	2461368.0	2482244.0	2466736.0	2499605.0	2465565.0	2473030.0	2480712.0	2465856.0	2506885.0	2462351.0	2481689.0	2481864.0	2821977.0	2483140.0	2471638.0	2435789.0	2384720.0	2462972.0	2482846.0	2488133.0	2464158.0	2482813.0	2474844.0	2465496.0	2463205.0	2480708.0	2482864.0	2473317.0	2480608.0	2481912.0	2459493.0	2482374.0	2458770.0	2461363.0	2481722.0	2471138.0	2460630.0	2466963.0	2473950.0	2463957.0	2453997.0	2481954.0	2459738.0	2481955.0	2518344.0	739900.0	2460906.0	2464489.0	2473223.0	2473343.0	2464793.0	2480782.0	2467814.0	2478589.0	2480917.0	2442889.0	2460657.0	2466265.0	2480767.0	2480776.0	2464292.0	2483932.0	2833210.0	2489423.0	2614275.0	2471592.0	2463335.0	2462310.0	2597118.0	2490541.0	2470185.0	2497136.0	2481927.0	2479594.0	2442311.0	2461697.0	2449593.0	2476750.0	2497459.0	2459831.0	2494211.0	2826614.0	2459719.0	2464563.0	2497027.0	2519821.0	2467892.0	2460594.0	771159.0	2485980.0	2463261.0	2467888.0	2458718.0
scaffoldsVV9	2763079.0	2774683.0	2774665.0	2722397.0	2724837.0	2732621.0	2775505.0	2771295.0	2772497.0	2779534.0	2776550.0	2810166.0	2759771.0	2725986.0	2724655.0	2725758.0	2442602.0	2724024.0	2738312.0	2717166.0	2726191.0	2728580.0	2775907.0	2725240.0	2838952.0	2773323.0	2767650.0	2774408.0	2725491.0	2736891.0	2723588.0	2774078.0	2776828.0	2495490.0	2775903.0	2773847.0	2519519.0	2437168.0	2724092.0	2775621.0	2790943.0	2721196.0	2776907.0	2774187.0	2726867.0	2723481.0	2775431.0	2775502.0	2762900.0	2776031.0	2775646.0	2724609.0	2809981.0	2724476.0	2722299.0	2777176.0	2774295.0	2725725.0	2723641.0	2773745.0	2723348.0	2719143.0	2773828.0	2723636.0	2775369.0	2779459.0	734609.0	2722970.0	2749347.0	2777431.0	2771071.0	2730012.0	2775271.0	2724205.0	2772073.0	2774834.0	2538877.0	2725360.0	2772316.0	2775601.0	2808646.0	2723658.0	2759639.0	2496118.0	2875268.0	2443562.0	2768723.0	2722926.0	2724241.0	2418484.0	2797556.0	2549386.0	2833686.0	2774827.0	2810109.0	2539401.0	2725563.0	2743772.0	2771604.0	2843469.0	2724814.0	2788565.0	2495407.0	2725177.0	2739533.0	2833230.0	2739844.0	2724369.0	2726945.0	772587.0	2791212.0	2722161.0	2724779.0	2724782.0
scaffoldsTV148	2456586.0	2454926.0	2457186.0	2433490.0	2433218.0	2428094.0	2457149.0	2456918.0	2456164.0	2456693.0	2456626.0	2441947.0	2420743.0	2431622.0	2433147.0	2431944.0	2855652.0	2433134.0	2451264.0	2425832.0	2431876.0	2441302.0	2457436.0	2435194.0	2442522.0	2450734.0	2443200.0	2455075.0	2434670.0	2451259.0	2433039.0	2457134.0	2456679.0	2597651.0	2458349.0	2454823.0	2500783.0	2433720.0	2432704.0	2458138.0	2420911.0	2431598.0	2458152.0	2455086.0	2434171.0	2432804.0	2456069.0	2457536.0	2463649.0	2455864.0	2457135.0	2430444.0	2444585.0	2431124.0	2433055.0	2457895.0	2457077.0	2430993.0	2436396.0	2457361.0	2433858.0	2411179.0	2458237.0	2432964.0	2457708.0	2458621.0	750867.0	2431882.0	2454105.0	2443817.0	2462514.0	2431945.0	2457016.0	2436412.0	2455662.0	2456743.0	2477499.0	2431795.0	2449946.0	2457083.0	2444402.0	2433937.0	2439608.0	2594157.0	2442275.0	2859624.0	2464378.0	2434398.0	2432943.0	2772059.0	2421462.0	2505123.0	2435542.0	2457170.0	2445117.0	2477538.0	2431808.0	2418634.0	2472059.0	2441448.0	2430741.0	2460757.0	2595539.0	2430570.0	2431049.0	2439737.0	2437733.0	2435763.0	2430874.0	746287.0	2431626.0	2432913.0	2436462.0	2431578.0
scaffoldsTV13	2875352.0	2834348.0	2840016.0	2787161.0	2787531.0	2795812.0	2840046.0	2885362.0	2885712.0	2844069.0	2836357.0	2829666.0	2730701.0	2788708.0	2787990.0	2791841.0	2490207.0	2786317.0	2800561.0	2741696.0	2790851.0	2831196.0	2836608.0	2787789.0	2798988.0	2856062.0	2851697.0	2838862.0	2794246.0	2840481.0	2788419.0	2838289.0	2837663.0	2483583.0	2839911.0	2871779.0	2564410.0	2466941.0	2787371.0	2839511.0	2757243.0	2783746.0	2836248.0	2879343.0	2787620.0	2787349.0	2837431.0	2839566.0	2901660.0	2835558.0	2839477.0	2791827.0	2832400.0	2790628.0	2787875.0	2836406.0	2877091.0	2792979.0	2790093.0	2886394.0	2789150.0	2782649.0	2838684.0	2793333.0	2835632.0	2844239.0	728044.0	2793150.0	2833618.0	2822021.0	2906236.0	2795829.0	2839003.0	2789637.0	2833899.0	2838991.0	2511703.0	2791616.0	2857610.0	2839336.0	2829502.0	2789436.0	2810710.0	2481591.0	2770869.0	2492664.0	2914684.0	2790561.0	2787303.0	2471889.0	2757309.0	2549989.0	2793537.0	2839376.0	2829830.0	2510864.0	2792233.0	2827974.0	2872602.0	2802704.0	2792261.0	2886675.0	2483558.0	2790167.0	2785366.0	2796720.0	2833682.0	2790242.0	2790645.0	740988.0	2752904.0	2789181.0	2790252.0	2792110.0
scaffoldsTV102	2792453.0	2818514.0	2822617.0	2822144.0	2822917.0	2753336.0	2823601.0	2798944.0	2799631.0	2821277.0	2820941.0	2792859.0	2732700.0	2810935.0	2822385.0	2816186.0	2459152.0	2821350.0	2785520.0	2738201.0	2815481.0	2803612.0	2821298.0	2821576.0	2765251.0	2772898.0	2794689.0	2822656.0	2819596.0	2761917.0	2821835.0	2820449.0	2821667.0	2480486.0	2824037.0	2788636.0	2491443.0	2440517.0	2821863.0	2823761.0	2760523.0	2818172.0	2821149.0	2802482.0	2822642.0	2822103.0	2822777.0	2823623.0	2791001.0	2821006.0	2823528.0	2813331.0	2797790.0	2811894.0	2821115.0	2820658.0	2791658.0	2817110.0	2824853.0	2801454.0	2824784.0	2790454.0	2822707.0	2816609.0	2817954.0	2818435.0	770741.0	2815936.0	2774553.0	2794330.0	2797612.0	2816730.0	2822308.0	2823689.0	2818668.0	2820901.0	2486974.0	2815714.0	2777468.0	2821778.0	2790730.0	2824684.0	2797273.0	2479084.0	2737195.0	2460709.0	2800542.0	2867477.0	2821371.0	2453609.0	2762670.0	2530507.0	2759999.0	2822352.0	2791825.0	2486839.0	2816366.0	2774100.0	2822027.0	2765550.0	2814351.0	2805683.0	2479071.0	2812959.0	2807078.0	2760822.0	2796936.0	2824765.0	2814485.0	779949.0	2714081.0	2822850.0	2825052.0	2814506.0
scaffolds10105	2769784.0	2805387.0	2805693.0	2808584.0	2811226.0	2734757.0	2806625.0	2783455.0	2784210.0	2802371.0	2808567.0	2775457.0	2722402.0	2796001.0	2812075.0	2797630.0	2446730.0	2810233.0	2767766.0	2722188.0	2800415.0	2786994.0	2808352.0	2809535.0	2747459.0	2753770.0	2780049.0	2805351.0	2800028.0	2745295.0	2810605.0	2805016.0	2808822.0	2468929.0	2806837.0	2774319.0	2480841.0	2426852.0	2811513.0	2806273.0	2743637.0	2807181.0	2808364.0	2782813.0	2811621.0	2811082.0	2806268.0	2806336.0	2775474.0	2807117.0	2806615.0	2796495.0	2775962.0	2795371.0	2802896.0	2807179.0	2768349.0	2798493.0	2806299.0	2780641.0	2809196.0	2774558.0	2804645.0	2795181.0	2806499.0	2802198.0	744078.0	2796291.0	2757322.0	2775404.0	2781334.0	2800859.0	2804398.0	2807032.0	2802230.0	2805916.0	2475546.0	2797424.0	2758593.0	2805347.0	2775516.0	2809480.0	2778646.0	2467245.0	2721795.0	2447281.0	2778775.0	2805239.0	2815238.0	2440905.0	2749359.0	2516273.0	2746743.0	2805291.0	2775642.0	2474933.0	2797828.0	2753483.0	2804752.0	2751425.0	2797927.0	2787309.0	2468434.0	2799254.0	2793810.0	2744325.0	2780283.0	2807427.0	2800386.0	737902.0	2698337.0	2808543.0	2807563.0	2796676.0
scaffoldsTV106	2443556.0	2431588.0	2433042.0	2427424.0	2425609.0	2408239.0	2432956.0	2428743.0	2427691.0	2432636.0	2431321.0	2421153.0	2412946.0	2428397.0	2426789.0	2429120.0	2772242.0	2424681.0	2430395.0	2408051.0	2426860.0	2435685.0	2431094.0	2428449.0	2417709.0	2425780.0	2415117.0	2431844.0	2428984.0	2440380.0	2426537.0	2432521.0	2432625.0	2580509.0	2433086.0	2427566.0	2468099.0	2418224.0	2426256.0	2431695.0	2417316.0	2425657.0	2431608.0	2443607.0	2425788.0	2424568.0	2431594.0	2431920.0	2437320.0	2430356.0	2432637.0	2426871.0	2422015.0	2427638.0	2426956.0	2431676.0	2431079.0	2427961.0	2428026.0	2426410.0	2425751.0	2403945.0	2431944.0	2428039.0	2430867.0	2432722.0	735019.0	2426817.0	2433333.0	2420979.0	2437600.0	2424806.0	2432520.0	2427478.0	2429815.0	2431957.0	2456349.0	2428576.0	2433835.0	2432446.0	2420222.0	2425584.0	2422511.0	2577648.0	2414954.0	2774279.0	2438776.0	2425695.0	2426164.0	2798614.0	2415846.0	2490456.0	2419074.0	2432786.0	2420444.0	2457012.0	2426608.0	2391436.0	2460107.0	2418113.0	2427315.0	2430762.0	2580305.0	2427039.0	2422217.0	2418076.0	2429623.0	2427872.0	2427703.0	739758.0	2411175.0	2426291.0	2427879.0	2428119.0
scaffoldsAR01912	2739040.0	2748756.0	2748207.0	2741919.0	2745270.0	2709620.0	2748686.0	2750300.0	2750192.0	2754068.0	2750562.0	2784448.0	2791373.0	2746862.0	2745317.0	2746074.0	2430976.0	2743909.0	2711719.0	2743164.0	2748255.0	2752305.0	2750285.0	2745947.0	2814539.0	2753168.0	2747548.0	2747811.0	2747190.0	2715041.0	2744289.0	2747460.0	2750968.0	2497446.0	2748971.0	2749772.0	2473480.0	2423243.0	2745126.0	2748579.0	2820073.0	2740797.0	2750605.0	2750730.0	2747001.0	2744180.0	2748252.0	2748829.0	2741772.0	2749613.0	2748672.0	2745855.0	2786511.0	2745131.0	2740719.0	2750765.0	2738218.0	2746851.0	2742450.0	2747742.0	2742847.0	2740318.0	2746909.0	2743405.0	2748941.0	2754684.0	751201.0	2744240.0	2739917.0	2751567.0	2750515.0	2750989.0	2748076.0	2743438.0	2743739.0	2748328.0	2494861.0	2745803.0	2750219.0	2748566.0	2786954.0	2742922.0	2781052.0	2495634.0	2782326.0	2432072.0	2745691.0	2741782.0	2744875.0	2424208.0	2841460.0	2530820.0	2815362.0	2747909.0	2786316.0	2493382.0	2746150.0	2724095.0	2747427.0	2824275.0	2746509.0	2769228.0	2497876.0	2748175.0	2763290.0	2813321.0	2767951.0	2743575.0	2748911.0	763066.0	2768908.0	2742938.0	2743656.0	2745492.0
scaffoldsAR01215	2558534.0	2570656.0	2573183.0	2524406.0	2524308.0	2522177.0	2573219.0	2561679.0	2559847.0	2578231.0	2572223.0	2569053.0	2497427.0	2524280.0	2523785.0	2526318.0	2541495.0	2523363.0	2546106.0	2497973.0	2526295.0	2517453.0	2572940.0	2524758.0	2564689.0	2538190.0	2560289.0	2572003.0	2528759.0	2532183.0	2524817.0	2572694.0	2573170.0	2474956.0	2573143.0	2547543.0	2631311.0	2504073.0	2524164.0	2572579.0	2522773.0	2523048.0	2572540.0	2560146.0	2524521.0	2524035.0	2571712.0	2572967.0	2554537.0	2571369.0	2573083.0	2522958.0	2571345.0	2522575.0	2520182.0	2571882.0	2557875.0	2525752.0	2525148.0	2558912.0	2524256.0	2496754.0	2572963.0	2525484.0	2570159.0	2576427.0	768300.0	2525436.0	2533094.0	2563826.0	2561491.0	2524960.0	2572181.0	2524768.0	2571583.0	2570491.0	2726575.0	2525730.0	2542271.0	2570910.0	2568771.0	2524344.0	2544694.0	2473059.0	2552245.0	2540890.0	2559493.0	2523751.0	2524267.0	2503900.0	2525030.0	3071171.0	2552970.0	2572842.0	2568296.0	2725831.0	2525256.0	2537400.0	2571739.0	2567781.0	2523564.0	2579997.0	2475494.0	2523177.0	2532828.0	2564485.0	2528394.0	2525209.0	2525777.0	758270.0	2536434.0	2524167.0	2525272.0	2523606.0
scaffoldsVV5	2841972.0	2801563.0	2802640.0	2753826.0	2757952.0	2850465.0	2802543.0	2806402.0	2801651.0	2811374.0	2802503.0	2838854.0	2796016.0	2809409.0	2758558.0	2758633.0	2453672.0	2757468.0	2764536.0	2756711.0	2760651.0	2763237.0	2803306.0	2755475.0	2873337.0	2804450.0	2803431.0	2801248.0	2759278.0	2766379.0	2758073.0	2802439.0	2804697.0	2521412.0	2802794.0	2800635.0	2550957.0	2473200.0	2756755.0	2801786.0	2876039.0	2754814.0	2803600.0	2805079.0	2759852.0	2757218.0	2802211.0	2801965.0	2796393.0	2850591.0	2802945.0	2755877.0	2839501.0	2753954.0	2754160.0	2803297.0	2839017.0	2759465.0	2754761.0	2802887.0	2755723.0	2750242.0	2800582.0	2757057.0	2800749.0	2805766.0	730794.0	2756325.0	2824035.0	2804477.0	2843817.0	2761328.0	2801389.0	2753550.0	2799725.0	2798983.0	2529313.0	2758103.0	2802767.0	2800759.0	2837659.0	2755954.0	2798088.0	2519285.0	2836382.0	2455870.0	2800427.0	2756670.0	2757617.0	2436613.0	2834800.0	2573553.0	2993766.0	2802404.0	2836463.0	2527305.0	2758375.0	2815805.0	2801539.0	2878222.0	2756371.0	2868950.0	2519586.0	2759039.0	2774294.0	2871936.0	2781479.0	2755759.0	2760968.0	760335.0	2824044.0	2755547.0	2755726.0	2756280.0
scaffolds13106	2826935.0	2874278.0	2880082.0	2810778.0	2810936.0	2793907.0	2879967.0	2836565.0	2838746.0	2863690.0	2865217.0	2826742.0	2727021.0	2800475.0	2811100.0	2804489.0	2471983.0	2809633.0	2841818.0	2733321.0	2803147.0	2797602.0	2877221.0	2828553.0	2799573.0	2810125.0	2833364.0	2879103.0	2812582.0	2799813.0	2811496.0	2878839.0	2878027.0	2492918.0	2880014.0	2827654.0	2519983.0	2442009.0	2811244.0	2879855.0	2755614.0	2809367.0	2877514.0	2838908.0	2811266.0	2809750.0	2879231.0	2879844.0	2828613.0	2864164.0	2879841.0	2804502.0	2829355.0	2802659.0	2809169.0	2876441.0	2825455.0	2805635.0	2829558.0	2839852.0	2812747.0	2781600.0	2879348.0	2805366.0	2876705.0	2862879.0	755243.0	2805556.0	2803254.0	2832571.0	2837486.0	2810108.0	2878908.0	2830359.0	2874692.0	2879556.0	2520216.0	2804582.0	2814517.0	2879201.0	2826812.0	2812897.0	2796795.0	2492809.0	2771293.0	2472644.0	2838250.0	2811285.0	2810962.0	2449272.0	2755598.0	2570494.0	2793903.0	2884492.0	2827259.0	2520018.0	2805214.0	2812161.0	2859437.0	2802388.0	2804942.0	2845648.0	2493357.0	2801717.0	2800905.0	2795345.0	2788203.0	2830529.0	2803545.0	747288.0	2749455.0	2811106.0	2830618.0	2804908.0
scaffolds120320	2827515.0	2837071.0	2837811.0	2784825.0	2788046.0	2789434.0	2839011.0	2837592.0	2839071.0	2841255.0	2840586.0	2878015.0	2766977.0	2786102.0	2788493.0	2787573.0	2461958.0	2787043.0	2800886.0	2729816.0	2790377.0	2789748.0	2839376.0	2789647.0	2844801.0	2808195.0	2834050.0	2837559.0	2791412.0	2801385.0	2788227.0	2836495.0	2841060.0	2503828.0	2838764.0	2828133.0	2522475.0	2432546.0	2788260.0	2838648.0	2798601.0	2784726.0	2840303.0	2836112.0	2788128.0	2787090.0	2838339.0	2838534.0	2832195.0	2839127.0	2838644.0	2788218.0	2884471.0	2786282.0	2782970.0	2839101.0	2825764.0	2788521.0	2786355.0	2836834.0	2786171.0	2772260.0	2837015.0	2787892.0	2839163.0	2842861.0	748318.0	2787707.0	2790212.0	2828452.0	2838458.0	2791958.0	2837281.0	2787138.0	2832788.0	2838858.0	2537328.0	2787566.0	2813829.0	2837889.0	2882962.0	2786043.0	2797692.0	2502364.0	2815063.0	2463024.0	2836182.0	2785933.0	2788314.0	2439498.0	2798908.0	2567749.0	2836001.0	2837730.0	2895528.0	2536804.0	2788029.0	2809734.0	2835532.0	2846668.0	2788647.0	2839907.0	2504315.0	2788998.0	2803178.0	2838534.0	2779727.0	2787399.0	2790231.0	747125.0	2792850.0	2785300.0	2787308.0	2788510.0
scaffoldsTV126	2506366.0	2510811.0	2512744.0	2477408.0	2477854.0	2505495.0	2512411.0	2508065.0	2507053.0	2511475.0	2512532.0	2517819.0	2471126.0	2478015.0	2476579.0	2478413.0	2487627.0	2476623.0	2510723.0	2448492.0	2478365.0	2478597.0	2512779.0	2479673.0	2521301.0	2509564.0	2505086.0	2511227.0	2480380.0	2508069.0	2477627.0	2512303.0	2512554.0	2443168.0	2512785.0	2508590.0	2570175.0	2491906.0	2477601.0	2512785.0	2498082.0	2479300.0	2512785.0	2510216.0	2478119.0	2477399.0	2512160.0	2512808.0	2507751.0	2511360.0	2512435.0	2477091.0	2521409.0	2478344.0	2476569.0	2512704.0	2517225.0	2478348.0	2479661.0	2507491.0	2477730.0	2473055.0	2512795.0	2478629.0	2512488.0	2512644.0	736998.0	2478647.0	2506213.0	2501906.0	2509153.0	2480281.0	2512539.0	2479762.0	2511148.0	2512319.0	2901461.0	2478478.0	2507038.0	2512626.0	2516492.0	2477858.0	2481907.0	2440753.0	2533337.0	2486932.0	2505829.0	2476260.0	2477574.0	2468683.0	2496549.0	2713194.0	2512464.0	2512543.0	2521624.0	2903574.0	2478739.0	2485382.0	2509785.0	2523791.0	2478146.0	2513920.0	2442271.0	2477570.0	2476593.0	2517401.0	2476347.0	2479770.0	2478325.0	744029.0	2514450.0	2477582.0	2479769.0	2478089.0
scaffolds5A9	2778800.0	2791981.0	2797169.0	2796485.0	2796994.0	2742959.0	2798125.0	2782806.0	2784712.0	2803647.0	2796711.0	2780191.0	2721570.0	2803353.0	2796900.0	2809357.0	2439525.0	2796257.0	2759640.0	2718147.0	2807258.0	2787372.0	2796256.0	2797137.0	2749737.0	2759466.0	2780206.0	2797072.0	2803364.0	2747999.0	2795696.0	2796386.0	2796325.0	2467290.0	2798591.0	2777583.0	2477827.0	2431673.0	2796613.0	2798530.0	2747417.0	2795054.0	2796384.0	2788599.0	2797165.0	2795465.0	2797588.0	2798360.0	2775130.0	2795284.0	2797977.0	2809781.0	2780813.0	2807795.0	2799069.0	2795405.0	2777677.0	2810551.0	2798258.0	2785710.0	2798930.0	2780538.0	2796649.0	2807817.0	2794717.0	2806386.0	758675.0	2808800.0	2759923.0	2780498.0	2783154.0	2800684.0	2796841.0	2799307.0	2794258.0	2797632.0	2483691.0	2809543.0	2761787.0	2797041.0	2776348.0	2799071.0	2780856.0	2465283.0	2722175.0	2440114.0	2783024.0	2796702.0	2796770.0	2435740.0	2749122.0	2527026.0	2747890.0	2796938.0	2776881.0	2482188.0	2815021.0	2759427.0	2795411.0	2751487.0	2810030.0	2789388.0	2467307.0	2806240.0	2792436.0	2745629.0	2783117.0	2799374.0	2808212.0	753018.0	2700444.0	2797690.0	2799418.0	2809121.0
scaffoldsTV9	2828598.0	2819279.0	2821221.0	2769696.0	2771430.0	2821196.0	2820724.0	2834108.0	2835350.0	2823997.0	2818418.0	2809943.0	2712378.0	2771829.0	2770004.0	2772669.0	2438897.0	2770114.0	2783492.0	2706354.0	2772852.0	2780290.0	2820761.0	2770947.0	2780503.0	2804702.0	2857030.0	2820983.0	2776082.0	2796663.0	2769615.0	2819003.0	2820143.0	2472704.0	2822192.0	2823279.0	2539790.0	2453580.0	2770690.0	2821448.0	2777361.0	2764122.0	2821194.0	2835233.0	2769880.0	2768224.0	2820418.0	2820523.0	2825953.0	2819649.0	2821904.0	2769263.0	2811499.0	2769373.0	2768538.0	2821838.0	2827924.0	2772282.0	2771107.0	2836612.0	2769999.0	2762669.0	2820759.0	2770844.0	2817847.0	2824118.0	741502.0	2771340.0	2787080.0	2804698.0	2878575.0	2776547.0	2820736.0	2769928.0	2815813.0	2819290.0	2493751.0	2771944.0	2811913.0	2820610.0	2807776.0	2770367.0	2771235.0	2470149.0	2753483.0	2439507.0	2832864.0	2771973.0	2768929.0	2417089.0	2741236.0	2527685.0	2815220.0	2820041.0	2805893.0	2491575.0	2771600.0	2939890.0	2825536.0	2785126.0	2769729.0	2837281.0	2472473.0	2771317.0	2769100.0	2781112.0	2770626.0	2772274.0	2773039.0	752922.0	2730980.0	2769589.0	2772311.0	2768733.0
scaffoldsTV32	2860120.0	2856715.0	2861271.0	2809606.0	2810005.0	2793397.0	2862145.0	2860765.0	2858356.0	2858993.0	2860087.0	2828277.0	2726984.0	2797171.0	2810050.0	2803921.0	2489577.0	2808360.0	2823758.0	2736815.0	2802939.0	2811461.0	2859407.0	2808939.0	2804053.0	2832068.0	2841995.0	2860608.0	2806166.0	2829413.0	2808228.0	2859857.0	2860183.0	2483888.0	2861954.0	2849563.0	2538019.0	2453066.0	2809755.0	2862208.0	2754211.0	2805560.0	2859842.0	2871537.0	2810032.0	2810244.0	2861295.0	2861905.0	2849139.0	2858841.0	2861716.0	2802286.0	2833523.0	2800470.0	2808480.0	2857632.0	2849427.0	2804665.0	2810264.0	2859073.0	2812044.0	2779247.0	2859912.0	2802199.0	2856561.0	2857631.0	750571.0	2802128.0	2827477.0	2833061.0	2858463.0	2803938.0	2860861.0	2810561.0	2856690.0	2859930.0	2509530.0	2803321.0	2846565.0	2860937.0	2829699.0	2811811.0	2797306.0	2482908.0	2772704.0	2490668.0	2859369.0	2811821.0	2809886.0	2476149.0	2754924.0	2557761.0	2792936.0	2860869.0	2829511.0	2509212.0	2804099.0	2818030.0	2902613.0	2802959.0	2802517.0	2865377.0	2482781.0	2799362.0	2794389.0	2798682.0	2798679.0	2809968.0	2801919.0	755685.0	2753238.0	2810837.0	2811266.0	2802723.0
scaffoldsIV22	2791286.0	2799334.0	2799516.0	2749281.0	2752625.0	2758884.0	2800391.0	2801861.0	2801257.0	2804594.0	2802120.0	2835265.0	2795652.0	2752516.0	2752687.0	2753415.0	2450743.0	2752313.0	2762214.0	2752337.0	2756162.0	2757926.0	2802288.0	2753067.0	2871932.0	2801257.0	2797511.0	2799301.0	2754196.0	2762690.0	2750708.0	2798940.0	2802609.0	2514561.0	2800276.0	2799644.0	2508014.0	2432349.0	2752324.0	2800276.0	2826686.0	2748928.0	2802310.0	2801217.0	2754582.0	2751353.0	2800285.0	2800137.0	2793449.0	2801300.0	2800441.0	2752450.0	2841389.0	2751246.0	2749222.0	2800335.0	2789985.0	2754333.0	2750178.0	2800312.0	2750450.0	2744952.0	2798250.0	2751967.0	2800387.0	2805339.0	746708.0	2751738.0	2772348.0	2802318.0	2801632.0	2756746.0	2799413.0	2750662.0	2795831.0	2799668.0	2524511.0	2752992.0	2800083.0	2799412.0	2837378.0	2750452.0	2795870.0	2512397.0	2833800.0	2451627.0	2798220.0	2750628.0	2752522.0	2428839.0	2830559.0	2564826.0	2863744.0	2799476.0	2840825.0	2523686.0	2753915.0	2772645.0	2798143.0	2884656.0	2753599.0	2817623.0	2514027.0	2755643.0	2769154.0	2865813.0	2775119.0	2750175.0	2756065.0	755995.0	2823694.0	2749519.0	2751131.0	2753418.0
scaffolds5A4	2775173.0	2791465.0	2796988.0	2796042.0	2796216.0	2741883.0	2797760.0	2781889.0	2782786.0	2804256.0	2795945.0	2777681.0	2721610.0	2803469.0	2796781.0	2809074.0	2442311.0	2795136.0	2759389.0	2718585.0	2806267.0	2786813.0	2794832.0	2796999.0	2749526.0	2759833.0	2778073.0	2796555.0	2802888.0	2747010.0	2795486.0	2796554.0	2795963.0	2470050.0	2797931.0	2776883.0	2480413.0	2432112.0	2796427.0	2797886.0	2747987.0	2794342.0	2795748.0	2788196.0	2796228.0	2795153.0	2797619.0	2797522.0	2775202.0	2794307.0	2797827.0	2809520.0	2778470.0	2807769.0	2798350.0	2794517.0	2773799.0	2810022.0	2797432.0	2784544.0	2798176.0	2779793.0	2795972.0	2806816.0	2794407.0	2805943.0	758296.0	2807872.0	2759075.0	2779833.0	2781806.0	2800154.0	2796477.0	2797787.0	2793095.0	2797852.0	2479568.0	2808965.0	2761690.0	2796791.0	2774832.0	2798158.0	2781034.0	2468579.0	2720430.0	2443371.0	2782005.0	2795766.0	2796662.0	2440054.0	2749635.0	2523923.0	2747169.0	2796758.0	2775690.0	2479294.0	2809559.0	2757914.0	2795711.0	2750613.0	2815101.0	2789111.0	2470537.0	2806126.0	2791842.0	2746227.0	2782673.0	2798669.0	2807847.0	749835.0	2700214.0	2797589.0	2798597.0	2809013.0
scaffoldsAR01673	2906614.0	2844791.0	2851390.0	2794964.0	2795745.0	2850016.0	2851864.0	2877140.0	2876946.0	2854892.0	2848575.0	2833100.0	2749840.0	2842303.0	2795350.0	2799007.0	2481646.0	2794290.0	2812283.0	2762620.0	2798722.0	2829376.0	2847985.0	2799184.0	2821257.0	2852093.0	2850442.0	2850940.0	2805186.0	2832707.0	2793974.0	2849769.0	2850027.0	2511401.0	2852574.0	2867900.0	2551404.0	2457232.0	2794980.0	2852023.0	2776684.0	2793786.0	2849021.0	2872247.0	2795287.0	2794158.0	2850490.0	2852093.0	2866147.0	2894792.0	2852125.0	2797569.0	2836940.0	2796011.0	2794400.0	2848183.0	2913237.0	2799622.0	2800327.0	2877384.0	2797333.0	2788414.0	2849752.0	2796966.0	2846209.0	2856263.0	750246.0	2797672.0	2879547.0	2829864.0	2874140.0	2807095.0	2850833.0	2800717.0	2847883.0	2850283.0	2521301.0	2798619.0	2846715.0	2849778.0	2833114.0	2797366.0	2827225.0	2509953.0	2784445.0	2482830.0	2875774.0	2796063.0	2794761.0	2460595.0	2779496.0	2579879.0	2860518.0	2850688.0	2832893.0	2521051.0	2799588.0	2829764.0	2866900.0	2825724.0	2798285.0	2985232.0	2510964.0	2795786.0	2798218.0	2819307.0	2825156.0	2802239.0	2797691.0	757499.0	2772654.0	2795936.0	2802204.0	2797133.0
scaffoldsTV121	2478983.0	2485018.0	2489230.0	2470225.0	2469317.0	2467720.0	2488367.0	2482586.0	2482043.0	2512796.0	2487069.0	2487556.0	2502945.0	2467994.0	2470399.0	2468426.0	2615179.0	2467450.0	2479761.0	2519449.0	2467707.0	2470696.0	2488000.0	2473835.0	2504581.0	2474116.0	2482357.0	2487926.0	2475213.0	2511325.0	2470322.0	2488273.0	2489202.0	2822565.0	2488220.0	2478188.0	2444914.0	2392604.0	2470117.0	2488213.0	2499363.0	2469999.0	2488170.0	2482427.0	2470402.0	2468560.0	2487340.0	2488213.0	2482046.0	2485025.0	2489165.0	2467297.0	2490361.0	2467388.0	2465961.0	2487131.0	2478851.0	2469296.0	2472274.0	2480530.0	2468521.0	2460466.0	2487199.0	2466393.0	2487549.0	2525144.0	716459.0	2467117.0	2468962.0	2479569.0	2482285.0	2473965.0	2488202.0	2473100.0	2485856.0	2488369.0	2448752.0	2469263.0	2473355.0	2488325.0	2489364.0	2469541.0	2493775.0	2826640.0	2494430.0	2614472.0	2481323.0	2468582.0	2470226.0	2599017.0	2500710.0	2477394.0	2503293.0	2489200.0	2488399.0	2448130.0	2468127.0	2459351.0	2484050.0	2506750.0	2468450.0	2500893.0	2833268.0	2467945.0	2473933.0	2506334.0	2528417.0	2473216.0	2469278.0	751684.0	2489764.0	2470418.0	2473109.0	2467596.0
scaffolds5A2	2773257.0	2792811.0	2794377.0	2793094.0	2796574.0	2738991.0	2794123.0	2783941.0	2784907.0	2801418.0	2795977.0	2779646.0	2723233.0	2803792.0	2796472.0	2805296.0	2445676.0	2795485.0	2756662.0	2716790.0	2806808.0	2787491.0	2795587.0	2797239.0	2747065.0	2757001.0	2780242.0	2793044.0	2798278.0	2746865.0	2795191.0	2792974.0	2796021.0	2471864.0	2795100.0	2778869.0	2479695.0	2432024.0	2796640.0	2794899.0	2746188.0	2795098.0	2795941.0	2784786.0	2796245.0	2795124.0	2794041.0	2793673.0	2776348.0	2795122.0	2794169.0	2805820.0	2778613.0	2803941.0	2794736.0	2794978.0	2771156.0	2806301.0	2794792.0	2780761.0	2794370.0	2777648.0	2792259.0	2803703.0	2794851.0	2802119.0	757123.0	2803595.0	2756735.0	2776038.0	2783330.0	2795505.0	2792772.0	2794704.0	2788951.0	2794124.0	2480551.0	2804995.0	2759349.0	2793317.0	2778842.0	2794219.0	2777541.0	2470230.0	2721590.0	2446659.0	2781131.0	2794169.0	2796367.0	2442310.0	2750534.0	2525403.0	2748742.0	2793058.0	2778231.0	2480365.0	2805749.0	2755555.0	2793207.0	2753545.0	2806133.0	2785673.0	2472177.0	2813450.0	2791521.0	2744977.0	2777586.0	2794807.0	2808257.0	749486.0	2698198.0	2793349.0	2795936.0	2806085.0
scaffoldsAR99190	2770733.0	2789698.0	2790934.0	2786354.0	2789883.0	2732066.0	2791452.0	2779259.0	2778798.0	2796863.0	2792686.0	2790796.0	2724378.0	2789794.0	2789951.0	2790630.0	2445354.0	2788319.0	2752992.0	2726372.0	2793906.0	2783434.0	2792312.0	2795504.0	2756158.0	2751093.0	2776185.0	2790703.0	2798247.0	2742845.0	2788492.0	2789640.0	2793838.0	2471562.0	2791700.0	2771123.0	2480638.0	2434979.0	2789723.0	2791331.0	2754850.0	2787503.0	2793272.0	2779960.0	2789607.0	2789456.0	2791163.0	2791381.0	2769345.0	2791809.0	2791750.0	2789660.0	2789278.0	2787925.0	2784738.0	2792691.0	2769522.0	2791565.0	2792618.0	2775673.0	2787268.0	2769012.0	2789942.0	2788311.0	2790909.0	2796960.0	759516.0	2789069.0	2755871.0	2784387.0	2778635.0	2794531.0	2790490.0	2792436.0	2787663.0	2790276.0	2481784.0	2790255.0	2753949.0	2790507.0	2788968.0	2787447.0	2788728.0	2469875.0	2731034.0	2446454.0	2774188.0	2785336.0	2789491.0	2441430.0	2760578.0	2532863.0	2754658.0	2790357.0	2787952.0	2481000.0	2790879.0	2751895.0	2785459.0	2761347.0	2790189.0	2786131.0	2471912.0	2792409.0	2824140.0	2754405.0	2776222.0	2792753.0	2793545.0	746266.0	2704932.0	2787334.0	2792898.0	2789235.0
scaffoldsVV14	2791705.0	2791212.0	2796035.0	2749336.0	2746972.0	2759940.0	2796123.0	2797922.0	2796831.0	2803409.0	2794546.0	2832722.0	2790419.0	2751109.0	2747965.0	2753468.0	2449957.0	2746638.0	2761121.0	2753400.0	2750421.0	2752258.0	2794843.0	2745711.0	2874695.0	2801181.0	2793975.0	2794097.0	2751925.0	2763246.0	2747014.0	2793819.0	2794905.0	2510793.0	2796820.0	2796923.0	2506463.0	2427488.0	2747394.0	2796519.0	2823444.0	2742892.0	2795801.0	2801116.0	2748633.0	2747703.0	2796642.0	2795039.0	2788932.0	2793113.0	2796109.0	2750160.0	2837834.0	2750208.0	2747220.0	2794080.0	2788278.0	2751548.0	2745329.0	2800623.0	2748445.0	2742516.0	2794780.0	2749827.0	2793025.0	2805567.0	728229.0	2749069.0	2774509.0	2800125.0	2795665.0	2755661.0	2795039.0	2745248.0	2793164.0	2795008.0	2515347.0	2753129.0	2801807.0	2795029.0	2835188.0	2747557.0	2794041.0	2508472.0	2830084.0	2450658.0	2796029.0	2748048.0	2747700.0	2426490.0	2823829.0	2561045.0	2861960.0	2796047.0	2835632.0	2515945.0	2751051.0	2772331.0	2796840.0	2868742.0	2751310.0	2817361.0	2510041.0	2748999.0	2763102.0	2885647.0	2772787.0	2745524.0	2750315.0	748444.0	2828924.0	2747583.0	2745591.0	2750356.0
scaffoldsIV18	2790259.0	2779499.0	2784936.0	2778549.0	2778877.0	2742851.0	2784670.0	2792891.0	2791227.0	2812190.0	2781197.0	2770046.0	2745621.0	2777122.0	2779185.0	2782374.0	2444879.0	2778013.0	2754340.0	2786600.0	2781905.0	2797234.0	2782316.0	2783303.0	2774381.0	2763970.0	2780372.0	2783692.0	2793557.0	2788578.0	2779080.0	2783663.0	2783185.0	2510299.0	2784913.0	2780690.0	2490835.0	2431085.0	2778659.0	2784666.0	2771149.0	2776201.0	2782405.0	2796982.0	2778999.0	2778465.0	2784530.0	2784363.0	2808299.0	2780360.0	2784880.0	2781207.0	2775528.0	2779944.0	2777236.0	2780855.0	2785849.0	2783377.0	2785838.0	2794197.0	2780802.0	2771461.0	2784836.0	2783282.0	2781538.0	2818439.0	745355.0	2783280.0	2779852.0	2760926.0	2814076.0	2791275.0	2783358.0	2785315.0	2780712.0	2783923.0	2474260.0	2782352.0	2773622.0	2784037.0	2771402.0	2780753.0	2829751.0	2508301.0	2734643.0	2447238.0	2817114.0	2781005.0	2778783.0	2443593.0	2773029.0	2520596.0	2768751.0	2784718.0	2771138.0	2473823.0	2782573.0	2756534.0	2792448.0	2775977.0	2782359.0	2817589.0	2510520.0	2780163.0	2782722.0	2769905.0	2893408.0	2785269.0	2781187.0	769614.0	2733915.0	2780375.0	2785963.0	2782118.0
scaffolds13109	2776623.0	2822659.0	2827146.0	2808114.0	2809744.0	2741520.0	2828168.0	2783437.0	2784344.0	2811876.0	2812757.0	2776343.0	2719864.0	2796827.0	2809203.0	2802028.0	2449377.0	2807745.0	2788894.0	2728177.0	2801063.0	2790091.0	2825000.0	2825321.0	2750140.0	2759222.0	2778763.0	2827143.0	2809787.0	2747232.0	2808443.0	2824696.0	2825299.0	2474435.0	2828661.0	2775298.0	2483909.0	2438866.0	2808204.0	2827330.0	2747878.0	2806283.0	2825024.0	2786895.0	2809603.0	2807959.0	2826862.0	2828218.0	2775034.0	2812980.0	2827371.0	2800860.0	2780044.0	2799154.0	2807385.0	2825439.0	2775799.0	2802228.0	2829466.0	2785731.0	2811075.0	2777974.0	2826620.0	2800804.0	2823291.0	2809010.0	750122.0	2800913.0	2767120.0	2779931.0	2781843.0	2808343.0	2826774.0	2827656.0	2822864.0	2826222.0	2486685.0	2800985.0	2763645.0	2825442.0	2773984.0	2811616.0	2785974.0	2474017.0	2721791.0	2450675.0	2783615.0	2810902.0	2807931.0	2445768.0	2748875.0	2527181.0	2746134.0	2825857.0	2774844.0	2486337.0	2802083.0	2761482.0	2807124.0	2749217.0	2801173.0	2794002.0	2474415.0	2798678.0	2797963.0	2744227.0	2785184.0	2832996.0	2799989.0	747945.0	2698835.0	2808925.0	2829628.0	2800960.0
scaffolds5A18	2773661.0	2794672.0	2795808.0	2795837.0	2799094.0	2740283.0	2796469.0	2783455.0	2785599.0	2801879.0	2798694.0	2780578.0	2724157.0	2805713.0	2799162.0	2806615.0	2443383.0	2798352.0	2758253.0	2717110.0	2808402.0	2789008.0	2798434.0	2799899.0	2747294.0	2757694.0	2780042.0	2795682.0	2800928.0	2749228.0	2797893.0	2795183.0	2798757.0	2471965.0	2796599.0	2778997.0	2480932.0	2433606.0	2799239.0	2796733.0	2745617.0	2796853.0	2798659.0	2786114.0	2798709.0	2797572.0	2796259.0	2796214.0	2776661.0	2797489.0	2796624.0	2807147.0	2777210.0	2805440.0	2797105.0	2797587.0	2772317.0	2807850.0	2796438.0	2782270.0	2796674.0	2778458.0	2794830.0	2804540.0	2797250.0	2803581.0	758285.0	2805554.0	2757066.0	2778055.0	2784013.0	2797961.0	2795454.0	2797476.0	2792533.0	2796625.0	2483190.0	2806780.0	2758786.0	2795689.0	2777144.0	2796797.0	2778756.0	2470256.0	2722651.0	2444032.0	2779952.0	2794691.0	2799037.0	2440915.0	2751818.0	2527679.0	2749187.0	2795602.0	2778239.0	2483119.0	2807528.0	2756211.0	2793571.0	2752900.0	2807664.0	2787269.0	2472462.0	2808132.0	2794094.0	2744981.0	2780630.0	2797527.0	2820880.0	747806.0	2698004.0	2795955.0	2797591.0	2806628.0
scaffoldsVV15	760330.0	757871.0	758141.0	758507.0	757645.0	754270.0	758739.0	760423.0	757569.0	758781.0	756841.0	757742.0	769173.0	757496.0	758518.0	757653.0	755916.0	757506.0	756465.0	769817.0	756812.0	760695.0	757798.0	756833.0	772030.0	759395.0	759475.0	758860.0	758780.0	756928.0	758732.0	757014.0	757224.0	766998.0	758733.0	757313.0	755252.0	757465.0	757083.0	757296.0	770521.0	757802.0	757776.0	760397.0	758465.0	758790.0	757517.0	757987.0	759339.0	758241.0	757795.0	755639.0	760161.0	755080.0	756684.0	758826.0	760061.0	756777.0	758803.0	760102.0	758361.0	755647.0	758229.0	756572.0	756565.0	756802.0	812545.0	755777.0	759265.0	757903.0	760992.0	758783.0	757875.0	757044.0	758491.0	756643.0	750545.0	756232.0	759494.0	757684.0	758292.0	758759.0	772298.0	765769.0	766032.0	756033.0	760248.0	754983.0	757482.0	755147.0	771761.0	761216.0	770474.0	757493.0	758212.0	750282.0	755524.0	758080.0	758723.0	772018.0	755640.0	772821.0	765769.0	755640.0	757812.0	770655.0	773085.0	757683.0	756477.0	3035194.0	766335.0	757531.0	758250.0	755639.0
scaffoldsVV8	2750017.0	2746995.0	2753021.0	2703747.0	2704082.0	2751137.0	2754143.0	2755251.0	2750978.0	2762104.0	2751325.0	2790382.0	2747139.0	2704960.0	2705020.0	2708462.0	2449761.0	2702228.0	2752251.0	2706213.0	2706229.0	2711792.0	2750988.0	2700951.0	2834457.0	2753643.0	2751370.0	2751842.0	2711522.0	2753823.0	2704946.0	2751322.0	2753053.0	2505401.0	2753576.0	2747787.0	2502774.0	2423851.0	2701941.0	2752630.0	2784708.0	2701743.0	2750960.0	2754839.0	2705145.0	2704564.0	2750979.0	2754273.0	2754368.0	2750438.0	2752715.0	2706000.0	2798089.0	2704444.0	2701544.0	2750906.0	2747288.0	2709551.0	2702953.0	2754746.0	2706072.0	2695802.0	2753173.0	2708997.0	2748494.0	2758747.0	736938.0	2708530.0	2736765.0	2754861.0	2753701.0	2711156.0	2751470.0	2702642.0	2751529.0	2749859.0	2521350.0	2707291.0	2751661.0	2751095.0	2788975.0	2706152.0	2751804.0	2502637.0	2785601.0	2451247.0	2754523.0	2703970.0	2703699.0	2429280.0	2783050.0	2535639.0	2817880.0	2752243.0	2792807.0	2521594.0	2708751.0	2726998.0	2752744.0	2826202.0	2706661.0	2774198.0	2502414.0	2703536.0	2718359.0	2826911.0	2739290.0	2703926.0	2705664.0	747021.0	2840983.0	2703890.0	2704005.0	2705514.0
scaffolds10101	2770901.0	2801529.0	2805812.0	2806597.0	2807500.0	2735965.0	2806742.0	2780443.0	2781047.0	2802733.0	2804773.0	2773625.0	2717823.0	2792676.0	2807970.0	2798195.0	2444598.0	2806102.0	2768331.0	2720569.0	2797464.0	2783611.0	2804283.0	2806681.0	2745875.0	2756034.0	2776335.0	2805730.0	2801295.0	2743304.0	2806714.0	2805226.0	2804852.0	2469174.0	2806773.0	2771812.0	2479257.0	2430817.0	2807627.0	2806766.0	2743238.0	2804236.0	2804560.0	2784034.0	2807525.0	2808683.0	2806424.0	2806578.0	2772187.0	2803258.0	2806608.0	2798257.0	2777184.0	2796445.0	2804149.0	2803498.0	2769100.0	2799348.0	2807623.0	2781817.0	2809561.0	2775939.0	2804991.0	2795938.0	2802976.0	2802619.0	744291.0	2796988.0	2759021.0	2775734.0	2778639.0	2801963.0	2804721.0	2808470.0	2802740.0	2806350.0	2477865.0	2798166.0	2760989.0	2805249.0	2772796.0	2809541.0	2776383.0	2466901.0	2717895.0	2445270.0	2779395.0	2805480.0	2807658.0	2438350.0	2745267.0	2520126.0	2742198.0	2805587.0	2772283.0	2477294.0	2798779.0	2754864.0	2805487.0	2746240.0	2798779.0	2788383.0	2468466.0	2795714.0	2791388.0	2742580.0	2778533.0	2807427.0	2796713.0	740678.0	2696017.0	2814696.0	2807772.0	2797721.0
scaffolds13545	2773382.0	2820663.0	2826169.0	2807105.0	2808668.0	2740578.0	2826746.0	2781879.0	2783388.0	2809965.0	2812230.0	2775963.0	2720995.0	2795094.0	2808325.0	2800027.0	2446760.0	2807091.0	2788638.0	2729716.0	2798846.0	2789136.0	2823829.0	2825111.0	2748881.0	2757508.0	2778137.0	2825844.0	2808652.0	2745505.0	2807399.0	2823710.0	2824831.0	2474740.0	2827513.0	2773275.0	2486853.0	2440218.0	2807844.0	2826967.0	2747361.0	2806260.0	2824877.0	2785391.0	2808622.0	2806787.0	2826084.0	2826865.0	2774194.0	2811245.0	2826805.0	2798749.0	2781377.0	2797752.0	2805431.0	2823852.0	2772738.0	2800916.0	2827207.0	2784510.0	2810330.0	2778397.0	2825295.0	2798786.0	2822828.0	2808788.0	750020.0	2799692.0	2766241.0	2778141.0	2781162.0	2807148.0	2825670.0	2826661.0	2820359.0	2825872.0	2486207.0	2799811.0	2762524.0	2825333.0	2776142.0	2810542.0	2786903.0	2473729.0	2721364.0	2447902.0	2781678.0	2808331.0	2807483.0	2441719.0	2749719.0	2525453.0	2746998.0	2825449.0	2775413.0	2485838.0	2800918.0	2759900.0	2806055.0	2750347.0	2800026.0	2792749.0	2474501.0	2797392.0	2796903.0	2745627.0	2786122.0	2828074.0	2798808.0	745885.0	2699657.0	2807831.0	2835385.0	2799016.0
scaffolds5A13	2777142.0	2792613.0	2797214.0	2795921.0	2796106.0	2741618.0	2798101.0	2783318.0	2784169.0	2804049.0	2796037.0	2777567.0	2719869.0	2802642.0	2796472.0	2809282.0	2442039.0	2795016.0	2759415.0	2716982.0	2806283.0	2786871.0	2795341.0	2797221.0	2748744.0	2760396.0	2779523.0	2796660.0	2802597.0	2748137.0	2794266.0	2796714.0	2796038.0	2466936.0	2797665.0	2778319.0	2478660.0	2432495.0	2796317.0	2797809.0	2746832.0	2794182.0	2795693.0	2789011.0	2796333.0	2795140.0	2797719.0	2797642.0	2776276.0	2794917.0	2797865.0	2809581.0	2778636.0	2807848.0	2799242.0	2793646.0	2775757.0	2810122.0	2798559.0	2785620.0	2798277.0	2778728.0	2795919.0	2807677.0	2794398.0	2805771.0	768359.0	2807479.0	2758802.0	2778655.0	2783471.0	2800043.0	2796619.0	2798490.0	2792623.0	2797761.0	2479185.0	2808994.0	2763238.0	2797248.0	2774685.0	2798314.0	2780435.0	2465240.0	2720320.0	2443093.0	2784557.0	2796790.0	2796236.0	2440287.0	2748010.0	2523224.0	2744962.0	2796700.0	2775704.0	2478277.0	2809704.0	2759425.0	2796278.0	2750195.0	2809837.0	2788989.0	2467414.0	2806357.0	2791929.0	2744853.0	2781215.0	2797719.0	2807683.0	752216.0	2697032.0	2798056.0	2798650.0	2817858.0
