	scaffolds102A	scaffoldsARL0567	scaffoldsARL09146	scaffolds123VP	scaffoldsTV44	scaffoldsARL071163	scaffoldsARL081256	scaffoldsARL071328	scaffoldsARL071286	scaffoldsTV123	scaffoldsVV11	scaffoldsARL071166	scaffoldsARL08391	scaffoldsARL0867	scaffoldsTV125	scaffolds128VP	scaffolds118A	scaffoldsARL08477	scaffoldsARL091374	scaffoldsTV20	scaffoldsTV71	scaffoldsTV98	scaffoldsARL08804	scaffoldsTV21	scaffoldsARL071198	scaffoldsARL0843	scaffoldsARL09542	scaffoldsTV97	scaffoldsARL081292	scaffolds071107	scaffoldsTV92	E_faecium_reference_sequence	scaffoldsARL071300	scaffoldsAR01139	scaffoldsTV43	scaffoldsVV15	scaffoldsTV18	scaffolds070381	scaffoldsTV78	scaffoldsARL081249	scaffoldsVV6	scaffoldsARL08781	scaffoldsARL07973	scaffoldsARL08712	scaffoldsARL09409	scaffolds125VP	scaffoldsTV162	scaffoldsTV73	scaffoldsARL071348	scaffoldsARL091209	scaffoldsARL071169	scaffoldsTV104	scaffolds127VP	scaffoldsARL08105	scaffoldsTV76	scaffoldsARL08339	scaffoldsIV28	scaffoldsTV111	scaffoldsTV52	scaffoldsARL081074	scaffolds109A	scaffoldsTV41	scaffoldsARL08484	scaffoldsTV45	scaffoldsARL08288	scaffoldsTV4	scaffoldsARL08983	scaffoldsARL091074a	scaffoldsARL071351	scaffoldsTV82	scaffoldsTV75	scaffoldsARL081077	scaffoldsTV12	scaffoldsTV55	scaffoldsARL081412	scaffoldsARL08428	scaffoldsARL04840	scaffoldsTV83	scaffoldsTV56	scaffoldsTV48	scaffoldsARL081215	scaffoldsARL09100	scaffoldsTV118	scaffoldsARL071139	scaffoldsTV57	scaffoldsARL081218	scaffoldsTV42	scaffoldsTV81	scaffoldsTV15	scaffolds126VP	scaffoldsARL081189	scaffoldsARL081437	scaffoldsARL0832	scaffoldsARL0846	scaffoldsTV10	scaffoldsARL08552	scaffolds129VP	scaffoldsARL0839	scaffoldsTV54	scaffoldsARL081309	scaffoldsTV49	scaffoldsARL071345	scaffoldsTV138	scaffoldsARL08902	scaffoldsARL05425	scaffoldsARL091265	scaffoldsTV139	scaffoldsTV47	scaffoldsARL08394	scaffoldsARL09193	scaffoldsTV77	scaffoldsTV14	scaffoldsARL0835	scaffoldsARL071384	scaffoldsTV137	scaffoldsARL071195	scaffoldsTV58	scaffoldsARL071205	scaffoldsAR98565
scaffolds102A	0.0	26427.0	26413.0	14095.0	13658.0	22604.0	26465.0	22485.0	22580.0	10272.0	11988.0	22628.0	22445.0	22651.0	10459.0	10081.0	13178.0	22129.0	26534.0	13607.0	11220.0	10479.0	23819.0	14290.0	22743.0	22477.0	210729.0	11132.0	23818.0	12712.0	11733.0	24257.0	22736.0	22618.0	11261.0	309037.0	14366.0	12575.0	11463.0	23819.0	11982.0	23880.0	22756.0	23610.0	101558.0	9935.0	10252.0	11170.0	22744.0	25516.0	22750.0	7370.0	14433.0	22517.0	13534.0	22370.0	12856.0	11067.0	14428.0	23908.0	151.0	14322.0	22618.0	11192.0	22613.0	14373.0	20955.0	23354.0	22667.0	10798.0	13613.0	23819.0	13625.0	10843.0	26376.0	22893.0	23446.0	8374.0	9884.0	14759.0	23965.0	26568.0	11126.0	22563.0	14350.0	26403.0	13356.0	11185.0	5561.0	10044.0	24044.0	26133.0	22646.0	22634.0	12667.0	22663.0	13769.0	22359.0	13849.0	23812.0	9658.0	22714.0	10784.0	24051.0	26243.0	23718.0	10063.0	13656.0	22740.0	26516.0	13113.0	12614.0	22579.0	22631.0	9988.0	22558.0	12154.0	22662.0	36112.0
scaffoldsARL0567	25632.0	0.0	3114.0	31052.0	31530.0	17759.0	2660.0	17609.0	17769.0	22146.0	22151.0	17770.0	17904.0	17661.0	23728.0	27379.0	30585.0	16108.0	4280.0	26298.0	26391.0	23890.0	17059.0	31702.0	17611.0	17660.0	217411.0	24230.0	17610.0	24494.0	26184.0	7653.0	17682.0	18446.0	26119.0	324991.0	23867.0	24160.0	23971.0	17412.0	22439.0	17617.0	17602.0	17600.0	107476.0	27341.0	24109.0	26251.0	17874.0	8864.0	17680.0	29249.0	30524.0	17648.0	26224.0	18116.0	27144.0	25816.0	24490.0	18509.0	25536.0	24604.0	17956.0	25740.0	18150.0	23825.0	21555.0	13778.0	17680.0	20608.0	26110.0	17718.0	26156.0	25917.0	3014.0	17730.0	14791.0	25411.0	22320.0	22162.0	17791.0	2936.0	24374.0	17635.0	24485.0	2644.0	30892.0	26596.0	27223.0	27584.0	17695.0	2775.0	17639.0	17540.0	24482.0	17512.0	30110.0	17388.0	22895.0	18412.0	22248.0	18119.0	23850.0	18783.0	5447.0	12801.0	24000.0	25884.0	18216.0	3697.0	30970.0	24462.0	17484.0	17728.0	24059.0	17696.0	22697.0	17575.0	27266.0
scaffoldsARL09146	29022.0	6073.0	0.0	33639.0	33843.0	18372.0	623.0	18341.0	18454.0	21757.0	23296.0	18400.0	18841.0	18625.0	24164.0	31871.0	33824.0	17138.0	2323.0	28224.0	29327.0	24353.0	18722.0	34026.0	18344.0	18552.0	223387.0	23901.0	19108.0	28105.0	28951.0	12361.0	18377.0	20225.0	28996.0	320022.0	24908.0	27842.0	24548.0	19229.0	23281.0	19262.0	18398.0	19460.0	109636.0	31807.0	26760.0	28973.0	18503.0	6209.0	18372.0	33090.0	33890.0	18574.0	28096.0	18766.0	30830.0	29796.0	25160.0	20103.0	28727.0	24733.0	19102.0	29088.0	18889.0	24640.0	19598.0	16145.0	18347.0	20182.0	28139.0	18932.0	28139.0	28270.0	478.0	18418.0	19118.0	28500.0	22443.0	23953.0	19212.0	446.0	24096.0	18425.0	27896.0	435.0	33899.0	28674.0	29953.0	32072.0	19404.0	428.0	18498.0	18479.0	28061.0	18307.0	33418.0	18329.0	25147.0	20110.0	22131.0	18890.0	26603.0	20294.0	10658.0	15524.0	26730.0	27772.0	18869.0	1032.0	33892.0	28153.0	18434.0	18371.0	26689.0	18402.0	23805.0	18321.0	30049.0
scaffolds123VP	14531.0	28621.0	28672.0	0.0	1366.0	25158.0	28708.0	25055.0	25167.0	9813.0	13372.0	25071.0	25028.0	25700.0	13141.0	15792.0	11808.0	25174.0	28441.0	12253.0	12140.0	13281.0	25649.0	2002.0	25189.0	25619.0	213900.0	13048.0	25527.0	13152.0	12889.0	25921.0	25213.0	22278.0	12294.0	315774.0	13301.0	13034.0	10780.0	25684.0	13560.0	25942.0	25190.0	25614.0	103869.0	15720.0	13495.0	12289.0	25908.0	28350.0	25237.0	15884.0	12179.0	25507.0	12357.0	24988.0	14530.0	14323.0	13573.0	26504.0	14384.0	16432.0	25823.0	17121.0	25181.0	13226.0	25292.0	26283.0	25191.0	10137.0	12246.0	25736.0	12190.0	14215.0	28616.0	25392.0	27525.0	12736.0	13995.0	9780.0	25976.0	28520.0	12571.0	25139.0	13475.0	28436.0	11867.0	15058.0	15307.0	15972.0	25972.0	28033.0	25578.0	25497.0	13118.0	25431.0	11788.0	25669.0	12932.0	26626.0	10979.0	25054.0	13844.0	26395.0	28709.0	26689.0	13472.0	11882.0	25220.0	28653.0	11795.0	13225.0	25217.0	25188.0	13453.0	25055.0	13255.0	25224.0	33648.0
scaffoldsTV44	14637.0	29343.0	29215.0	2857.0	0.0	26344.0	29717.0	26368.0	26284.0	11292.0	14085.0	26355.0	26677.0	26455.0	14162.0	16895.0	11974.0	25901.0	28946.0	12441.0	13399.0	14342.0	26549.0	761.0	26395.0	26689.0	216163.0	13818.0	27312.0	14069.0	13160.0	26101.0	26395.0	24257.0	13401.0	317999.0	14162.0	13876.0	11507.0	27161.0	13962.0	27435.0	26402.0	27248.0	103800.0	16602.0	14199.0	13280.0	26825.0	28965.0	26407.0	16281.0	12772.0	26524.0	12913.0	26464.0	15028.0	14678.0	14450.0	27613.0	14532.0	16845.0	27104.0	18805.0	26786.0	13617.0	25526.0	27581.0	26305.0	11651.0	12671.0	27241.0	12575.0	14559.0	29601.0	26623.0	28646.0	14378.0	14045.0	10108.0	27327.0	29810.0	13911.0	26412.0	13882.0	29615.0	12400.0	16220.0	15914.0	17158.0	27452.0	29386.0	26626.0	26540.0	14120.0	26159.0	12841.0	26211.0	13029.0	27723.0	11197.0	26693.0	15731.0	27867.0	29860.0	27963.0	14240.0	12291.0	26770.0	29397.0	12327.0	14023.0	26098.0	26418.0	14303.0	26263.0	13824.0	26398.0	34617.0
scaffoldsARL071163	23252.0	16604.0	14081.0	25844.0	25527.0	0.0	13983.0	196.0	241.0	21196.0	24299.0	326.0	482.0	614.0	23461.0	24481.0	24040.0	2459.0	13492.0	25492.0	23774.0	23595.0	12693.0	25513.0	236.0	579.0	217075.0	23135.0	12796.0	23348.0	23800.0	13758.0	253.0	14792.0	23720.0	317162.0	26231.0	23254.0	23841.0	12812.0	24986.0	12917.0	263.0	12907.0	111031.0	24221.0	21072.0	23844.0	267.0	12734.0	214.0	25426.0	23987.0	399.0	25583.0	445.0	24445.0	23112.0	26340.0	13563.0	23150.0	24832.0	658.0	23347.0	301.0	26086.0	11165.0	11262.0	263.0	20424.0	25540.0	12860.0	25607.0	24382.0	13970.0	834.0	13155.0	22210.0	22041.0	24355.0	13001.0	14051.0	23034.0	265.0	27048.0	13882.0	24088.0	25762.0	24159.0	24479.0	13091.0	14153.0	478.0	479.0	23521.0	348.0	23835.0	324.0	23880.0	13467.0	22413.0	375.0	20991.0	13513.0	17662.0	11151.0	21044.0	25329.0	597.0	14147.0	24196.0	23331.0	447.0	305.0	21060.0	268.0	24694.0	273.0	24010.0
scaffoldsARL081256	29814.0	5859.0	801.0	34227.0	34297.0	19305.0	0.0	19298.0	19373.0	21790.0	23080.0	19387.0	19843.0	19382.0	23872.0	32423.0	34143.0	18229.0	2090.0	28702.0	30616.0	23853.0	19091.0	34193.0	19299.0	19533.0	225588.0	23611.0	19352.0	28641.0	30644.0	12303.0	19291.0	20753.0	30472.0	320007.0	24431.0	28543.0	23918.0	19528.0	22941.0	19380.0	19356.0	19634.0	109455.0	32423.0	28034.0	30639.0	19498.0	7119.0	19320.0	34719.0	34124.0	19548.0	28613.0	19745.0	31840.0	30416.0	24438.0	19972.0	29885.0	24893.0	20103.0	30035.0	19838.0	24073.0	20596.0	16110.0	19304.0	20222.0	28591.0	19246.0	28706.0	29711.0	840.0	19368.0	18445.0	29472.0	22466.0	24167.0	19318.0	659.0	23873.0	19286.0	29067.0	219.0	34054.0	29641.0	30913.0	32624.0	19572.0	737.0	19507.0	19494.0	28716.0	19338.0	33711.0	19405.0	25822.0	20061.0	21878.0	19882.0	27893.0	20158.0	10512.0	15967.0	28057.0	28308.0	19784.0	1276.0	34229.0	28591.0	19444.0	19286.0	28028.0	19307.0	24006.0	19283.0	29790.0
scaffoldsARL071328	23253.0	16347.0	14057.0	25907.0	25440.0	121.0	14052.0	0.0	219.0	21465.0	24792.0	296.0	445.0	523.0	23985.0	24270.0	24279.0	2431.0	13657.0	25895.0	23811.0	24039.0	12642.0	25593.0	161.0	447.0	216155.0	23630.0	12652.0	23651.0	23930.0	13730.0	365.0	14938.0	23884.0	317460.0	26213.0	23569.0	24423.0	12707.0	25245.0	12767.0	214.0	12821.0	110752.0	23996.0	21195.0	23821.0	124.0	12796.0	166.0	25510.0	24254.0	425.0	26248.0	404.0	24688.0	23173.0	26281.0	13422.0	23244.0	24989.0	771.0	23572.0	237.0	26112.0	11152.0	10908.0	307.0	20752.0	26160.0	12724.0	25981.0	24514.0	14011.0	530.0	13230.0	21968.0	21782.0	24494.0	12870.0	14077.0	23803.0	343.0	27443.0	13823.0	24268.0	25837.0	24543.0	24304.0	12938.0	14085.0	454.0	476.0	23769.0	389.0	24096.0	345.0	24005.0	13378.0	22748.0	351.0	21144.0	13398.0	17158.0	10749.0	21178.0	25741.0	499.0	14233.0	24319.0	23636.0	388.0	139.0	21199.0	255.0	25051.0	176.0	23795.0
scaffoldsARL071286	23323.0	16668.0	14268.0	26139.0	25775.0	520.0	14219.0	389.0	0.0	21260.0	24645.0	525.0	599.0	791.0	23886.0	24321.0	23816.0	2731.0	13734.0	25564.0	23787.0	23980.0	12860.0	25734.0	406.0	718.0	215575.0	23324.0	13035.0	23386.0	23833.0	13900.0	682.0	14914.0	23702.0	320210.0	26348.0	23220.0	24204.0	13019.0	25241.0	13128.0	442.0	13100.0	111435.0	24084.0	21166.0	23897.0	592.0	12489.0	385.0	25613.0	23743.0	611.0	25904.0	660.0	24693.0	23329.0	26440.0	13848.0	23225.0	24897.0	852.0	23001.0	474.0	26141.0	11283.0	11177.0	453.0	20490.0	25837.0	12984.0	25615.0	24228.0	14128.0	897.0	13411.0	22052.0	22048.0	24467.0	13179.0	14231.0	23295.0	416.0	27016.0	14106.0	23804.0	25847.0	24125.0	24367.0	13223.0	14347.0	637.0	687.0	23506.0	623.0	23592.0	515.0	23799.0	13917.0	22440.0	566.0	21079.0	13791.0	17601.0	10916.0	21153.0	25295.0	697.0	14457.0	23912.0	23391.0	632.0	472.0	21188.0	454.0	25199.0	446.0	23910.0
scaffoldsTV123	9991.0	21371.0	21019.0	9350.0	9384.0	18570.0	21043.0	18442.0	18577.0	0.0	11082.0	18544.0	18574.0	18720.0	10978.0	13140.0	9411.0	18026.0	20886.0	10908.0	9864.0	11006.0	19250.0	10215.0	18435.0	18663.0	205667.0	10528.0	19237.0	9236.0	10294.0	20191.0	18422.0	18937.0	9867.0	309583.0	14109.0	9291.0	11222.0	19283.0	10937.0	19593.0	18446.0	19311.0	103187.0	13097.0	8655.0	10041.0	19008.0	20847.0	18489.0	11005.0	10746.0	18423.0	11119.0	18379.0	11277.0	11935.0	14290.0	20191.0	10186.0	12970.0	18908.0	11961.0	18446.0	13723.0	19119.0	20556.0	18528.0	696.0	11055.0	19403.0	11198.0	10486.0	21006.0	18739.0	21059.0	8972.0	11575.0	12157.0	19617.0	21022.0	10407.0	18512.0	10747.0	20974.0	9670.0	9943.0	9614.0	13365.0	19686.0	20493.0	18550.0	18549.0	9204.0	18376.0	10243.0	18540.0	10252.0	20164.0	9740.0	18607.0	9816.0	20136.0	21433.0	19970.0	8559.0	11011.0	18696.0	20998.0	9346.0	9161.0	18414.0	18547.0	8501.0	18506.0	11299.0	18551.0	31856.0
scaffoldsVV11	11033.0	22756.0	23797.0	12869.0	13067.0	23694.0	23922.0	23776.0	23632.0	11659.0	0.0	23711.0	23473.0	23729.0	14804.0	14020.0	14510.0	24084.0	24839.0	11718.0	12032.0	14939.0	23312.0	13489.0	23561.0	23788.0	210423.0	10046.0	23420.0	9841.0	12372.0	22882.0	23569.0	21805.0	12204.0	312093.0	12118.0	9776.0	12018.0	23526.0	421.0	23764.0	23643.0	23252.0	100389.0	13784.0	12600.0	12337.0	23902.0	23742.0	23557.0	13286.0	15026.0	23517.0	11918.0	23358.0	11905.0	15056.0	12397.0	23675.0	11353.0	4733.0	23994.0	14585.0	23770.0	11853.0	21914.0	24703.0	23657.0	11895.0	11877.0	23513.0	12055.0	12281.0	23818.0	23809.0	24411.0	12336.0	12304.0	15290.0	23682.0	24042.0	10061.0	23678.0	10105.0	23824.0	14456.0	12706.0	13278.0	13991.0	23923.0	23299.0	23570.0	23621.0	9718.0	23428.0	15205.0	23618.0	13483.0	23661.0	11555.0	23714.0	13770.0	23574.0	23180.0	24900.0	12480.0	11919.0	23634.0	23616.0	14204.0	9980.0	23448.0	23729.0	12413.0	23671.0	732.0	23605.0	29721.0
scaffoldsARL071166	23444.0	16391.0	14102.0	25815.0	25610.0	285.0	14116.0	301.0	327.0	21336.0	24727.0	0.0	377.0	546.0	23883.0	24319.0	23933.0	2430.0	13563.0	25449.0	24071.0	23860.0	12786.0	25714.0	320.0	574.0	215098.0	23377.0	12778.0	23438.0	24154.0	13873.0	233.0	14727.0	23958.0	318620.0	26188.0	23276.0	24163.0	12863.0	25357.0	12950.0	271.0	12979.0	111555.0	24104.0	21252.0	23934.0	283.0	12594.0	295.0	25906.0	23772.0	454.0	25873.0	516.0	24628.0	22895.0	26184.0	13565.0	23437.0	25178.0	638.0	23642.0	297.0	25974.0	11057.0	10956.0	342.0	20622.0	25786.0	12893.0	25556.0	24210.0	14035.0	518.0	13009.0	21986.0	21847.0	24292.0	12934.0	14071.0	23446.0	316.0	26798.0	13929.0	23884.0	25574.0	24584.0	24397.0	12980.0	14171.0	509.0	540.0	23525.0	353.0	23623.0	340.0	23853.0	13594.0	22339.0	228.0	21178.0	13541.0	17422.0	10553.0	21234.0	25317.0	628.0	14265.0	23873.0	23462.0	312.0	291.0	21222.0	203.0	25173.0	327.0	23586.0
scaffoldsARL08391	22791.0	16556.0	14360.0	25767.0	25740.0	403.0	14415.0	469.0	464.0	21112.0	24489.0	367.0	0.0	531.0	24110.0	23933.0	23961.0	2441.0	13475.0	25823.0	24005.0	24092.0	12425.0	25653.0	397.0	659.0	217714.0	23379.0	12380.0	23555.0	24432.0	13355.0	395.0	15081.0	23874.0	320249.0	26045.0	23565.0	24407.0	12410.0	24723.0	12573.0	339.0	12651.0	110227.0	24011.0	20941.0	23998.0	370.0	12833.0	411.0	24805.0	23949.0	420.0	26218.0	315.0	24374.0	22807.0	26100.0	13114.0	22878.0	24571.0	213.0	23358.0	536.0	25887.0	11009.0	10646.0	379.0	20389.0	26143.0	12431.0	25959.0	24190.0	14291.0	361.0	13083.0	21699.0	20912.0	23964.0	12605.0	14299.0	23388.0	567.0	26961.0	14251.0	23955.0	24897.0	24346.0	24120.0	12573.0	14478.0	500.0	596.0	23683.0	316.0	23805.0	322.0	24301.0	13212.0	22565.0	204.0	20885.0	13160.0	17126.0	10343.0	20936.0	25753.0	231.0	14379.0	23931.0	23483.0	379.0	346.0	20913.0	323.0	25018.0	284.0	23794.0
scaffoldsARL0867	23218.0	16410.0	14063.0	25819.0	25794.0	518.0	13988.0	289.0	509.0	21398.0	24724.0	474.0	262.0	0.0	23692.0	23882.0	24214.0	2291.0	13472.0	25906.0	23880.0	23913.0	12180.0	25699.0	284.0	348.0	214029.0	23270.0	12438.0	23562.0	24076.0	13757.0	560.0	14890.0	23767.0	320336.0	26146.0	23421.0	24717.0	12530.0	25293.0	12497.0	350.0	12414.0	110720.0	23701.0	21405.0	24311.0	478.0	13217.0	452.0	25286.0	24049.0	311.0	26116.0	519.0	24875.0	23595.0	26577.0	13066.0	23358.0	25217.0	435.0	23303.0	653.0	25902.0	10685.0	11216.0	450.0	20865.0	26193.0	12457.0	25761.0	24479.0	13955.0	575.0	12994.0	22287.0	21677.0	24551.0	12347.0	14110.0	23422.0	376.0	26638.0	13907.0	24530.0	26121.0	24147.0	24111.0	12535.0	13926.0	356.0	140.0	24001.0	187.0	23804.0	70.0	23770.0	13150.0	22613.0	364.0	21212.0	12998.0	17485.0	10783.0	21380.0	25377.0	653.0	14187.0	24778.0	23547.0	153.0	431.0	21301.0	328.0	24889.0	334.0	24464.0
scaffoldsTV125	9502.0	25233.0	25896.0	13370.0	13350.0	23115.0	25959.0	23126.0	23170.0	10743.0	14874.0	23171.0	23314.0	23244.0	0.0	8237.0	11378.0	22639.0	26383.0	10561.0	8239.0	253.0	23604.0	14347.0	23164.0	23308.0	214901.0	11223.0	23489.0	9997.0	8689.0	23037.0	23197.0	19984.0	8265.0	311545.0	14646.0	9843.0	11224.0	23624.0	14412.0	23840.0	23194.0	23643.0	100596.0	8070.0	10504.0	8523.0	23547.0	25430.0	23182.0	10133.0	12459.0	23157.0	11210.0	23235.0	10389.0	8942.0	14660.0	23948.0	9558.0	14854.0	23654.0	9316.0	23175.0	14509.0	22690.0	23815.0	23160.0	10943.0	11023.0	23651.0	10553.0	12241.0	25828.0	23300.0	24086.0	10205.0	10687.0	14912.0	23871.0	25827.0	11043.0	23137.0	13481.0	25784.0	11561.0	10376.0	10909.0	8290.0	23936.0	25376.0	23257.0	23190.0	9889.0	23104.0	12210.0	23243.0	11509.0	23976.0	9268.0	23143.0	11494.0	23987.0	26203.0	23786.0	10292.0	10634.0	23326.0	25895.0	11418.0	9950.0	23106.0	23173.0	10294.0	23206.0	14844.0	23213.0	34703.0
scaffolds128VP	8849.0	26864.0	27805.0	17095.0	16940.0	23086.0	27748.0	23128.0	23210.0	13726.0	13876.0	23186.0	22949.0	23318.0	8567.0	0.0	17797.0	24545.0	28123.0	14875.0	12366.0	8770.0	23780.0	16861.0	23447.0	23354.0	212303.0	12567.0	23758.0	14616.0	12798.0	24514.0	23307.0	22614.0	12322.0	309128.0	15883.0	14749.0	13936.0	23870.0	14084.0	23803.0	23298.0	23754.0	100385.0	201.0	14320.0	12327.0	23614.0	26826.0	23207.0	8161.0	17986.0	23415.0	14992.0	23005.0	14575.0	15824.0	15923.0	24213.0	8829.0	15432.0	23757.0	9516.0	23098.0	15581.0	21560.0	23765.0	22988.0	14363.0	14953.0	23789.0	14732.0	11854.0	27817.0	23424.0	24830.0	12622.0	11413.0	16989.0	23809.0	27985.0	12292.0	23168.0	15858.0	27844.0	17705.0	12643.0	9877.0	264.0	23891.0	27340.0	23511.0	23284.0	14823.0	23414.0	17736.0	23414.0	16307.0	24200.0	11880.0	23330.0	14320.0	24331.0	26988.0	24485.0	14295.0	14863.0	23102.0	27930.0	17777.0	14824.0	23360.0	23332.0	14251.0	23133.0	14006.0	23245.0	37054.0
scaffolds118A	14738.0	29863.0	30205.0	14019.0	13621.0	24134.0	30072.0	24069.0	24133.0	8264.0	12964.0	24098.0	24166.0	24277.0	9635.0	17974.0	0.0	23495.0	30705.0	18328.0	12697.0	9668.0	29482.0	13213.0	24166.0	24212.0	213043.0	11026.0	29316.0	16222.0	12693.0	25905.0	24223.0	26359.0	12935.0	312160.0	16814.0	16226.0	12673.0	29622.0	12681.0	29598.0	24213.0	29438.0	99877.0	18029.0	13468.0	13074.0	24248.0	29206.0	24156.0	15695.0	433.0	24101.0	18730.0	23780.0	14007.0	12951.0	16799.0	30163.0	14657.0	13950.0	24266.0	15961.0	24211.0	17004.0	24106.0	28333.0	24112.0	8539.0	18538.0	29704.0	18347.0	12736.0	30382.0	24224.0	28724.0	13106.0	12211.0	11843.0	29725.0	30482.0	11469.0	24185.0	16241.0	30294.0	197.0	16360.0	13043.0	18044.0	29612.0	29907.0	24139.0	24204.0	16165.0	24176.0	511.0	24120.0	17810.0	30124.0	8956.0	24103.0	13652.0	30028.0	30044.0	27689.0	13451.0	18348.0	24076.0	30467.0	192.0	16515.0	24100.0	24119.0	13337.0	24090.0	13106.0	24102.0	33997.0
scaffoldsARL08477	21428.0	13382.0	10930.0	23451.0	22828.0	541.0	10814.0	292.0	590.0	19111.0	23131.0	317.0	408.0	479.0	20929.0	23318.0	21322.0	0.0	10394.0	23647.0	22244.0	20979.0	9629.0	23119.0	481.0	403.0	213687.0	21479.0	9725.0	21934.0	22012.0	11490.0	593.0	11703.0	22092.0	317150.0	23032.0	21681.0	22641.0	9828.0	23458.0	9793.0	478.0	9696.0	107998.0	22909.0	19812.0	22158.0	560.0	9723.0	379.0	22921.0	21266.0	214.0	23859.0	392.0	22163.0	21725.0	23450.0	9881.0	21328.0	22842.0	463.0	22364.0	377.0	22885.0	7429.0	8866.0	450.0	19207.0	24010.0	9874.0	23670.0	21642.0	10718.0	589.0	10296.0	20003.0	19883.0	23216.0	9832.0	10899.0	21737.0	511.0	24770.0	10770.0	21502.0	23632.0	21711.0	23163.0	9978.0	10878.0	420.0	292.0	21740.0	250.0	21128.0	136.0	22504.0	9722.0	19922.0	350.0	19704.0	9902.0	14013.0	9039.0	19846.0	23586.0	519.0	10899.0	21589.0	21825.0	336.0	559.0	19860.0	375.0	23191.0	452.0	21831.0
scaffoldsARL091374	28786.0	7508.0	2366.0	33481.0	34346.0	17669.0	2322.0	17516.0	17762.0	21380.0	24301.0	17831.0	17670.0	17558.0	24035.0	31662.0	33792.0	15894.0	0.0	28612.0	29830.0	24284.0	18293.0	34416.0	17511.0	17654.0	223440.0	24161.0	18695.0	29681.0	29940.0	12597.0	17770.0	19782.0	29633.0	319305.0	24708.0	29277.0	25595.0	18583.0	24839.0	18686.0	17575.0	18556.0	110137.0	31565.0	26608.0	30168.0	17635.0	8275.0	17735.0	33347.0	33664.0	17584.0	28889.0	17791.0	31025.0	30368.0	25353.0	19570.0	28944.0	26178.0	17722.0	29477.0	17952.0	24307.0	19209.0	15154.0	17737.0	19829.0	28920.0	18709.0	28540.0	28783.0	2356.0	17756.0	17965.0	28432.0	23590.0	24058.0	18393.0	2436.0	24350.0	17515.0	28864.0	2270.0	34111.0	29573.0	30608.0	31946.0	18757.0	2224.0	17742.0	17471.0	29771.0	17184.0	33253.0	17206.0	25643.0	19629.0	23533.0	17874.0	26335.0	19575.0	11826.0	15062.0	26605.0	28302.0	17876.0	2786.0	34429.0	29639.0	17280.0	17657.0	26530.0	17601.0	25037.0	17496.0	30185.0
scaffoldsTV20	14682.0	26685.0	26234.0	13490.0	13053.0	26128.0	26148.0	26246.0	26158.0	13137.0	13579.0	26251.0	25844.0	26089.0	12293.0	15247.0	17058.0	26233.0	26829.0	0.0	12292.0	12395.0	23578.0	14361.0	25861.0	26179.0	205638.0	14128.0	23795.0	14603.0	13194.0	25331.0	25998.0	22909.0	12425.0	310900.0	15133.0	14086.0	1570.0	24026.0	12967.0	24121.0	26124.0	23757.0	102239.0	14977.0	15410.0	12235.0	26883.0	25830.0	26081.0	16032.0	17579.0	26086.0	1481.0	26059.0	13238.0	15372.0	15298.0	24546.0	14524.0	15944.0	26144.0	18234.0	25885.0	14660.0	23249.0	27437.0	25878.0	12641.0	1270.0	24207.0	1036.0	14627.0	26141.0	26086.0	28982.0	14612.0	12631.0	11379.0	24093.0	26135.0	13725.0	25972.0	15753.0	25897.0	17416.0	14330.0	15283.0	15341.0	24076.0	25556.0	26187.0	25694.0	14813.0	25690.0	17644.0	26067.0	3272.0	24491.0	7224.0	25916.0	16335.0	24350.0	26928.0	27146.0	15146.0	829.0	25971.0	26148.0	17383.0	14851.0	25765.0	25954.0	15123.0	25997.0	13442.0	25736.0	34987.0
scaffoldsTV71	11873.0	26535.0	27213.0	14596.0	13813.0	23964.0	27131.0	23794.0	24002.0	12074.0	13374.0	23881.0	23734.0	24060.0	10436.0	13880.0	12906.0	24003.0	27443.0	13086.0	0.0	10399.0	25371.0	14550.0	23843.0	24017.0	208306.0	12392.0	25580.0	10599.0	1706.0	23193.0	23817.0	22861.0	985.0	313814.0	15434.0	10513.0	11384.0	25887.0	13376.0	26101.0	23761.0	25590.0	105977.0	13552.0	12778.0	1194.0	24398.0	26129.0	23777.0	12394.0	13756.0	23747.0	13317.0	23597.0	10648.0	10257.0	15581.0	26223.0	11954.0	16380.0	23950.0	12357.0	23917.0	14810.0	23724.0	25509.0	23897.0	12568.0	13132.0	25722.0	13165.0	8540.0	27154.0	24005.0	24832.0	11387.0	11062.0	14667.0	26087.0	27153.0	12084.0	23838.0	14541.0	27047.0	13437.0	14335.0	11109.0	13815.0	26349.0	26498.0	23848.0	23809.0	10791.0	23407.0	13612.0	23771.0	13864.0	25975.0	9635.0	23957.0	14019.0	26097.0	26614.0	26157.0	12619.0	12968.0	23973.0	26976.0	13166.0	10852.0	23468.0	23928.0	12676.0	23884.0	13626.0	23888.0	36856.0
scaffoldsTV98	9616.0	25501.0	26226.0	13943.0	13859.0	23855.0	26251.0	23860.0	23884.0	11333.0	15743.0	23892.0	23558.0	23992.0	720.0	8752.0	11400.0	23045.0	26614.0	11044.0	8723.0	0.0	23424.0	14786.0	23877.0	24064.0	217038.0	11908.0	23807.0	10537.0	9384.0	22825.0	23835.0	20972.0	8821.0	312769.0	15237.0	9995.0	11678.0	23954.0	15267.0	24152.0	23831.0	23867.0	101399.0	8228.0	10909.0	9196.0	24246.0	25759.0	23816.0	10649.0	12338.0	23720.0	11585.0	23713.0	10951.0	9798.0	15316.0	24251.0	9746.0	15729.0	23855.0	9909.0	23880.0	14626.0	23188.0	24214.0	23804.0	11648.0	11457.0	23991.0	11208.0	12685.0	26174.0	24029.0	24436.0	10712.0	11159.0	15582.0	24079.0	26147.0	11947.0	23663.0	14000.0	26008.0	11931.0	11092.0	11328.0	8703.0	24257.0	25489.0	23908.0	23707.0	10487.0	23309.0	12063.0	23272.0	11964.0	24250.0	9965.0	23850.0	12221.0	24099.0	26357.0	24183.0	10772.0	11059.0	23889.0	26041.0	11865.0	10424.0	23366.0	23871.0	10829.0	23730.0	15734.0	23780.0	35408.0
scaffoldsARL08804	23911.0	24029.0	21196.0	29397.0	30224.0	14879.0	21460.0	14997.0	15012.0	21957.0	23683.0	15028.0	14850.0	15358.0	23645.0	26636.0	30608.0	13502.0	21230.0	25193.0	25372.0	23624.0	0.0	30542.0	14991.0	15299.0	217291.0	22720.0	404.0	26081.0	24883.0	18294.0	14949.0	19494.0	25084.0	320898.0	25053.0	26070.0	25835.0	354.0	23760.0	384.0	14993.0	310.0	111676.0	26256.0	22820.0	25005.0	14882.0	17163.0	14947.0	27421.0	30960.0	15244.0	26238.0	14683.0	26782.0	25820.0	25162.0	1500.0	23701.0	23816.0	15192.0	27016.0	15027.0	25084.0	9027.0	20977.0	14883.0	19415.0	26326.0	305.0	25221.0	26179.0	21480.0	15008.0	17621.0	25002.0	20741.0	23163.0	625.0	21626.0	23649.0	15001.0	27625.0	21567.0	30519.0	29188.0	25941.0	26371.0	518.0	21706.0	15189.0	15189.0	26161.0	15238.0	30404.0	15417.0	21967.0	1548.0	24549.0	14907.0	22639.0	1522.0	22872.0	20644.0	22826.0	25199.0	14821.0	22000.0	30322.0	26060.0	15292.0	15021.0	22847.0	14904.0	23862.0	14932.0	29945.0
scaffoldsTV21	15313.0	29770.0	29778.0	3293.0	1383.0	26478.0	29861.0	26321.0	26464.0	12009.0	15437.0	26339.0	26458.0	26697.0	15295.0	17445.0	11657.0	25934.0	29596.0	13356.0	13661.0	15298.0	27184.0	0.0	26330.0	26737.0	215989.0	14687.0	27755.0	15400.0	14430.0	26242.0	26543.0	24865.0	13915.0	317324.0	14556.0	14932.0	12248.0	27486.0	15228.0	27763.0	26454.0	27822.0	104529.0	17124.0	15816.0	13837.0	26824.0	29402.0	26321.0	16886.0	12229.0	26465.0	13683.0	26366.0	15577.0	15225.0	14836.0	28229.0	15078.0	17741.0	26922.0	19448.0	26887.0	14340.0	26135.0	28012.0	26423.0	12685.0	13478.0	27883.0	13371.0	14535.0	29990.0	26450.0	28418.0	13976.0	14848.0	9712.0	27735.0	30342.0	14759.0	26150.0	14969.0	30141.0	11983.0	16308.0	16933.0	17541.0	27725.0	29733.0	26777.0	26495.0	15210.0	26131.0	12371.0	26442.0	14396.0	28109.0	11099.0	26718.0	16431.0	28310.0	30388.0	27989.0	15883.0	13203.0	26481.0	29897.0	11947.0	15292.0	26276.0	26549.0	15912.0	26288.0	15381.0	26317.0	35641.0
scaffoldsARL071198	23787.0	16692.0	14219.0	26258.0	26011.0	323.0	14108.0	238.0	356.0	21202.0	24649.0	441.0	381.0	608.0	23980.0	25442.0	24594.0	2531.0	13600.0	26024.0	23863.0	24060.0	12595.0	26094.0	0.0	525.0	215431.0	23176.0	12665.0	23421.0	23960.0	14164.0	347.0	15056.0	23899.0	318995.0	26264.0	23246.0	24678.0	12762.0	25371.0	12812.0	262.0	12834.0	111181.0	25150.0	21538.0	23869.0	257.0	12596.0	235.0	26088.0	24411.0	444.0	26483.0	424.0	25191.0	23473.0	26283.0	13525.0	23779.0	24843.0	682.0	23900.0	345.0	26104.0	11275.0	11303.0	375.0	20535.0	26321.0	12728.0	26122.0	24198.0	14149.0	791.0	13307.0	22036.0	22602.0	24852.0	12860.0	14294.0	23234.0	394.0	27401.0	13978.0	24366.0	25836.0	24735.0	25538.0	12917.0	14222.0	540.0	518.0	23535.0	295.0	24251.0	338.0	24311.0	13513.0	22676.0	421.0	21373.0	13480.0	17968.0	11324.0	21540.0	25786.0	562.0	14368.0	24613.0	23382.0	390.0	205.0	21587.0	289.0	25025.0	267.0	24624.0
scaffoldsARL0843	23359.0	16130.0	13921.0	25699.0	25574.0	379.0	13887.0	224.0	387.0	21203.0	24631.0	331.0	169.0	258.0	23514.0	23938.0	23833.0	2310.0	13328.0	25834.0	23860.0	23567.0	12178.0	25503.0	232.0	0.0	213128.0	23055.0	12156.0	23582.0	24002.0	13750.0	510.0	14628.0	23685.0	316969.0	25955.0	23414.0	24352.0	12259.0	24836.0	12277.0	282.0	12310.0	110671.0	23735.0	21285.0	23936.0	189.0	12794.0	419.0	25227.0	23759.0	154.0	26191.0	308.0	24840.0	23036.0	25969.0	12939.0	23372.0	25193.0	658.0	23439.0	346.0	25913.0	10637.0	10702.0	386.0	20546.0	26146.0	12295.0	25899.0	24208.0	13809.0	265.0	12753.0	22092.0	21372.0	24363.0	12246.0	14044.0	23109.0	500.0	26742.0	13713.0	23816.0	25470.0	24048.0	24079.0	12271.0	13969.0	143.0	103.0	23607.0	189.0	23618.0	74.0	24115.0	12921.0	22450.0	409.0	21213.0	12892.0	17063.0	10285.0	21314.0	25696.0	373.0	14146.0	23760.0	23397.0	170.0	189.0	21310.0	220.0	24806.0	175.0	23935.0
scaffoldsARL09542	208987.0	219145.0	217849.0	214113.0	213152.0	219057.0	217831.0	218876.0	219045.0	207594.0	206785.0	219177.0	218386.0	218811.0	210058.0	208276.0	212827.0	218854.0	217664.0	209183.0	210741.0	209363.0	216882.0	212746.0	218677.0	219197.0	0.0	209174.0	217006.0	212800.0	210873.0	221475.0	219105.0	220770.0	210347.0	215988.0	207345.0	212471.0	206283.0	217513.0	207940.0	217479.0	218924.0	217400.0	213277.0	208180.0	207726.0	210762.0	218757.0	216125.0	218673.0	211400.0	212383.0	219056.0	209228.0	218593.0	211898.0	211080.0	207515.0	217520.0	208695.0	209537.0	218915.0	207394.0	218990.0	207137.0	214393.0	219752.0	218940.0	206211.0	209087.0	217358.0	208691.0	208246.0	217850.0	218899.0	221374.0	210101.0	209265.0	207941.0	217284.0	217772.0	209350.0	218988.0	212084.0	217519.0	213037.0	209534.0	209420.0	208065.0	216968.0	216980.0	218812.0	219044.0	212613.0	218641.0	212720.0	218682.0	207765.0	217303.0	206287.0	218701.0	206972.0	217460.0	218167.0	220895.0	207695.0	208363.0	218892.0	217899.0	213134.0	212920.0	218787.0	219062.0	207667.0	219025.0	207552.0	218917.0	215834.0
scaffoldsTV97	11178.0	25395.0	25785.0	13487.0	13508.0	21943.0	25526.0	21957.0	21826.0	12308.0	9727.0	21849.0	21759.0	21855.0	12381.0	12786.0	12965.0	22527.0	25730.0	12920.0	10515.0	12323.0	22031.0	14356.0	21864.0	21868.0	213954.0	0.0	22263.0	9452.0	10837.0	24002.0	21989.0	21918.0	10271.0	312695.0	11406.0	8832.0	13342.0	22387.0	9099.0	22449.0	21923.0	22210.0	105367.0	12395.0	10582.0	10457.0	22656.0	25168.0	21845.0	12093.0	14086.0	21797.0	13294.0	21934.0	11711.0	14027.0	11550.0	22636.0	11055.0	7649.0	21857.0	12729.0	22030.0	10838.0	20880.0	24405.0	21994.0	12339.0	13166.0	22539.0	12838.0	13471.0	25798.0	21940.0	23626.0	12071.0	12784.0	16459.0	22533.0	25665.0	880.0	21716.0	11777.0	25536.0	13224.0	14208.0	11903.0	12783.0	22559.0	25188.0	21849.0	21686.0	9286.0	21515.0	13609.0	21472.0	14202.0	22532.0	12647.0	21900.0	11781.0	22491.0	25330.0	24711.0	10534.0	12902.0	21997.0	25692.0	13181.0	9253.0	21531.0	21895.0	10488.0	21863.0	9587.0	21735.0	34628.0
scaffoldsARL081292	24474.0	23056.0	20741.0	29350.0	29842.0	15153.0	21021.0	15187.0	15305.0	22333.0	23730.0	15193.0	15076.0	15651.0	24212.0	26145.0	30505.0	13666.0	20505.0	25403.0	26293.0	24297.0	332.0	30236.0	15181.0	15529.0	218038.0	22781.0	0.0	26350.0	25634.0	18326.0	15186.0	19234.0	25876.0	322011.0	24921.0	26257.0	26224.0	596.0	23882.0	521.0	15215.0	530.0	112175.0	25802.0	23598.0	25813.0	15125.0	16536.0	15147.0	27910.0	30861.0	15406.0	26450.0	14880.0	26902.0	26119.0	25207.0	1667.0	24271.0	23789.0	15378.0	27185.0	15210.0	24918.0	9153.0	20319.0	15067.0	19818.0	26564.0	623.0	25406.0	26335.0	20734.0	15182.0	17691.0	25278.0	20936.0	23406.0	937.0	20853.0	23733.0	15173.0	28229.0	20835.0	30522.0	29798.0	26574.0	25945.0	831.0	20809.0	15446.0	15387.0	26307.0	15347.0	30307.0	15587.0	21945.0	1650.0	24696.0	15126.0	23367.0	1711.0	22558.0	20544.0	23597.0	25466.0	15039.0	21235.0	30353.0	26282.0	15466.0	15237.0	23588.0	15080.0	23915.0	15103.0	30398.0
scaffolds071107	14964.0	25893.0	27215.0	16401.0	17178.0	24573.0	27010.0	24662.0	24693.0	11151.0	10814.0	24807.0	24902.0	24503.0	10741.0	16665.0	18194.0	24383.0	28237.0	16571.0	10989.0	10857.0	25106.0	17910.0	24817.0	24811.0	214009.0	9650.0	25372.0	0.0	11219.0	24029.0	24868.0	23993.0	11063.0	310121.0	10309.0	153.0	13523.0	25173.0	10608.0	25473.0	24819.0	25259.0	105691.0	16577.0	14146.0	11422.0	25141.0	26892.0	24798.0	16831.0	18651.0	24734.0	16979.0	24507.0	13801.0	15793.0	10502.0	25292.0	14932.0	12200.0	25029.0	15424.0	24848.0	10244.0	24249.0	25266.0	24610.0	11339.0	17031.0	25485.0	16682.0	13838.0	27499.0	24928.0	24224.0	12490.0	11651.0	15858.0	25370.0	27505.0	9612.0	24722.0	10882.0	27329.0	18257.0	13806.0	12972.0	16766.0	25618.0	27032.0	24795.0	24639.0	335.0	24466.0	18078.0	24833.0	17265.0	25350.0	10433.0	24798.0	14548.0	25644.0	25537.0	24736.0	14118.0	16575.0	24855.0	27401.0	18209.0	487.0	24531.0	24697.0	14073.0	24618.0	10468.0	24661.0	37910.0
scaffoldsTV92	12105.0	26213.0	26752.0	14921.0	14025.0	23775.0	26998.0	23776.0	23630.0	12083.0	12423.0	23850.0	23775.0	23819.0	10114.0	14289.0	12867.0	23775.0	26804.0	13125.0	1155.0	10099.0	25124.0	14733.0	23625.0	23987.0	210024.0	11614.0	25300.0	9607.0	0.0	22475.0	23742.0	22322.0	875.0	313652.0	14776.0	9355.0	11471.0	25453.0	12686.0	25638.0	23776.0	25294.0	105702.0	13797.0	11806.0	1031.0	24018.0	25896.0	23684.0	12593.0	13772.0	23668.0	13354.0	23609.0	10075.0	9708.0	14998.0	25805.0	12003.0	15530.0	24026.0	12448.0	23859.0	14323.0	22863.0	23623.0	23748.0	12192.0	13302.0	25534.0	13041.0	8214.0	26653.0	24043.0	24560.0	11532.0	10411.0	14839.0	25826.0	27034.0	11323.0	23889.0	13625.0	26977.0	13073.0	14296.0	10960.0	14291.0	25796.0	26386.0	23832.0	23771.0	9755.0	23372.0	13631.0	23581.0	13200.0	25672.0	9422.0	23766.0	13385.0	25630.0	25692.0	24853.0	11882.0	13012.0	23910.0	26899.0	12879.0	10159.0	23420.0	23781.0	11788.0	23716.0	12543.0	23822.0	35879.0
E_faecium_reference_sequence	24765.0	6644.0	7795.0	29296.0	28454.0	12800.0	7347.0	12781.0	12956.0	18813.0	25016.0	12297.0	12777.0	12958.0	20241.0	27060.0	26230.0	12300.0	7693.0	22798.0	22781.0	20338.0	11552.0	28534.0	12807.0	12977.0	224155.0	22951.0	11498.0	20960.0	22671.0	0.0	12849.0	13426.0	22542.0	317609.0	22234.0	21056.0	20930.0	11619.0	24600.0	11560.0	13104.0	11521.0	105204.0	26153.0	24394.0	22103.0	12846.0	10761.0	12312.0	26936.0	26335.0	12995.0	23130.0	12913.0	21544.0	26204.0	21855.0	11417.0	24863.0	27576.0	13062.0	24657.0	12849.0	21708.0	13317.0	10355.0	12826.0	18778.0	22901.0	11574.0	22945.0	23206.0	7799.0	13067.0	8512.0	24208.0	19778.0	20384.0	11528.0	7560.0	22915.0	13093.0	26676.0	7321.0	26668.0	27945.0	24766.0	26316.0	11508.0	7707.0	13026.0	12705.0	21075.0	13159.0	26233.0	12983.0	22836.0	11408.0	19423.0	13047.0	24168.0	11575.0	7175.0	11115.0	24386.0	22833.0	13107.0	7679.0	26228.0	20977.0	13117.0	13073.0	24377.0	12822.0	25106.0	13050.0	22789.0
scaffoldsARL071300	23060.0	16386.0	14008.0	26478.0	25899.0	306.0	14092.0	321.0	559.0	21441.0	24631.0	469.0	530.0	748.0	24032.0	24485.0	24324.0	2318.0	13514.0	26403.0	24275.0	24252.0	12736.0	26215.0	445.0	638.0	219421.0	23662.0	12832.0	24037.0	24324.0	13263.0	0.0	15196.0	24260.0	319551.0	26064.0	23862.0	24998.0	13061.0	25229.0	13037.0	417.0	12997.0	111182.0	24361.0	21326.0	24365.0	340.0	12709.0	467.0	25434.0	24237.0	506.0	26674.0	646.0	24538.0	23343.0	26429.0	13564.0	22964.0	24552.0	792.0	23844.0	461.0	25917.0	11279.0	11001.0	583.0	20824.0	26487.0	12860.0	26356.0	24155.0	13932.0	758.0	13252.0	22233.0	22209.0	24544.0	13041.0	14210.0	23682.0	570.0	27776.0	13954.0	24481.0	26073.0	24646.0	24674.0	13279.0	14150.0	585.0	558.0	24241.0	405.0	24088.0	382.0	24215.0	13551.0	23187.0	466.0	21191.0	13536.0	17149.0	10782.0	21331.0	26056.0	735.0	14283.0	24523.0	24078.0	513.0	463.0	21281.0	438.0	25210.0	386.0	24005.0
scaffoldsAR01139	24225.0	20588.0	19268.0	26960.0	27355.0	16964.0	19571.0	16897.0	17190.0	19590.0	22303.0	17024.0	16750.0	17261.0	20340.0	25949.0	27512.0	15132.0	18708.0	24765.0	25520.0	20416.0	14797.0	27965.0	16876.0	17070.0	222291.0	21469.0	14929.0	25841.0	24602.0	16086.0	17044.0	0.0	24818.0	319574.0	22813.0	25527.0	22431.0	15386.0	22548.0	15291.0	17106.0	15226.0	109914.0	25681.0	24498.0	25284.0	16698.0	20181.0	16932.0	27431.0	27595.0	16805.0	25137.0	16249.0	25448.0	25384.0	23147.0	15836.0	24011.0	22790.0	16876.0	26937.0	17072.0	22576.0	17958.0	17822.0	16841.0	18988.0	25117.0	15073.0	24698.0	24419.0	19452.0	17084.0	15529.0	24967.0	17972.0	20843.0	15002.0	19486.0	21393.0	17010.0	27915.0	19492.0	27872.0	28649.0	25740.0	25664.0	15466.0	19232.0	16918.0	16838.0	26134.0	16627.0	27334.0	16747.0	22271.0	15504.0	20727.0	17064.0	24078.0	15598.0	19682.0	18461.0	24438.0	24553.0	16944.0	19438.0	27923.0	25821.0	16749.0	16974.0	24475.0	16910.0	22255.0	16823.0	28073.0
scaffoldsTV43	12115.0	26980.0	27114.0	14213.0	13796.0	23944.0	27102.0	23981.0	23870.0	12379.0	13224.0	24054.0	23671.0	24080.0	10514.0	13637.0	13284.0	24598.0	27656.0	12971.0	1290.0	10415.0	25095.0	14836.0	23877.0	24060.0	210886.0	12226.0	25807.0	10712.0	1631.0	23139.0	24185.0	22893.0	0.0	314498.0	15222.0	10252.0	11783.0	26028.0	13234.0	25675.0	23926.0	25379.0	105679.0	13263.0	12844.0	1088.0	24451.0	26418.0	23977.0	12326.0	14075.0	23834.0	13146.0	23730.0	10830.0	10168.0	15881.0	26197.0	12120.0	16262.0	23904.0	12628.0	24060.0	14854.0	23653.0	25366.0	24056.0	12771.0	13125.0	25756.0	12978.0	8267.0	26986.0	24184.0	24537.0	11465.0	11250.0	14755.0	26086.0	27591.0	11779.0	23892.0	14456.0	27053.0	13796.0	14549.0	11490.0	13745.0	26345.0	26543.0	24280.0	23896.0	10693.0	23464.0	13732.0	23636.0	13961.0	25751.0	9928.0	24122.0	13803.0	25941.0	26472.0	25981.0	12688.0	13261.0	24057.0	27065.0	13932.0	11136.0	23496.0	24014.0	12878.0	24034.0	13153.0	23979.0	36555.0
scaffoldsVV15	308340.0	321592.0	321287.0	314545.0	315167.0	322355.0	320915.0	322364.0	322492.0	307635.0	309644.0	322317.0	322238.0	322418.0	309927.0	307468.0	309941.0	320484.0	321607.0	310173.0	311288.0	309669.0	318886.0	315059.0	322265.0	322445.0	214830.0	308447.0	319680.0	310410.0	311382.0	317996.0	322362.0	318776.0	311492.0	0.0	311966.0	309450.0	311395.0	319548.0	309728.0	319548.0	322274.0	319303.0	321158.0	307322.0	304528.0	311278.0	322704.0	321707.0	322308.0	308959.0	309867.0	322255.0	309052.0	322378.0	309715.0	309481.0	312227.0	320331.0	308243.0	307738.0	321857.0	309968.0	322639.0	311310.0	317204.0	318676.0	321982.0	305772.0	311009.0	319275.0	310247.0	313392.0	321376.0	322094.0	322670.0	306569.0	309722.0	308788.0	319343.0	321575.0	308674.0	321977.0	308918.0	321389.0	310366.0	305046.0	309937.0	307343.0	319707.0	319866.0	322527.0	322139.0	310623.0	322033.0	309397.0	321753.0	308103.0	319776.0	310728.0	322343.0	305013.0	320292.0	318588.0	319996.0	304784.0	310256.0	322225.0	321244.0	310307.0	310283.0	322057.0	322447.0	304417.0	322230.0	309570.0	322239.0	317034.0
scaffoldsTV18	13653.0	25031.0	25607.0	13349.0	13331.0	24305.0	25565.0	24516.0	24409.0	14184.0	11770.0	24360.0	24325.0	24258.0	15048.0	15041.0	18428.0	24172.0	25805.0	13889.0	12784.0	14981.0	23322.0	14295.0	24396.0	24389.0	211292.0	10769.0	23349.0	10205.0	12832.0	23013.0	24438.0	22869.0	12788.0	316771.0	0.0	9734.0	14084.0	23642.0	11311.0	23518.0	24337.0	23462.0	105421.0	14973.0	11931.0	13231.0	25126.0	25466.0	24469.0	16057.0	19613.0	24257.0	14288.0	24345.0	13769.0	14811.0	413.0	24159.0	13582.0	14216.0	24247.0	14080.0	24338.0	229.0	22465.0	24533.0	24307.0	13354.0	13993.0	23650.0	13844.0	14594.0	25571.0	24567.0	25154.0	12296.0	13470.0	13197.0	23601.0	25613.0	10919.0	24315.0	9235.0	25233.0	18741.0	12665.0	16116.0	15297.0	23585.0	25133.0	24381.0	24037.0	10269.0	24153.0	19099.0	24229.0	14365.0	24064.0	14008.0	24435.0	12830.0	24208.0	25105.0	24468.0	11977.0	13859.0	24518.0	25766.0	18582.0	10142.0	24028.0	24384.0	11839.0	24428.0	11727.0	24275.0	34450.0
scaffolds070381	15220.0	26494.0	27932.0	16224.0	16989.0	25224.0	27793.0	25241.0	25223.0	11184.0	11552.0	25218.0	25341.0	25163.0	10958.0	16601.0	18233.0	24743.0	28757.0	16673.0	11301.0	11154.0	26344.0	17850.0	25228.0	25177.0	214950.0	10509.0	26357.0	196.0	11212.0	23837.0	25262.0	24416.0	11092.0	310502.0	11403.0	0.0	13239.0	26122.0	11099.0	26354.0	25247.0	26208.0	106165.0	16710.0	14275.0	11074.0	25715.0	27370.0	25222.0	17169.0	18831.0	25120.0	17057.0	25024.0	14617.0	15848.0	11411.0	26400.0	15191.0	12455.0	25390.0	16047.0	25320.0	11353.0	24886.0	24934.0	25239.0	11254.0	16886.0	26011.0	16712.0	14119.0	27927.0	25293.0	24527.0	12559.0	11668.0	15743.0	26049.0	27910.0	10416.0	25245.0	11420.0	27737.0	18168.0	13996.0	13301.0	16718.0	26441.0	27491.0	25138.0	25176.0	258.0	25122.0	18362.0	25361.0	17683.0	26249.0	10670.0	25495.0	14661.0	26398.0	25267.0	24642.0	14233.0	16912.0	25226.0	27883.0	18229.0	758.0	25207.0	25228.0	13933.0	25306.0	11218.0	25223.0	37485.0
scaffoldsTV78	11843.0	24741.0	25778.0	11702.0	11578.0	24088.0	25584.0	24083.0	23890.0	12667.0	13129.0	24033.0	23852.0	23998.0	12001.0	14003.0	14571.0	24102.0	26351.0	812.0	9879.0	11960.0	24375.0	12597.0	23591.0	24027.0	205157.0	14013.0	24669.0	12378.0	10749.0	22905.0	23940.0	24120.0	10043.0	309855.0	14568.0	11846.0	0.0	24960.0	12815.0	24768.0	23880.0	24677.0	101467.0	13850.0	12925.0	9681.0	24571.0	25576.0	23885.0	13518.0	15178.0	23949.0	656.0	23914.0	10740.0	13187.0	14831.0	25352.0	11788.0	15783.0	24087.0	15658.0	23707.0	14102.0	22791.0	25178.0	23689.0	12382.0	508.0	24845.0	901.0	12701.0	25731.0	24148.0	27012.0	12193.0	11913.0	10722.0	24739.0	25799.0	13493.0	23895.0	12739.0	25538.0	15117.0	11918.0	13131.0	14121.0	24808.0	25064.0	24135.0	23521.0	12296.0	23639.0	14923.0	23853.0	3351.0	25079.0	6749.0	23790.0	13828.0	25321.0	24866.0	25157.0	12742.0	985.0	23711.0	25676.0	14974.0	12371.0	23630.0	23729.0	12905.0	23997.0	13021.0	23589.0	33111.0
scaffoldsARL081249	24566.0	23620.0	21136.0	29357.0	29877.0	15337.0	21359.0	15357.0	15290.0	21684.0	23102.0	15416.0	14961.0	15519.0	23583.0	26231.0	29751.0	13815.0	20957.0	25736.0	26366.0	23648.0	228.0	30176.0	15364.0	15453.0	217999.0	22142.0	310.0	25339.0	25785.0	18146.0	15371.0	19167.0	26063.0	320375.0	24721.0	25282.0	26305.0	0.0	23092.0	492.0	15381.0	424.0	112057.0	25841.0	23649.0	25977.0	15282.0	17616.0	15357.0	27968.0	30073.0	15400.0	27170.0	14826.0	27075.0	25618.0	24961.0	1558.0	24351.0	23215.0	15236.0	27132.0	15374.0	24713.0	9724.0	20826.0	15217.0	19152.0	27280.0	330.0	25791.0	26415.0	20976.0	15240.0	17305.0	25441.0	20302.0	23054.0	756.0	21269.0	23352.0	15381.0	28217.0	20972.0	29626.0	29859.0	26739.0	25982.0	469.0	21243.0	15400.0	15345.0	25412.0	15277.0	29515.0	15560.0	22505.0	1661.0	24384.0	15295.0	23203.0	1645.0	22498.0	20608.0	23653.0	25874.0	14988.0	21620.0	29467.0	25303.0	15398.0	15420.0	23671.0	15299.0	22984.0	15192.0	29783.0
scaffoldsVV6	12076.0	24201.0	25363.0	13918.0	13596.0	24820.0	25261.0	24791.0	24840.0	12592.0	1178.0	24805.0	24690.0	24852.0	15958.0	15421.0	16492.0	25576.0	26478.0	12755.0	12944.0	15879.0	24107.0	14590.0	24791.0	24962.0	211496.0	10337.0	24172.0	10307.0	13374.0	24159.0	24776.0	23035.0	12976.0	313453.0	12664.0	10119.0	13114.0	24426.0	0.0	24495.0	24753.0	24212.0	101697.0	15038.0	13546.0	13372.0	25184.0	25174.0	24785.0	14078.0	16529.0	24659.0	13140.0	24572.0	12957.0	16170.0	12820.0	24430.0	12252.0	5171.0	25051.0	15392.0	24800.0	12497.0	22863.0	25963.0	24716.0	12680.0	12900.0	24305.0	12823.0	12969.0	25296.0	24805.0	25647.0	13253.0	13181.0	16338.0	24426.0	25228.0	10247.0	24738.0	10634.0	25152.0	15733.0	13108.0	14517.0	15397.0	24642.0	24699.0	24844.0	24732.0	10330.0	24463.0	17095.0	24701.0	14997.0	24478.0	12481.0	24704.0	14561.0	24332.0	24655.0	25993.0	13510.0	12615.0	24722.0	25368.0	15733.0	10390.0	24541.0	24824.0	13283.0	24714.0	1283.0	24815.0	30691.0
scaffoldsARL08781	23842.0	24071.0	21095.0	29701.0	31040.0	15025.0	21178.0	15049.0	15189.0	22204.0	23613.0	15236.0	14834.0	15275.0	23447.0	26905.0	30620.0	13542.0	21071.0	25491.0	25754.0	23592.0	159.0	31235.0	15055.0	15355.0	216611.0	22752.0	472.0	26382.0	25551.0	18179.0	15105.0	19688.0	25494.0	322153.0	25117.0	26216.0	26311.0	559.0	24004.0	0.0	15180.0	430.0	112111.0	26476.0	23149.0	25828.0	15062.0	17579.0	15102.0	27367.0	30908.0	15337.0	26637.0	14742.0	26653.0	26391.0	25343.0	1687.0	23996.0	23979.0	15169.0	26885.0	15269.0	24917.0	9186.0	21603.0	15004.0	19856.0	26600.0	573.0	25489.0	25990.0	21601.0	15076.0	17546.0	25151.0	21044.0	23591.0	724.0	21739.0	23722.0	15039.0	27700.0	21592.0	30699.0	29584.0	25721.0	26735.0	614.0	21644.0	15337.0	15245.0	26722.0	15088.0	30351.0	15421.0	22007.0	1789.0	24969.0	15059.0	22670.0	1711.0	22795.0	21108.0	23117.0	25225.0	14870.0	22096.0	30971.0	26333.0	15269.0	15104.0	23080.0	15010.0	24085.0	15004.0	30323.0
scaffoldsARL07973	23425.0	16279.0	14006.0	25858.0	25609.0	308.0	14013.0	230.0	272.0	21103.0	24182.0	264.0	415.0	588.0	23590.0	24629.0	23851.0	2431.0	13439.0	25514.0	23694.0	23630.0	12828.0	25667.0	223.0	509.0	216602.0	23112.0	12816.0	23418.0	23933.0	13779.0	452.0	14694.0	23835.0	315582.0	26312.0	23376.0	24048.0	12873.0	24804.0	12991.0	0.0	12997.0	110911.0	24464.0	21143.0	23777.0	273.0	12545.0	265.0	25742.0	23818.0	389.0	25869.0	477.0	24594.0	23041.0	26314.0	13600.0	23334.0	24665.0	741.0	23638.0	307.0	26218.0	11060.0	10876.0	301.0	20363.0	25794.0	12885.0	25611.0	24267.0	13894.0	673.0	13077.0	22002.0	21803.0	24455.0	13089.0	13975.0	23312.0	274.0	26828.0	13801.0	23772.0	25522.0	24553.0	24657.0	13116.0	14051.0	424.0	588.0	23553.0	479.0	23657.0	370.0	23929.0	13538.0	22549.0	260.0	21129.0	13528.0	17302.0	10646.0	21142.0	25376.0	541.0	14149.0	23824.0	23470.0	336.0	194.0	21153.0	154.0	24630.0	224.0	23341.0
scaffoldsARL08712	24163.0	24004.0	21412.0	29876.0	31062.0	15625.0	21623.0	15743.0	15774.0	21842.0	22846.0	15776.0	15704.0	16115.0	23288.0	26849.0	30314.0	14036.0	21268.0	25286.0	25795.0	23307.0	225.0	31389.0	15734.0	16069.0	220364.0	22104.0	400.0	26029.0	25579.0	18101.0	15706.0	19536.0	25726.0	323607.0	24539.0	25987.0	26259.0	483.0	22971.0	483.0	15777.0	0.0	111564.0	26515.0	23011.0	25741.0	15831.0	17923.0	15709.0	28347.0	30620.0	16006.0	26646.0	15390.0	27144.0	26304.0	24652.0	1440.0	23950.0	22981.0	16012.0	26958.0	15877.0	24560.0	8869.0	21189.0	15596.0	19258.0	26676.0	392.0	25282.0	26852.0	21659.0	15719.0	18392.0	25332.0	20910.0	23448.0	815.0	21708.0	23214.0	15734.0	27524.0	21722.0	30169.0	29219.0	26879.0	26564.0	569.0	21743.0	15981.0	15948.0	26140.0	15885.0	30004.0	15946.0	22034.0	1467.0	24345.0	15810.0	22820.0	1468.0	22654.0	21041.0	23023.0	25238.0	15812.0	22118.0	30081.0	26017.0	16045.0	15761.0	23060.0	15652.0	23006.0	15650.0	30319.0
scaffoldsARL09409	99948.0	107977.0	109543.0	101202.0	101513.0	110769.0	109591.0	110825.0	110662.0	100925.0	99862.0	110855.0	110453.0	110740.0	97983.0	98428.0	100675.0	109277.0	109028.0	98951.0	102094.0	98078.0	110791.0	101485.0	110785.0	110748.0	208591.0	103608.0	111082.0	103072.0	102293.0	106700.0	110646.0	109809.0	102118.0	325213.0	103187.0	102913.0	99610.0	111142.0	100016.0	111204.0	110807.0	110853.0	0.0	97895.0	101692.0	102170.0	111043.0	108635.0	110801.0	100656.0	101054.0	110589.0	98982.0	110598.0	101499.0	101531.0	103284.0	111444.0	99920.0	101307.0	110533.0	98581.0	110871.0	102967.0	110038.0	109862.0	110909.0	99663.0	99549.0	111113.0	98782.0	103823.0	109562.0	110759.0	112470.0	102375.0	101350.0	97982.0	111064.0	109525.0	103693.0	110694.0	102668.0	109457.0	100486.0	99108.0	101687.0	98018.0	111320.0	108333.0	110655.0	110697.0	103183.0	110760.0	100157.0	110503.0	96611.0	111312.0	100501.0	110933.0	101485.0	111380.0	108302.0	109885.0	101744.0	98670.0	110478.0	109310.0	100662.0	103083.0	110713.0	110833.0	101670.0	110891.0	100080.0	110762.0	99593.0
scaffolds125VP	8804.0	26618.0	27803.0	16527.0	16068.0	22757.0	27693.0	22775.0	22891.0	13352.0	14452.0	22840.0	22529.0	22984.0	8968.0	112.0	17251.0	23684.0	28118.0	14635.0	11726.0	8933.0	23694.0	16201.0	22891.0	22982.0	214735.0	12550.0	23645.0	15236.0	12560.0	24573.0	23001.0	22620.0	11667.0	310111.0	15393.0	15213.0	13700.0	23646.0	14325.0	23667.0	22993.0	23482.0	100057.0	0.0	13419.0	11640.0	23334.0	26754.0	22895.0	7528.0	17520.0	23058.0	14632.0	22741.0	13916.0	15388.0	15539.0	23790.0	8743.0	15410.0	23322.0	8797.0	22781.0	15313.0	21346.0	23352.0	22753.0	13902.0	14545.0	23653.0	14413.0	11481.0	27843.0	22926.0	24776.0	12023.0	10311.0	16535.0	23704.0	27896.0	12301.0	22844.0	16527.0	27756.0	17252.0	12685.0	9904.0	159.0	23676.0	27372.0	23099.0	22873.0	15190.0	23063.0	17228.0	23084.0	15840.0	23793.0	11812.0	22798.0	13562.0	23941.0	26893.0	24038.0	13355.0	14546.0	22592.0	27979.0	17275.0	15357.0	23027.0	22836.0	13350.0	22803.0	14530.0	22699.0	36836.0
scaffoldsTV162	9557.0	23172.0	23311.0	13115.0	13012.0	19810.0	23171.0	19778.0	19801.0	8636.0	12089.0	19736.0	19581.0	19894.0	10026.0	13420.0	11014.0	20329.0	23525.0	12291.0	10689.0	9950.0	21333.0	13688.0	19877.0	19926.0	206288.0	9725.0	21495.0	10996.0	10463.0	22275.0	19867.0	19957.0	10711.0	301421.0	11182.0	10662.0	11259.0	21677.0	11687.0	21997.0	19684.0	21609.0	104389.0	13266.0	0.0	10872.0	20324.0	22314.0	19889.0	10465.0	11872.0	19726.0	12759.0	19469.0	12912.0	11446.0	11207.0	22007.0	9395.0	12954.0	19902.0	11836.0	19861.0	10731.0	19086.0	19968.0	19790.0	7564.0	12700.0	21735.0	12286.0	12065.0	23308.0	19923.0	20490.0	3347.0	11686.0	12136.0	21801.0	23137.0	10168.0	19686.0	13659.0	23011.0	11262.0	12330.0	9490.0	13813.0	22079.0	22457.0	19758.0	19726.0	11167.0	19377.0	11642.0	19455.0	11888.0	22083.0	10581.0	19792.0	1978.0	21923.0	23543.0	20454.0	696.0	12291.0	19998.0	23148.0	11198.0	11011.0	19240.0	19862.0	687.0	19536.0	11729.0	19816.0	34006.0
scaffoldsTV73	12002.0	26386.0	26690.0	14312.0	13274.0	23695.0	26734.0	23451.0	23608.0	12175.0	13180.0	23531.0	23617.0	23654.0	10311.0	13676.0	13087.0	23765.0	27286.0	12787.0	568.0	10478.0	24959.0	14436.0	23235.0	23706.0	208221.0	11981.0	25174.0	10422.0	1598.0	23017.0	23643.0	22586.0	533.0	314069.0	14849.0	10145.0	11072.0	25372.0	13159.0	25492.0	23409.0	25022.0	105972.0	13432.0	12150.0	0.0	24075.0	26114.0	23434.0	12091.0	14037.0	23300.0	12968.0	23276.0	10202.0	9757.0	15153.0	25747.0	11910.0	16227.0	23800.0	12169.0	23382.0	14630.0	23128.0	24480.0	23567.0	12629.0	12943.0	25403.0	12792.0	8031.0	26775.0	23815.0	24433.0	10966.0	10966.0	14311.0	25714.0	26857.0	11405.0	23536.0	14145.0	26707.0	13594.0	14036.0	11332.0	13738.0	25874.0	26072.0	23584.0	23501.0	10311.0	23270.0	13696.0	23396.0	13702.0	25364.0	9067.0	23647.0	13427.0	25611.0	26259.0	25577.0	12159.0	12831.0	23728.0	26646.0	13249.0	10751.0	23300.0	23589.0	12163.0	23496.0	13127.0	23504.0	36582.0
scaffoldsARL071348	23383.0	16600.0	14260.0	26363.0	25882.0	387.0	14285.0	315.0	422.0	21635.0	24753.0	458.0	460.0	682.0	23874.0	24487.0	24195.0	2605.0	13728.0	26162.0	24118.0	23961.0	12885.0	25998.0	392.0	666.0	216017.0	23653.0	12992.0	24073.0	24175.0	13563.0	376.0	15142.0	24160.0	317558.0	26274.0	23895.0	24520.0	13077.0	25352.0	13151.0	440.0	13124.0	111527.0	24269.0	21401.0	24245.0	0.0	12985.0	339.0	25673.0	24070.0	541.0	26219.0	595.0	24940.0	23193.0	26445.0	13704.0	23331.0	24924.0	721.0	24065.0	465.0	26098.0	10931.0	11186.0	305.0	20917.0	26273.0	13102.0	26290.0	24721.0	14188.0	729.0	13542.0	22442.0	21969.0	24513.0	13119.0	14256.0	23486.0	406.0	27305.0	14070.0	24316.0	26266.0	24824.0	24603.0	13200.0	14330.0	594.0	525.0	24235.0	368.0	23921.0	354.0	24270.0	13697.0	22864.0	336.0	21316.0	13606.0	17737.0	11033.0	21405.0	25993.0	750.0	14367.0	24342.0	24101.0	597.0	509.0	21387.0	357.0	25148.0	392.0	24166.0
scaffoldsARL091209	25023.0	8972.0	3741.0	29373.0	29590.0	13796.0	3779.0	13823.0	13813.0	20739.0	22368.0	13788.0	13917.0	14110.0	22601.0	27838.0	28603.0	12118.0	5397.0	24783.0	26281.0	22836.0	16444.0	29885.0	13759.0	14193.0	217457.0	22753.0	16692.0	23840.0	26185.0	12367.0	13755.0	18108.0	26316.0	320234.0	24453.0	23587.0	23611.0	16506.0	22717.0	16749.0	13840.0	16652.0	109338.0	27741.0	23018.0	26339.0	13973.0	0.0	13850.0	29879.0	28533.0	13874.0	25156.0	13850.0	28078.0	25956.0	24614.0	17830.0	25126.0	23905.0	14227.0	26216.0	14095.0	23967.0	14858.0	15088.0	13813.0	19085.0	25154.0	16794.0	24741.0	25866.0	3756.0	13970.0	16084.0	24706.0	21698.0	22763.0	16917.0	3695.0	23033.0	13699.0	25471.0	3721.0	28684.0	25547.0	26407.0	28058.0	16708.0	3699.0	13881.0	13928.0	23638.0	13756.0	28072.0	13864.0	21863.0	17860.0	21498.0	14070.0	22853.0	17785.0	13313.0	14666.0	22935.0	24246.0	13919.0	3952.0	28844.0	23733.0	13820.0	13754.0	22945.0	13799.0	23131.0	13645.0	28942.0
scaffoldsARL071169	23338.0	16437.0	14075.0	25958.0	25707.0	393.0	14316.0	224.0	271.0	21049.0	24930.0	392.0	452.0	739.0	23907.0	24602.0	24121.0	2473.0	13682.0	25723.0	24237.0	24052.0	12723.0	25773.0	318.0	497.0	216261.0	23338.0	12746.0	23361.0	24006.0	13559.0	487.0	14678.0	23800.0	320355.0	26208.0	23202.0	24380.0	12824.0	25456.0	13048.0	339.0	12906.0	111045.0	24493.0	21188.0	24052.0	376.0	12511.0	0.0	25191.0	24093.0	349.0	26056.0	478.0	24327.0	23015.0	26358.0	13635.0	23064.0	24875.0	633.0	23264.0	352.0	25925.0	11217.0	11049.0	474.0	20501.0	25933.0	12818.0	25797.0	24197.0	13957.0	662.0	12746.0	21901.0	22232.0	24448.0	13100.0	14134.0	23305.0	269.0	27470.0	13999.0	24279.0	25620.0	24545.0	24771.0	13182.0	14159.0	441.0	456.0	23575.0	382.0	23934.0	342.0	23919.0	13555.0	22649.0	421.0	21028.0	13555.0	17234.0	10687.0	21180.0	25504.0	537.0	14203.0	24186.0	23382.0	408.0	361.0	21148.0	297.0	25202.0	279.0	23721.0
scaffoldsTV104	7124.0	29102.0	29554.0	14858.0	14433.0	24460.0	29847.0	24354.0	24452.0	11788.0	13578.0	24361.0	24029.0	24864.0	11138.0	8568.0	14209.0	23692.0	29956.0	14999.0	10935.0	11041.0	24395.0	15384.0	24272.0	24760.0	208798.0	11744.0	24831.0	14478.0	11993.0	24868.0	24502.0	24774.0	10960.0	305575.0	17299.0	14005.0	13725.0	24821.0	13256.0	24929.0	24240.0	24431.0	103919.0	8315.0	11510.0	11044.0	24959.0	29003.0	24334.0	0.0	15177.0	24497.0	14861.0	23985.0	14314.0	14125.0	17385.0	25469.0	7099.0	15433.0	24707.0	10895.0	24413.0	16810.0	22971.0	24311.0	24364.0	12424.0	14865.0	24727.0	14715.0	11566.0	29517.0	24530.0	25220.0	10359.0	11737.0	16815.0	24769.0	29763.0	11343.0	24329.0	16315.0	29715.0	14335.0	12977.0	8175.0	8670.0	25003.0	29205.0	24708.0	24589.0	14269.0	24247.0	14684.0	24446.0	15951.0	25412.0	12082.0	24408.0	12034.0	25409.0	28149.0	24908.0	11347.0	15101.0	24287.0	29440.0	14363.0	14181.0	24266.0	24389.0	11336.0	24263.0	13793.0	24346.0	38296.0
scaffolds127VP	14788.0	30751.0	30967.0	13546.0	13393.0	24344.0	30688.0	24222.0	24304.0	8616.0	12800.0	24303.0	24310.0	24332.0	9624.0	18003.0	288.0	23319.0	31342.0	17766.0	12856.0	9480.0	29526.0	13058.0	24329.0	24340.0	213251.0	11397.0	29291.0	16505.0	12644.0	26673.0	24266.0	26549.0	12973.0	310538.0	17510.0	16478.0	12835.0	29627.0	12319.0	29523.0	24349.0	29482.0	100147.0	18092.0	13313.0	12862.0	24686.0	30058.0	24263.0	15854.0	0.0	24221.0	18356.0	23883.0	14012.0	13071.0	17426.0	30157.0	14711.0	14543.0	24397.0	16358.0	24261.0	17464.0	24739.0	29480.0	24260.0	8832.0	18169.0	29758.0	17779.0	12815.0	31040.0	24382.0	29599.0	13113.0	12302.0	12378.0	29649.0	31156.0	11885.0	24247.0	17168.0	30929.0	370.0	16984.0	13040.0	18131.0	29593.0	30677.0	24316.0	24231.0	16416.0	24369.0	487.0	24217.0	17221.0	30054.0	9252.0	24323.0	13450.0	30055.0	30887.0	29122.0	13214.0	17742.0	24166.0	31203.0	325.0	16809.0	24308.0	24266.0	13222.0	24232.0	12652.0	24294.0	34931.0
scaffoldsARL08105	23136.0	16266.0	14103.0	26150.0	25638.0	315.0	14008.0	344.0	396.0	21357.0	24663.0	361.0	373.0	358.0	23858.0	24339.0	23980.0	1954.0	13418.0	26204.0	23855.0	23882.0	12189.0	25512.0	389.0	347.0	215311.0	23653.0	12212.0	23778.0	24007.0	13536.0	301.0	15076.0	23928.0	317341.0	26054.0	23639.0	24810.0	12260.0	25008.0	12276.0	368.0	12358.0	110293.0	24117.0	21257.0	23951.0	359.0	12709.0	202.0	25232.0	23923.0	0.0	26483.0	329.0	24528.0	23205.0	26089.0	13009.0	23031.0	24784.0	349.0	23305.0	352.0	25893.0	10980.0	10816.0	448.0	20613.0	26352.0	12268.0	26201.0	24188.0	13911.0	432.0	12984.0	22191.0	21250.0	24490.0	12339.0	14085.0	23622.0	375.0	27284.0	13888.0	24003.0	25618.0	24224.0	24414.0	12357.0	14229.0	304.0	299.0	23865.0	180.0	23772.0	198.0	24048.0	12915.0	22771.0	467.0	21139.0	12971.0	16975.0	10350.0	21279.0	25791.0	358.0	14225.0	24139.0	23713.0	258.0	403.0	21292.0	388.0	24726.0	369.0	23983.0
scaffoldsTV76	13416.0	26018.0	26107.0	12769.0	12638.0	25154.0	25798.0	25198.0	25184.0	12564.0	13035.0	25179.0	25006.0	25198.0	12077.0	15458.0	16259.0	25206.0	26571.0	869.0	11023.0	11991.0	24555.0	13702.0	24767.0	25201.0	205909.0	13962.0	24729.0	13733.0	11728.0	24658.0	25051.0	23558.0	11124.0	308249.0	14768.0	13284.0	764.0	24879.0	12924.0	24941.0	25073.0	24810.0	100537.0	15164.0	14086.0	11240.0	25607.0	25557.0	25121.0	14622.0	16855.0	25041.0	0.0	25087.0	12167.0	14266.0	14706.0	25431.0	13240.0	15648.0	25301.0	17080.0	24916.0	14271.0	22926.0	26164.0	24900.0	12265.0	685.0	24871.0	743.0	13921.0	26065.0	25276.0	28209.0	13372.0	12273.0	10879.0	24997.0	26058.0	13566.0	25103.0	14042.0	25864.0	16729.0	12967.0	14151.0	15553.0	24954.0	25467.0	25250.0	24766.0	13721.0	24801.0	16609.0	25053.0	2921.0	25233.0	6513.0	24822.0	14790.0	25397.0	26387.0	25836.0	13989.0	722.0	24857.0	25997.0	16521.0	13727.0	24789.0	24928.0	13932.0	25185.0	13275.0	24685.0	34557.0
scaffoldsARL08339	22980.0	17316.0	14683.0	25073.0	25300.0	314.0	14785.0	250.0	397.0	20393.0	24181.0	372.0	118.0	481.0	23031.0	23807.0	22980.0	2325.0	13841.0	24898.0	23261.0	23133.0	11770.0	25395.0	199.0	359.0	218187.0	22476.0	11696.0	22412.0	23485.0	14080.0	410.0	14366.0	23374.0	320097.0	25632.0	22297.0	23901.0	11706.0	24128.0	11890.0	297.0	11954.0	110310.0	23702.0	20385.0	23447.0	248.0	13266.0	232.0	24824.0	22946.0	284.0	25320.0	0.0	24357.0	22122.0	25698.0	12372.0	22970.0	24694.0	409.0	23416.0	366.0	25575.0	10828.0	10507.0	324.0	19613.0	25172.0	11743.0	24975.0	23450.0	14498.0	343.0	12721.0	21252.0	20391.0	23910.0	11876.0	14791.0	22581.0	472.0	25619.0	14635.0	22940.0	24435.0	23552.0	23933.0	11870.0	14576.0	277.0	377.0	22558.0	165.0	22795.0	269.0	23193.0	12412.0	22013.0	274.0	20328.0	12370.0	17445.0	10277.0	20392.0	24662.0	254.0	14604.0	23094.0	22497.0	295.0	260.0	20365.0	290.0	24504.0	264.0	23812.0
scaffoldsIV28	13373.0	28234.0	29340.0	16403.0	15067.0	25382.0	29121.0	25441.0	25399.0	14826.0	13905.0	25542.0	25579.0	25267.0	12605.0	16002.0	14220.0	24611.0	28994.0	12736.0	10861.0	12643.0	26123.0	15038.0	25425.0	25452.0	209487.0	13064.0	26433.0	12656.0	10912.0	23692.0	25522.0	25215.0	10925.0	311570.0	15253.0	12562.0	10875.0	26474.0	13572.0	26242.0	25409.0	26304.0	104447.0	15972.0	13885.0	10964.0	25358.0	28782.0	25418.0	14740.0	14784.0	25268.0	13266.0	25454.0	0.0	12601.0	15368.0	26845.0	13400.0	16538.0	25541.0	14350.0	25751.0	14959.0	24534.0	26974.0	25311.0	14201.0	13016.0	26385.0	13075.0	13519.0	29073.0	25314.0	27857.0	13846.0	9207.0	14538.0	26191.0	29124.0	13093.0	25250.0	14109.0	28940.0	14305.0	16549.0	13735.0	16251.0	26381.0	28622.0	25411.0	25226.0	12849.0	25070.0	14614.0	25259.0	13927.0	26800.0	10411.0	25606.0	14909.0	26657.0	28056.0	26947.0	13939.0	12803.0	25688.0	28784.0	14254.0	12776.0	25203.0	25426.0	14018.0	25284.0	13738.0	25289.0	36973.0
scaffoldsTV111	11268.0	25086.0	26741.0	14585.0	14562.0	23317.0	26939.0	23262.0	23268.0	11969.0	14253.0	23218.0	23142.0	23337.0	8986.0	15733.0	11845.0	23487.0	27114.0	14545.0	9478.0	9331.0	24428.0	15378.0	23269.0	23318.0	211300.0	12900.0	24350.0	13664.0	9958.0	24339.0	23110.0	22701.0	9452.0	305475.0	13227.0	13410.0	11398.0	24910.0	13930.0	25099.0	23167.0	24411.0	103127.0	15406.0	12143.0	9556.0	23466.0	26196.0	23079.0	14293.0	12887.0	22933.0	14940.0	22661.0	11926.0	0.0	13232.0	24897.0	11394.0	14019.0	23310.0	14567.0	23103.0	12744.0	21827.0	23905.0	23089.0	12163.0	14805.0	24712.0	14595.0	10627.0	26737.0	23389.0	23939.0	11700.0	11345.0	15210.0	24848.0	26770.0	12844.0	23159.0	14885.0	26558.0	12245.0	15066.0	11076.0	15595.0	24983.0	26498.0	23106.0	23091.0	13956.0	22733.0	12722.0	22794.0	14670.0	24826.0	10475.0	23336.0	12664.0	24731.0	26676.0	24177.0	12059.0	14663.0	23193.0	26653.0	12102.0	14150.0	22884.0	23133.0	11855.0	23124.0	14290.0	23211.0	34819.0
scaffoldsTV52	13831.0	24396.0	25453.0	14116.0	14441.0	24540.0	25511.0	24704.0	24427.0	15905.0	12799.0	24580.0	24215.0	24459.0	15807.0	15942.0	18945.0	23571.0	25890.0	14977.0	13351.0	16198.0	22060.0	15153.0	24516.0	24615.0	212689.0	12379.0	22838.0	9941.0	13628.0	21902.0	24932.0	23562.0	13918.0	319615.0	1089.0	9297.0	15646.0	23021.0	12088.0	22694.0	24462.0	22282.0	105016.0	15420.0	12485.0	13573.0	25739.0	25514.0	24521.0	17423.0	19921.0	24345.0	15427.0	24702.0	15094.0	15292.0	0.0	23332.0	13911.0	15420.0	24066.0	15002.0	24682.0	255.0	21684.0	23968.0	24489.0	14353.0	15218.0	22785.0	14983.0	16037.0	25455.0	24787.0	23706.0	12947.0	14481.0	13071.0	22657.0	25746.0	12045.0	24384.0	10662.0	25022.0	19583.0	14219.0	17684.0	15915.0	23155.0	24785.0	24929.0	23962.0	10314.0	23964.0	19428.0	24013.0	15127.0	23097.0	15371.0	24614.0	13689.0	23748.0	24694.0	23850.0	12360.0	15410.0	24751.0	25257.0	19505.0	10328.0	23855.0	24546.0	12408.0	24453.0	12676.0	24258.0	34467.0
scaffoldsARL081074	24146.0	23889.0	20976.0	28967.0	29720.0	14457.0	21011.0	14432.0	14550.0	21912.0	23740.0	14622.0	13967.0	14807.0	22769.0	26916.0	30047.0	13503.0	20915.0	24660.0	26134.0	23327.0	154.0	30284.0	14412.0	14874.0	216413.0	23241.0	809.0	26227.0	25437.0	18426.0	14447.0	19194.0	25589.0	318677.0	24322.0	25711.0	25806.0	884.0	24418.0	768.0	14419.0	531.0	111164.0	26136.0	23144.0	26066.0	14430.0	17130.0	14448.0	26952.0	29754.0	14607.0	25887.0	14044.0	26044.0	26530.0	24834.0	0.0	23935.0	24237.0	14196.0	26882.0	14542.0	24038.0	7992.0	20498.0	14326.0	20255.0	25877.0	735.0	24593.0	25343.0	21225.0	14479.0	16584.0	24626.0	21286.0	24089.0	825.0	21332.0	24289.0	14299.0	27238.0	21195.0	30179.0	29454.0	25122.0	26591.0	1063.0	21267.0	14710.0	14593.0	26523.0	14195.0	29397.0	14473.0	21713.0	530.0	24146.0	14470.0	22687.0	573.0	23245.0	20516.0	23062.0	24147.0	14284.0	21593.0	30429.0	26172.0	14319.0	14507.0	23119.0	14306.0	23551.0	14269.0	29270.0
scaffolds109A	112.0	26389.0	26402.0	13823.0	13382.0	22533.0	26441.0	22405.0	22513.0	10187.0	12166.0	22559.0	22373.0	22562.0	10377.0	10091.0	13079.0	21968.0	26511.0	13617.0	11238.0	10541.0	23708.0	14309.0	22562.0	22362.0	212551.0	11261.0	23732.0	12753.0	11677.0	24055.0	22578.0	22513.0	11122.0	310750.0	14506.0	12516.0	11500.0	23721.0	11924.0	23775.0	22583.0	23580.0	101648.0	9896.0	10258.0	11079.0	22540.0	25522.0	22544.0	7342.0	14395.0	22295.0	13678.0	22205.0	12977.0	10988.0	14526.0	23792.0	0.0	14294.0	22433.0	11258.0	22552.0	14537.0	20884.0	23299.0	22600.0	10621.0	13564.0	23704.0	13660.0	10775.0	26387.0	22673.0	23474.0	8325.0	9852.0	14904.0	23868.0	26606.0	11311.0	22470.0	14464.0	26391.0	13039.0	11384.0	5641.0	9986.0	23919.0	26128.0	22461.0	22539.0	12526.0	22463.0	13841.0	22261.0	13931.0	23651.0	9817.0	22629.0	10909.0	23811.0	26351.0	23686.0	10245.0	13798.0	22523.0	26523.0	13185.0	12711.0	22516.0	22553.0	9921.0	22474.0	12144.0	22564.0	36086.0
scaffoldsTV41	13824.0	25386.0	25332.0	16645.0	16439.0	23343.0	25326.0	23394.0	23340.0	13041.0	4731.0	23416.0	23340.0	23310.0	15381.0	15193.0	15821.0	23109.0	26541.0	14907.0	14190.0	15348.0	23186.0	17096.0	23291.0	23491.0	210218.0	7324.0	23285.0	10833.0	14054.0	25879.0	23410.0	23284.0	13844.0	312367.0	14484.0	10367.0	15356.0	23412.0	4454.0	23337.0	23325.0	23222.0	103277.0	15162.0	13381.0	14283.0	23511.0	25373.0	23305.0	14875.0	17042.0	23267.0	15267.0	23224.0	14762.0	15844.0	14654.0	23637.0	13638.0	0.0	23669.0	16630.0	23369.0	14309.0	22436.0	26824.0	23314.0	13483.0	15253.0	23283.0	14871.0	15130.0	25289.0	23424.0	25434.0	13842.0	13212.0	17844.0	23410.0	25507.0	7163.0	23333.0	13106.0	25339.0	16316.0	15168.0	13352.0	15355.0	23565.0	25247.0	23392.0	23343.0	10623.0	23053.0	16368.0	23274.0	16132.0	23597.0	14362.0	23336.0	14068.0	23553.0	25157.0	27122.0	13155.0	15127.0	23447.0	25451.0	16072.0	10944.0	23124.0	23346.0	13066.0	23322.0	4465.0	23337.0	32542.0
scaffoldsARL08484	23270.0	16697.0	14511.0	26039.0	26034.0	220.0	14584.0	275.0	244.0	21035.0	24900.0	220.0	91.0	348.0	23969.0	24608.0	24051.0	2332.0	13401.0	25756.0	24391.0	23964.0	12638.0	26024.0	175.0	306.0	216014.0	23386.0	12495.0	23875.0	24445.0	13691.0	339.0	14794.0	24352.0	320490.0	26311.0	23829.0	24281.0	12530.0	24933.0	12615.0	205.0	12744.0	111284.0	24585.0	21157.0	24330.0	226.0	12792.0	181.0	25159.0	24039.0	243.0	26143.0	291.0	24839.0	23083.0	26284.0	13338.0	23280.0	24917.0	0.0	24105.0	184.0	26301.0	11053.0	10601.0	377.0	20305.0	26048.0	12539.0	25865.0	24289.0	14234.0	446.0	12820.0	21999.0	21760.0	24455.0	12709.0	14611.0	23580.0	211.0	26709.0	14534.0	23996.0	25007.0	24592.0	24796.0	12707.0	14454.0	316.0	290.0	23900.0	370.0	23882.0	389.0	24185.0	13255.0	22682.0	283.0	21215.0	13330.0	17032.0	10502.0	21180.0	25659.0	253.0	14332.0	23961.0	23731.0	382.0	186.0	21168.0	271.0	25247.0	108.0	24009.0
scaffoldsTV45	11734.0	27301.0	27459.0	19089.0	18811.0	24400.0	27228.0	24422.0	24391.0	14931.0	16637.0	24414.0	23921.0	24286.0	10396.0	10907.0	16708.0	24859.0	27623.0	16761.0	12680.0	10489.0	26999.0	19879.0	24139.0	24287.0	206687.0	14218.0	27590.0	14002.0	13072.0	25906.0	24421.0	26162.0	12455.0	311934.0	15639.0	13199.0	15229.0	27760.0	16343.0	27606.0	24247.0	27442.0	103222.0	10534.0	14086.0	12466.0	24964.0	27113.0	24305.0	11866.0	17607.0	24016.0	17185.0	24009.0	14418.0	15925.0	16223.0	27996.0	11624.0	18611.0	24121.0	0.0	24426.0	15132.0	24180.0	25758.0	24526.0	15429.0	17114.0	27904.0	16850.0	15303.0	27409.0	24377.0	25027.0	13329.0	12319.0	17047.0	27493.0	27186.0	13740.0	24034.0	17072.0	27351.0	17034.0	13612.0	13509.0	10950.0	27805.0	26824.0	24427.0	24044.0	13885.0	23725.0	16915.0	23806.0	17898.0	27654.0	12817.0	24368.0	15267.0	27938.0	27762.0	25342.0	14008.0	16848.0	24411.0	27041.0	16960.0	13895.0	23731.0	24535.0	14174.0	24177.0	16392.0	24132.0	39598.0
scaffoldsARL08288	24194.0	17823.0	15442.0	27241.0	27288.0	1208.0	15529.0	1199.0	1271.0	22318.0	25804.0	1236.0	1426.0	1602.0	25220.0	25179.0	25235.0	3453.0	14730.0	27073.0	25442.0	25259.0	13897.0	27387.0	1218.0	1531.0	219740.0	24331.0	13740.0	24394.0	25511.0	14868.0	1238.0	16216.0	25331.0	321566.0	26738.0	24317.0	25776.0	13847.0	26191.0	13978.0	1245.0	14055.0	112135.0	24985.0	22336.0	25340.0	1203.0	13823.0	1176.0	26361.0	25186.0	1449.0	27473.0	1477.0	25659.0	23783.0	26762.0	14561.0	24184.0	25660.0	1661.0	24607.0	0.0	26653.0	12148.0	12040.0	1206.0	21608.0	27406.0	13877.0	27187.0	25596.0	15392.0	1539.0	14548.0	22593.0	22819.0	25179.0	13960.0	15446.0	24368.0	1426.0	28206.0	15349.0	25146.0	26946.0	26048.0	25258.0	14019.0	15575.0	1457.0	1515.0	24487.0	1378.0	25029.0	1393.0	25213.0	14614.0	23700.0	1255.0	22309.0	14532.0	18383.0	11768.0	22350.0	26944.0	1549.0	15647.0	25191.0	24395.0	1465.0	1232.0	22324.0	1231.0	26262.0	1278.0	25168.0
scaffoldsTV4	14242.0	24436.0	25265.0	13991.0	13823.0	24705.0	25314.0	24811.0	24701.0	14836.0	12150.0	24727.0	24799.0	24673.0	15428.0	15880.0	19210.0	23492.0	25460.0	14488.0	12678.0	15451.0	22761.0	14601.0	24789.0	24771.0	209451.0	11825.0	22749.0	9730.0	12770.0	22326.0	24851.0	23305.0	12886.0	316544.0	584.0	9652.0	14933.0	22829.0	11690.0	22937.0	24866.0	22670.0	105239.0	15696.0	12045.0	12722.0	25501.0	25486.0	24800.0	16571.0	20145.0	24679.0	15012.0	24905.0	14512.0	14707.0	421.0	23363.0	14358.0	14646.0	24888.0	14502.0	24632.0	0.0	21735.0	23863.0	24650.0	13219.0	14946.0	22806.0	14525.0	15299.0	25243.0	25066.0	24271.0	12421.0	13671.0	13058.0	22955.0	25322.0	11778.0	24961.0	9472.0	24962.0	19158.0	13274.0	17023.0	15829.0	22940.0	25023.0	24734.0	24700.0	9879.0	24721.0	19829.0	24795.0	14375.0	23380.0	14680.0	24736.0	13091.0	23445.0	24506.0	23599.0	11918.0	14497.0	24873.0	25404.0	19010.0	9754.0	24622.0	24672.0	11807.0	24870.0	12129.0	24733.0	34014.0
scaffoldsARL08983	21524.0	22521.0	17738.0	25946.0	26522.0	12407.0	17938.0	12384.0	12425.0	18515.0	21082.0	12370.0	12417.0	12552.0	21273.0	23830.0	24534.0	10815.0	17178.0	23392.0	23336.0	21265.0	9167.0	26753.0	12366.0	12421.0	210861.0	19857.0	9393.0	23302.0	23229.0	16296.0	12408.0	17644.0	23209.0	314149.0	21124.0	23214.0	21575.0	9394.0	21599.0	9431.0	12307.0	9140.0	109114.0	23489.0	20192.0	23196.0	12555.0	15234.0	12378.0	24259.0	24633.0	12302.0	23186.0	12281.0	23685.0	22972.0	21417.0	9121.0	21329.0	21353.0	12469.0	23787.0	12436.0	21130.0	0.0	15870.0	12294.0	16793.0	23303.0	9442.0	23336.0	23327.0	18154.0	12409.0	16407.0	21508.0	17829.0	19970.0	9449.0	18193.0	19605.0	12346.0	24064.0	18170.0	24684.0	25843.0	22201.0	23702.0	9433.0	18232.0	12233.0	12325.0	23307.0	12267.0	24557.0	12309.0	21570.0	9156.0	21293.0	12365.0	20053.0	9093.0	21866.0	14662.0	20181.0	23368.0	12389.0	18258.0	24522.0	23249.0	12325.0	12416.0	20202.0	12274.0	21259.0	12364.0	29778.0
scaffoldsARL091074a	23846.0	15847.0	14527.0	29189.0	29629.0	13214.0	14625.0	13165.0	13134.0	21371.0	23990.0	13069.0	12972.0	13534.0	22977.0	25436.0	29240.0	12396.0	13395.0	26942.0	25973.0	23021.0	15586.0	29809.0	13198.0	13374.0	217578.0	23874.0	15848.0	24371.0	25731.0	12339.0	13346.0	16933.0	25677.0	315310.0	24451.0	24297.0	23611.0	16076.0	25207.0	15781.0	13210.0	15753.0	111488.0	24926.0	22337.0	25647.0	13215.0	16073.0	12971.0	26230.0	29482.0	13253.0	26815.0	12507.0	26882.0	26061.0	24604.0	16079.0	23610.0	25338.0	13195.0	25464.0	13445.0	24367.0	15586.0	0.0	13153.0	19974.0	26837.0	15664.0	26889.0	26465.0	14298.0	13218.0	13888.0	23544.0	21075.0	23936.0	15924.0	14454.0	24050.0	13470.0	26482.0	14529.0	28985.0	26616.0	25091.0	25302.0	16285.0	14361.0	13316.0	13365.0	24361.0	13252.0	28982.0	13259.0	25122.0	16074.0	22144.0	13361.0	21857.0	16333.0	14949.0	1686.0	22307.0	26634.0	12991.0	14603.0	28836.0	24106.0	13320.0	13217.0	22320.0	13189.0	24801.0	13155.0	29202.0
scaffoldsARL071351	24036.0	17052.0	14327.0	26314.0	25897.0	371.0	14411.0	421.0	421.0	21567.0	25151.0	634.0	638.0	835.0	24307.0	24815.0	24797.0	2573.0	14103.0	26458.0	24897.0	24514.0	12565.0	25829.0	411.0	706.0	214769.0	23310.0	12685.0	23753.0	24447.0	14198.0	440.0	15611.0	24442.0	317664.0	26331.0	23580.0	24752.0	12753.0	25795.0	13008.0	391.0	12855.0	111799.0	24579.0	21562.0	24619.0	379.0	13156.0	400.0	25902.0	24737.0	608.0	26444.0	675.0	25350.0	23559.0	26470.0	13384.0	23721.0	24944.0	859.0	23711.0	599.0	26038.0	10915.0	11340.0	0.0	20964.0	26369.0	12830.0	26440.0	24976.0	14222.0	921.0	13818.0	22483.0	22581.0	24816.0	12961.0	14275.0	23198.0	450.0	27356.0	14113.0	24841.0	26107.0	24673.0	24884.0	12996.0	14464.0	550.0	610.0	24015.0	486.0	24530.0	378.0	24265.0	13439.0	22727.0	463.0	21377.0	13330.0	17978.0	11380.0	21526.0	26080.0	785.0	14447.0	24825.0	23750.0	495.0	422.0	21552.0	393.0	25071.0	392.0	25080.0
scaffoldsTV82	10169.0	20802.0	20060.0	10347.0	10268.0	18121.0	19962.0	17977.0	18176.0	1001.0	11519.0	17986.0	17885.0	17975.0	11108.0	13657.0	10040.0	18454.0	19605.0	10343.0	10327.0	11314.0	19116.0	10844.0	18026.0	18074.0	203447.0	11045.0	19233.0	9714.0	10439.0	20212.0	18086.0	18900.0	10345.0	305091.0	12229.0	9388.0	10955.0	19356.0	10915.0	19362.0	18015.0	19121.0	101422.0	13539.0	8313.0	10613.0	18756.0	19733.0	17955.0	11479.0	11349.0	17985.0	10940.0	17979.0	12024.0	12531.0	12216.0	19513.0	10208.0	13603.0	18296.0	12466.0	17996.0	11731.0	17766.0	18750.0	18057.0	0.0	10731.0	19282.0	10324.0	10700.0	20017.0	18171.0	19926.0	9697.0	11716.0	12359.0	19228.0	20067.0	10715.0	17916.0	11235.0	19930.0	10242.0	10293.0	10019.0	13802.0	19552.0	19512.0	18166.0	17918.0	9515.0	17866.0	10850.0	17989.0	10074.0	19191.0	10227.0	18069.0	9339.0	19454.0	19962.0	18875.0	8185.0	10434.0	18089.0	19897.0	10136.0	9642.0	17827.0	18021.0	8146.0	18015.0	11246.0	17985.0	31434.0
scaffoldsTV75	13710.0	26015.0	26300.0	12933.0	13080.0	25907.0	26168.0	25930.0	25855.0	12404.0	13088.0	25880.0	25749.0	25988.0	12114.0	15378.0	16542.0	25923.0	26860.0	826.0	11464.0	12117.0	24694.0	14258.0	25425.0	26043.0	207282.0	14224.0	25105.0	14164.0	12514.0	24262.0	25816.0	23902.0	11575.0	310908.0	14506.0	13607.0	870.0	25248.0	12896.0	25173.0	25919.0	24934.0	101891.0	15171.0	13932.0	11543.0	26440.0	25778.0	25920.0	14700.0	17116.0	25741.0	789.0	25499.0	12811.0	14860.0	14672.0	25713.0	13597.0	15778.0	25961.0	16559.0	25704.0	14014.0	23368.0	27177.0	25655.0	12081.0	0.0	25147.0	705.0	14527.0	26274.0	26098.0	28096.0	13651.0	12087.0	11193.0	25155.0	26411.0	13772.0	25885.0	14465.0	26212.0	16899.0	13106.0	14530.0	15579.0	25300.0	25736.0	25994.0	25490.0	14243.0	25362.0	16853.0	25699.0	3188.0	25545.0	6772.0	25611.0	14922.0	25693.0	26771.0	26584.0	13979.0	736.0	25634.0	26236.0	16978.0	14185.0	25387.0	25721.0	13898.0	25883.0	13073.0	25460.0	34791.0
scaffoldsARL081077	24499.0	24207.0	21163.0	29270.0	29980.0	15297.0	21423.0	15359.0	15332.0	22193.0	23863.0	15463.0	15012.0	15729.0	24048.0	26024.0	31092.0	13898.0	21154.0	25603.0	26123.0	24127.0	225.0	30405.0	15316.0	15712.0	217951.0	22893.0	711.0	26328.0	25578.0	17843.0	15256.0	19419.0	25770.0	321124.0	25034.0	26052.0	26533.0	586.0	24220.0	658.0	15310.0	494.0	112892.0	25480.0	23440.0	25922.0	15281.0	17317.0	15296.0	27889.0	31205.0	15565.0	26737.0	14917.0	26958.0	26268.0	25415.0	1741.0	24290.0	23983.0	15264.0	27051.0	15346.0	24968.0	9314.0	21135.0	15244.0	19712.0	26775.0	0.0	25651.0	26755.0	21401.0	15313.0	17546.0	25343.0	20947.0	23350.0	865.0	21588.0	23875.0	15250.0	27943.0	21465.0	31024.0	29730.0	26247.0	25747.0	766.0	21530.0	15669.0	15542.0	26210.0	15300.0	30550.0	15631.0	21973.0	1706.0	24949.0	15213.0	23085.0	1724.0	22549.0	20799.0	23406.0	25205.0	15129.0	21870.0	31052.0	26231.0	15467.0	15301.0	23485.0	15177.0	23895.0	15166.0	30399.0
scaffoldsTV12	14049.0	26444.0	26475.0	13195.0	13168.0	25646.0	26401.0	25601.0	25696.0	12386.0	13202.0	25668.0	25473.0	25745.0	11787.0	15090.0	16380.0	25776.0	27130.0	457.0	11332.0	11959.0	23783.0	14203.0	25209.0	25677.0	207797.0	13818.0	24121.0	14095.0	12189.0	24524.0	25519.0	23196.0	11364.0	312122.0	14387.0	13742.0	1104.0	24202.0	12755.0	24075.0	25624.0	23798.0	101663.0	14989.0	13751.0	11252.0	26218.0	26298.0	25620.0	15010.0	17072.0	25690.0	1379.0	25136.0	12313.0	14905.0	14747.0	24712.0	13986.0	15597.0	25795.0	16613.0	25492.0	14499.0	23322.0	26825.0	25359.0	11598.0	1083.0	24244.0	0.0	13921.0	26511.0	25705.0	27777.0	13472.0	12273.0	10947.0	24367.0	26722.0	13384.0	25519.0	14654.0	26455.0	16601.0	12818.0	14425.0	15155.0	24094.0	26005.0	25746.0	25152.0	14033.0	25307.0	17123.0	25691.0	2935.0	24661.0	6402.0	25390.0	14683.0	24559.0	26705.0	25885.0	13538.0	660.0	25445.0	26428.0	16608.0	14433.0	25350.0	25414.0	13519.0	25569.0	12917.0	25151.0	34521.0
scaffoldsTV55	9986.0	25347.0	25174.0	14092.0	14308.0	22627.0	25395.0	22504.0	22485.0	10004.0	11392.0	22566.0	22659.0	22723.0	11104.0	10785.0	11036.0	21892.0	25457.0	12883.0	6798.0	11172.0	23599.0	14942.0	22450.0	22617.0	204115.0	12599.0	24019.0	11582.0	7112.0	21062.0	22563.0	21088.0	6787.0	316921.0	15784.0	11285.0	11464.0	23875.0	11213.0	24218.0	22508.0	23812.0	105544.0	10604.0	11508.0	6881.0	22788.0	25071.0	22460.0	10299.0	11432.0	22412.0	13145.0	22287.0	10847.0	9689.0	15887.0	24635.0	10037.0	14993.0	22846.0	12203.0	22683.0	15136.0	22234.0	23596.0	22513.0	10044.0	13000.0	23855.0	12966.0	0.0	25317.0	22660.0	24907.0	11809.0	9769.0	13096.0	23986.0	25148.0	12839.0	22609.0	11630.0	25368.0	11259.0	13954.0	7819.0	11038.0	24186.0	24786.0	22422.0	22479.0	11718.0	22159.0	11319.0	22307.0	11984.0	24673.0	8905.0	22665.0	12161.0	24475.0	24675.0	24747.0	11418.0	12791.0	22538.0	25231.0	11119.0	11563.0	22157.0	22547.0	11301.0	22462.0	11593.0	22521.0	34467.0
scaffoldsARL081412	29467.0	5934.0	394.0	33459.0	33870.0	18525.0	570.0	18454.0	18590.0	21626.0	22973.0	18540.0	18611.0	18845.0	23902.0	31568.0	33619.0	17041.0	2314.0	28155.0	29894.0	24185.0	18399.0	34325.0	18464.0	18758.0	226678.0	23971.0	18663.0	28449.0	29615.0	11853.0	18559.0	19838.0	29563.0	320850.0	24425.0	28078.0	24599.0	18574.0	23299.0	18855.0	18450.0	18663.0	109536.0	31557.0	27206.0	29717.0	18665.0	6315.0	18537.0	33515.0	33678.0	18654.0	28251.0	18672.0	30923.0	29475.0	24743.0	19845.0	29167.0	24416.0	18958.0	29506.0	18830.0	24128.0	19006.0	15943.0	18473.0	20087.0	28301.0	18746.0	28001.0	28598.0	0.0	18631.0	18429.0	28953.0	22354.0	23931.0	18981.0	370.0	24059.0	18450.0	28618.0	392.0	34032.0	29511.0	29824.0	31795.0	19002.0	422.0	18629.0	18526.0	28413.0	18533.0	33263.0	18444.0	25040.0	19781.0	22177.0	18676.0	26977.0	19813.0	10524.0	15438.0	27113.0	27860.0	18790.0	876.0	33903.0	28397.0	18518.0	18551.0	27126.0	18448.0	23534.0	18381.0	29101.0
scaffoldsARL08428	23352.0	16597.0	14170.0	26086.0	25808.0	300.0	14042.0	194.0	452.0	21110.0	24364.0	330.0	344.0	546.0	23611.0	24031.0	23880.0	2508.0	13555.0	25247.0	23758.0	23786.0	13022.0	25823.0	194.0	503.0	215638.0	23182.0	13054.0	23296.0	23837.0	13764.0	339.0	14958.0	23646.0	315715.0	26034.0	23254.0	23585.0	13138.0	25177.0	13130.0	233.0	13261.0	111186.0	23954.0	21226.0	23840.0	271.0	12858.0	313.0	25810.0	23797.0	483.0	25273.0	501.0	24729.0	23081.0	26148.0	13728.0	23462.0	24889.0	559.0	23595.0	410.0	25959.0	11115.0	11386.0	365.0	20503.0	25259.0	13128.0	25322.0	24383.0	14157.0	0.0	13400.0	22295.0	21779.0	24289.0	13109.0	14143.0	22866.0	314.0	26794.0	14004.0	23870.0	25756.0	24168.0	24287.0	13175.0	14175.0	553.0	453.0	23609.0	319.0	23560.0	407.0	23594.0	13782.0	22506.0	210.0	21071.0	13767.0	17837.0	11094.0	21224.0	25259.0	562.0	14523.0	23959.0	23260.0	373.0	281.0	21158.0	187.0	25002.0	206.0	24273.0
scaffoldsARL04840	23076.0	14667.0	15877.0	27703.0	28100.0	14121.0	15253.0	14243.0	14236.0	21196.0	24033.0	14129.0	14059.0	14309.0	22165.0	26048.0	28025.0	13005.0	15239.0	27896.0	24951.0	22150.0	13420.0	28346.0	14122.0	14266.0	219423.0	23794.0	13425.0	22442.0	24394.0	9760.0	14144.0	13430.0	24580.0	319344.0	23461.0	22420.0	25553.0	13586.0	24312.0	13469.0	14245.0	13346.0	111908.0	25700.0	22122.0	24652.0	14067.0	15789.0	14096.0	26423.0	28383.0	14174.0	28099.0	13916.0	26792.0	24841.0	23498.0	14204.0	23063.0	25576.0	14286.0	24480.0	14218.0	23453.0	14920.0	12366.0	14216.0	19969.0	28116.0	13484.0	27940.0	26210.0	15875.0	14270.0	0.0	23879.0	20956.0	23429.0	13467.0	15821.0	23360.0	14199.0	25460.0	15516.0	27913.0	26195.0	24714.0	25650.0	13547.0	15720.0	14114.0	14186.0	22460.0	14179.0	28095.0	14212.0	25217.0	13944.0	23803.0	14252.0	21948.0	13954.0	12743.0	12116.0	22136.0	27695.0	14040.0	15997.0	28061.0	22470.0	14306.0	14114.0	22113.0	14297.0	24503.0	14092.0	23105.0
scaffoldsTV83	7933.0	26602.0	25834.0	13912.0	14561.0	22949.0	25841.0	22983.0	22771.0	10874.0	12145.0	22959.0	22758.0	22884.0	10932.0	13431.0	12966.0	20744.0	26184.0	14152.0	11264.0	11096.0	23806.0	14640.0	22866.0	22941.0	210657.0	11607.0	23941.0	11054.0	11904.0	23143.0	22920.0	24267.0	11237.0	312122.0	14288.0	10956.0	12193.0	24018.0	11750.0	24253.0	22879.0	24057.0	107832.0	13369.0	3247.0	11289.0	23324.0	25073.0	22911.0	10539.0	13244.0	22869.0	14186.0	22638.0	14074.0	11231.0	14373.0	25269.0	7996.0	14159.0	23168.0	11255.0	22845.0	13664.0	22117.0	24031.0	22736.0	9573.0	14451.0	24253.0	14275.0	14263.0	25699.0	23041.0	24656.0	0.0	11093.0	11373.0	24235.0	25711.0	11318.0	22789.0	14621.0	25594.0	13454.0	13471.0	11239.0	13654.0	24151.0	25018.0	22868.0	22745.0	11329.0	22593.0	12823.0	22686.0	13634.0	25503.0	10548.0	22993.0	3493.0	25380.0	26610.0	22813.0	3218.0	14251.0	23040.0	25684.0	13423.0	11303.0	22451.0	22799.0	3367.0	22766.0	11852.0	22861.0	38237.0
scaffoldsTV56	9760.0	22927.0	23932.0	14470.0	14419.0	21467.0	24003.0	21625.0	21522.0	13061.0	13722.0	21378.0	20802.0	21645.0	11241.0	10792.0	14225.0	21462.0	24993.0	11448.0	10147.0	11383.0	20191.0	14624.0	21414.0	21693.0	210769.0	13132.0	20428.0	10212.0	9935.0	21111.0	21466.0	18743.0	10193.0	312916.0	13252.0	9815.0	11767.0	20509.0	13580.0	20700.0	21201.0	20415.0	103455.0	10298.0	12034.0	10363.0	21651.0	23347.0	21469.0	11311.0	14911.0	21451.0	11595.0	20867.0	9276.0	12436.0	13543.0	20766.0	9726.0	13891.0	21226.0	10780.0	21506.0	12675.0	18361.0	20854.0	21507.0	12657.0	11453.0	20632.0	11625.0	11375.0	23755.0	21345.0	21463.0	11571.0	0.0	14132.0	20685.0	23623.0	12928.0	21124.0	14041.0	23839.0	14882.0	10562.0	11594.0	10773.0	20747.0	23187.0	21772.0	21529.0	10457.0	21234.0	14709.0	21263.0	12403.0	20674.0	9435.0	21232.0	12636.0	20804.0	22487.0	21236.0	11862.0	11558.0	21300.0	23728.0	14789.0	10691.0	21067.0	21428.0	12023.0	21179.0	13574.0	21341.0	33295.0
scaffoldsTV48	15012.0	24193.0	24708.0	9809.0	9626.0	23600.0	24865.0	23480.0	23459.0	12881.0	16425.0	23596.0	23267.0	23541.0	14994.0	16740.0	13532.0	24424.0	24531.0	10348.0	13793.0	15182.0	23350.0	9879.0	23403.0	23517.0	208021.0	16369.0	23602.0	14177.0	14101.0	23772.0	23420.0	21253.0	13903.0	311097.0	13863.0	13837.0	10585.0	23749.0	16082.0	23660.0	23529.0	23494.0	100351.0	16407.0	13618.0	13968.0	24011.0	24715.0	23451.0	16545.0	14017.0	23356.0	10728.0	23391.0	14011.0	16339.0	13988.0	23856.0	14996.0	18536.0	23197.0	16799.0	23564.0	13242.0	21491.0	23928.0	23557.0	13350.0	10435.0	23764.0	10392.0	14760.0	24632.0	23688.0	24081.0	11914.0	15237.0	0.0	23613.0	24892.0	15959.0	23431.0	15075.0	24747.0	13982.0	14947.0	16660.0	16684.0	23777.0	24463.0	23533.0	23333.0	14325.0	23157.0	13529.0	23272.0	12732.0	23700.0	10560.0	23642.0	13849.0	23774.0	24311.0	23971.0	13564.0	10152.0	23613.0	24543.0	14091.0	14393.0	23169.0	23542.0	13678.0	23425.0	16440.0	23405.0	29483.0
scaffoldsARL081215	24180.0	23937.0	21113.0	29385.0	29669.0	15106.0	21140.0	15240.0	15254.0	22243.0	23452.0	15274.0	15040.0	15372.0	23324.0	26239.0	30754.0	13514.0	20644.0	25138.0	25779.0	23394.0	384.0	29734.0	15231.0	15465.0	217985.0	22676.0	589.0	26159.0	25618.0	18448.0	15215.0	19545.0	25577.0	319833.0	25066.0	26016.0	25953.0	716.0	23894.0	527.0	15274.0	528.0	112440.0	25795.0	23532.0	25759.0	15063.0	17103.0	15150.0	27947.0	30904.0	15433.0	26456.0	14929.0	27119.0	26298.0	25214.0	1514.0	24339.0	24182.0	15326.0	27161.0	15280.0	24913.0	9078.0	21151.0	15060.0	19727.0	26433.0	493.0	25403.0	26285.0	21395.0	15192.0	17567.0	25671.0	20599.0	23468.0	0.0	21477.0	23707.0	15168.0	27820.0	21368.0	30578.0	29894.0	25942.0	26112.0	691.0	21405.0	15460.0	15363.0	26433.0	15255.0	30275.0	15530.0	21869.0	1629.0	24563.0	15166.0	23187.0	1548.0	22747.0	20842.0	23486.0	25034.0	15024.0	21829.0	30704.0	26046.0	15441.0	15262.0	23476.0	15103.0	23900.0	15139.0	30232.0
scaffoldsARL09100	29644.0	5999.0	542.0	33760.0	34002.0	19005.0	672.0	18957.0	19010.0	21701.0	23302.0	19138.0	19132.0	19269.0	24144.0	32130.0	34031.0	17793.0	2579.0	28650.0	30528.0	24471.0	18785.0	34087.0	19023.0	19185.0	224886.0	24027.0	19300.0	28259.0	30139.0	12471.0	19053.0	20382.0	30154.0	320769.0	25194.0	28004.0	24757.0	19122.0	23292.0	19541.0	18982.0	19593.0	110037.0	31917.0	27296.0	30242.0	19069.0	6480.0	18973.0	33958.0	33973.0	19186.0	28596.0	19221.0	31544.0	29725.0	25780.0	20124.0	29342.0	24874.0	19372.0	29626.0	19311.0	24997.0	19890.0	16317.0	18946.0	20288.0	28531.0	19381.0	28607.0	29164.0	575.0	19094.0	19070.0	28654.0	22838.0	23779.0	19694.0	0.0	24200.0	18988.0	28861.0	418.0	33932.0	29350.0	29903.0	32332.0	19619.0	482.0	19227.0	19110.0	28391.0	19010.0	33503.0	18920.0	25574.0	20177.0	22433.0	19298.0	27080.0	20507.0	10583.0	15691.0	27273.0	28193.0	19272.0	1124.0	34050.0	28369.0	19050.0	19053.0	27279.0	18963.0	23782.0	18893.0	29921.0
scaffoldsTV118	11458.0	25518.0	25997.0	13232.0	13376.0	21869.0	25706.0	21850.0	21887.0	11969.0	10193.0	21877.0	21777.0	21851.0	11973.0	12479.0	13465.0	22327.0	25982.0	12791.0	10309.0	12155.0	23113.0	14179.0	21841.0	21838.0	212652.0	674.0	23065.0	9225.0	10443.0	24481.0	21850.0	21292.0	9811.0	310118.0	11297.0	9190.0	13194.0	23150.0	9367.0	23201.0	21906.0	23115.0	105368.0	12368.0	10282.0	9949.0	22641.0	25296.0	21831.0	11963.0	14672.0	21688.0	13145.0	21875.0	11779.0	14071.0	11471.0	23330.0	11456.0	7656.0	22135.0	12759.0	21867.0	11214.0	21080.0	23888.0	21887.0	12005.0	13159.0	23175.0	12704.0	13445.0	25974.0	21936.0	23711.0	11687.0	13327.0	16480.0	23345.0	25886.0	0.0	21780.0	11419.0	25777.0	13510.0	13936.0	12124.0	12552.0	23305.0	25529.0	21801.0	21728.0	9239.0	21757.0	14043.0	21922.0	14273.0	23262.0	12639.0	21941.0	11358.0	23235.0	25377.0	24204.0	10313.0	13022.0	21853.0	25992.0	13495.0	9371.0	21789.0	21869.0	10088.0	21876.0	9700.0	21787.0	35237.0
scaffoldsARL071139	23362.0	16526.0	14108.0	25780.0	25670.0	178.0	14008.0	258.0	233.0	21048.0	24266.0	303.0	446.0	506.0	23501.0	24379.0	23979.0	2415.0	13411.0	25338.0	23708.0	23593.0	12803.0	25449.0	260.0	489.0	218387.0	22893.0	12782.0	23705.0	23865.0	13703.0	247.0	14675.0	23693.0	317317.0	25821.0	23612.0	23575.0	12800.0	24906.0	12890.0	164.0	12956.0	110775.0	24394.0	21071.0	23814.0	230.0	12692.0	232.0	25734.0	23942.0	467.0	25440.0	527.0	24404.0	22806.0	25881.0	13520.0	23281.0	24813.0	719.0	23885.0	396.0	25857.0	11111.0	11187.0	322.0	20284.0	25359.0	12823.0	25478.0	24304.0	14001.0	797.0	13147.0	22214.0	21626.0	24319.0	12999.0	14019.0	22843.0	0.0	26663.0	13888.0	23900.0	25647.0	24251.0	24671.0	12993.0	14147.0	461.0	475.0	23752.0	470.0	23785.0	485.0	23853.0	13477.0	22347.0	249.0	21012.0	13469.0	17554.0	10904.0	21066.0	25238.0	624.0	14242.0	23912.0	23480.0	411.0	222.0	21093.0	223.0	24783.0	212.0	23730.0
scaffoldsTV57	13530.0	24376.0	25044.0	14565.0	14277.0	26476.0	24726.0	26300.0	26137.0	12472.0	10904.0	25925.0	25824.0	26303.0	14032.0	17786.0	15743.0	26081.0	25414.0	14326.0	13076.0	14298.0	24879.0	14972.0	25948.0	26373.0	219420.0	11621.0	25220.0	8919.0	13011.0	22638.0	26247.0	24684.0	13176.0	308656.0	9965.0	8203.0	12741.0	25337.0	10137.0	25374.0	26004.0	25066.0	106245.0	17442.0	15134.0	13156.0	26845.0	25317.0	25795.0	16581.0	16356.0	26085.0	14518.0	25725.0	13460.0	16013.0	10421.0	25958.0	13522.0	13596.0	26289.0	16671.0	26183.0	9516.0	23725.0	23724.0	26225.0	12638.0	14528.0	25411.0	14609.0	13804.0	25043.0	26386.0	24797.0	14670.0	14991.0	15309.0	25241.0	24928.0	11184.0	25927.0	0.0	24814.0	16723.0	11114.0	15053.0	17734.0	25532.0	24141.0	26625.0	26089.0	8710.0	25934.0	16477.0	26047.0	16135.0	25877.0	12314.0	26197.0	15987.0	26259.0	23921.0	23773.0	14825.0	14651.0	25888.0	24732.0	16229.0	9108.0	25900.0	26133.0	14930.0	26084.0	10483.0	25993.0	38515.0
scaffoldsARL081218	29917.0	6021.0	964.0	33854.0	34406.0	19068.0	559.0	18990.0	19195.0	21808.0	23408.0	19072.0	19141.0	19317.0	24292.0	32321.0	34575.0	18220.0	2668.0	28978.0	30451.0	24343.0	18923.0	34825.0	18982.0	19224.0	225666.0	23894.0	19321.0	28810.0	30128.0	12390.0	19091.0	20694.0	30137.0	322139.0	25216.0	28606.0	24495.0	19146.0	23340.0	19459.0	19048.0	19614.0	109775.0	32221.0	27484.0	30254.0	19201.0	7555.0	19135.0	33912.0	34640.0	19231.0	28836.0	19032.0	31315.0	30366.0	25673.0	20075.0	29617.0	24967.0	19412.0	29935.0	19382.0	25112.0	20722.0	16454.0	19071.0	20322.0	29031.0	19381.0	28962.0	29136.0	973.0	19106.0	18920.0	28528.0	23041.0	23874.0	19653.0	805.0	23977.0	19033.0	28332.0	0.0	34920.0	29472.0	30456.0	32525.0	19585.0	802.0	19232.0	19096.0	28799.0	19096.0	34222.0	18992.0	25821.0	20107.0	22027.0	19287.0	27289.0	20358.0	10306.0	15874.0	27488.0	28571.0	19260.0	1297.0	34827.0	28906.0	19110.0	19081.0	27513.0	19072.0	23528.0	19018.0	30257.0
scaffoldsTV42	14322.0	30004.0	30919.0	14053.0	13752.0	24443.0	30707.0	24257.0	24344.0	8681.0	12950.0	24413.0	24104.0	24396.0	10003.0	17695.0	204.0	23557.0	31440.0	18081.0	13000.0	10022.0	29233.0	13290.0	24362.0	24384.0	211701.0	11517.0	29467.0	16908.0	12854.0	26018.0	24445.0	26281.0	13206.0	311049.0	17445.0	16485.0	12786.0	29718.0	12693.0	29610.0	24243.0	29388.0	100626.0	17477.0	13424.0	13027.0	24545.0	30376.0	24312.0	15524.0	449.0	24273.0	18433.0	24073.0	13892.0	12846.0	17538.0	30348.0	14257.0	14545.0	24086.0	16199.0	24473.0	17157.0	24767.0	29061.0	24405.0	8946.0	18238.0	29766.0	18103.0	12943.0	31116.0	24430.0	29165.0	13179.0	12361.0	12165.0	29717.0	31166.0	11988.0	24063.0	17073.0	30895.0	0.0	17107.0	13128.0	17802.0	29690.0	30510.0	24385.0	24121.0	16638.0	24034.0	402.0	24038.0	17561.0	30157.0	9297.0	24284.0	13605.0	30204.0	30088.0	28404.0	13329.0	18038.0	24413.0	31043.0	474.0	16838.0	23971.0	24414.0	13397.0	24236.0	12988.0	24234.0	34220.0
scaffoldsTV81	10704.0	24348.0	23932.0	15046.0	14858.0	23761.0	23741.0	23626.0	23696.0	10554.0	11988.0	23492.0	23384.0	23735.0	10229.0	13390.0	15108.0	23587.0	25021.0	12308.0	12701.0	10300.0	26169.0	15638.0	23636.0	23688.0	209608.0	14300.0	26167.0	11421.0	13326.0	23263.0	23834.0	25062.0	12793.0	306536.0	13472.0	11157.0	10950.0	26506.0	12095.0	26255.0	23711.0	26142.0	100580.0	13202.0	12506.0	12614.0	23943.0	24053.0	23510.0	12119.0	16410.0	23631.0	12614.0	23389.0	14831.0	14202.0	13670.0	27051.0	10639.0	15153.0	23706.0	12618.0	23674.0	13423.0	23635.0	23428.0	23657.0	11307.0	12541.0	26468.0	12398.0	13565.0	23852.0	23746.0	24883.0	11997.0	9900.0	13862.0	26268.0	23815.0	14038.0	23601.0	9902.0	23811.0	15461.0	0.0	11342.0	13311.0	26548.0	23303.0	23776.0	23598.0	11245.0	23781.0	15940.0	23565.0	13669.0	26826.0	8980.0	23677.0	13530.0	27117.0	24302.0	24517.0	12521.0	12473.0	23483.0	23790.0	15230.0	11239.0	23560.0	23650.0	12398.0	23693.0	12117.0	23613.0	36839.0
scaffoldsTV15	5924.0	27150.0	28000.0	15548.0	15109.0	22638.0	27849.0	22658.0	22508.0	9199.0	13134.0	22936.0	22505.0	22774.0	10533.0	11110.0	12213.0	22826.0	28822.0	15537.0	10631.0	10421.0	25600.0	16670.0	22522.0	22777.0	211704.0	10700.0	25695.0	11353.0	11087.0	24380.0	22609.0	23960.0	10575.0	312346.0	16336.0	10956.0	12226.0	25941.0	12594.0	25893.0	22580.0	26085.0	104375.0	10802.0	10673.0	10858.0	22973.0	27309.0	22568.0	8859.0	12461.0	22586.0	15537.0	22169.0	13257.0	10771.0	16356.0	26603.0	5820.0	12593.0	22898.0	12785.0	23215.0	15880.0	22694.0	23273.0	22649.0	9658.0	15506.0	25947.0	15499.0	9548.0	27906.0	22725.0	24434.0	10321.0	9863.0	15722.0	25900.0	27878.0	10706.0	22503.0	15647.0	27845.0	12466.0	12263.0	0.0	11171.0	26052.0	27469.0	22728.0	22680.0	11398.0	22427.0	12986.0	22780.0	15554.0	26553.0	10450.0	22876.0	11874.0	26569.0	27736.0	23060.0	10793.0	15567.0	22530.0	27935.0	12175.0	11299.0	22442.0	22651.0	10653.0	22656.0	13060.0	22624.0	36954.0
scaffolds126VP	9071.0	26747.0	27920.0	17282.0	16941.0	23279.0	27784.0	23311.0	23411.0	14027.0	14691.0	23413.0	22936.0	23439.0	8900.0	152.0	18073.0	24109.0	28247.0	15083.0	12467.0	8973.0	23566.0	16765.0	23494.0	23710.0	215090.0	12803.0	23570.0	15396.0	13396.0	24530.0	23407.0	23179.0	12334.0	307928.0	15999.0	15357.0	14186.0	23587.0	14943.0	23619.0	23389.0	23581.0	100504.0	86.0	14488.0	12574.0	23717.0	27056.0	23303.0	8333.0	18332.0	23446.0	15098.0	23058.0	14716.0	16246.0	16145.0	24077.0	9020.0	15749.0	23622.0	9425.0	23331.0	15858.0	21652.0	23755.0	23209.0	14622.0	14998.0	23605.0	14774.0	12200.0	27988.0	23551.0	24885.0	12757.0	11376.0	17264.0	23624.0	28121.0	12591.0	23570.0	16657.0	27979.0	18046.0	12975.0	10291.0	0.0	23617.0	27462.0	23534.0	23573.0	15468.0	23395.0	18055.0	23546.0	16154.0	24316.0	12116.0	23542.0	14355.0	24095.0	26999.0	24248.0	14456.0	14983.0	22977.0	28067.0	18206.0	15465.0	23490.0	23565.0	14460.0	23340.0	14712.0	23402.0	37378.0
scaffoldsARL081189	23906.0	24267.0	21281.0	29549.0	30577.0	15104.0	21321.0	15144.0	15111.0	22548.0	23804.0	15237.0	14751.0	15119.0	23661.0	26921.0	30862.0	13469.0	21308.0	25279.0	25460.0	23820.0	244.0	30774.0	15139.0	15125.0	216602.0	23003.0	753.0	26482.0	25049.0	18158.0	15183.0	19823.0	24957.0	322410.0	25038.0	26311.0	26217.0	479.0	23930.0	489.0	15139.0	427.0	112246.0	26500.0	23279.0	25333.0	15098.0	17660.0	15133.0	27366.0	31146.0	15057.0	26492.0	14614.0	26900.0	26453.0	25470.0	1774.0	23991.0	24131.0	14853.0	27142.0	15250.0	25018.0	9090.0	21507.0	14973.0	20049.0	26494.0	710.0	25384.0	26142.0	21559.0	15020.0	17322.0	25177.0	20910.0	23795.0	766.0	21874.0	24064.0	15046.0	27428.0	21767.0	30940.0	29423.0	25880.0	26766.0	0.0	21726.0	15109.0	14961.0	26675.0	14854.0	30604.0	15122.0	21912.0	1889.0	24931.0	15126.0	22860.0	1770.0	23161.0	20983.0	23253.0	25373.0	14773.0	22086.0	31188.0	26300.0	15003.0	15152.0	23290.0	15001.0	23938.0	14946.0	30129.0
scaffoldsARL081437	28993.0	5636.0	241.0	33661.0	34204.0	18386.0	501.0	18432.0	18504.0	21374.0	23251.0	18476.0	18866.0	18711.0	23992.0	31556.0	33540.0	17207.0	2178.0	27628.0	29050.0	23984.0	18846.0	34192.0	18426.0	18664.0	224565.0	24210.0	18861.0	27956.0	28764.0	12288.0	18421.0	19319.0	28788.0	319278.0	24499.0	27908.0	24040.0	18694.0	22938.0	19070.0	18441.0	18976.0	109029.0	31585.0	26604.0	28689.0	18518.0	6527.0	18472.0	33132.0	33588.0	18687.0	27981.0	18641.0	30609.0	29420.0	24457.0	20008.0	28690.0	25087.0	19042.0	29819.0	18691.0	24254.0	19518.0	15942.0	18439.0	19764.0	28012.0	18904.0	27618.0	28413.0	264.0	18508.0	18576.0	28389.0	22217.0	23387.0	19293.0	256.0	24625.0	18455.0	27981.0	362.0	33419.0	28393.0	29673.0	31745.0	19082.0	0.0	18603.0	18612.0	27932.0	18591.0	33098.0	18608.0	24829.0	20087.0	21661.0	18655.0	26528.0	19986.0	10067.0	15052.0	26592.0	27282.0	18788.0	895.0	33328.0	28019.0	18621.0	18448.0	26618.0	18496.0	23789.0	18394.0	29994.0
scaffoldsARL0832	23302.0	16068.0	13970.0	25957.0	25654.0	424.0	13860.0	398.0	440.0	21174.0	24546.0	509.0	310.0	381.0	23767.0	24183.0	23788.0	2148.0	13509.0	25778.0	23885.0	23855.0	12203.0	25793.0	393.0	412.0	215698.0	23350.0	12417.0	23612.0	23968.0	13837.0	529.0	14781.0	23882.0	318949.0	25990.0	23405.0	24502.0	12486.0	24910.0	12519.0	374.0	12452.0	110539.0	23989.0	21424.0	24102.0	389.0	12723.0	343.0	25315.0	23675.0	278.0	26097.0	453.0	24745.0	23321.0	26448.0	13102.0	23209.0	24923.0	477.0	23920.0	534.0	25785.0	10644.0	10613.0	313.0	20534.0	26068.0	12445.0	25823.0	24030.0	13721.0	531.0	12824.0	22125.0	21571.0	24603.0	12461.0	13973.0	23273.0	401.0	26672.0	13805.0	23941.0	25586.0	24110.0	24265.0	12510.0	13989.0	0.0	314.0	23814.0	272.0	23540.0	154.0	23901.0	13192.0	22524.0	322.0	21204.0	13134.0	16932.0	10167.0	21379.0	25598.0	631.0	14050.0	24034.0	23669.0	289.0	511.0	21358.0	451.0	24561.0	367.0	24195.0
scaffoldsARL0846	23817.0	16482.0	13900.0	25920.0	25705.0	176.0	13808.0	247.0	313.0	21130.0	24735.0	312.0	209.0	230.0	23961.0	24447.0	24176.0	2161.0	13309.0	25823.0	24146.0	24056.0	12186.0	25395.0	239.0	186.0	213466.0	22949.0	12151.0	24074.0	24282.0	13757.0	361.0	14695.0	24071.0	318797.0	26055.0	23974.0	24041.0	12238.0	24907.0	12268.0	409.0	12311.0	110717.0	24418.0	21431.0	24239.0	165.0	13042.0	201.0	25553.0	24122.0	204.0	25878.0	350.0	24581.0	23330.0	26032.0	12865.0	23823.0	24953.0	506.0	23685.0	334.0	26004.0	10595.0	10951.0	259.0	20376.0	25873.0	12259.0	25938.0	24211.0	13717.0	324.0	12975.0	22210.0	21726.0	24270.0	12276.0	13917.0	22879.0	383.0	26769.0	13711.0	24089.0	25409.0	24123.0	24673.0	12255.0	13976.0	131.0	0.0	24093.0	250.0	23982.0	82.0	24218.0	12831.0	22256.0	298.0	21391.0	12874.0	17429.0	10837.0	21456.0	25695.0	417.0	14069.0	24098.0	23834.0	203.0	243.0	21455.0	249.0	24872.0	233.0	24104.0
scaffoldsTV10	15340.0	26955.0	28115.0	16315.0	16838.0	25357.0	27879.0	25435.0	25465.0	11474.0	11150.0	25390.0	25295.0	25371.0	11162.0	17035.0	17913.0	25030.0	28891.0	16727.0	11589.0	11241.0	25808.0	17773.0	25446.0	25416.0	211468.0	10507.0	26172.0	433.0	11666.0	24062.0	25445.0	24710.0	11604.0	310815.0	10805.0	234.0	13249.0	26065.0	10869.0	26129.0	25434.0	25782.0	105859.0	16859.0	14264.0	11570.0	25796.0	27590.0	25396.0	17466.0	18418.0	25237.0	16939.0	25058.0	14638.0	15915.0	11090.0	26141.0	15312.0	12230.0	25215.0	16444.0	25370.0	10666.0	24277.0	25413.0	25401.0	11686.0	17028.0	25948.0	16764.0	14417.0	28065.0	25448.0	24854.0	12812.0	11800.0	15713.0	26172.0	28070.0	10462.0	25386.0	11123.0	27809.0	18144.0	14388.0	13619.0	17114.0	26253.0	27464.0	25476.0	25348.0	0.0	25027.0	17864.0	25124.0	17787.0	26123.0	10630.0	25501.0	14980.0	26204.0	26003.0	25075.0	14415.0	16750.0	25315.0	28025.0	18103.0	903.0	25137.0	25447.0	14341.0	25426.0	10821.0	25360.0	37801.0
scaffoldsARL08552	23050.0	16134.0	14016.0	26036.0	25941.0	79.0	14093.0	86.0	159.0	20980.0	24856.0	185.0	306.0	200.0	23779.0	24279.0	24089.0	2133.0	13220.0	25853.0	23837.0	23823.0	12476.0	25995.0	73.0	184.0	217090.0	23378.0	12341.0	23391.0	23837.0	14219.0	115.0	14996.0	23871.0	317922.0	26382.0	23409.0	24423.0	12501.0	25249.0	12480.0	126.0	12534.0	111182.0	24131.0	21092.0	23830.0	75.0	12490.0	43.0	25532.0	24089.0	114.0	26283.0	328.0	24443.0	22810.0	26399.0	13134.0	23043.0	24948.0	366.0	23828.0	159.0	26324.0	10848.0	11247.0	85.0	20260.0	26239.0	12386.0	26024.0	24309.0	13988.0	157.0	13555.0	22195.0	21650.0	24136.0	12486.0	14140.0	23425.0	226.0	27341.0	13959.0	24048.0	25565.0	24453.0	24374.0	12662.0	14048.0	112.0	204.0	23510.0	0.0	23932.0	101.0	24279.0	13190.0	22646.0	126.0	21058.0	13142.0	17426.0	10920.0	21091.0	25823.0	428.0	14280.0	24018.0	23375.0	197.0	89.0	21082.0	126.0	25299.0	110.0	24516.0
scaffolds129VP	14911.0	30439.0	30749.0	13718.0	13865.0	23447.0	30635.0	23320.0	23405.0	8658.0	14117.0	23406.0	23395.0	23444.0	9887.0	18172.0	147.0	22667.0	31152.0	17629.0	12872.0	9790.0	28514.0	13615.0	23428.0	23471.0	213886.0	11661.0	28462.0	17034.0	12652.0	26878.0	23373.0	25859.0	12901.0	312213.0	17595.0	16978.0	12484.0	28620.0	13505.0	28564.0	23479.0	28507.0	99832.0	18254.0	13537.0	12965.0	23654.0	30051.0	23365.0	15595.0	293.0	23333.0	18025.0	23100.0	13909.0	13095.0	17579.0	29146.0	14733.0	14711.0	23514.0	16449.0	23339.0	17513.0	24572.0	28958.0	23347.0	8826.0	17695.0	28748.0	17522.0	12817.0	30932.0	23512.0	28879.0	12942.0	12403.0	12473.0	28867.0	30967.0	11486.0	23403.0	17441.0	30816.0	283.0	17262.0	13234.0	18304.0	28637.0	30463.0	23419.0	23363.0	16723.0	23477.0	0.0	23319.0	16980.0	29098.0	9300.0	23435.0	13732.0	29048.0	30409.0	28608.0	13449.0	17551.0	23416.0	30969.0	201.0	16994.0	23437.0	23367.0	13355.0	23359.0	13857.0	23405.0	34298.0
scaffoldsARL0839	23254.0	16096.0	13936.0	25805.0	25436.0	308.0	13916.0	270.0	403.0	21233.0	24808.0	300.0	270.0	320.0	23730.0	24133.0	23981.0	2164.0	13423.0	25647.0	23717.0	23724.0	12105.0	25497.0	275.0	243.0	213609.0	23381.0	12055.0	23419.0	23866.0	13821.0	347.0	14592.0	23672.0	318941.0	26129.0	23382.0	24279.0	12202.0	24944.0	12262.0	222.0	12264.0	110654.0	24014.0	21390.0	23644.0	165.0	12752.0	320.0	25222.0	23924.0	191.0	25966.0	368.0	24721.0	23059.0	26088.0	12841.0	23114.0	25267.0	623.0	23607.0	434.0	26014.0	10559.0	10700.0	217.0	20556.0	25981.0	12159.0	25734.0	24047.0	13751.0	380.0	12847.0	22017.0	21494.0	24296.0	12244.0	13927.0	23455.0	539.0	26779.0	13734.0	23893.0	25479.0	24148.0	24195.0	12254.0	14114.0	193.0	244.0	23507.0	271.0	23781.0	0.0	23990.0	12959.0	22291.0	261.0	21328.0	12796.0	17060.0	10233.0	21391.0	25530.0	452.0	14193.0	23873.0	23477.0	259.0	258.0	21383.0	277.0	24990.0	233.0	24172.0
scaffoldsTV54	12899.0	21938.0	21582.0	12010.0	11586.0	22819.0	20954.0	22556.0	22791.0	10108.0	12804.0	22703.0	22370.0	22663.0	9954.0	14367.0	13449.0	23085.0	22094.0	724.0	11278.0	10072.0	19710.0	12304.0	22556.0	22716.0	207256.0	12599.0	20143.0	12641.0	11050.0	22955.0	22832.0	18871.0	11385.0	306600.0	12266.0	12102.0	1613.0	20244.0	12568.0	20061.0	22408.0	19710.0	97754.0	14093.0	12364.0	11246.0	23220.0	21036.0	22616.0	14845.0	14299.0	22370.0	1188.0	22505.0	11554.0	12889.0	12968.0	20394.0	12789.0	15114.0	22648.0	15918.0	22668.0	11820.0	19430.0	23861.0	22634.0	10305.0	1267.0	20246.0	878.0	11353.0	21511.0	22632.0	23945.0	12912.0	11496.0	10607.0	20108.0	21455.0	12366.0	22323.0	14954.0	20964.0	13793.0	13155.0	12389.0	14264.0	20435.0	20814.0	22957.0	22296.0	12664.0	22226.0	13926.0	22448.0	0.0	19893.0	5737.0	22685.0	13806.0	20334.0	22407.0	23770.0	12329.0	845.0	22800.0	21039.0	14061.0	12746.0	22285.0	22654.0	12405.0	22398.0	12378.0	22293.0	31420.0
scaffoldsARL081309	23828.0	23280.0	20352.0	28640.0	29455.0	13889.0	20376.0	13967.0	14160.0	21410.0	23314.0	13997.0	13794.0	14183.0	22689.0	26172.0	29415.0	12693.0	20109.0	24188.0	25319.0	22645.0	159.0	29581.0	13966.0	14270.0	215286.0	22394.0	392.0	26068.0	25134.0	17785.0	13913.0	18531.0	25147.0	318065.0	23608.0	26002.0	25012.0	534.0	23709.0	229.0	13978.0	264.0	110528.0	25718.0	23032.0	25319.0	13873.0	16688.0	13906.0	26911.0	29704.0	14186.0	25412.0	13621.0	26012.0	26070.0	23715.0	169.0	23899.0	24160.0	14095.0	26790.0	14010.0	23633.0	7655.0	19910.0	13862.0	19673.0	25430.0	294.0	24234.0	25211.0	20638.0	14097.0	16085.0	24577.0	20290.0	23212.0	384.0	20710.0	23466.0	13976.0	26695.0	20670.0	29398.0	28655.0	24920.0	26029.0	481.0	20767.0	14280.0	14192.0	26206.0	14110.0	29052.0	14468.0	21788.0	0.0	23622.0	13917.0	22813.0	194.0	22371.0	19902.0	23017.0	24156.0	13781.0	21155.0	29399.0	25959.0	14210.0	13983.0	23048.0	13972.0	23687.0	13970.0	28484.0
scaffoldsTV49	11318.0	24661.0	23938.0	13371.0	12549.0	22461.0	23657.0	22349.0	22448.0	12236.0	13499.0	22297.0	21759.0	22288.0	11257.0	13133.0	11521.0	21284.0	24824.0	7491.0	10266.0	11609.0	23149.0	12909.0	22224.0	22384.0	204091.0	14152.0	24004.0	11783.0	10708.0	21832.0	22407.0	22863.0	10186.0	310365.0	16310.0	10861.0	7842.0	24038.0	13110.0	24032.0	22230.0	23744.0	102899.0	12413.0	13342.0	10189.0	22665.0	23705.0	22249.0	13173.0	12391.0	22175.0	7817.0	22036.0	10999.0	12866.0	16556.0	24748.0	11361.0	16247.0	21911.0	13553.0	22428.0	15589.0	23060.0	24632.0	22347.0	12368.0	7402.0	23989.0	7254.0	11586.0	23825.0	22477.0	25415.0	11379.0	10217.0	11470.0	23819.0	23881.0	14035.0	21920.0	14010.0	23737.0	12239.0	11576.0	12637.0	13196.0	24132.0	23514.0	22404.0	21892.0	11692.0	21521.0	12026.0	21470.0	8029.0	24694.0	0.0	22368.0	14360.0	24609.0	24227.0	24052.0	13318.0	7652.0	22262.0	23787.0	12345.0	11980.0	21546.0	22356.0	12973.0	22235.0	13277.0	22303.0	33468.0
scaffoldsARL071345	23795.0	17394.0	14725.0	26444.0	26659.0	482.0	14714.0	473.0	482.0	21157.0	24297.0	521.0	450.0	729.0	23895.0	25472.0	24186.0	2593.0	13949.0	25798.0	23993.0	23916.0	12984.0	26557.0	472.0	720.0	215095.0	22896.0	13052.0	23408.0	24083.0	13992.0	563.0	15380.0	24083.0	316857.0	25978.0	23360.0	24367.0	13017.0	25108.0	13233.0	381.0	13337.0	111351.0	25318.0	21558.0	23981.0	455.0	13362.0	460.0	26532.0	24159.0	693.0	26195.0	541.0	25459.0	23396.0	25985.0	13696.0	23699.0	24484.0	670.0	23937.0	571.0	25814.0	11416.0	11190.0	367.0	20446.0	26204.0	13063.0	25969.0	24533.0	14613.0	705.0	13675.0	22231.0	22546.0	24707.0	13218.0	14502.0	23080.0	466.0	27281.0	14521.0	24150.0	26029.0	25131.0	25574.0	13259.0	14772.0	639.0	690.0	23546.0	617.0	23940.0	517.0	24169.0	13789.0	22317.0	0.0	21552.0	13684.0	18319.0	11160.0	21555.0	25729.0	663.0	14823.0	24145.0	23380.0	559.0	514.0	21556.0	361.0	24969.0	457.0	24832.0
scaffoldsTV138	8745.0	22302.0	21701.0	12710.0	13177.0	18677.0	21520.0	18537.0	18549.0	8502.0	11614.0	18581.0	18609.0	18693.0	9610.0	13250.0	10447.0	18947.0	21801.0	12353.0	10814.0	9937.0	20456.0	13779.0	18638.0	18836.0	203794.0	9577.0	20578.0	10827.0	10470.0	21307.0	18764.0	19405.0	10519.0	301468.0	11025.0	10414.0	10665.0	20725.0	11443.0	20812.0	18731.0	20630.0	103400.0	13118.0	635.0	10803.0	19007.0	20855.0	18719.0	9978.0	10909.0	18545.0	12489.0	18491.0	12497.0	10993.0	11150.0	21022.0	8821.0	12389.0	19067.0	11712.0	18595.0	11124.0	17726.0	18256.0	18703.0	7111.0	12294.0	20778.0	12437.0	11464.0	21645.0	18961.0	19264.0	2131.0	11173.0	11581.0	20803.0	21752.0	9532.0	18670.0	12868.0	21654.0	10495.0	11865.0	9160.0	13545.0	20933.0	21079.0	18769.0	18650.0	10689.0	18391.0	10561.0	18491.0	12061.0	20932.0	10405.0	18614.0	0.0	21015.0	22261.0	18654.0	589.0	12557.0	18951.0	21615.0	10457.0	11015.0	18270.0	18680.0	396.0	18611.0	11675.0	18719.0	33183.0
scaffoldsARL08902	24373.0	22957.0	20658.0	28868.0	29502.0	14118.0	20830.0	14200.0	14228.0	21371.0	23960.0	14299.0	13913.0	14543.0	23481.0	26864.0	30050.0	13281.0	20474.0	24697.0	25785.0	23730.0	153.0	29810.0	14156.0	14509.0	216467.0	22957.0	668.0	25952.0	25452.0	18416.0	14194.0	19171.0	25539.0	319471.0	23913.0	25669.0	25915.0	782.0	24222.0	599.0	14177.0	413.0	111114.0	26273.0	23382.0	25849.0	14122.0	16814.0	14161.0	26805.0	30218.0	14362.0	26035.0	13883.0	25796.0	26093.0	24409.0	365.0	24208.0	24051.0	14129.0	26924.0	14332.0	23667.0	7591.0	20090.0	14076.0	19739.0	26040.0	486.0	24717.0	25333.0	20888.0	14171.0	16627.0	24550.0	21145.0	23662.0	621.0	21048.0	23832.0	14068.0	27441.0	20883.0	30217.0	28917.0	25497.0	26550.0	845.0	21014.0	14454.0	14359.0	26182.0	14140.0	29584.0	14382.0	22055.0	331.0	24254.0	14200.0	22992.0	0.0	22463.0	19887.0	23325.0	24682.0	14024.0	21240.0	30243.0	25888.0	14254.0	14193.0	23375.0	14085.0	24037.0	14070.0	29248.0
scaffoldsARL05425	23812.0	3180.0	5482.0	28962.0	29212.0	16418.0	5190.0	16372.0	16477.0	20160.0	21543.0	16427.0	16330.0	16927.0	22013.0	26422.0	28544.0	15111.0	6908.0	23255.0	24186.0	22000.0	14039.0	29487.0	16416.0	16676.0	215317.0	21777.0	14069.0	22768.0	23795.0	6426.0	16450.0	15803.0	23848.0	315199.0	22358.0	22595.0	21023.0	14156.0	21673.0	14356.0	16453.0	14178.0	107271.0	25905.0	22641.0	23927.0	16580.0	10579.0	16357.0	26965.0	28324.0	16671.0	23764.0	16142.0	24011.0	23961.0	22338.0	15448.0	23514.0	22625.0	16714.0	25190.0	16480.0	22105.0	17951.0	12326.0	16318.0	18747.0	23757.0	14116.0	23247.0	24150.0	5380.0	16482.0	12036.0	22745.0	21337.0	21128.0	14424.0	5558.0	22169.0	16490.0	23108.0	4959.0	28521.0	24297.0	25439.0	26067.0	14505.0	5353.0	16664.0	16786.0	22817.0	16474.0	28086.0	16646.0	21201.0	15387.0	19541.0	16413.0	22530.0	15306.0	0.0	12076.0	22648.0	23258.0	16412.0	5959.0	28317.0	22855.0	16537.0	16415.0	22589.0	16388.0	22056.0	16436.0	25427.0
scaffoldsARL091265	27887.0	18728.0	18150.0	33487.0	34570.0	16311.0	18354.0	16433.0	16370.0	24747.0	25965.0	16243.0	16420.0	16683.0	26338.0	28431.0	33199.0	14691.0	16991.0	30440.0	29873.0	26388.0	20370.0	34784.0	16258.0	16577.0	225131.0	26062.0	20778.0	27592.0	29597.0	13944.0	16306.0	20972.0	29473.0	327250.0	27868.0	27435.0	27648.0	20383.0	27080.0	20721.0	16221.0	20749.0	116146.0	27843.0	24840.0	29554.0	16431.0	20181.0	16253.0	31241.0	33653.0	16399.0	30784.0	16139.0	31188.0	27997.0	28036.0	22111.0	27678.0	27654.0	16636.0	27843.0	16738.0	27538.0	20775.0	6085.0	16321.0	22121.0	30757.0	20839.0	30311.0	30859.0	18273.0	16393.0	17790.0	26608.0	24208.0	26597.0	21029.0	18024.0	26286.0	16419.0	29024.0	18188.0	33181.0	31420.0	28754.0	28315.0	20661.0	18133.0	16452.0	16558.0	27753.0	16367.0	32785.0	16614.0	26999.0	22097.0	25718.0	16583.0	24341.0	22134.0	18832.0	0.0	24798.0	29989.0	16578.0	18580.0	33043.0	27354.0	16316.0	16330.0	24775.0	16319.0	26832.0	16374.0	33212.0
scaffoldsTV139	9677.0	24200.0	23168.0	14018.0	13823.0	19840.0	23104.0	19777.0	19820.0	8420.0	12368.0	19820.0	19903.0	19921.0	10116.0	14350.0	11560.0	20327.0	23437.0	12917.0	10712.0	10038.0	22364.0	14724.0	19891.0	20017.0	205511.0	9931.0	22334.0	10578.0	10545.0	23456.0	19977.0	20586.0	10670.0	301292.0	11321.0	10538.0	11166.0	22516.0	12017.0	22797.0	19975.0	22481.0	104654.0	14327.0	695.0	10759.0	20365.0	22250.0	19910.0	10294.0	12422.0	19905.0	13325.0	19756.0	12910.0	11433.0	11349.0	22701.0	9561.0	13043.0	20331.0	11847.0	19839.0	11097.0	19004.0	20128.0	19806.0	7399.0	13285.0	22524.0	12945.0	11807.0	23118.0	20150.0	20975.0	3236.0	11900.0	12721.0	22702.0	23070.0	10097.0	19952.0	13577.0	22959.0	11775.0	12233.0	9186.0	14649.0	22802.0	22436.0	19963.0	19930.0	10713.0	19689.0	12194.0	19772.0	12477.0	22778.0	10852.0	19820.0	1881.0	22719.0	24430.0	20573.0	0.0	12953.0	20092.0	23158.0	11416.0	10544.0	19562.0	19833.0	453.0	19800.0	12174.0	19961.0	35175.0
scaffoldsTV47	14161.0	26110.0	26522.0	13733.0	13489.0	25836.0	25853.0	25548.0	25641.0	13571.0	14035.0	25409.0	25107.0	25594.0	12644.0	15526.0	16971.0	25990.0	27044.0	1252.0	12444.0	12690.0	23586.0	14743.0	25328.0	25623.0	209367.0	14211.0	24663.0	14726.0	12903.0	24204.0	25897.0	23901.0	12693.0	312321.0	15160.0	13971.0	1930.0	24773.0	13326.0	24407.0	25468.0	24050.0	102141.0	14900.0	14608.0	12431.0	26228.0	25935.0	25522.0	15841.0	17384.0	25486.0	1781.0	25181.0	12658.0	15595.0	15639.0	25135.0	14222.0	17006.0	25238.0	17598.0	25679.0	14367.0	23491.0	27396.0	25644.0	13208.0	1678.0	24555.0	1506.0	14933.0	26210.0	25567.0	28163.0	14007.0	12901.0	11701.0	24193.0	26471.0	13845.0	25313.0	16059.0	26010.0	17601.0	14124.0	14908.0	15632.0	24828.0	25129.0	26017.0	25147.0	14605.0	24875.0	17399.0	25180.0	3204.0	24838.0	8115.0	25404.0	16115.0	25127.0	25778.0	26814.0	14557.0	0.0	25826.0	25857.0	17485.0	14581.0	24871.0	25758.0	14561.0	25310.0	13690.0	25195.0	34361.0
scaffoldsARL08394	22744.0	17291.0	14717.0	25511.0	25381.0	417.0	14749.0	385.0	432.0	21024.0	24212.0	496.0	353.0	500.0	23406.0	24019.0	23545.0	2470.0	13720.0	25129.0	23339.0	23441.0	12157.0	25427.0	363.0	493.0	216022.0	22934.0	12126.0	23037.0	23514.0	13802.0	476.0	14499.0	23188.0	317172.0	25391.0	23007.0	24150.0	12146.0	24679.0	12230.0	558.0	12339.0	110408.0	23831.0	20763.0	23472.0	415.0	13093.0	401.0	24472.0	23495.0	405.0	25506.0	250.0	24221.0	22571.0	25460.0	12878.0	22856.0	24461.0	308.0	23015.0	571.0	25322.0	11225.0	10620.0	519.0	20282.0	25465.0	12151.0	25194.0	23684.0	14512.0	432.0	12988.0	21338.0	20863.0	24105.0	12236.0	14785.0	22914.0	473.0	26034.0	14671.0	23658.0	24955.0	23912.0	24165.0	12258.0	14572.0	502.0	428.0	23287.0	330.0	23349.0	373.0	23187.0	12850.0	22189.0	254.0	20661.0	12865.0	17593.0	10622.0	20740.0	24958.0	0.0	14564.0	23644.0	22987.0	462.0	430.0	20691.0	414.0	24569.0	482.0	23929.0
scaffoldsARL09193	28776.0	6037.0	460.0	33126.0	33784.0	17521.0	636.0	17616.0	17602.0	21382.0	22816.0	17657.0	17608.0	17755.0	23895.0	31218.0	33639.0	15772.0	2178.0	27494.0	29353.0	24009.0	19150.0	33600.0	17593.0	17648.0	223605.0	24268.0	19175.0	28717.0	29071.0	11992.0	17645.0	19864.0	29080.0	318212.0	25150.0	28611.0	24225.0	19086.0	22637.0	19463.0	17650.0	19268.0	109132.0	31211.0	25774.0	29012.0	17700.0	5752.0	17607.0	32217.0	33585.0	17690.0	27935.0	17503.0	30757.0	29642.0	25094.0	20101.0	28475.0	25172.0	17811.0	29045.0	17936.0	24901.0	19179.0	15915.0	17590.0	19687.0	27833.0	19210.0	27494.0	28541.0	478.0	17758.0	18426.0	28361.0	21525.0	23459.0	19443.0	429.0	24865.0	17678.0	27529.0	428.0	33422.0	26886.0	28947.0	31414.0	19475.0	449.0	17627.0	17618.0	28840.0	17570.0	33122.0	17580.0	24604.0	20197.0	22236.0	17893.0	25596.0	20097.0	9923.0	15602.0	25771.0	27247.0	17598.0	0.0	33388.0	28829.0	17545.0	17616.0	25771.0	17609.0	22688.0	17551.0	28658.0
scaffoldsTV77	14180.0	30247.0	31052.0	14055.0	13888.0	24690.0	30761.0	24503.0	24480.0	8752.0	12988.0	24597.0	24190.0	24635.0	9998.0	17873.0	367.0	23737.0	31587.0	17920.0	13151.0	10075.0	29270.0	13586.0	24506.0	24626.0	211275.0	11689.0	29538.0	17023.0	13136.0	25898.0	24595.0	26601.0	13412.0	310748.0	17629.0	16529.0	12853.0	29798.0	12674.0	29669.0	24472.0	29401.0	100965.0	17511.0	13736.0	13113.0	24739.0	30446.0	24493.0	15578.0	662.0	24491.0	18399.0	24179.0	14207.0	13124.0	17920.0	30411.0	14233.0	14688.0	24122.0	16352.0	24643.0	17183.0	25019.0	29371.0	24537.0	9025.0	18222.0	29797.0	18171.0	13057.0	31219.0	24501.0	29133.0	13315.0	12599.0	12540.0	29685.0	31268.0	12120.0	24352.0	17181.0	31146.0	539.0	17088.0	13294.0	17949.0	29754.0	30551.0	24548.0	24274.0	16767.0	24085.0	528.0	24146.0	17546.0	30194.0	9412.0	24413.0	13748.0	30307.0	30426.0	28663.0	13447.0	18060.0	24491.0	31183.0	0.0	16932.0	24079.0	24645.0	13347.0	24400.0	13193.0	24314.0	34673.0
scaffoldsTV14	15100.0	26000.0	27288.0	15905.0	16688.0	24823.0	27139.0	24964.0	24873.0	11237.0	10908.0	24998.0	24855.0	24654.0	11458.0	16312.0	18176.0	24401.0	28023.0	16634.0	11522.0	11502.0	25616.0	17466.0	24807.0	24776.0	216369.0	10204.0	25824.0	601.0	11461.0	23439.0	24924.0	23992.0	11561.0	310907.0	11225.0	447.0	13060.0	25666.0	10658.0	25830.0	24860.0	25743.0	105169.0	16158.0	14248.0	11726.0	24969.0	26745.0	24888.0	16730.0	18602.0	24673.0	16702.0	24711.0	14065.0	16142.0	11172.0	25920.0	15062.0	12663.0	24803.0	15299.0	25081.0	10629.0	24518.0	24520.0	24813.0	11516.0	16693.0	25541.0	16524.0	14208.0	27271.0	24932.0	23712.0	12809.0	11472.0	15348.0	25503.0	27256.0	10005.0	24709.0	11152.0	26983.0	18484.0	14145.0	13197.0	16469.0	25972.0	26672.0	24846.0	24574.0	878.0	24462.0	18124.0	24743.0	17229.0	25954.0	10627.0	25072.0	14757.0	25872.0	25160.0	24524.0	14252.0	16514.0	24868.0	27210.0	18248.0	0.0	24594.0	24910.0	14159.0	24900.0	10631.0	24788.0	37503.0
scaffoldsARL0835	23313.0	16022.0	13937.0	25629.0	25355.0	265.0	14018.0	274.0	348.0	20968.0	24373.0	365.0	297.0	449.0	23702.0	23904.0	23800.0	2195.0	13479.0	25355.0	23871.0	23697.0	12161.0	25351.0	336.0	252.0	213650.0	23034.0	12120.0	23416.0	23770.0	13497.0	326.0	14597.0	23733.0	316943.0	25952.0	23383.0	23911.0	12197.0	24533.0	12406.0	157.0	12314.0	110169.0	23806.0	21057.0	23622.0	299.0	12819.0	255.0	25198.0	23813.0	292.0	25745.0	344.0	24598.0	22944.0	25966.0	12791.0	23005.0	24608.0	552.0	23400.0	352.0	25886.0	10828.0	10816.0	281.0	20214.0	25694.0	12228.0	25472.0	24292.0	13742.0	392.0	12795.0	21844.0	21306.0	24193.0	12465.0	13827.0	23206.0	323.0	26725.0	13736.0	23769.0	25244.0	24106.0	24039.0	12402.0	13942.0	142.0	210.0	23473.0	405.0	23657.0	244.0	23818.0	12847.0	22222.0	239.0	21024.0	12764.0	16988.0	10279.0	21056.0	25261.0	591.0	14077.0	23569.0	23436.0	0.0	269.0	21051.0	280.0	24277.0	237.0	23760.0
scaffoldsARL071384	23175.0	16566.0	14187.0	26207.0	25776.0	402.0	14152.0	368.0	445.0	21555.0	24771.0	458.0	390.0	687.0	23941.0	24530.0	24153.0	2625.0	13611.0	26226.0	24102.0	24046.0	12594.0	26081.0	306.0	683.0	213932.0	23286.0	12725.0	23483.0	24191.0	13756.0	460.0	15107.0	24122.0	319669.0	25936.0	23324.0	24858.0	12761.0	25582.0	12808.0	266.0	12836.0	111325.0	24211.0	21150.0	24213.0	332.0	12755.0	444.0	25655.0	24067.0	499.0	26618.0	607.0	24623.0	23318.0	26094.0	13330.0	23166.0	24924.0	748.0	23464.0	539.0	25753.0	11147.0	10936.0	406.0	20896.0	26472.0	12711.0	26263.0	24380.0	14201.0	720.0	13300.0	21686.0	21864.0	24551.0	12814.0	14235.0	23439.0	468.0	27374.0	13959.0	24235.0	26183.0	24507.0	24584.0	12851.0	14238.0	601.0	619.0	23697.0	317.0	23911.0	328.0	24127.0	13394.0	22898.0	511.0	21049.0	13311.0	17457.0	10791.0	21140.0	25936.0	607.0	14419.0	24351.0	23520.0	408.0	0.0	21160.0	262.0	25146.0	230.0	24203.0
scaffoldsTV137	9654.0	24016.0	23429.0	13768.0	13497.0	20111.0	23347.0	20068.0	20110.0	8534.0	11945.0	20063.0	20162.0	20110.0	9996.0	13906.0	11125.0	20389.0	23552.0	12448.0	10498.0	10067.0	22285.0	14413.0	20063.0	20288.0	205996.0	9843.0	22220.0	10877.0	10367.0	22746.0	20089.0	20378.0	10682.0	301018.0	11276.0	10613.0	11196.0	22399.0	11697.0	22466.0	20087.0	22334.0	104194.0	13898.0	745.0	10754.0	20449.0	22466.0	20068.0	10414.0	12258.0	20012.0	12768.0	19826.0	12821.0	11491.0	11296.0	22690.0	9577.0	12857.0	20496.0	12017.0	20126.0	11306.0	19379.0	20060.0	20146.0	7477.0	12862.0	22430.0	12385.0	12122.0	23344.0	20358.0	21063.0	3526.0	11801.0	12216.0	22499.0	23404.0	9908.0	20111.0	13438.0	23330.0	11149.0	12070.0	9274.0	14227.0	22607.0	22835.0	20064.0	20139.0	10732.0	19810.0	11721.0	20054.0	12064.0	22705.0	10639.0	20065.0	1938.0	22538.0	23729.0	20322.0	609.0	12412.0	20231.0	23385.0	11170.0	10989.0	19826.0	20151.0	0.0	20140.0	11635.0	20247.0	34608.0
scaffoldsARL071195	23330.0	16621.0	14229.0	25763.0	25379.0	114.0	14191.0	175.0	199.0	21307.0	24341.0	210.0	377.0	479.0	23778.0	24023.0	24031.0	2344.0	13777.0	25556.0	23975.0	23794.0	12719.0	25306.0	177.0	480.0	216833.0	23147.0	12707.0	23490.0	24059.0	13799.0	180.0	15099.0	24051.0	317876.0	26031.0	23497.0	23832.0	12758.0	24894.0	12860.0	69.0	12895.0	110928.0	23890.0	20967.0	23948.0	152.0	12912.0	146.0	25616.0	24082.0	397.0	25706.0	450.0	24674.0	22823.0	26036.0	13366.0	23231.0	24568.0	641.0	23516.0	262.0	25933.0	10901.0	11220.0	129.0	20590.0	25624.0	12746.0	25700.0	24567.0	14123.0	416.0	13672.0	22180.0	21179.0	24136.0	12884.0	14120.0	23031.0	155.0	26785.0	14066.0	24021.0	25632.0	24526.0	24080.0	12912.0	14331.0	461.0	455.0	23653.0	388.0	23852.0	373.0	23821.0	13467.0	22477.0	78.0	20923.0	13355.0	17626.0	10936.0	20970.0	25467.0	545.0	14342.0	24023.0	23464.0	324.0	176.0	20979.0	0.0	24715.0	222.0	24152.0
scaffoldsTV58	11421.0	23902.0	24764.0	13259.0	13152.0	24111.0	24822.0	24203.0	24084.0	11809.0	525.0	24219.0	24158.0	24350.0	14819.0	14493.0	15659.0	24986.0	26170.0	11962.0	12470.0	15078.0	23571.0	13959.0	24151.0	24561.0	210249.0	9843.0	23647.0	9601.0	12254.0	23642.0	24202.0	22569.0	12153.0	312734.0	12256.0	9482.0	12390.0	23721.0	642.0	24028.0	24126.0	23599.0	101233.0	14224.0	12547.0	12408.0	24518.0	24709.0	24142.0	13508.0	15540.0	24390.0	12713.0	23980.0	12222.0	15326.0	12299.0	23828.0	11353.0	4790.0	24739.0	14634.0	24292.0	12084.0	22117.0	24758.0	24128.0	11572.0	12357.0	23831.0	12164.0	12503.0	24712.0	24294.0	24907.0	12215.0	12646.0	15967.0	23888.0	24750.0	9717.0	24144.0	9843.0	24683.0	14901.0	12343.0	13850.0	14486.0	23937.0	23973.0	24358.0	24304.0	9546.0	24076.0	16317.0	24378.0	14164.0	23999.0	11787.0	24144.0	13671.0	23828.0	23517.0	25026.0	12714.0	12204.0	24203.0	24728.0	14990.0	10018.0	24158.0	24206.0	12394.0	24030.0	0.0	24068.0	30109.0
scaffoldsARL071205	23359.0	16645.0	14106.0	26336.0	26082.0	196.0	14080.0	178.0	196.0	21287.0	24148.0	301.0	334.0	480.0	23775.0	24387.0	24007.0	2373.0	13552.0	25628.0	23756.0	23802.0	12791.0	25884.0	196.0	544.0	214768.0	23176.0	12791.0	23266.0	23819.0	13849.0	250.0	14912.0	23613.0	317154.0	26031.0	23343.0	24202.0	12831.0	24886.0	12966.0	169.0	12978.0	110728.0	24273.0	21446.0	23794.0	220.0	12561.0	149.0	25734.0	23935.0	461.0	26051.0	477.0	24596.0	23317.0	26060.0	13530.0	23376.0	24800.0	572.0	23551.0	333.0	25856.0	11095.0	11070.0	125.0	20543.0	25956.0	12811.0	25767.0	24265.0	13976.0	632.0	13273.0	22133.0	22053.0	24473.0	13007.0	14068.0	23259.0	307.0	27116.0	13988.0	23894.0	25938.0	24269.0	24541.0	12997.0	14225.0	431.0	509.0	23466.0	371.0	23776.0	369.0	23973.0	13655.0	22320.0	340.0	21381.0	13517.0	17617.0	10862.0	21422.0	25498.0	500.0	14356.0	23959.0	23259.0	387.0	205.0	21431.0	200.0	24840.0	0.0	23884.0
scaffoldsAR98565	31444.0	23547.0	22952.0	31064.0	31718.0	22183.0	22928.0	22204.0	22085.0	29584.0	28020.0	22213.0	21949.0	22498.0	31659.0	35130.0	31055.0	21501.0	23388.0	30597.0	32970.0	31639.0	23138.0	32075.0	22208.0	22388.0	215133.0	31920.0	23178.0	32654.0	32666.0	20108.0	22169.0	24243.0	32632.0	316655.0	31815.0	32589.0	30100.0	23368.0	28350.0	23391.0	22225.0	23369.0	97892.0	34579.0	30754.0	32682.0	22008.0	23863.0	22105.0	35158.0	31493.0	22288.0	31238.0	22034.0	32338.0	31873.0	31904.0	24103.0	31150.0	29861.0	22319.0	33950.0	22215.0	31744.0	25330.0	24355.0	22203.0	28924.0	31139.0	23127.0	30630.0	32828.0	22898.0	22243.0	19868.0	32269.0	30997.0	25705.0	23393.0	22952.0	31942.0	22350.0	34172.0	22690.0	31104.0	34482.0	34203.0	34734.0	23440.0	23182.0	22289.0	22268.0	32657.0	22192.0	30903.0	22159.0	29183.0	23813.0	29774.0	22125.0	30720.0	23706.0	23524.0	23698.0	30742.0	30544.0	22118.0	22979.0	30899.0	32592.0	22164.0	22255.0	30752.0	22200.0	28367.0	22230.0	0.0
