	scaffolds102A	scaffoldsARL0567	scaffoldsARL09146	scaffolds123VP	scaffoldsTV44	scaffoldsARL071163	scaffoldsARL081256	scaffoldsARL071328	scaffoldsARL071286	scaffoldsTV123	scaffoldsVV11	scaffoldsARL071166	scaffoldsARL08391	scaffoldsARL0867	scaffoldsTV125	scaffolds128VP	scaffolds118A	scaffoldsARL08477	scaffoldsARL091374	scaffoldsTV20	scaffoldsTV71	scaffoldsTV98	scaffoldsARL08804	scaffoldsTV21	scaffoldsARL071198	scaffoldsARL0843	scaffoldsARL09542	scaffoldsTV97	scaffoldsARL081292	scaffolds071107	scaffoldsTV92	E_faecium_reference_sequence	scaffoldsARL071300	scaffoldsAR01139	scaffoldsTV43	scaffoldsVV15	scaffoldsTV18	scaffolds070381	scaffoldsTV78	scaffoldsARL081249	scaffoldsVV6	scaffoldsARL08781	scaffoldsARL07973	scaffoldsARL08712	scaffoldsARL09409	scaffolds125VP	scaffoldsTV162	scaffoldsTV73	scaffoldsARL071348	scaffoldsARL091209	scaffoldsARL071169	scaffoldsTV104	scaffolds127VP	scaffoldsARL08105	scaffoldsTV76	scaffoldsARL08339	scaffoldsIV28	scaffoldsTV111	scaffoldsTV52	scaffoldsARL081074	scaffolds109A	scaffoldsTV41	scaffoldsARL08484	scaffoldsTV45	scaffoldsARL08288	scaffoldsTV4	scaffoldsARL08983	scaffoldsARL091074a	scaffoldsARL071351	scaffoldsTV82	scaffoldsTV75	scaffoldsARL081077	scaffoldsTV12	scaffoldsTV55	scaffoldsARL081412	scaffoldsARL08428	scaffoldsARL04840	scaffoldsTV83	scaffoldsTV56	scaffoldsTV48	scaffoldsARL081215	scaffoldsARL09100	scaffoldsTV118	scaffoldsARL071139	scaffoldsTV57	scaffoldsARL081218	scaffoldsTV42	scaffoldsTV81	scaffoldsTV15	scaffolds126VP	scaffoldsARL081189	scaffoldsARL081437	scaffoldsARL0832	scaffoldsARL0846	scaffoldsTV10	scaffoldsARL08552	scaffolds129VP	scaffoldsARL0839	scaffoldsTV54	scaffoldsARL081309	scaffoldsTV49	scaffoldsARL071345	scaffoldsTV138	scaffoldsARL08902	scaffoldsARL05425	scaffoldsARL091265	scaffoldsTV139	scaffoldsTV47	scaffoldsARL08394	scaffoldsARL09193	scaffoldsTV77	scaffoldsTV14	scaffoldsARL0835	scaffoldsARL071384	scaffoldsTV137	scaffoldsARL071195	scaffoldsTV58	scaffoldsARL071205	scaffoldsAR98565
scaffolds102A	1.0	0.8460470252447597	0.8474782735074793	0.8930580343259008	0.882455381172527	0.8492105627383727	0.8466023993190777	0.8497175748943144	0.8488323885663761	0.8858280938749165	0.8704019990644842	0.8492181858143877	0.8486450723669092	0.8482319120026404	0.8873920349920956	0.8931069359471666	0.8803950169170367	0.831428327778657	0.8457244685496513	0.8757697567809819	0.897019480341014	0.8859283726979548	0.8510457321693048	0.8921162491061763	0.8489860400098631	0.8493823627071716	0.23786951738253034	0.874443623442062	0.8509556427264834	0.8818992545302918	0.8821588015633113	0.8275520937257483	0.8489400226778812	0.8427564957495286	0.8963120885514276	0.4364016704154735	0.8772706242649123	0.87991656873719	0.8722408048171684	0.8515817709406642	0.8708419529311067	0.8516469801063182	0.8495016442273594	0.8518048146366968	0.7595739285258372	0.8942952970279109	0.8966091875804141	0.8963557949346856	0.8491318753130229	0.8458220586384367	0.8496577195828058	0.9404242856550903	0.8762404108497858	0.8482839824601265	0.8707971967077323	0.8479233010587015	0.8893472382153045	0.888685485908491	0.8780294551981372	0.8514557759403734	0.9941983983808804	0.8669259473383134	0.8487764758335196	0.8832605127956996	0.8495791532473042	0.8782534432277096	0.8401860839677116	0.8283052163367016	0.8487548121164196	0.8783052343348426	0.8743202673008061	0.8518623157937846	0.8747011871794456	0.8874788501965595	0.8474597666016057	0.8490084207956626	0.8541365198176069	0.8885966971539019	0.8684801516634738	0.8702452413150269	0.8517935615533684	0.8473344475018897	0.8759698289392877	0.8484583352279725	0.8665333294829076	0.8463558355991384	0.8800622883775104	0.8849591498495522	0.9329781182450357	0.8951673887429501	0.8506753226966419	0.8403476655439458	0.8479600374126478	0.8495103072783347	0.8805634271851055	0.8483588035956481	0.8797307565451926	0.8481321276988502	0.8363823465867588	0.8524396810842538	0.8743691861830356	0.8492493346640076	0.8905757764452019	0.8530394225302361	0.8377920676442503	0.8409677028745006	0.8969623908192484	0.8745923228916408	0.8493469163172276	0.8473401481845735	0.8795977013483991	0.881855138353593	0.8494421469836069	0.8502855664028851	0.8947368691501919	0.8494543001475218	0.8695354023409694	0.8496155517973346	0.8252020630533583
scaffoldsARL0567	0.7220722784428685	1.0	0.9549378035470469	0.7452659035391022	0.7434840945771565	0.8324389046939255	0.9546910274153977	0.8320604001287565	0.8313619658535526	0.7253174785447482	0.7141980562566665	0.8301189779740034	0.8293029600111756	0.8309717421538129	0.7188482863846543	0.7144212402401242	0.7308408400926002	0.8000623856799994	0.9477425896651094	0.7182409256398763	0.7275844197560453	0.7180738965209283	0.8411078782374867	0.7460936402969701	0.8311298416056646	0.8305800938143525	0.22573714497864877	0.7141190461895408	0.8407808877668961	0.7445123211411723	0.7259327952884183	0.843967932685841	0.8311568328761408	0.8404028897307331	0.7273498622229821	0.39070995861136865	0.7364719621253294	0.7424160899651521	0.7166423620138699	0.841581174096185	0.7164495024726898	0.8418897094036139	0.8325850480399414	0.8415068970033206	0.6860416127838921	0.7154184901474197	0.714100847762985	0.7268707677284579	0.8325404812446175	0.895176403397644	0.8312710345087255	0.7270856842223421	0.7304217129548801	0.8299947722908154	0.7145201724012956	0.8302349389293249	0.7302624293729189	0.7178391277403613	0.7374324364912865	0.8370150232690401	0.7215175278952793	0.7099193113040912	0.8307130299909762	0.7141614959320689	0.8317324399406142	0.7368084957112496	0.8021206180769116	0.8458035960058768	0.8317411607782855	0.7155786022765048	0.7186376903582803	0.8414452244186423	0.7180970892284345	0.7230909607072378	0.9534074618956836	0.8309449791959372	0.8713839060358959	0.7245924385704485	0.7233791899072621	0.7148246508109417	0.8417139905868575	0.9541895627317368	0.7147363305795109	0.8312180559760511	0.7286017331476623	0.9550869928789947	0.7304235804160362	0.7213975149851667	0.7257114277558181	0.7152660141829553	0.8400247599586745	0.9483050555400901	0.8291958197607522	0.8305649421738592	0.7436092762753841	0.829748424585921	0.7301687841857591	0.8282415072084961	0.698702375557252	0.8396427497573836	0.7156846442740095	0.8329722140721887	0.7120033849762103	0.8407790156536377	0.910409953494508	0.8545538872609669	0.7145148167737179	0.717279551631976	0.8298311427593152	0.9529889037893284	0.7297218270027963	0.744240742533683	0.8306006131808814	0.8323472209562625	0.7146469369909382	0.83242311904833	0.714522442554967	0.8310366154897127	0.8406769423835031
scaffoldsARL09146	0.7271100507061313	0.9586031790255805	1.0	0.7403834214068427	0.7383037714192463	0.8550144922520745	0.9920948969466862	0.8548512207859014	0.8539602335127054	0.7229786271353652	0.7176006778948938	0.8538100905147294	0.8519020792786307	0.853049337251701	0.7218155269765824	0.7130055474594129	0.7372412218809069	0.8219352443520979	0.9853151936418332	0.7281495615522013	0.7343855450223022	0.720449510703559	0.8561330427858764	0.7411562397649505	0.8538197823366691	0.8538884446937718	0.23768019923044467	0.7148142408166928	0.8551241312021127	0.7474669644353251	0.7319799872893473	0.8391808670380877	0.8527712695147733	0.8524522540860099	0.7336581447418088	0.3849964359162925	0.7336730448558065	0.745278423139987	0.720748438723725	0.8558510170194458	0.7197725173306342	0.8564972787340798	0.855517437984696	0.8561399285353524	0.6879328943335905	0.7145149915612425	0.7150095999720091	0.7340739858192822	0.8556856746365713	0.9289655293003763	0.8532460599980152	0.7338358735850196	0.7362770711246766	0.8527772322777373	0.7254300930907991	0.8503391896767422	0.7305997099804452	0.7234681309304475	0.7337856151853642	0.8501571617584461	0.7264013212357736	0.7119349726846211	0.8537637549754058	0.722793751393265	0.8537136692626536	0.7330990474027828	0.8263163834852301	0.8534230258238422	0.8534360155319851	0.7137474969903466	0.7291765390583168	0.8556257674930607	0.7277538872471446	0.7270674243430696	0.9930634256431369	0.8533725242192427	0.8771154433778527	0.7263250975867483	0.7235419827861739	0.7164063897964215	0.8555219529246189	0.9942286963374514	0.7151692531724064	0.8541691643531807	0.7345870054245083	0.9920526626061216	0.736138319437744	0.7279705005117199	0.7320104958651402	0.7142500855658154	0.854432210477711	0.9858246140640946	0.8518124103274995	0.8534311648539389	0.7467351191450154	0.8520528070798021	0.7367288185663836	0.8511076384571761	0.707081901408806	0.8536478641748537	0.7179472347641481	0.8556894282929176	0.7124091489503123	0.8538696143379194	0.8845412341936343	0.8581791727964548	0.7152604264363266	0.7269539661330009	0.85322562190436	0.9894582443680243	0.7359823599126113	0.7475456050101758	0.8541738970436522	0.8548590826275622	0.7147125432182864	0.8549854519024679	0.7181732612200059	0.853742170951733	0.8421242112271741
scaffolds123VP	0.8752639249490828	0.8449990237839737	0.8400536720308213	1.0	0.9532263063622952	0.8440712062385284	0.8396095253147842	0.8440717443222479	0.8440077099579127	0.8853486299039948	0.8637050949433337	0.8437039949354992	0.8428615467003405	0.844395947817153	0.8681007784307497	0.8512352399068622	0.8689795408014745	0.8221276840586992	0.8375968550801721	0.8777929552929425	0.8790959119114504	0.8671065912662463	0.8451032698732835	0.9639665051654301	0.8437565550781614	0.8446529974421069	0.23295140689672683	0.8616823577136168	0.8449396837625093	0.8700910740990019	0.8651991320520086	0.8276951792118576	0.8433290791178212	0.8426431846373467	0.8785423153390362	0.44325183870876966	0.8588014848094749	0.8696914681968655	0.8752036159337752	0.8452238065039788	0.8679307263853019	0.8461365111187953	0.84406025715322	0.8446511110128941	0.7547781624001649	0.8530290379344113	0.8552315294205486	0.8789602761419967	0.8453594575245466	0.8364578130376109	0.8440405916908265	0.8819379206457783	0.8657325346729925	0.8437761340047328	0.87195336301442	0.8432763793875516	0.8478693173578463	0.8539271699524283	0.8602316387350393	0.8455298886773026	0.8741155757405863	0.8618377125693153	0.8441877008024553	0.8689514256506	0.843621169390618	0.8589449239450248	0.8311568293734375	0.8334448332197881	0.8443585589393581	0.8636208539812298	0.8755745450072031	0.8454331006774123	0.8769181250382775	0.8666207859542076	0.8391489749238858	0.8445108369377747	0.850744337587988	0.8542927003181428	0.8486320752867258	0.8638742541287701	0.8457386111593107	0.8395445595412182	0.8642011460870875	0.843075608023199	0.8571617828357906	0.8390769879691988	0.8690513054327829	0.87273348694518	0.8731728594928793	0.8531452631079447	0.8442136053736097	0.8334914308246459	0.8439438768168518	0.8440017018236716	0.8704354396814024	0.8440955429311272	0.8686562881395389	0.8433607279548383	0.8311351976349558	0.8470477611815065	0.8728209412710848	0.8437792126820854	0.8520108987663836	0.8465056251511938	0.8416835705889668	0.8399717283436962	0.8558420919972102	0.8757598549102343	0.8432750209626813	0.8388978399478629	0.8683165432277881	0.8712877611987824	0.8437165384944825	0.844469493818334	0.854503920441822	0.8441637964240866	0.8660268628379001	0.8442603563447698	0.8300065628850535
scaffoldsTV44	0.8604991442843949	0.8441668991438115	0.8386956391072508	0.9532866188157232	1.0	0.8384279548053952	0.838946239108379	0.8385198069334647	0.8381771768699252	0.8574290125280315	0.839033631303494	0.8382625261939124	0.8403446754237563	0.8381844402294847	0.8483031783191494	0.8428056242868394	0.8558755540385787	0.8184015349363076	0.8370482027850115	0.8545884721247873	0.8598524008734445	0.8464674394598344	0.8486041178609246	0.9892568170351228	0.8378230076908734	0.8393030569749409	0.23514224117802995	0.8429145875396061	0.8486096261170295	0.8564371838190504	0.8551589481463271	0.8255001408551045	0.837972465496103	0.8374827655962446	0.8609454556639177	0.4426118099261703	0.845187318497306	0.8548302908976015	0.8586805533773131	0.8486470575273835	0.8433012986677332	0.8497738753955661	0.8390718604466054	0.8487223446470299	0.7527539523726444	0.8435391153460616	0.8344321637375639	0.8602506814328496	0.8398250555312764	0.83472689465729	0.8385568721292751	0.869699178792081	0.8515663134013987	0.838241352944268	0.8558756925821228	0.8407806860708353	0.8577355663973634	0.8490059571893915	0.8454429385504231	0.8504597060887983	0.8597178701426862	0.8422463256456171	0.841750082108834	0.8481777122099474	0.8411052150987242	0.8445323153810383	0.8368870298018819	0.8269231666348998	0.838230103236996	0.841317311502474	0.8596584478573671	0.848649186529231	0.8542998680170845	0.855630822332663	0.8382465425846207	0.8384035074272782	0.8437943845463343	0.8442251631213671	0.8383913174991822	0.847497375955622	0.8488648789521407	0.8389515618794808	0.8462431588342686	0.8377278958399083	0.8390208909259572	0.8385112345900685	0.8562388739956405	0.8485885782147145	0.8602703554850392	0.8441504355407755	0.8479943629283729	0.8335667066250019	0.8384125071934314	0.8384748778567365	0.8559287517070754	0.8387205784693633	0.8554142784321881	0.8371988934393729	0.8184958806936227	0.8500812170303234	0.8557441612555178	0.8409987935047816	0.8294639554725735	0.8505493638307706	0.8397434576021181	0.8352122404737764	0.8347730989321597	0.8535587241477163	0.8409568810882491	0.8379431043819957	0.8560722816069107	0.8560550964418141	0.8385570983379307	0.8392619647347724	0.8337997419659323	0.8389224810131624	0.8418950737356888	0.8382629368050107	0.8263197032087835
scaffoldsARL071163	0.7413265147956316	0.8472464684197711	0.864348173350242	0.7521334102577212	0.7460357696756034	1.0	0.8627820998193998	0.9936762005649059	0.9924589803645486	0.7419826971358846	0.7294710503104065	0.9921285289322578	0.9841608506442373	0.9868461573542209	0.7398414157783159	0.7215929941645786	0.7391011807672784	0.9241493387008465	0.8620112858099287	0.7371559262270772	0.7488027382033451	0.7390666150140712	0.8506161827784091	0.7497393102521034	0.9933313660534476	0.9882512365906676	0.23780045799496613	0.7267838421751172	0.8498802996652062	0.7412324840458648	0.7427694674834785	0.8127006492080707	0.9921924643723153	0.8449339123048398	0.7487262606632232	0.38548649264115964	0.7449278421931994	0.7399878993500101	0.7358664388126064	0.8503281398798548	0.7312839236014508	0.8513214488348795	0.994118667903143	0.8512310598823832	0.6961251036159907	0.7229145117893069	0.7300045080781472	0.7489932609093038	0.993836501973414	0.8584808084615492	0.992469804970996	0.7468028992019919	0.7385509982406581	0.9863901910478874	0.7336662301618267	0.9828401325442354	0.7396820019396826	0.733798979269388	0.7449635033023617	0.8509001572079039	0.740412436059771	0.7236057378574902	0.9895319120767725	0.7325932172630167	0.9907936821198666	0.7448948574356049	0.8472894679627369	0.8283603667465559	0.9924964538568718	0.7297535395402611	0.7372699715402522	0.8513358802591108	0.7367526667157936	0.7464448038868754	0.8633171120487343	0.991532573766211	0.8816069885695044	0.7429806263159563	0.7456823197434166	0.7329376551928237	0.8513485512570338	0.8633226938671161	0.7258355157443108	0.9937762756621186	0.7384747727362692	0.8623632647365679	0.7393373592931608	0.7325016232541863	0.7446774285466689	0.7227525995399668	0.8498523927533366	0.85677608014967	0.9855262028635307	0.9884059634655206	0.7408598423959718	0.9866017651167915	0.7393709201032863	0.9861346222510424	0.7138705805259001	0.8516970836158987	0.7352332179751565	0.9941800810468618	0.72927772639766	0.8522204950653375	0.8149713436896439	0.833396829532419	0.7304589567709444	0.7363740055774682	0.9861470164704277	0.8617231967021058	0.7392668115305245	0.7400699217577693	0.9884414693041136	0.9949623286607643	0.7300682483641557	0.9942122203006485	0.7307009292506453	0.9942112074503011	0.8326906053297645
scaffoldsARL081256	0.7266739673805683	0.9593809405266297	0.9919741669944877	0.7406016793542521	0.7364614800285721	0.8537411651553926	1.0	0.852928948700549	0.8531450040698071	0.7233780754936638	0.7173669628988847	0.8529350705312646	0.8518030451889939	0.8520023717223892	0.7219547578461246	0.7126250567915537	0.7377251118671883	0.8205192614824254	0.9857570603097484	0.7255399471186349	0.733182957077878	0.7209478956351381	0.8541249237509815	0.7399402961275923	0.852661913984411	0.8525615612463155	0.2401109819431749	0.7129286732448659	0.8525892854820989	0.7486521951532258	0.7307399738017494	0.8403348546335115	0.8521249391305328	0.8516465583050704	0.7324572628258611	0.38491120755103264	0.7329517785624486	0.7468690000982814	0.7172518946160854	0.8535735155360885	0.7189527629643933	0.8552996772758429	0.8540216898774756	0.8549229940563112	0.6874276197172985	0.7144191069331575	0.71490334817956	0.7329251866560524	0.8543814537366796	0.9275516432698747	0.8525448502874381	0.7342478748692991	0.736595672665037	0.8518110117662716	0.7228862319111602	0.8497040426074185	0.7290712021912013	0.7238324304780009	0.7327041476583538	0.8479928877586651	0.7257288166945923	0.7119058711727998	0.8530020768576562	0.7234922951904039	0.8534159706247532	0.7318243336281469	0.8256027717765018	0.853377751660751	0.8523201833836445	0.7139620206044934	0.726252376089787	0.8533366878054464	0.7253678875608345	0.7271188060451532	0.9919722645256234	0.8521755640749561	0.8770699671013206	0.7240725856585184	0.7218677071745329	0.7148100183374434	0.8536637011958358	0.9926587314483114	0.7131751145362408	0.8527183773079452	0.7347524407131155	0.9953428548704666	0.7365859867325227	0.727896383250574	0.731210165086951	0.7143741245277339	0.85302592555431	0.984566651652735	0.8502414906525719	0.8525078252299724	0.748110271395534	0.8517069217430115	0.7370364306247734	0.8496071819014217	0.705609553204599	0.8515680707826307	0.7155449662645814	0.854258000294304	0.7123326167527049	0.8512980965930816	0.8847860782537876	0.8589364715695222	0.7152141209297148	0.7245399057138627	0.8523081691095201	0.9881826987377869	0.7362479196676822	0.7483253197939779	0.8525677620427601	0.8539997386017273	0.7146529526387907	0.8535014982066378	0.7184802069595337	0.8528896392553666	0.8428503545806636
scaffoldsARL071328	0.7455395425981204	0.8492677709713221	0.8659684054241406	0.7556129332739391	0.7499781115016068	0.9941580594159442	0.8641819775417338	1.0	0.9932389145204005	0.7451156493806164	0.7342522564553469	0.9924365844515761	0.9862470715885183	0.9872954591507102	0.7445215424572228	0.7264321863353306	0.7435416823218604	0.9257565227437772	0.8637726320515965	0.7393656261658071	0.7525025623471187	0.7437378661268521	0.8528550134190157	0.754148039771609	0.9957444495554599	0.989934490840364	0.2371962430150892	0.7316709252766426	0.8520717658291471	0.7428300863998584	0.7465346273616438	0.8147867285879346	0.99434865004467	0.8480343613359198	0.7525125633494923	0.3864084573017918	0.7475567564884594	0.7421699347590037	0.739123910852224	0.8532151602985145	0.7350002834337795	0.8531482751235585	0.9954337581511343	0.8537371424261607	0.7008493962372281	0.7280451260566866	0.733680224056066	0.7525810427867327	0.9944474967914952	0.8620681779470447	0.9942648742388167	0.7517515641450726	0.7433686358559207	0.9880118344359032	0.7367454799801496	0.984699616217726	0.7431327544469265	0.737700477203775	0.7479160944420025	0.8528191373756562	0.7455244477675744	0.7283545269789784	0.9927365712356964	0.7353459996865418	0.9918397009968197	0.747926719552461	0.8480079426852009	0.8284571549581202	0.9942393808279104	0.7332092532623544	0.7408744477683914	0.8534860467217178	0.7397674606504571	0.7499514301992428	0.8647705417833393	0.9917384803642282	0.8837328484870552	0.7456738972924912	0.7482539450589947	0.7377327336883882	0.8541646048325615	0.8657829346166948	0.7313176940779251	0.994943596859883	0.7426494341774184	0.864275040843411	0.7438165724696724	0.7376531446413235	0.7492078367760856	0.7280456463762573	0.8518112654676145	0.8586551844147107	0.9868474248672678	0.9891655960478408	0.7427743865563965	0.987291194514877	0.7438125380658062	0.9885111809938507	0.715893194212187	0.854095136954725	0.738292688362875	0.9955500508568977	0.733652886401513	0.8543720889573447	0.8186261341498564	0.8329384665572049	0.7342169673048953	0.7391248155108413	0.9885980815039599	0.8639395687439623	0.7433869622790462	0.7413630034119921	0.9902545203586651	0.9962333739089907	0.7345031957051806	0.9949555787083549	0.7340984839873598	0.9947723579824961	0.8340947159570772
scaffoldsARL071286	0.7433940846834406	0.8496082548284877	0.8672488513566272	0.7556936345752893	0.749069397278404	0.9947460703321045	0.8656730980160089	0.9947758265931717	1.0	0.744923856152574	0.7339441660506979	0.9932849465643137	0.9860326068835049	0.9883254226224675	0.7434072164314811	0.7249057355942005	0.7409363970681053	0.9258139608531625	0.8648677058149945	0.7378653876866982	0.7520277152881497	0.7423912350792398	0.852106635906307	0.752889307830826	0.9942384922606848	0.9891351220543689	0.23693461407261587	0.7303515834435642	0.8518787238129145	0.7424421798438918	0.7461811242819644	0.8147878706548272	0.9938510306467572	0.8474360932997668	0.7516568735644851	0.3889552907050454	0.7465784240301054	0.7411636759736233	0.7371853502922308	0.8521236644305391	0.7354346434232819	0.8531183523660484	0.9954607126824728	0.8532143465429827	0.6993844635280334	0.7258135409354239	0.7325230103348668	0.7520891674629329	0.9948168440828575	0.8622459828636866	0.9942376532085885	0.7500417050283935	0.7400818881875335	0.9875631919718182	0.7349006734860974	0.9838079193827005	0.7427612936285539	0.7360785145276689	0.746381563249442	0.8532380245724437	0.7424764868633683	0.7270827780582773	0.9915617831159326	0.7352765191492465	0.9928731537446565	0.7464732892033901	0.8485396557114564	0.8286953110105618	0.9927580722630215	0.7330513951138296	0.7383889941006445	0.8524417972973221	0.7375461579570788	0.7487940131596936	0.8655690986697646	0.9912781506919269	0.8845013434397175	0.7447661080271126	0.7478035850144369	0.7360294556055769	0.8527825773942788	0.8662393372826807	0.7293745640473412	0.9929802899793791	0.7407744657421663	0.8655297192121533	0.740942415251378	0.7357413433183169	0.7475415961115022	0.7254052429126705	0.8521276321291523	0.8594088373251095	0.9873974999424793	0.9880978834505437	0.7416952348823014	0.9873127323717085	0.740875347614829	0.9869298136837522	0.7146500022873532	0.8533140186353236	0.7370526410607813	0.9943499536455612	0.7320397396570208	0.8540412542856528	0.8188412410474953	0.8331197283827546	0.7329697971066533	0.7371650443555335	0.9871174029536202	0.8642328474071774	0.7408466006103153	0.7409625422910164	0.9895542764614229	0.9949165827520413	0.7323129459495691	0.9946306631059453	0.7351724444759845	0.9941118244624166	0.8347532729866188
scaffoldsTV123	0.9020932385472301	0.8580387300734514	0.8568239915286026	0.9162516228000003	0.8862343705612861	0.8625844169469362	0.8568644628618861	0.8634400150318866	0.8623976595871672	1.0	0.8875680611304182	0.8626295296945339	0.8635974240529306	0.8632626326575943	0.9051782907782694	0.8743655301869305	0.8964818434816512	0.839056472805473	0.855888914403254	0.8954598516226097	0.9065558099501398	0.904315067689495	0.8590873471600493	0.8976347560888555	0.8629636891928908	0.862901313564886	0.23011589321426343	0.8887295374024886	0.8595084405916116	0.8895448024455952	0.8928705823403836	0.8435726819653036	0.8633722894177386	0.8680365760194623	0.9042134754736473	0.44506045818825796	0.8930167775009787	0.8884586393358955	0.8934131135772876	0.8588054642080406	0.8899655517392149	0.8600335998068755	0.8629397030326327	0.8578965442291716	0.763166705534945	0.8750025998128145	0.9140514312477748	0.9048197991825229	0.8642852039336394	0.8578614090820098	0.8629745256480128	0.9154710426624812	0.8942868871132558	0.8626276609911713	0.8893143255935183	0.8627569768211787	0.8752131906734155	0.8923282934728609	0.8926479025530931	0.8588487241977949	0.9029327150301477	0.8922875504952553	0.8630062245707989	0.895995797078599	0.8614087135343488	0.8932622138825954	0.848465824785875	0.8485451299072762	0.8623543635735993	0.9707587324248308	0.8929719409032619	0.8589176311822224	0.8952864594574846	0.8890029507593107	0.8566826453516976	0.8628306429190263	0.8690660829799985	0.8925978466329223	0.8700071539668387	0.8770893849364173	0.8597907954380648	0.857552660421671	0.8919389471453121	0.8625703398585289	0.8828164489910403	0.8568774881742023	0.8971559339361748	0.8992825326184083	0.9140217054612949	0.876129910479123	0.8592579485151218	0.8528077215838445	0.8622431555675238	0.8622896782605611	0.8886854338768271	0.8625540978533451	0.8965464784725687	0.8629564391986936	0.8463235433517254	0.860507933839565	0.8938162118931365	0.8624374021648586	0.9083901020337491	0.8604187319146543	0.853215083758456	0.8550237123257126	0.9145765081291252	0.8945135046855377	0.8631915970400305	0.8562227783545409	0.8963130210367382	0.8898613882479334	0.8626320916405757	0.8632327399030049	0.9130401867683552	0.8630018774397644	0.8887025693814485	0.862765315344252	0.8362724512385947
scaffoldsVV11	0.8882633785297057	0.855978879237356	0.8577476001695152	0.9013505697209112	0.8812776110363978	0.8592620407689661	0.8578608279826616	0.8602667240233443	0.8588550422395117	0.8929544005181784	1.0	0.8593073768578218	0.8601027710156345	0.8595038937129755	0.8873181703650712	0.8707779347442194	0.8776707824098875	0.8494402421795373	0.8543416686405063	0.8804933877421188	0.8999924659775564	0.8851024132360965	0.8637149547769389	0.8915790392455492	0.8594702052466794	0.8596276891803929	0.23654950245648765	0.9399608591749642	0.864309324994963	0.9011096763095015	0.8905380692026987	0.8455408598183615	0.8586608122676502	0.8616822056547436	0.9001814829654984	0.4384974697897955	0.896343573621962	0.8997377266258515	0.8794928933698435	0.8642538842428553	0.984320284460278	0.8647985778378413	0.8600956252654295	0.8639164406019204	0.7724694666438148	0.8715046330152201	0.8878692645274097	0.9000692589522244	0.8599067257215472	0.8604146403419453	0.8598167442926257	0.8887612187348933	0.8713107652848509	0.8592657287120985	0.8756022234449492	0.8585798956695785	0.8632395269038241	0.875073690922455	0.8969808133818751	0.8621123174850578	0.8881129793103566	0.9578266350913186	0.8607706079781466	0.8942301902568208	0.8593291441154894	0.896230514390361	0.8507554882541493	0.8444814296627182	0.8597181662257096	0.8928226418238417	0.8799658961968768	0.8644042891226182	0.8825108539976144	0.8743983236516774	0.8573068404117677	0.8600483115683711	0.8646685016979624	0.8706309293790676	0.8787693392261475	0.8816233241199316	0.8652010729574927	0.8578965899234088	0.9391691565688894	0.8590827294540841	0.8981942293193053	0.858127053565339	0.8740954488944656	0.8759031135495636	0.8901896450010683	0.8727672919944404	0.8645685035662081	0.8525612134384999	0.859497020162398	0.8592711831116375	0.9006578980076411	0.8596187513111871	0.8768881509498943	0.8592276627758526	0.8581811030579923	0.8654497771440147	0.8800609331217318	0.8600775060410436	0.8840390738594389	0.8647853300864506	0.8472654320546422	0.8522217145745407	0.8875411390073482	0.8811021759953864	0.860168673417202	0.8572852905978681	0.8738243174131389	0.9005544560507193	0.8600280147035279	0.8602725295465808	0.887936647251587	0.8597536871482079	0.9915624343501328	0.8594534622710478	0.8389485807982612
scaffoldsARL071166	0.7456653766783373	0.8490020754708635	0.8673460982669458	0.7558171545425942	0.7500099550327853	0.9941447048814679	0.865975628968285	0.9937318113642158	0.9930758774658409	0.7451011109876301	0.7348605114658303	1.0	0.9848925221409404	0.9870504803959594	0.7439440675392717	0.7264577036848342	0.7416557981114218	0.9258348291417441	0.8644120477098104	0.7385543081074736	0.7535964119049098	0.7431990199477669	0.8513423325461138	0.7537675439716476	0.9935282017492943	0.9889674880418489	0.23725993104956627	0.7306420597035513	0.8508517525494778	0.7424171194314793	0.7472652102574557	0.8145429431378859	0.9925457899804963	0.8467369884105772	0.7529053637514946	0.388413526733241	0.7470424935435587	0.7408740318148404	0.7385684545506515	0.8518455672306546	0.7366137257553139	0.852625996083446	0.9945304249705267	0.8521873801396656	0.7004443429648902	0.7280393230472794	0.7334499444216996	0.7533178687939793	0.9940371497389754	0.8616252510918821	0.994322849656625	0.7521211941733204	0.7409257408603375	0.9873819673159209	0.7360135201131954	0.983608457541704	0.7422223746290506	0.7354320768768519	0.7470019045974453	0.8521078126441893	0.7450453134559565	0.7284752660074503	0.9909209827568798	0.7354823984379774	0.9935691747631354	0.7468763923474704	0.8478737671661616	0.828975280657698	0.9911365827386726	0.7333423296590936	0.7393982660885213	0.8518696785651968	0.7381808245358543	0.7487834099392605	0.8655262794340398	0.9905097802702004	0.8822687351891729	0.7458049009319938	0.7470753133621496	0.7365689735576078	0.852210368076301	0.8663338283329233	0.7297721353462546	0.9929001291086943	0.7412980203184392	0.8654359909284481	0.7416803893736853	0.7359320944079116	0.7488405923479647	0.7277614024922229	0.8512504078344362	0.8594250608489067	0.9876019398755248	0.9875306282581878	0.74189723117238	0.9867232079026452	0.7416876295225016	0.9873719497497861	0.7148882840066383	0.8526187556970296	0.7370974756607954	0.9934265234128123	0.7328088126190458	0.852449634866334	0.8173592681519393	0.8324006081791453	0.7339030389896122	0.7378246649714046	0.9865246498557568	0.8651326150525198	0.741636282870655	0.74107777562395	0.9890220880821443	0.994309688691372	0.7335385072424713	0.9935352171270271	0.7355074719110731	0.9939936818985903	0.8337956399117505
scaffoldsARL08391	0.7438013578833023	0.8481628735617133	0.8639362720589175	0.7543982112686892	0.7505289151812833	0.9886026454126403	0.8635642994003911	0.9902294536124955	0.9884890394570494	0.7448981783303472	0.7333472098739386	0.9875064350613452	1.0	0.9869224042524322	0.7422155766522714	0.7256125832386368	0.7428242964115267	0.925593480045253	0.864633448842149	0.7415747265215399	0.7534330850703334	0.741372722928224	0.8511374410519618	0.7546424465045678	0.9885581916382548	0.9885106156914034	0.23749768717840838	0.730933933545578	0.8496443851559625	0.7423225002568301	0.7474515615559947	0.8155644017218133	0.9882049787210614	0.8504887814831557	0.752837573444919	0.38994349760848246	0.7483026896793165	0.7419171888881868	0.7405214803365175	0.8503231102848631	0.7333246874092959	0.8518390551751425	0.9898870444013457	0.8526392416856323	0.7006665228524037	0.7272625012630811	0.7322738837232701	0.7531202144792778	0.9894605675593706	0.8608869401849322	0.9880259004267323	0.7492471317110638	0.7425244617465452	0.9875371784059529	0.7382659275177839	0.992278604791834	0.7427120064132205	0.7362509193385491	0.7481455073182215	0.8503732773192834	0.743713293107408	0.7264712137343516	0.9937087327095353	0.7360141777194404	0.991362706376142	0.7478793680808998	0.8491506136756047	0.8294038858353362	0.9883881655743639	0.7332143454325765	0.7422548926517581	0.85143139089359	0.7416736194636498	0.7497942018543596	0.8629339285558394	0.9889766149862523	0.8859655919357445	0.7437131949227824	0.7458723259847962	0.7374468035458691	0.8524438001811436	0.8637884053305628	0.7301615847233374	0.9889991038590568	0.7418402980604449	0.862831199874837	0.7427272655686427	0.7352059945540199	0.7495543243542983	0.7268624785543768	0.8503771162558965	0.8561728978979919	0.9869213191259181	0.9875602126093032	0.7423502434744164	0.9876919773817152	0.7427931186522784	0.9867484350924021	0.71798433344985	0.852550649172017	0.7373378732285107	0.9931782600024521	0.7322406064756651	0.8523201703701501	0.819345183070047	0.8330764281427983	0.7327345525651713	0.7413740419242713	0.9944060004983309	0.8622394077827338	0.7422582512769321	0.7406158508488687	0.9889126591259613	0.9895774694401883	0.7329811891937387	0.9891286440602319	0.7328750486895029	0.9884964030946292	0.8393332026643076
scaffoldsARL0867	0.7452241625702724	0.8504865307653993	0.8661006711760172	0.7550806583149638	0.7502041109025734	0.9918829946565901	0.8645737696156969	0.991513352974123	0.9906418163581222	0.7458777522137401	0.7363769918869403	0.9890984867151243	0.9869526356868564	1.0	0.7442899469564955	0.7278761211821507	0.7422280723631683	0.9292402052713988	0.8649846451883446	0.7385793587144432	0.7531072315520468	0.7439067847984137	0.8543545236462098	0.7540202639065037	0.990481849656637	0.9933063131671185	0.23769300781642305	0.7318365839362115	0.8539073651633002	0.7432085650470275	0.7470784527929458	0.8156276500304698	0.9900698796445282	0.8484571651978162	0.7531412871747268	0.39051005564172464	0.7493359572254907	0.7422460997334865	0.7379773930723412	0.8544398290650296	0.7361276595769345	0.8552179071442494	0.9918588946185384	0.8544927823325015	0.699826178063972	0.7292502320642361	0.7338031006176463	0.7532463907913799	0.9924451736493682	0.8618651390362317	0.9900107013435439	0.7514541152555573	0.7425341658473059	0.9915824599319253	0.7358848543833694	0.9858625212693564	0.7447500352917595	0.7373669008449507	0.7497957824346343	0.8538756093765862	0.7455165285547	0.7304356178988285	0.9880255184990362	0.7368381713023163	0.9883485770497805	0.7497058650980093	0.8500418268819615	0.827899501026845	0.9916171785549274	0.7327808834877133	0.7410272432424367	0.8546265631194254	0.7390159380704707	0.749619770360854	0.8650309939683132	0.9904049786810425	0.8844098831508831	0.7464518167376889	0.7476504459421599	0.7377060383148037	0.8551933144630478	0.8662023763521278	0.7314343192107419	0.9906544439646958	0.7423972618453527	0.865697191277064	0.7424184614477479	0.737137909702812	0.7499212111602656	0.7294910880468222	0.8546289331653392	0.8577001536966135	0.9916553375838048	0.992513776912024	0.7435790715686235	0.9899646493376024	0.7421926628644394	0.9914273832129236	0.714363271027149	0.8556109060492759	0.7377288015865892	0.9917452394158421	0.7339667948366931	0.8555111555609917	0.8201462286674263	0.832083673942375	0.7343328112972648	0.7385279124241508	0.9895273912524155	0.8636044390950007	0.7422980705349197	0.7420264205461573	0.9936045473457845	0.990430319434618	0.7340473940875409	0.991389709983629	0.7356998482083902	0.9902548790624731	0.8348052319726557
scaffoldsTV125	0.9043800753132487	0.8610967249856757	0.8632924445550665	0.9070238342180467	0.8860531710964444	0.8652641695443977	0.8624196583848227	0.866446829286352	0.8656151638705792	0.9095853931442062	0.8874940286488898	0.8661061588755566	0.8657448104053154	0.8653333976044192	1.0	0.8834224710621262	0.9197479880119118	0.8499035359645245	0.8610170813493054	0.8853136411719944	0.9056954246810287	0.9952171305438468	0.8581856486386044	0.8977778315239135	0.8656717523220233	0.8660060234003665	0.24169026168716096	0.8818623044592174	0.8584992240244428	0.9095173719628314	0.8989115851624346	0.8412154027803393	0.8654514898375854	0.8602259581537056	0.9052845484639707	0.4501927552747281	0.891256479118645	0.9078435170880806	0.8837372579737753	0.8584995720778127	0.8874069830929261	0.8598103546757919	0.8666016314498244	0.8582529746632422	0.7790259406487791	0.8858634217673913	0.900552310513433	0.9056873499331048	0.8663570821829961	0.8638896610747226	0.8658570489567888	0.9161037169702014	0.9155524565702531	0.8650883227527665	0.8797026203679673	0.8660258219616195	0.8795448993607802	0.9102539373191053	0.8918807568647545	0.858531477713829	0.9033792953895112	0.8769999942602815	0.8669933897075126	0.8863763255253034	0.8659690494828465	0.8923878126853045	0.85160432114368	0.8466058291615978	0.8656960864226104	0.8999173663593535	0.8832982072707226	0.8587091838774177	0.8848573770894084	0.8899987781236857	0.8629186938434706	0.8663507387306263	0.8658330590446908	0.8880838200315712	0.8881469445453862	0.8805978222886448	0.8599871464908444	0.8635283968040026	0.8824181619882823	0.8650378183137124	0.8863213940601801	0.8620034134339635	0.9190488925616628	0.8958575141574757	0.9113284450720756	0.8855968994542034	0.8578776449722818	0.8568635643837083	0.8648785683528079	0.8649333988022871	0.9082080346811662	0.8654535558870183	0.9193678327674492	0.8646545856041521	0.8473287511181478	0.8605109899747485	0.8861416810814015	0.8657296902734632	0.8948199504810936	0.8604243568372352	0.8567600013613123	0.8537219078278012	0.9005920060267719	0.8841649883134239	0.8661647027087324	0.8625667330638308	0.9178364202941174	0.9104476045025642	0.8662032546979171	0.8668143117833002	0.8994522055300302	0.8661891797649038	0.8866960128251264	0.8656897118615677	0.8399478231362616
scaffolds128VP	0.9133001868187708	0.8476858947336674	0.8439909385300916	0.8944107893238221	0.8830962590256415	0.8460650212360286	0.8436583992886583	0.8459875163937761	0.8462702416487407	0.8838563053193993	0.8698830401231765	0.8468212649839305	0.8460631222578348	0.8462103031928502	0.8868309456210879	1.0	0.8849745410457982	0.8307489930105908	0.8426348125514266	0.8712751532914815	0.8908417959616943	0.8860967722061595	0.8459699339353922	0.8818646022325257	0.8457575104418351	0.846880644121155	0.24275221431967753	0.8818143062201871	0.8456682496704211	0.8741375998521844	0.8788146972415002	0.8380484949218865	0.84617315760182	0.8482321477474666	0.8893189410143886	0.4415018633725973	0.8709612912415889	0.8735202271620265	0.8698120297196292	0.8461543717466228	0.8732248404303871	0.8466046159113858	0.8465539832150152	0.8450155100215646	0.7646700403295407	0.9908737669230354	0.8869474127420126	0.8904967899538808	0.8471144292219628	0.8413497750653072	0.8464111916404046	0.9193538995814471	0.882480568008537	0.8460636751671479	0.8679152847501099	0.8462890370671862	0.878092553925049	0.8829688197192268	0.8709313288356558	0.8468225152456362	0.9138198579025745	0.8730777907779896	0.8461045239142883	0.8844295087591459	0.8461439667671763	0.8702244687837462	0.8328277362616086	0.8324329280396194	0.8458094300801728	0.8755919944398787	0.8717540451452103	0.8461343846680668	0.8707757843694125	0.8919064470572384	0.8438732633575738	0.8457453681370133	0.8535360621304339	0.8969516678666666	0.8808594190737793	0.8770358156129746	0.8459240595175507	0.8439521436814622	0.8837786018913535	0.845117975107151	0.859399000131601	0.8434997050129472	0.8851154440081473	0.8773634061066801	0.9066488707037964	0.9937405875088031	0.8452237645935594	0.8366665092726264	0.8460163548973678	0.8461535988442094	0.8745240103033876	0.846763182574073	0.8849432018749156	0.8454328708607894	0.8290282165226197	0.8463236798882489	0.8752799517013897	0.8458042438045588	0.8817239543466403	0.8469930571536829	0.841547863094749	0.8468533317247308	0.8873595773892744	0.8712903101936739	0.8452078188492184	0.8439580361561541	0.885497406988314	0.8734354204732669	0.8467128133402843	0.8467250433947963	0.8861328634907178	0.8464277376600181	0.8710386376327928	0.8461538157195444	0.8228889282291351
scaffolds118A	0.8556807371500496	0.8209821916701544	0.8284440886776011	0.8635375295687185	0.8483794949540573	0.8257367384706823	0.8278768654844058	0.8251276426369687	0.8247491531185438	0.8556934345649528	0.8256131878240094	0.8252463339890516	0.8245296956029259	0.8243715604878602	0.8698602767858467	0.8353684296578185	1.0	0.8036695668131727	0.82575592082124	0.8397167723982257	0.86816301906452	0.8685143776705704	0.8212787430470279	0.872252264435281	0.8248128214972636	0.8257008680579363	0.2361685988086725	0.8301725652489782	0.8219220994821936	0.8662477993971857	0.8598538563095266	0.7964438158471252	0.8251823132829192	0.8249657952266308	0.868259539613477	0.42710394657934847	0.8464839636845972	0.8652975988135506	0.8341781850372096	0.8222932663704022	0.8266032693980316	0.8229021572413158	0.8255852292762764	0.8223546091922807	0.7335448579288919	0.8360320708622645	0.843470451233962	0.8683246169106117	0.8255819961718632	0.825049856010238	0.8252431651613618	0.8642203738672677	0.9691637542139865	0.8254721593768378	0.8363943313579648	0.8229967956534531	0.8442444845736173	0.8639728394050501	0.8465756838303368	0.8210422295553276	0.8553868140527412	0.8209636714388757	0.8247720722830797	0.8443135269858708	0.8247723771414887	0.8461771618975529	0.8092111879057113	0.8125689697090281	0.8245835274711615	0.8424962225778109	0.8378983112514228	0.8218189808769059	0.8387503735994308	0.8545279300285491	0.8280001513235739	0.8247986291411851	0.8327781549061809	0.8476986822997976	0.8302751810710336	0.83754516389855	0.8216205485967042	0.8284522735944687	0.8306633870294409	0.8248692946791354	0.8457199662176914	0.8277479082443921	0.9816242048225116	0.8630312527788002	0.8689193229228833	0.8371198454240159	0.8218522524424584	0.8226134536498211	0.8243670710935164	0.8254892197222378	0.8654350447221935	0.8252561786187784	0.9769551237451731	0.8241885848712901	0.8076265128248468	0.8226681730444688	0.8569155325363721	0.8250644190460006	0.8383579565037	0.8234918879802264	0.8129618851322322	0.8152146326752386	0.8442905914740017	0.8381091383143401	0.8249956236765164	0.8276738829807714	0.9804787764517118	0.8677633678456391	0.8253653659367298	0.825816322496179	0.8430162609152246	0.8256337119530769	0.824232134644896	0.8252387694455858	0.8013074583778786
scaffoldsARL08477	0.7781104946586069	0.8740685391476214	0.8910903169862411	0.7815819262081821	0.7767520700971848	0.9880880241628319	0.8890843659611107	0.9882624764481408	0.9874432391132117	0.7718882834705233	0.7732560923883526	0.9879057067608419	0.9850427786952212	0.9887695949839237	0.7754850675552982	0.7591124563888727	0.769176867720325	1.0	0.889295186621839	0.7680815661885878	0.7856495352274416	0.7746633994111545	0.8801772100133702	0.7809681883001134	0.9875995798944291	0.9903809124701891	0.24095014576727594	0.7681032426453809	0.8797093581774637	0.7794246848815969	0.7844677502936032	0.8693837221473311	0.9878296657736862	0.8701768218211539	0.7851683148846311	0.4057187489164576	0.7768841752421597	0.7777442468041312	0.7673584668975807	0.8803904503735858	0.7732412925777595	0.880418493298337	0.9888813850384891	0.8799782138953643	0.7248831911882474	0.7601707484641193	0.7710202200893141	0.7854056988811569	0.988313535579781	0.887030860901428	0.987221270489982	0.7790839953285568	0.768574586146086	0.9889030144831764	0.7644036646718785	0.9840859161760112	0.7707558854224483	0.7718922826722503	0.7773681246187798	0.8791403318665744	0.7774490850758593	0.7663994874795941	0.9870116570124146	0.7737083230304499	0.9865604751519166	0.7771979955951017	0.8760012087452183	0.8647338057598429	0.9872894262970493	0.7706847719988446	0.7688663554637127	0.8809027850979892	0.7677691382006606	0.7753232217943984	0.8896667514883574	0.9863895353129888	0.9047553671543757	0.7726520112054257	0.7836163486603527	0.7743903842873185	0.8803809135049363	0.8906258640950365	0.7681694928821076	0.9882335295005712	0.7755959354208218	0.8901897178538425	0.7684417034379053	0.7626233610574175	0.7762389098274736	0.759884711423822	0.8793751876296741	0.8824782219712701	0.9894370928066046	0.9883816151647005	0.7785721819111716	0.9868050355826553	0.7690119936649696	0.989157933912588	0.7635822673077435	0.8809383869826258	0.764882000780564	0.9874453902626277	0.7706247121703487	0.8809143857496924	0.8651699583998849	0.8711843892447668	0.7714561958476163	0.7672346064465388	0.9872271543054627	0.8887917163753372	0.767943752231051	0.7778121001801543	0.9902482514374544	0.988302081228538	0.7714462090238041	0.9875258860466171	0.772816448104576	0.9877928135783309	0.8594652209821128
scaffoldsARL091374	0.7249520663784818	0.9546600656368802	0.9870523205691598	0.7387413982574	0.7369799637537262	0.8533526051026246	0.9864639473785842	0.8533309228979458	0.8525754493359102	0.72103902001069	0.7173021403576341	0.851853284698005	0.8538647212162125	0.851781816450518	0.7203479172741222	0.711364861912231	0.7350490917630035	0.8207831446603209	1.0	0.7243356952581808	0.732157481198338	0.7194377028002777	0.8512866211721736	0.7404134018371352	0.8527321604173851	0.8521640648546248	0.23775883983949544	0.7120024790118514	0.8518099898878445	0.7476705193466459	0.7295104448091773	0.8371435925047369	0.8533228336198228	0.8520119029775425	0.7316757214678098	0.3831726536264723	0.7315858973061181	0.7460839550991283	0.7169765950116315	0.8514278083269637	0.7184798510871342	0.8521429358503083	0.8539768328265285	0.852735389131361	0.6876025189230092	0.7123733112243824	0.7133366211309418	0.7318683614964165	0.8537324215335382	0.9266714585514503	0.8530215737367624	0.7308244930290524	0.7350693004736096	0.851957087391357	0.7223502193868747	0.852223540171336	0.730363546742642	0.7216398668678353	0.731778753215749	0.8454687409244479	0.7246780849855143	0.7122578268314798	0.8554523357024048	0.7205807519670397	0.8554469784651598	0.7304852490804781	0.8269527204000282	0.8516510109298328	0.8523839873104697	0.7106475766976937	0.7261617848185268	0.8519439759358953	0.7249351206532976	0.7258657213866667	0.9872680220918468	0.8520658815613303	0.873592190802498	0.7235063018249049	0.7213467529830644	0.7145874513284474	0.8515732038881784	0.988085999887546	0.7124420891796339	0.8532867140829202	0.7342722649893181	0.9872938351886963	0.7342184022867643	0.7248686812574879	0.7287864735437423	0.7124712682420364	0.8506706424626019	0.9804663920935719	0.8510922381722582	0.851824223239263	0.7468215247822242	0.8514850793834143	0.7349035321838134	0.8499484520532284	0.7042549298545219	0.8497801319286332	0.7159274609216125	0.8563623523514635	0.7111390787765138	0.8499649440478787	0.8795801940722662	0.8567391502823097	0.7137677304580827	0.7243315543795799	0.8549320753458727	0.9857111307395167	0.7338829105558684	0.7472877871208901	0.8522634512862468	0.8534759632533476	0.7139476020184916	0.8527071131311077	0.7168537202108216	0.852162840330614	0.8391211152991256
scaffoldsTV20	0.8843231520668797	0.8467742925921835	0.85573595850742	0.9069585117362667	0.882775748268864	0.8526567741989246	0.8545221031978261	0.8536070863418278	0.8527675052580843	0.8917145956274206	0.8722816132426825	0.8537844262131944	0.8533646684822831	0.8526160049364006	0.875595513269494	0.8565875258206781	0.8767866489841518	0.833094557839287	0.8521163639172232	1.0	0.8948354459749738	0.874708007642411	0.852556317021272	0.8939189906820467	0.8526877996007974	0.8535965038945679	0.2331792621922674	0.8718648128600037	0.8527944205821175	0.871357637182722	0.8806408446392254	0.8277123746526488	0.8525493584241299	0.8559938833704447	0.8936875491398242	0.44969757901121027	0.8826720630195363	0.8706447394324253	0.9790508048450867	0.8533530105115271	0.8741578249996353	0.8537511786621078	0.8536337388500314	0.8526410346227733	0.7638322658691191	0.8575659207938594	0.881936086025384	0.8938045627067435	0.8535946788295691	0.8560548517722193	0.8535638317131912	0.8924308045305045	0.8746357192750825	0.8531248932806995	0.981948958020084	0.8529952812088579	0.8694193801021062	0.8808896008402055	0.8836116692930669	0.8535123017151652	0.8838694257386237	0.8685566146369352	0.8538216438561798	0.8834206353769878	0.8530486227343458	0.8824220391901826	0.8402170078329384	0.8318969368761435	0.8531653905665499	0.875864325939655	0.9845309462329264	0.8520794347863697	0.9904398201981501	0.8790465751847067	0.8547075013660816	0.8533293425832544	0.8535471149506986	0.8698190466837967	0.8626947225896661	0.889909768538492	0.8526235199380142	0.8553299657436646	0.8740979421147014	0.852164637673019	0.8748024579427923	0.8546683877969828	0.8784913571309176	0.8884027920052807	0.8857483043620467	0.8583575874932471	0.8528974839728837	0.8508067457754223	0.8524578277783327	0.852689378828545	0.8711705289877578	0.8533314137055987	0.8765725530104084	0.8529882432439736	0.9306267522348357	0.855101375521995	0.9419111468535168	0.8526760937476858	0.8752003271882276	0.8548028369925027	0.8374082521133888	0.8397790536490459	0.8827313023132689	0.992337945898494	0.8528965240730583	0.8555884809343441	0.8771340894633026	0.8730273129875421	0.8539890785848703	0.8535574542780034	0.8807475035804202	0.8534817599099407	0.8738838775941061	0.8524804444332095	0.8293176007250466
scaffoldsTV71	0.8731480723563373	0.8236404627615312	0.8279360814498539	0.875916363583561	0.8534544905382223	0.8326906272235055	0.8280133342080067	0.8331535442849348	0.8320213625248271	0.8748905632785772	0.8561058665361303	0.8329780443134597	0.8331814213796169	0.8325569750397342	0.8673411142834075	0.8476925244329084	0.8694921717985682	0.8157341344980084	0.8261508730136878	0.8657196901142669	1.0	0.8658285585214176	0.8240376552070209	0.8650623851480969	0.8325315233742331	0.8330337520729106	0.22804414192518263	0.8664735163528949	0.8241322096250818	0.8728528524683116	0.9757221437498287	0.8022900609861082	0.8318367331345736	0.8297122676164659	0.9935402395487468	0.427532791791867	0.8652533777006676	0.8720883885955124	0.8605710671218993	0.8237476191502681	0.8574929237852391	0.8249657966030269	0.8333724040101876	0.8229455651825999	0.7582085766720338	0.8497662959468026	0.8650932726697912	0.9960496669288258	0.8337096649592387	0.828556111279085	0.8329450977001692	0.8846356301418834	0.8663042862459818	0.832411903547339	0.8587114200585407	0.8310020927358781	0.8459916729507971	0.868044681239019	0.8659167515127081	0.8235568142611184	0.8731562181294029	0.8569205051553996	0.8335836637000242	0.8688606155045037	0.8327776235490011	0.8655242001312007	0.8168870094593075	0.8068684428789064	0.8330390385638767	0.8656251400109913	0.8626968975332477	0.8242882261953	0.864511585396761	0.920672165710249	0.8274296893514599	0.8329956410769441	0.8323409172595955	0.8570950731007153	0.840833234305755	0.8608723460478775	0.8254112165727241	0.8282390113524996	0.8661153550859253	0.832431933689155	0.8520563201161832	0.8281175707769053	0.8704328430089338	0.861778609252393	0.8670998990776885	0.8502358467428677	0.8245346690213077	0.8223142754302848	0.8322256377182934	0.8327897418273792	0.8719749035867286	0.8328187359026097	0.8694461856958954	0.8327125431696422	0.822484414309346	0.8254164165054055	0.858297920721731	0.8325613811802645	0.860032952746145	0.8256136446683287	0.8128246723584811	0.8169234892016473	0.8659987001285339	0.8651174743244554	0.8332576985129888	0.827167450805585	0.8699813457874349	0.8711189034283445	0.8330161807238874	0.833385737885372	0.8663240784826041	0.8330076904988193	0.8566073692147695	0.8327176858496095	0.8073451365581915
scaffoldsTV98	0.9014584232797966	0.8592509186609835	0.8619758620601093	0.9039673523634447	0.8828574091986598	0.8626624935645456	0.8610802986283665	0.8645746329901244	0.8629986528846391	0.9084683870818872	0.8851651274671294	0.8635107370907036	0.8639796894456593	0.863603822879869	0.9948610135645594	0.8804276966165046	0.9169326974585656	0.8481465614623429	0.8610417836012654	0.8836909421608684	0.903919654334879	1.0	0.8551136713497428	0.8958108418816162	0.8640690599381106	0.8634520711374765	0.24404093483688877	0.8791117719310396	0.8554990447845652	0.9057313297064902	0.8971385547860014	0.8391456026963401	0.8634451261372562	0.8597433152325671	0.9039518599251343	0.45129309189917083	0.8907765454747598	0.905096515019112	0.8812132536323359	0.8552336309820614	0.8837137852830271	0.8558253658101823	0.8642183679331467	0.8544908685587882	0.7792891758109523	0.8825044871750647	0.8988129149294058	0.9041728902209312	0.8643693543655606	0.8622761834785061	0.8641545403705597	0.9146869504549348	0.9141442327244361	0.8631113258427497	0.8775711787265318	0.8641968698988538	0.8766242185955981	0.9084712126337481	0.8910862014358808	0.854597758801005	0.9017067944057734	0.8746908975343909	0.8648793684257937	0.8867246371898898	0.8633944782398215	0.8910408742785171	0.8496234414208732	0.8456339885394105	0.8635163378243395	0.8982255566382409	0.8818326009479225	0.8554252413678923	0.8840813577897337	0.8868642047378646	0.8619080974892565	0.8640851631151212	0.8639179965273676	0.8871423839069684	0.8864958885344417	0.8784587717822598	0.8564042004128808	0.8625488218251672	0.8801664469999929	0.86317014897904	0.8851851555733647	0.8612569701934646	0.9169008171494283	0.8946387273153646	0.909837741353028	0.8825522927668441	0.8549472956184776	0.8555003884573641	0.8629921551701661	0.8626731207737991	0.905212151409616	0.8635796389016727	0.9171905285443505	0.8636187078609645	0.8457407791722599	0.856903961645499	0.8848030945624499	0.8639075072579636	0.8946674804341813	0.8567468065923799	0.8546928990333937	0.8516505810795165	0.8994071219360535	0.8832072608598212	0.8641789708480238	0.8615682720713639	0.9154903104251247	0.9066981856684487	0.8641845363204763	0.8642655837873949	0.8988928921064223	0.8635532635030723	0.8829469612265074	0.8633970168903674	0.8380605084924285
scaffoldsARL08804	0.7145010490483806	0.8361763024672284	0.8408977976659056	0.7351838811485213	0.7364182274246548	0.8244517640992296	0.8403083610555024	0.8251841306257895	0.8233725593549326	0.7178630183800302	0.7101761965318069	0.823524523189029	0.8207631751727145	0.8238065035285055	0.7104703366613774	0.6984342216357654	0.7202761317588057	0.7944748919984721	0.8390269323583435	0.7194372340754862	0.7136660279065832	0.7095000122462708	1.0	0.7405419228463099	0.8246285496680206	0.8232210768033271	0.21366711738015454	0.7084371507202307	0.9918661199699358	0.7230119220781012	0.7101378714349325	0.7943775478308962	0.8239802477806537	0.8225250767667629	0.7136558029031926	0.37994630857339945	0.7211337418708138	0.7225222356336948	0.7129630828301243	0.992016530103487	0.7108162148485928	0.9947486403293476	0.8253496856043006	0.990603131603172	0.6809762091437225	0.7000077135768586	0.7045100844600266	0.7133673481501446	0.8252950636859523	0.8252607951286447	0.8236601637274085	0.7255116746889881	0.7212256013645527	0.8229683227318083	0.7150160037404946	0.8216549741585563	0.7188499645097008	0.7062495615101474	0.7215229230739227	0.9860362130508898	0.7146717674654968	0.7075520281953669	0.8230035679730116	0.7061606593604173	0.8228519480376839	0.7211922092644926	0.8649221146323713	0.8081958642695163	0.8248157020170662	0.706170222170351	0.7191372735153435	0.9926448261640332	0.7198259496198833	0.7122079877536149	0.8400925459612117	0.8243272353639348	0.831283552777805	0.7183966557822759	0.708912934642009	0.7065182989180999	0.9925857877447892	0.8416667386364617	0.7075683588993679	0.8239024407077418	0.7180109768855173	0.8414858654086386	0.719079663103008	0.7075547494097586	0.724414669266116	0.7000786029750573	0.992813064357327	0.8344389210741675	0.8226731778564202	0.8232178164937975	0.7232189608902392	0.8232749797598273	0.7201868408629395	0.8233167001582979	0.6956238514021862	0.9896034194483191	0.714971779469988	0.8250109662505887	0.703974630035748	0.9902737343919085	0.8095375394746626	0.8153112787920064	0.7044921776099172	0.7195102216506037	0.8210066839395077	0.838562386915306	0.7186107495235226	0.7214004268824235	0.8242973133005981	0.825245873190282	0.7043058004642722	0.824835080116452	0.7099993978080686	0.8238060732049541	0.7892179104487417
scaffoldsTV21	0.8512917770244215	0.8256422853385672	0.8199652270584383	0.9434826916459387	0.9685196792604295	0.8206620365162044	0.8199173664870815	0.8220691707144093	0.8206151928628181	0.8480183569690384	0.8308627565840491	0.8207287012340243	0.8230429544809854	0.8212329738762576	0.8392808857504911	0.8235316303360775	0.858909465961435	0.8013664503656411	0.8189817384542111	0.8435535602957205	0.8481261457490911	0.8374070229322474	0.8314355979696033	1.0	0.8214780227951908	0.8211492142333587	0.22746323323744244	0.8317746380898753	0.831353762198809	0.8463169645304434	0.8392337642920411	0.8074589097264648	0.8209828993439746	0.8220815501801142	0.8478326773320232	0.43084909463330373	0.832926297753235	0.844840794105367	0.8463103092530859	0.831173835972021	0.8336597288336071	0.8312222782768792	0.8216534031249078	0.8309328696454592	0.7403837386665862	0.8235728120723866	0.826338434763369	0.8480825121112309	0.8221789596260795	0.8173684739861897	0.8217289791700371	0.8573522767306205	0.854115415819542	0.8203513155316476	0.8441925710037176	0.8233959832164283	0.8392282231654802	0.8389060446283824	0.8336938242755102	0.8309080074914086	0.8511129998880782	0.831625484475076	0.8240304723472667	0.8374218502394638	0.8240119385330604	0.8327605769878842	0.8221914209480871	0.8116414681881574	0.8212812753789392	0.8313559302874847	0.8479871509255507	0.8314787201106623	0.8442061513715674	0.839747661611103	0.8196070649525499	0.8215539039009038	0.8263391802302055	0.8257890921441602	0.8246662705028134	0.8463868801031833	0.8314151625145736	0.8209519519105979	0.8351895171872113	0.8210540821335985	0.8300891347876775	0.8203498076908183	0.8593368794420003	0.838127476532822	0.8502936777605797	0.8247315408243534	0.8298644787565048	0.8154697131252712	0.8211071303980602	0.8206316337373603	0.8463655993612333	0.821262614985983	0.8579428045348296	0.8212888386709601	0.8093885342713364	0.8320224774967087	0.8588902151861331	0.8246008624384091	0.8223585551846487	0.8323832961275981	0.8235969648386255	0.8161978771171788	0.8269122035437344	0.8432884728033389	0.8231694018337353	0.8192008756856473	0.8591050426607592	0.84717644334164	0.8216140805904302	0.8216938213447753	0.8261553436599436	0.8213187043593314	0.8324747205325741	0.8208197507699864	0.8124548302966471
scaffoldsARL071198	0.7452247167722733	0.8476720007600841	0.8645811707566354	0.7558116054776972	0.7498760659603789	0.9943934092582567	0.862601629899118	0.9960653539353501	0.9927530289485542	0.7449846817332253	0.7339956631501261	0.9926052390704785	0.9850278522804466	0.986901375293345	0.7445553820729053	0.7263598273256531	0.7439908766993647	0.9248612820347	0.8626161665359271	0.7389714017346974	0.7522299400415684	0.74400878702822	0.8522501678970263	0.754411657966754	1.0	0.9886466915815493	0.23748742652374005	0.7306919054198411	0.8514850014359581	0.742030913198504	0.7463518398537833	0.8145019761005214	0.9941172761458025	0.8474560262258065	0.7523153687035811	0.3878487085987395	0.7474093738465756	0.7411905994208778	0.7386839022458525	0.8526648683367902	0.7349196653861271	0.8523311407392467	0.994878001703256	0.8528174543463732	0.7013707026007461	0.727622152677165	0.7331986991761078	0.7523768566201393	0.9937260115192172	0.8603937877730996	0.9943112724425718	0.7516269077566878	0.7437572488711074	0.987410053410711	0.7362776705960319	0.9836953671428519	0.7429189194155772	0.7386885685289406	0.7476917845858472	0.8522039383726808	0.7454766079727998	0.7279080299872527	0.9915466890970698	0.7346622418466687	0.9920108058297463	0.7477199019394223	0.8478219501772918	0.8284563459267501	0.993856811391151	0.7330652851052883	0.7408519075911494	0.8526414451472288	0.7396845764912793	0.7491819322556934	0.8633729450804266	0.9912779451943099	0.8821524462844825	0.7448441464479518	0.7482565245264001	0.73698912827272	0.8532719898255594	0.864394194964696	0.7300095038410855	0.9942922853037965	0.7421873558738863	0.8630920366701966	0.7439383566403308	0.7372431449899653	0.7485539153512429	0.7279756887270639	0.8511579480475711	0.8574255074731306	0.9869282514298128	0.9888299323233095	0.7420974974632322	0.9874324063428177	0.7439024598789807	0.9876100558109498	0.7159779965897985	0.8534577059461504	0.737775621157988	0.9960710566482472	0.7332617668049217	0.8538011352052317	0.8184980196006079	0.8322336335888246	0.7337139836737367	0.7390172060544088	0.9884362847171173	0.8624850440750073	0.7434903582850838	0.7405354826105671	0.9889819355449359	0.9965719103478503	0.7339092713156352	0.9938376161803336	0.7337921162213717	0.9954843857358833	0.8334081801302319
scaffoldsARL0843	0.7478421595666455	0.8519149185689012	0.8678835215690212	0.7575072277701917	0.7527962633940003	0.9936436720853916	0.8661995348174739	0.9948465877688493	0.9920212304679051	0.7464024393950921	0.7372239896544958	0.9920313593369352	0.9893197214885159	0.9936106627452154	0.7447895109167489	0.7279552234250427	0.7454462710359638	0.9312508820512302	0.8654807557120665	0.7426176519821112	0.7549846489953567	0.7440218287496526	0.8538984656822118	0.7558823567676287	0.9932321943498519	1.0	0.2369550240686756	0.7336505424906291	0.8533767040069361	0.7459836928096525	0.7489067661948965	0.8183435733211512	0.9917837507323799	0.8495324929358625	0.7542374580444446	0.38766110769826273	0.7501397490773163	0.7446112275668847	0.7417048107453257	0.8541758871789837	0.7381594696182934	0.8556097822330134	0.993770998060266	0.8548132347229166	0.700846538736887	0.7294116077391154	0.7364735797942253	0.7550825592579075	0.9929511896576496	0.8635253647970008	0.9920054878590461	0.7528439366735669	0.7442187792464362	0.993947411985438	0.7393864086646624	0.9878537892002252	0.745832760738765	0.7391755698255723	0.7500539724251531	0.8544647167398224	0.7471892601580696	0.7316699144941147	0.9903970098018688	0.7372714749647192	0.9905255233017143	0.7500891111769868	0.8494112914590983	0.8303003219707555	0.9927179339142046	0.7355780334553665	0.7431065442457278	0.8550102945534895	0.7420438752467591	0.7513215040213916	0.866699402896751	0.9915650807208909	0.8859342020197687	0.7492806292737335	0.7494494582059071	0.7385744641029509	0.855140835606215	0.8670068198907717	0.7328436917382892	0.9935131579959621	0.7447237199842832	0.8659482813775472	0.7453911834825462	0.7396305894168227	0.7508220023055353	0.7295259044999302	0.853697467610718	0.8601908321540293	0.9928703968254438	0.9954977311350529	0.7455408731752429	0.9913590084994685	0.7453691307652688	0.993513148821307	0.7188774979534799	0.8560970138326962	0.7398287531853229	0.9935005108896575	0.7358329273943992	0.8555814975101285	0.8204378411799633	0.8343563784732418	0.7369856226751238	0.741711501078988	0.9921458121025825	0.8655280664558305	0.744894920690391	0.7450093964366027	0.9962401385403448	0.9946647418695245	0.7365242548516316	0.9932402222589727	0.7372505309976419	0.99338689419357	0.8356819154930629
scaffoldsARL09542	0.17205279271882407	0.19204247932323906	0.19780324391261556	0.17565097176720218	0.17238101146502516	0.20157267202660265	0.197482465552986	0.2015603644491143	0.20152930033872368	0.16780709552177073	0.16717133217150393	0.2013329190615847	0.19975416228501403	0.20159908048404238	0.17066552983540587	0.17098001101995308	0.17795390680249884	0.19381034799490837	0.19683056855449965	0.16952962534456723	0.1726481762022949	0.1703230582402871	0.18441970405827376	0.17265190108086514	0.20122529291268632	0.20205910244152508	1.0	0.16796928992570798	0.18518911816432782	0.17744087984976908	0.17281274108347397	0.18933917836053982	0.2019185252166289	0.19374549334653857	0.17241356846097342	0.174564014605684	0.1675981845484688	0.17681286336661955	0.1672876714054327	0.18561190830039964	0.16837780645853914	0.18580398067652545	0.2016009978108305	0.18567678596586476	0.1746462196484186	0.1709969506633281	0.17706098589849595	0.1725464420185163	0.20138854306999554	0.1921177910775222	0.20101219046496072	0.17446846130707253	0.176921999060202	0.2018374143842677	0.16953928876183724	0.19848652884996626	0.17343570363409383	0.17094368246957106	0.16785752863895376	0.1857826688051817	0.17152101990415916	0.16759650123597644	0.20067176195294792	0.1698477706453247	0.20187514650909397	0.1671677313783725	0.18607193041922726	0.1985132347431304	0.2016171088801696	0.17041078145693192	0.169383576549215	0.18540037707480353	0.16918894759463565	0.16935237660222577	0.19778581335265552	0.20155180782358073	0.20092189203761926	0.17311115246920744	0.16915404003505255	0.16856069512403915	0.18541575400511368	0.19763359124233024	0.1686036559372596	0.2017819532304832	0.17427831307427907	0.1972350082147066	0.1776916122129938	0.1733441295829964	0.1732237784118175	0.1711306276713041	0.18494756474833599	0.1971115998734864	0.201332531249651	0.20178552574096384	0.17687092552427838	0.20072328533369208	0.17779354813107864	0.2008881871443678	0.1654537108448305	0.18547443000499642	0.16825132040636978	0.201007804779248	0.176073920108741	0.18556346904785115	0.18796258753114523	0.20065871445971667	0.17711352040985637	0.16853439655483501	0.20046212679020364	0.19722263750139576	0.17784048504913094	0.1773544221087993	0.20136037589012257	0.20190958626020442	0.17694200686103875	0.20169966230771033	0.16763932743867657	0.20127186299544514	0.18888403498195516
scaffoldsTV97	0.8897832442064694	0.8514079046973997	0.849659534446142	0.8983470771523666	0.876580968022118	0.846122866815711	0.8490124410458814	0.846270690052308	0.8467916035867845	0.8916789879824184	0.9328999731384978	0.8466454121339704	0.8468241482059345	0.8466970614026358	0.8795844654128911	0.8795370110272784	0.8769826812687136	0.8354283143109282	0.8481555345094113	0.8754716719131785	0.9017605907767982	0.8786656188777092	0.8555551132986513	0.8873657520055448	0.8457639181493182	0.846527487671673	0.23818954136141585	1.0	0.8553841448246943	0.8885962231758447	0.8910223231832852	0.834477853296256	0.8462389220924639	0.854280097581243	0.8998758505712272	0.4510037646601666	0.9046475687216827	0.8879002690202631	0.8727829195468904	0.8553687781121282	0.9319380663012333	0.856653853706232	0.8465816665113488	0.8545446861672179	0.7659905376689072	0.8810615980844562	0.88742382556554	0.900939807838126	0.847797833707322	0.8511475606405069	0.8464684807801622	0.8934592997479157	0.8755956154690485	0.8464670687229467	0.8696940249298173	0.8466136263229888	0.8668464278594844	0.871747868400307	0.9046390212679623	0.8531869360882146	0.8896702686926349	0.9435471387324814	0.8465471308031816	0.8947170421242562	0.845995475332001	0.9054196299338427	0.839997474035708	0.8357698285414396	0.8457568406262896	0.8889094051229162	0.8729444384939744	0.855409670620185	0.8758538946843114	0.878087951691012	0.8492691163855166	0.8454649781763126	0.8563876349137017	0.8686627509358552	0.8651898879358912	0.8769324227885015	0.8561261956426246	0.8501686309996433	0.9920655515574826	0.8451502285787966	0.8882924234354016	0.8495502333516252	0.8762581323352233	0.8726819692486121	0.8897802834663645	0.8806187436553718	0.8553024954241314	0.8446602791018211	0.8457941244640067	0.8457813628655566	0.8877335339023669	0.8465400269023434	0.8762622873077778	0.845501766202198	0.8466791379928629	0.8550558706190613	0.8772672720830812	0.8461899020596665	0.8812186274280563	0.8547699745739537	0.8413367835836146	0.8451962462972654	0.887184381576364	0.8755345509247366	0.8461145621910685	0.8490022837075928	0.8762296729540282	0.8886034554319204	0.8466002577759039	0.8465984485121136	0.885399550420884	0.8462420764237789	0.9328058478940338	0.8458781607156217	0.8295130794101396
scaffoldsARL081292	0.7166989571492794	0.8370802371025475	0.842376266666371	0.7371687667875403	0.7372336142355012	0.8258321288537848	0.8414876509867297	0.8267403325770536	0.8253959480930682	0.7208947270159582	0.7132197013774676	0.8252889795519348	0.8223723942698472	0.8255373946788296	0.7129870489662319	0.700239649258049	0.7210403246509803	0.7962717036903989	0.8405046850013524	0.7204563488904129	0.7160584136734204	0.7119473638726489	0.9954041521458791	0.7413765172344404	0.8261743932289638	0.8248807607597122	0.2150178290507589	0.7105397469497375	1.0	0.7256061911567995	0.7124760475137607	0.7967432736162018	0.8254196226940408	0.8238131262104506	0.7160333017954682	0.3818712569630367	0.7223287920378056	0.725614565201061	0.713987428534613	0.9946789008824195	0.7135441212340193	0.9956196930525605	0.8269568090252318	0.9917156425427472	0.683357790779903	0.7019215468834675	0.7069987960733702	0.7155109446875489	0.8273054468517642	0.8266867451417887	0.8257398283913211	0.7278310813950354	0.722088542572738	0.824508602548377	0.7166247418561986	0.8231829331945969	0.7208996537423172	0.7081804001021264	0.7227773461221467	0.9864804192068405	0.7168980328590947	0.7099840976157509	0.8241353487619962	0.7080474668978977	0.8249553837280597	0.7228198980806303	0.8654900319321323	0.8106886835391249	0.8261919992266235	0.7083095548567483	0.720510264227477	0.9930099377813472	0.7205896830625578	0.7137948148818272	0.8416656649036195	0.8257332299476086	0.8327899991227222	0.7197871571333281	0.710838419110462	0.7088391769248031	0.9934890029861949	0.8429911110797703	0.7101672747955952	0.8255732948166518	0.720156408083529	0.8425908789682892	0.7198196813097528	0.7096110519769477	0.72741198588174	0.701648339139645	0.9938352908631984	0.8358981335394663	0.823954214739429	0.824939874968722	0.7254702286624092	0.8250506294928299	0.7206425516715208	0.8249514374201661	0.6964032277211015	0.9904556570807458	0.7164311205336013	0.8266095826302279	0.7068866184751911	0.9907002390102467	0.8117625720985605	0.8175871552194292	0.7072172570662479	0.7205853836237909	0.8228233025256423	0.8404147447786097	0.7194484560802459	0.7238669607865564	0.8257965081523257	0.82654107879513	0.7070617463612863	0.8261435354809114	0.7129529936103969	0.8255349306113423	0.7909475228677775
scaffolds071107	0.8811647785614061	0.8645082761981503	0.864728204081348	0.8956201940745939	0.8777869929331586	0.8467453236108573	0.8629302664614894	0.8473325426405448	0.8470258577748969	0.8818807104851142	0.8788326255821483	0.8474073784282609	0.8474070715337886	0.8461308342849243	0.8860844954008672	0.8505173340405093	0.8904221123470802	0.8323500635729151	0.861830074622145	0.8645131784188422	0.8925515228451167	0.8847596522757687	0.8517318515432651	0.8895419131758665	0.8468057321897072	0.847600322886437	0.24192436455222238	0.8738542570712555	0.852511882506265	1.0	0.8869634497921205	0.84340487737039	0.8474701175712562	0.8486108950204995	0.893487981169219	0.43819583162831316	0.8880109954569598	0.9918416113790879	0.8601236785697361	0.8512494572799701	0.8792575128744786	0.8530880668980639	0.8472014990757343	0.8517743920534327	0.7587144239808339	0.8505301787692056	0.8755854328938752	0.8933807601092434	0.847561513603739	0.8615949543785482	0.8475745896159947	0.8796756071849822	0.8866636126157722	0.8464163869553128	0.8597079963037767	0.8453359717259982	0.8660568539290512	0.8853565582625007	0.8882658888032428	0.8526550673890778	0.8805951925914809	0.8724835423677315	0.8469882607996253	0.8721595061625786	0.8472661867601892	0.8875554997436441	0.8398527743585071	0.8526239766123526	0.846405476638003	0.8773123624443956	0.8627333097618487	0.8526407461912776	0.863568149396379	0.8702293903285143	0.8645902194512107	0.8464677588345609	0.8632912059965936	0.8542549857087388	0.8682345540739852	0.8578383518409827	0.8526459646660802	0.8644510296967532	0.8731962187552351	0.8465418454069409	0.894778520399114	0.8635783587728944	0.8893632499682809	0.8763407954962448	0.8827611300495246	0.8524372916981955	0.8512124647395866	0.8586227279615258	0.8463821847688529	0.8466531083746748	0.9919057996594619	0.8463307086203155	0.8886770058373116	0.8466804014996159	0.8338290056107427	0.8538035989972037	0.8554208143669246	0.8463820879383698	0.8692130698590643	0.8542728706229271	0.8571730989304545	0.8596794480000626	0.8757383870392843	0.8633370346670848	0.8467993858317526	0.8645245265774716	0.8885922302634403	0.9915995435908986	0.8467418565115165	0.8478263458272327	0.874798220558302	0.8470127094565353	0.8791206833251296	0.8468771599712253	0.824569516495137
scaffoldsTV92	0.8686903861139184	0.8319505717470316	0.8353184394199945	0.8760394710953092	0.8637278255766213	0.8366514029027544	0.8356516643343372	0.8368473699631513	0.8362301191647289	0.8736895489060862	0.856567193168019	0.8368079855338579	0.8368915458922943	0.8362777190244165	0.8720818535294043	0.8505567389693297	0.8741875948519614	0.8250178975986353	0.8334710459572414	0.8634108841789071	0.9875063197089644	0.8706870569198791	0.8305778723768414	0.870415659088659	0.8365682279608515	0.8370260381296789	0.2332073375935599	0.8683792882796383	0.8308835416398017	0.8777686026076943	1.0	0.8118339583841968	0.8355099576620254	0.838660457698829	0.989213739554687	0.4325576789291073	0.8694979472562899	0.8771280265407384	0.8597103319360229	0.8308470062773744	0.8580680028450929	0.8318672283634467	0.8372675297470739	0.8300626566558227	0.7680185187224826	0.8501134048224295	0.8649115908798006	0.9893836471147452	0.8377670758043219	0.8363576911822858	0.8371118322822569	0.8860490346506126	0.8716391054555027	0.8367773344299223	0.8567991044678414	0.8352002991476982	0.8550334238947292	0.8673092472942747	0.8691509967963136	0.830277432976992	0.8691398386577427	0.8582508717415354	0.8368589664816563	0.8727894236467922	0.8363914504899663	0.8690342818670371	0.82627209778103	0.8151860940675366	0.8369243630937552	0.8673337475397856	0.8617471054268492	0.8309364608520661	0.8631845803772028	0.9288063063533253	0.8348195829571695	0.8371388441518274	0.8402227946141035	0.8593811607179737	0.848229867107861	0.8612335626095593	0.8317108015196549	0.8360266786991087	0.8694088003318758	0.8365970304917021	0.8563695017810725	0.8355253203245142	0.8732054057553668	0.8597604503819098	0.8644905160241144	0.8512179534880231	0.8309867120764124	0.8300532798976075	0.8361308849075734	0.8367885347112898	0.877087774729776	0.8371132081020636	0.8739042094232675	0.8358030742959593	0.8302222076388406	0.8327958441551587	0.8595079788457883	0.8366152754401888	0.8595767277970581	0.8324754683440551	0.8209391027813292	0.8259000103457345	0.8649309265871917	0.8631097746580081	0.8364527101439522	0.834759207734379	0.8725933557033746	0.8760900924678567	0.8363394008025588	0.8371569543558393	0.8647581165366746	0.837165684782078	0.8571797065060098	0.8371650123239914	0.8137503760241579
E_faecium_reference_sequence	0.7196348566480752	0.8741294276821832	0.8642050245416415	0.7460431908731374	0.7420490567449467	0.8275186788385531	0.8667530893200348	0.8267050151720102	0.8267965175743216	0.7267667333336174	0.7220717010698877	0.8238285725296897	0.8265550220146971	0.8264155793189091	0.7195763433985318	0.7145470416539055	0.7251600401955502	0.8296607313573238	0.8615175820627874	0.7192199556827452	0.7189635821838838	0.7190796238531628	0.8383508101284917	0.7410757735631766	0.8275271835918839	0.8272872604940529	0.24301391643797973	0.7154086561304814	0.837837759160461	0.7428967837799272	0.7178120020621817	1.0	0.8263196033150734	0.8422979658694046	0.7192020099383091	0.386933950134003	0.7276418310002855	0.7415195520434319	0.7166709117549697	0.8372444581828534	0.7218427020680538	0.8391166488783423	0.8275535226301063	0.8385983164498889	0.6722248085831062	0.7168000035274489	0.7211934482792985	0.7173423307474809	0.8273232076071297	0.8265538384743734	0.8231622942070871	0.7165719871568812	0.7257542944862412	0.8268425278239011	0.7140542231937838	0.8274629863798791	0.7277746783221372	0.7253772099693161	0.7271359952069844	0.8394366020143101	0.7191895574829883	0.7182438057102359	0.8269192952556281	0.7227567446159598	0.8275989160064472	0.7263085553133626	0.8183584308768187	0.8385192321134285	0.8270839208883055	0.7252177512656511	0.7171437579116193	0.8374387142988379	0.7188185342250668	0.7145735432861363	0.8640212555917911	0.8256899451516483	0.8876980024730355	0.7140033469405981	0.7300222296682363	0.7195149308173413	0.838822499568475	0.8637523068723861	0.7144102830820706	0.8258633651714423	0.7367408216062182	0.8657000187524968	0.7242363712077975	0.7179982679440804	0.7183747514406207	0.7168768493424712	0.8370426280578825	0.8597786973154783	0.8263755359228171	0.8269759237693113	0.7421023970356644	0.827363201429476	0.7255627963635224	0.826915416109775	0.7180648950499083	0.837998560519402	0.7169312957451582	0.8270741016008016	0.7195528972658103	0.8392535238090811	0.8722149195583659	0.8536816714156905	0.7215291163890059	0.7186059350956567	0.8273880761201295	0.8636699833006021	0.723501451887491	0.7430184246616659	0.8266316671155689	0.8276130741924722	0.720095050622951	0.8276933313537701	0.7231044161538372	0.8279708725407992	0.8347556920513408
scaffoldsARL071300	0.741481997767266	0.8474902760427072	0.8639759786644224	0.7538704004048811	0.7470262455933017	0.9942949637283113	0.8622723506335127	0.9949390874783048	0.9936332967029284	0.7435962633662645	0.7299773421347742	0.9920223543984901	0.9854713497017323	0.986948733691067	0.7416031623787984	0.7231945897700934	0.7405373722424902	0.9256300824885317	0.8632788005321403	0.7386436353111802	0.7500645569577934	0.7407114401288314	0.8511445600369726	0.7516949042893293	0.9944776700945244	0.9873270111306867	0.2395564080915737	0.7282131824180268	0.8505649060600453	0.741586529623737	0.7447391567401793	0.8144819899536686	1.0	0.8468699493431947	0.7502498522894343	0.3890389911025734	0.7449765828706469	0.7406962394947337	0.7383628868176243	0.8517697005400975	0.7308090129438005	0.8514296230259139	0.9948517227127234	0.8522467717681457	0.701086005312644	0.7245921597860177	0.7311856040102698	0.7503333306756931	0.9936915254251838	0.8604376720073919	0.9939933415373456	0.7487391372000058	0.7402848422002007	0.9881534304144075	0.7358255162526361	0.9834665000071595	0.7410908231448299	0.7352475320508087	0.7455221173533794	0.8513093506896404	0.7411672389162345	0.7232164408982656	0.9913470543334453	0.7332602653341757	0.9916204512661705	0.7454455565803493	0.8472277194279599	0.828754879519783	0.9923705942474168	0.7309940939909716	0.740025223810245	0.8513466250478715	0.7388649337181418	0.7471186015067578	0.8628975728608712	0.9909179737004953	0.8820862219287602	0.742252835751999	0.7471934855694413	0.735253908702797	0.8519525085288906	0.8643799145179665	0.7279496838940609	0.9938434195541521	0.740926482063636	0.8627975798671768	0.7402425177798604	0.7331088937451461	0.7462325604080173	0.7243566107204578	0.8497811868335656	0.85672940930387	0.9860494946870935	0.9870964096249383	0.7412208242592127	0.9863962588322753	0.7405015992387952	0.9868090809928002	0.7149324198083973	0.85263024718972	0.7372563125077497	0.9940987225302467	0.7309022352647214	0.8528112913352938	0.8184293210921109	0.8327322119257797	0.731724153892148	0.7382771428840166	0.98707666299201	0.8620294730487219	0.7398765077557652	0.739718504382725	0.9888786527207079	0.9951456619627975	0.7315747750673726	0.9931264132977641	0.7302937307907538	0.993972721728452	0.8348274898805407
scaffoldsAR01139	0.74644826034421	0.8697923528548303	0.8792403286238918	0.7691075932041048	0.7640186827213102	0.8586629065702003	0.8790340411528275	0.8600126524826014	0.8587165496869074	0.7587996594899743	0.7462277153934689	0.8572495143016243	0.8593618195449431	0.8583975257990939	0.7474666840641919	0.7394692918662393	0.7589046283689054	0.8286331372989989	0.8796106396291318	0.7521088275537301	0.762863814782744	0.7463420309879294	0.8586690380696388	0.7682138728478564	0.858865156690496	0.858284410638821	0.2405254083466805	0.7429497737729932	0.8586194860863539	0.7621374974871915	0.7610583726981597	0.841942255227791	0.8592345777045587	1.0	0.7623923669966528	0.39522819845815516	0.7463717233270225	0.7610334701367533	0.7436823855218867	0.8595030253497189	0.7464225731246623	0.8589679623571684	0.8600210979458907	0.8599005195028965	0.6975427508834177	0.740322290745989	0.7420874914084018	0.7631030125011389	0.858989682777469	0.854274687210963	0.858820152235544	0.7555792326487082	0.7586788033313467	0.8577231463694114	0.7490615564367633	0.859955594894889	0.7585188904885547	0.7511790715104345	0.7467948738772001	0.8568923351557366	0.7463974079493906	0.7407007476711941	0.8609893783111356	0.7473725847955366	0.8605185661479723	0.7460123780635427	0.8389272761782035	0.8518473522570752	0.8594847199688055	0.7458714183656769	0.7528499808969519	0.8584768319482948	0.7519676993166151	0.7515153430367841	0.8793337539624902	0.8587149983263467	0.9116908330510359	0.7491513073091873	0.7454373037308255	0.7346401626876299	0.8591637598265316	0.8805199226696366	0.7424556508582654	0.8589175823071203	0.7541969002472566	0.8798252938078553	0.757599193170208	0.7356404104024825	0.7542354027814968	0.7403083225690961	0.8567182471841222	0.8798460410742865	0.8575260426697938	0.8576703356767938	0.7621333715537728	0.8569583035330947	0.7587763025560809	0.85750350787084	0.7331019931741133	0.8597952253717284	0.7462438088012041	0.8625679629910046	0.7393680629721111	0.8603023738242264	0.8316344767529621	0.8485095449709352	0.7421758451057655	0.7514423105605955	0.8610586017150385	0.87832802631189	0.7571988330640946	0.7607541989198797	0.8582774591945006	0.8595089806442039	0.7422774278253227	0.8591667402190264	0.746730056317446	0.8586249747917181	0.8602145187103941
scaffoldsTV43	0.8713389684697714	0.8216873187719936	0.8244520590509622	0.8736159818106289	0.8525114027670637	0.8301991410295435	0.8242065639177713	0.8305930872081272	0.8298797726673854	0.87101391148033	0.8522490529745118	0.8304383986938259	0.8303117997928675	0.8299085236649145	0.8644873143659499	0.8432444292287157	0.8690516332399586	0.8138494390435757	0.8226436009854564	0.8641746074740572	0.9906414474117903	0.863864171708701	0.8223647326056074	0.8632079539995202	0.8304014784931804	0.8303969306293393	0.23001478090715358	0.8619232154509844	0.8224852720862894	0.8709661797838444	0.9742507322484487	0.7997299278958162	0.8292070932484435	0.8272168124453665	1.0	0.42809503545787864	0.8612336574240039	0.869819961796994	0.8604056630972351	0.8223995744152959	0.8538412167078498	0.8228622836338634	0.8306032611280224	0.8214588513672476	0.7564321439594958	0.8442545808663281	0.8622985142666805	0.9905176797083216	0.8309341670875149	0.826838121048043	0.8306728989524286	0.8818785620602086	0.865426555049241	0.8296507103753272	0.8580467295235139	0.82817290354378	0.845325520020447	0.8653257770628456	0.8621257013810093	0.8220275604442608	0.8714216064625129	0.8516660423632865	0.8311124312524949	0.8657609404719432	0.8299674722847862	0.8617106454284168	0.8147019951417974	0.805879564138851	0.8304586103287167	0.8622556510437148	0.862643661294845	0.8220929968564403	0.86376536022971	0.9170210316631489	0.8239338811022072	0.830288509188094	0.8297728568214019	0.8544342471830809	0.8400124959602163	0.859117289808441	0.8230943075394952	0.8251720340763606	0.8623375621838317	0.8296123945800096	0.8488472818123444	0.825077144455141	0.8695892891937318	0.8590697887274369	0.8651141749017441	0.8451863368619821	0.8225624829024267	0.8191060942212741	0.8302858916835182	0.8297816043332574	0.8696373486197886	0.8303922706466419	0.8683285039362093	0.8300929579003198	0.8204454432781696	0.8236633477437773	0.8573107053470459	0.8304637683335173	0.8572407526441476	0.8240508207427808	0.8100203042363591	0.814958666174947	0.862189095479365	0.8636908264585516	0.8298218769952864	0.8239337704460075	0.8694488760677135	0.8687638606747436	0.8304312748060442	0.8308608920737095	0.8622366419917892	0.8303831929989804	0.852364477557076	0.8301154049832038	0.8040527521211207
scaffoldsVV15	0.3683624914418325	0.37910286228983797	0.3775390854992283	0.3811090374662693	0.3781382196080222	0.3752750522752695	0.3774973190978684	0.3750057777436277	0.3753290839700212	0.3690638641244784	0.36291087599562777	0.37518273783658806	0.37482994526309243	0.375089706828562	0.3709897452989386	0.36665423624535515	0.3721131052101844	0.3672172144431856	0.377297026143538	0.37428871540038283	0.3706511564905099	0.3704734746037451	0.3729147254340738	0.378281996278521	0.37470043170727957	0.3752175125040896	0.1986473477202099	0.3713497503080475	0.37346178602319463	0.371761204137322	0.3703384415996687	0.3658795595243066	0.3751258761748056	0.37317423825385726	0.3705966485078039	1.0	0.372366738433194	0.3706979728391044	0.37451356366444494	0.3732792451475423	0.36557835459611476	0.37406657738886057	0.3749393284335327	0.3739332346764697	0.38045983808178874	0.3672050949128451	0.3604256471172435	0.3706730309715513	0.3756411255633704	0.3778346939230617	0.3747559848146995	0.3742670692013076	0.36945024818986577	0.3749466136277018	0.3719767889707177	0.3750422265561895	0.37493416165011134	0.3651317871855197	0.37253876053013	0.37524550879408497	0.3678191830883078	0.3677562273914216	0.3747402087243877	0.36774771222191016	0.3754803907146581	0.37213635889425717	0.3694279501250712	0.37306814966070706	0.3747674701018269	0.36124620004506963	0.37397328916998956	0.3726285437977904	0.373524033440206	0.3735590793435642	0.3774655470816992	0.37473703852420526	0.37812577328874364	0.36628699181158303	0.3638237625429691	0.36305690385334544	0.37360330847858947	0.37784452442238975	0.37164785389256527	0.37462472793292056	0.3677734116361491	0.3769024324821614	0.3723484423461634	0.3683655906536544	0.3696277813481896	0.36638049226933805	0.37321388256735066	0.37598786961813424	0.3749076442181932	0.3750559334116596	0.3717324184983164	0.3744994343372611	0.37140751713739917	0.37419944044871545	0.3602587740899535	0.3743730695962532	0.37329121036909985	0.37491996419832285	0.35756952125569474	0.3748187016147036	0.3755878290726455	0.37497874572700923	0.36064954984290587	0.37382314502764863	0.37501364101915935	0.3774645711663638	0.3722433533139632	0.3718706308169931	0.3747537328952541	0.37527757736516254	0.3597718558377964	0.37515207978046583	0.36470579354486743	0.3751452114372145	0.372541686522572
scaffoldsTV18	0.8754735184829027	0.8625291857485416	0.8581249978280431	0.8794580066888658	0.8621617426741673	0.8529232163570867	0.8575297338270476	0.8537038641801068	0.8527486743114142	0.8785103720913507	0.8741640547740013	0.8535314578282146	0.8530549668076891	0.8526620577482706	0.8705905048318736	0.8494000509889871	0.8741330708759127	0.8326842082003394	0.8557584163437273	0.8698292159496508	0.8839850455833561	0.8703215429167025	0.8483885904234069	0.8721833399663235	0.8534037966779139	0.8534131427014039	0.23258826333039284	0.8902447317280777	0.8482953804201311	0.891414874527436	0.8758477508738935	0.8378005948829026	0.85345176991488	0.8420651537883106	0.8847355571505799	0.44700112111700585	1.0	0.8904008468718361	0.8662803158721762	0.8488067093487477	0.8774648396117015	0.8492233888567572	0.8539351178737238	0.8477627803083638	0.7688010642899842	0.8507193903528845	0.871796094913627	0.8841323208614521	0.8544697230144773	0.8601127218463271	0.854045296250866	0.8866737081504931	0.8739223723358287	0.8533353462527361	0.8630897266957904	0.85375296445569	0.8643417626281097	0.86343131458714	0.9961698116956209	0.8491203479096222	0.8753880358063275	0.874914063763691	0.8538111542675985	0.8726892933734207	0.8525867168142305	0.9955461075329204	0.8415446173156447	0.8439890440624699	0.8526550546528776	0.8708347032795548	0.8652598585761613	0.8463461685204166	0.8703038584088981	0.8682815423990622	0.8579107045353406	0.8530001435386424	0.8659767447978506	0.8595786710305561	0.8660262384542745	0.8608722095859115	0.8473323702335592	0.8580892343250469	0.8890057072110463	0.8523982740068347	0.8903278732030677	0.8573045044489332	0.8728992761930527	0.8802082294045267	0.8691439250132825	0.8510968378199677	0.8482919891115789	0.8512351979912811	0.8525670286891571	0.8530658579129228	0.8911285045557253	0.8537256791239148	0.8740624519516446	0.8527725019553003	0.8345816652735691	0.8499460226286939	0.863373166916383	0.8530861139839926	0.8655713995730954	0.8507202334205317	0.8546998775730371	0.8598086175156888	0.8718265248663191	0.8697395297799929	0.8533613986720707	0.857840884563602	0.8719587129485673	0.893751168012685	0.8529603939814582	0.8537877945316997	0.870229540321257	0.8537875003454389	0.8758718210516373	0.8535839898802199	0.828025643906662
scaffolds070381	0.8801807426206995	0.8646412882731163	0.8658800669702498	0.8919817752091632	0.874038006035203	0.8482598086064899	0.8646256932989406	0.8493659274357566	0.847808465439258	0.8800627897344467	0.8771654147500836	0.8480276136337308	0.8490707876435871	0.8479074858060284	0.8861166020255602	0.8486119460535201	0.8904908388754896	0.8337288740988495	0.8636443960236162	0.8630094336424176	0.893129879904409	0.8845779217489466	0.8541071854173863	0.8869156181616257	0.8485442413784203	0.8482436078745407	0.24318720414935868	0.8730915605441218	0.8552279541462398	0.992654031804539	0.8866355085285474	0.8425176363079994	0.8488479156525658	0.8518269655483178	0.8933417653805101	0.4398912721431222	0.886774858211075	1.0	0.8589997311846397	0.8540751273339457	0.8759251042978321	0.8547332492435169	0.8487838220776297	0.8541527285397248	0.760576647106086	0.849791558993062	0.8724449784643677	0.8938715161019501	0.8492564707768251	0.8631539641256041	0.8493269723380681	0.880112243199138	0.887327410198558	0.8482683084181292	0.8588442147929088	0.8472168805792957	0.8679224355680423	0.883459549848123	0.8875127663499482	0.8544408717525344	0.8795760022457155	0.8699286844470279	0.8485546292925036	0.8708920502740747	0.848244215606493	0.8870596974622139	0.8433951029884857	0.8547979647979742	0.8485441676771459	0.8758593166427727	0.8628754283877194	0.8547473471198006	0.8628105631348051	0.8689563459326557	0.8651787672503586	0.847989316684483	0.8666944371046217	0.851636776064383	0.8676880481747467	0.856486307737133	0.8549735748323506	0.8661457714311875	0.8723303431069155	0.848355643676668	0.8925783307921011	0.8649914339833583	0.8887294299139913	0.8759788338965859	0.8849635167990785	0.8502817745437792	0.8541000307023556	0.8594049366149731	0.847758873837711	0.8477335158659807	0.9916736992250071	0.8487177148410837	0.8887129260009154	0.8482352407113012	0.8329592637361187	0.8561015923221569	0.8549128217543839	0.8488663314881787	0.8678731924260096	0.8566222083882579	0.8575189235531101	0.8610952417486128	0.8730409029951902	0.8630673035956432	0.8489755816745341	0.8653790024437152	0.8883263788512071	0.9895402759121524	0.848937802101672	0.848989141313017	0.873447896524337	0.8483952718144246	0.8763154666267154	0.8483336824632068	0.8251116440204398
scaffoldsTV78	0.8768652172296648	0.8409466864792803	0.8428285561449887	0.9008733590333562	0.883249633150257	0.8460105166418689	0.8417371569755746	0.8463072835274327	0.8454415437154383	0.8859864310145824	0.8641846593069475	0.8465585840421593	0.8463959035673232	0.8451171000650435	0.8684246554602553	0.8497845449305914	0.8667525901308263	0.8260872451352242	0.8389898331304075	0.9743311843976167	0.8859887668330005	0.8670813493436118	0.8428378362594627	0.8946280962019252	0.8453773045978511	0.8462693318632989	0.23024587250089554	0.8647516799305799	0.8432483849448462	0.864454072598398	0.8729140070336111	0.821261062662732	0.8455174518840933	0.8443474390972426	0.886011696783322	0.44690197293181666	0.872553437815771	0.8622284744160527	1.0	0.8431496611048598	0.8656981765245062	0.844278819178038	0.8460144928460359	0.8431366854432139	0.7552950115297192	0.8506560979824997	0.8716296624074513	0.8851127009832935	0.8463878008364705	0.8452468175562694	0.8459193989399305	0.8816365214420321	0.8633609899912913	0.8454028166031156	0.9900148641390926	0.8456486045007261	0.8593689017917738	0.8753689991115979	0.8734204295313566	0.8434128094478264	0.8764641384839617	0.8606114115416588	0.8464663820403002	0.8738156576096164	0.8461908911565411	0.8725429213972817	0.8269076665043302	0.8242088354587335	0.8460102451265632	0.8696405584273282	0.9926320877793716	0.8436277473596122	0.9703294170755293	0.8687944093545233	0.842273213327027	0.8457426048022145	0.8475160419109043	0.8612160719940258	0.8567548473017157	0.8818842063218275	0.8442043794463022	0.8422416536929606	0.8833482460846677	0.845101067710236	0.8665195110786063	0.8415375683826016	0.8678620568945634	0.8811910156599817	0.8740370383206235	0.8517375370440795	0.8427820028084858	0.8378640985177196	0.8450876801598952	0.8456677356553933	0.862397046433359	0.8462227457016669	0.8657549783144637	0.8456221581128647	0.9120707689871742	0.8454214925140319	0.9365643787957149	0.8453277356051716	0.8654842005576159	0.8449356624257468	0.8332577029957833	0.832179236428612	0.8716996820711072	0.9717739957667973	0.8452204038439131	0.8426493518391924	0.8669321827317549	0.8645956978344596	0.8462985968185976	0.8468254904311927	0.870486636983242	0.8467105883240525	0.8651800426771245	0.8457621062959052	0.8233328608456429
scaffoldsARL081249	0.7184998741253119	0.8385094854986609	0.8428441216763997	0.7384668946744636	0.7390315132179793	0.8270158222601622	0.8416502547223744	0.8281350885624363	0.8264545082683602	0.7212275639393582	0.712719266119223	0.8267736609022059	0.8236604095494525	0.8265305706863684	0.7131161407637062	0.700658153200816	0.7227684700592283	0.7977533717676455	0.8415720468910103	0.7221194377465407	0.7172977988518402	0.7120968335722078	0.9958948141559057	0.7425555177791419	0.8274589409792326	0.8265208890170664	0.21454344063980416	0.7111414898983396	0.9949296437236198	0.726218710517261	0.7135071640625018	0.7970008320507049	0.8272673174548277	0.8263975334856385	0.7170744783007175	0.38032391745951255	0.7235115382087747	0.7259159126561402	0.7156678311732225	1.0	0.7130779418863139	0.9970936326034225	0.828521083818581	0.9935037542002677	0.6844919594318676	0.7023340292979633	0.7075866262487787	0.717014496009387	0.8282396348685163	0.8281096446930113	0.826789936865707	0.7286750504822647	0.723503170447188	0.8260987423463092	0.7183331071018733	0.8244165210336689	0.7218427309430177	0.7079943787805575	0.7238178697788854	0.9872927933228332	0.7184187169513103	0.7099714916157749	0.8258632298929676	0.7099202927932132	0.8266022783862255	0.7235118633661103	0.8668372631999828	0.8119714202067071	0.8274696742002883	0.7091212783690586	0.7222369182428712	0.9945874938711079	0.7224547987111528	0.7152593407193263	0.8421914513176249	0.8267298269146578	0.8343820530228409	0.721360899528164	0.7122235272942781	0.7093172295164623	0.9942853072714697	0.8433273729136933	0.7109089568407227	0.8273987097577089	0.7214369376331422	0.8426103676682222	0.7215407582213059	0.7106575130305736	0.7283437318853002	0.7020738588310178	0.9952196372744735	0.8364382141679055	0.8254895704640864	0.8264769333276866	0.7260185615822526	0.8260934048942458	0.722359990064539	0.8265043533808649	0.6984787689106886	0.9911172753285985	0.7180448129278464	0.8277180572293805	0.7070277437949974	0.9918894779616111	0.8126347391670792	0.8176397965301441	0.7077992823392517	0.7221546280141117	0.8242675200014258	0.8413046924904315	0.7211007199888478	0.7244845561590457	0.8273339164647258	0.827876426879764	0.7079723624001818	0.827464875524969	0.7120279553563545	0.8268038327924786	0.7916753959372725
scaffoldsVV6	0.8912226197367689	0.8578507964192708	0.8612527465279989	0.9080065381549698	0.8855650011130018	0.8611872786619587	0.8606899448029957	0.8612151384831462	0.8613442220461003	0.8973797877670192	0.9873150993325824	0.862113741105849	0.861231424945389	0.8602089638913895	0.8907706688872978	0.8756683716780121	0.8826086204880317	0.8508860735142657	0.8568415695332499	0.8867238981407534	0.9027984828212067	0.8880859627514753	0.8658852618205031	0.8951340435287825	0.8607124715235388	0.8621046222440802	0.23815332876942913	0.9417330268829968	0.8664078197611548	0.904831054687778	0.8932017352992588	0.8466866117340325	0.8599127352410786	0.8633055759545413	0.9031837691724927	0.4429672818760627	0.9004194575588419	0.9026966190722994	0.8853684574049776	0.8670312308011913	1.0	0.8680791211968244	0.8614507688613317	0.8670318467323681	0.7741506107195693	0.8763819267897034	0.891358025031862	0.903042632368951	0.861234766020765	0.8640081001661458	0.8615219046897784	0.8935142452741024	0.8753127437155227	0.8609445758595142	0.8813311858941191	0.8594481291546221	0.8668653006854719	0.878433219150549	0.9001279500042546	0.8660094462853178	0.89033099207846	0.958869979188917	0.8617488077426435	0.8987471208129839	0.8616361376732349	0.8998851881370997	0.8520076752316443	0.8489160877441303	0.860736748091092	0.8967258967183007	0.8841125814373634	0.8668068432794159	0.8867996704327099	0.8764901645749563	0.8606631797441789	0.8607962630999321	0.8680179663256841	0.8746753167962852	0.8816435177893193	0.883226528063738	0.8670235747061084	0.8599012308373303	0.9417048263997484	0.8597594445057627	0.9035536890931917	0.8601471839688309	0.8784899165196902	0.8797974491989585	0.895804335659109	0.8768939762186947	0.8666740012391697	0.8557970454424775	0.8608935973561483	0.8611238270719821	0.9034994677329662	0.8610570789077756	0.8818305922899096	0.8610764535520274	0.8623628202221899	0.8677246822389043	0.884495821129378	0.8608637252113974	0.8849454040119642	0.8671527622046793	0.850820185438608	0.8561761132146144	0.8913939486020677	0.8856934449016511	0.8607597757609091	0.8606238726990235	0.8779729100326665	0.9051448553642637	0.8610655520770281	0.862305663824793	0.8900526971469542	0.8616713124130463	0.9903992072553188	0.8616402894661439	0.8427377492977282
scaffoldsARL08781	0.7152778947279664	0.8370537405407348	0.8405767038566716	0.736904145483576	0.7384106061668471	0.8244434482507992	0.8399361544458466	0.8247619917004421	0.8238672604937821	0.7185014265845255	0.7109420996233224	0.8240446477350906	0.8208554515365101	0.8237072765567337	0.7102777561184223	0.698062523380985	0.7216462347993033	0.793956376006342	0.8388245570033235	0.7207670022523845	0.7139442310471583	0.709040783432983	0.994624646830265	0.7417263529525554	0.8241776748877492	0.8241884107260978	0.21286440550193303	0.7086634336130561	0.9924847010599028	0.725390476839563	0.7103195883584466	0.7952329802767605	0.823680388955593	0.8224071546281113	0.71367410923311	0.38044558708927034	0.7220697524790821	0.724123377495765	0.7141430885340821	0.9925815299778805	0.7119879347567777	1.0	0.8254111999777248	0.9918231304421643	0.6826491421069295	0.6996734079567063	0.7055981393504664	0.7137876522286403	0.8254612681340155	0.824828310813736	0.8235394523471671	0.7259218650962513	0.7216638996840524	0.822730627855198	0.7161898936420619	0.8215613530969305	0.7190814153427659	0.70622361736753	0.722224699382723	0.9873230632531154	0.7146350480200702	0.7081560499204249	0.8227732098182368	0.7061114278342052	0.8235824182167243	0.7216045692763158	0.8655640732824342	0.8094762630725514	0.8242527177952145	0.7066366487478914	0.7199161454060398	0.9933157558575167	0.7203667657929065	0.7119325817743312	0.8399740298303038	0.8241480021522579	0.8319593583916979	0.7190397922686418	0.708529397270108	0.7063731630744319	0.9933983085223881	0.8409361146382954	0.707924614319982	0.8236506563253767	0.7181959379199135	0.8402267581522557	0.7203910122339227	0.707801516121356	0.7245556143693792	0.6995669850601837	0.9939776311476499	0.8341992127935642	0.8216199761993128	0.8238010082138152	0.7245854431135117	0.8225186164542402	0.7212363796663139	0.8225801989606729	0.696624853557864	0.9907439406065367	0.7159905173909609	0.824242813492097	0.7041196582817665	0.9911269546048538	0.8101397709251795	0.816661900142129	0.7056387830116317	0.720154335345333	0.821245226046694	0.8386910011437689	0.7198508083439107	0.7234095863557525	0.8239208151486163	0.8256805805916654	0.7048549057451086	0.8249179373441682	0.7113245059560618	0.8241679092552524	0.7899788903904567
scaffoldsARL07973	0.7431816526951174	0.8493633461991398	0.8668097078900437	0.7541482140992609	0.7484672687754971	0.9947165114189135	0.8657734859864052	0.9953293989628197	0.9936075237586159	0.744018981675874	0.7330834514710536	0.9934235602459666	0.9853734740738518	0.9878596202978119	0.7438047198105447	0.7250436096165926	0.7413663784899807	0.925854536449416	0.8638825000682092	0.7378305015231788	0.7516409263965111	0.7429095395126918	0.8531253869368839	0.7527444902756667	0.994611343538815	0.988560636610346	0.2373506154051704	0.7299477259006887	0.8523115557568641	0.7428525539459258	0.7457421783691565	0.8135720344896463	0.9936262172852437	0.8477027864160577	0.751597423618802	0.3855182481717107	0.7463723079100103	0.7418414719468008	0.7373790277362949	0.8534474581641572	0.7340657458496516	0.8538226226525113	1.0	0.8534510586908145	0.6990579019231813	0.7266459600006882	0.7329659003860585	0.7516343818728474	0.9950063596768156	0.8613021055219933	0.993459235979604	0.7508883317667205	0.7413599720960633	0.9874262688564027	0.7350905525247957	0.983774365551074	0.7420295488048485	0.7357863861894332	0.7468767978387552	0.8526988128806064	0.7428763119021252	0.7267797995029669	0.9916325515774261	0.735504599153895	0.9926389479240225	0.7467526131288	0.8485761345966732	0.827642054113693	0.9932627507613022	0.7319141479077447	0.7391073360797353	0.8535259967573903	0.7380667499252879	0.7490813825964374	0.8652704989604327	0.9923437318907935	0.8836816253571842	0.7450613403980547	0.7473242633114315	0.735895305153733	0.8542807216338647	0.8662956544119125	0.7294947702785255	0.9943398003978047	0.7408176511424366	0.8657879467971501	0.7415631016081133	0.7358418815071631	0.7480566123975496	0.7263344201372275	0.8530580639205254	0.8591166391151598	0.987492255526931	0.9877326281960706	0.7429190369159306	0.9873934979179647	0.7415438293998903	0.9872613723913657	0.7146954625940539	0.8542966893565614	0.7371441632779406	0.9953289686612438	0.7327179295724119	0.8543935061853017	0.8179679668357017	0.8325285413437524	0.733408796820559	0.7374905144217492	0.987656760215392	0.8640732846487783	0.7414750353031371	0.741555492525569	0.9904048932543719	0.9949136329259076	0.7334239277626294	0.9946513229213749	0.7332121787500153	0.9940306341736678	0.8340880552760893
scaffoldsARL08712	0.7137137187196307	0.8390295635570109	0.8434765755140154	0.7353899949044556	0.7368039909284498	0.8273844545171816	0.8429987595966135	0.827894101577972	0.8272720722146093	0.7164521437131676	0.7100661010364782	0.8273027801067302	0.825425518354126	0.8260010837981195	0.7088475388508169	0.6970148052933364	0.7186866827071049	0.7968642206557657	0.8430759399165667	0.720434040620458	0.7140109810014195	0.7076228612798667	0.9916655832283392	0.7409551015791439	0.8269385007295129	0.8265214161576299	0.21515928553473807	0.707757009606728	0.9901631366635271	0.7241796670080994	0.7101618377833795	0.7965922896199503	0.8271715482717442	0.8248903971198106	0.7136075890616964	0.3827885055708244	0.7218846872102793	0.7234218491912037	0.71359940958675	0.990426748407519	0.7109995646216707	0.9928582353338534	0.8282386100821015	1.0	0.6796745910799529	0.6984259839671136	0.7027641889398281	0.7137503615602447	0.8281516158951698	0.8282902337794084	0.8273016810487717	0.7238484942772188	0.7185496514464011	0.8258292297972439	0.7162078594288686	0.8262629407792114	0.721249865715753	0.704844415628731	0.7220684663623627	0.984152059654275	0.7130635038040544	0.7070116673976372	0.8277139363238122	0.7043683720098054	0.8285286105626941	0.7218676596575084	0.8675745829400985	0.8123458744327419	0.8268332151390435	0.7034224218418765	0.7192048869079508	0.9900365216776169	0.7198327171358434	0.7138098518301534	0.8430422956735549	0.8263785891836033	0.8344129044023891	0.7173052828713927	0.7094694719815446	0.7040086357516052	0.9912952684678881	0.8434966762635371	0.7071016100316346	0.8264793578648324	0.7183030962654512	0.8432746336643316	0.7174430404018278	0.7056736270689724	0.7235492407105564	0.6979558467384022	0.9906892698337065	0.8373006476370133	0.8250046349595616	0.8264826470265055	0.7234619198174362	0.8257849328670528	0.7185655590211307	0.8261353172930012	0.6972211170017253	0.987140542610988	0.7151799051905858	0.8285542833945021	0.7015532478648964	0.9879703725420482	0.8135817702975602	0.8179996453505874	0.7030429126739899	0.7199716954724241	0.8265250367705791	0.8426665301156934	0.7169765020842508	0.7225926464969683	0.8268570570145538	0.8283349968243066	0.7022193071369599	0.8275591901742845	0.7106450994542052	0.8270298549067161	0.792135158156009
scaffoldsARL09409	0.6974852822580584	0.7406972903448621	0.7378937255149474	0.7063170437698323	0.7076248889356275	0.737738022349041	0.7382062003091276	0.7381826796376153	0.7369036423774304	0.686500856392975	0.6949022549948085	0.7373461736367231	0.7366055991481144	0.7371492687774436	0.6966936710793995	0.6833703258850393	0.6983713904147268	0.7168617726669297	0.7373663264878072	0.6935562896192153	0.7164870168949359	0.6964131167484744	0.7406923985984385	0.7113225003173995	0.7372124888154471	0.7372647755555375	0.21705827661235294	0.6911391646191156	0.7404394355633428	0.7015398400389018	0.713950661672659	0.7012773437460543	0.7371703397529883	0.7277440758390933	0.716539662024515	0.42259002904567766	0.7076508113078913	0.7008324546474387	0.6933544011570778	0.7411111752876026	0.6964522926152764	0.7416773942080993	0.7379020093524249	0.7416847436350038	1.0	0.684325893824892	0.6854555298092265	0.7165509005031727	0.7384390917505089	0.7331875649551363	0.7376661226221947	0.7076236725014838	0.6982365110084027	0.7371499090346945	0.6905002455507411	0.7377369326874043	0.6991048311194352	0.6882083648467969	0.7077679728938855	0.7389562908932819	0.6966559099969535	0.6870996174680832	0.7370985743231587	0.6900985680289012	0.7375291425277386	0.7068454986924179	0.7271406049287289	0.7244573005298368	0.7382271694244139	0.6779952808605098	0.6932753684098673	0.7400349520526796	0.6928569454163671	0.7057047183464064	0.7382406264362238	0.7373066393141107	0.7479596749373775	0.6954610804024655	0.6849089850575985	0.6952137296006403	0.7410551127046464	0.738018739990178	0.6916709596557038	0.7371992663108654	0.6940921177627464	0.7371424639708288	0.6977945580830222	0.6869748006483924	0.6944908829951233	0.6836009311356562	0.7416957885992246	0.7320660049036782	0.7364861259678813	0.7375350210159576	0.700865688034484	0.737118838330082	0.6976981847165523	0.7359464915337651	0.6723902388412435	0.7422206686205726	0.691589911403698	0.7374304679677219	0.6829429880125419	0.7433122352475856	0.7247941513342888	0.7281434301099731	0.6857631990510464	0.6927536566873738	0.736812951595764	0.7373540766810216	0.6975094162629267	0.7010749184848023	0.7377418744076808	0.7381662900701682	0.685204129601883	0.7380526619655886	0.69633759464777	0.7376511512610758	0.7430345520605838
scaffolds125VP	0.912322332226705	0.8498925599840027	0.8466973195290904	0.8927112877981849	0.8807760026359207	0.8489819751714838	0.8457774182541933	0.8494272476730332	0.8494492118933014	0.8839042982000898	0.869460231918727	0.8496598175460582	0.8484359228136584	0.8487703867170177	0.8885475789064379	0.9878116404669856	0.8832363918774814	0.8330818644318887	0.8446652855787452	0.8709294393669192	0.8910763704771468	0.8864264350958859	0.8470780669943518	0.8802928801493475	0.8487611534504912	0.8492872566575428	0.24299778815922826	0.8838294048042339	0.8468501339441711	0.8760789204723756	0.8790974280993825	0.83708638148595	0.8495449810870244	0.8467009937866631	0.8890071920102898	0.4416004522646159	0.8684964584436392	0.8754262416287149	0.8697341538289878	0.8464408790648922	0.8717396537536388	0.8475479624041573	0.8500493130134114	0.8459099105313826	0.7653812411720118	1.0	0.8868683690025604	0.8900757226104022	0.8505395396674433	0.8443913166968667	0.8495271697239475	0.9189951585273506	0.882039487752214	0.8486631020740326	0.8666690797166766	0.8492041292783927	0.8777150158425723	0.8843770745612429	0.8692112083308241	0.8475970616738175	0.9118993043846455	0.8721502977494858	0.8492331062043966	0.8805258034981347	0.8496217552593129	0.8692562131525811	0.8318535073824342	0.8323048556495398	0.848741648034345	0.875584800066667	0.8706630592336053	0.8472513029435051	0.8697375951610801	0.8918210632563508	0.8465627401935157	0.8492181498339184	0.8542422757897629	0.8978184537836124	0.8798025789775838	0.8746633088607477	0.8469856150611333	0.8468998281163024	0.885499887965634	0.8481961700946044	0.8615484370934793	0.8461697649734066	0.8836081628481355	0.8770592731528737	0.9058652534144729	0.9932119622580393	0.845817512455483	0.8392084131277667	0.8482064999907588	0.8487784482963658	0.8759538483898515	0.8490135274453913	0.8832775392857491	0.8482909737612238	0.8291731628326436	0.8465865958268199	0.8761436883448717	0.8489740005410839	0.8823999031687895	0.8476751682806831	0.84469985593086	0.847637200621296	0.8876092279731506	0.8701434433064751	0.8483805309678619	0.8468404250203037	0.8839285074252414	0.8754707661795303	0.8493826360539388	0.8501207842334091	0.8862009147535196	0.8495032633175609	0.8714634471968667	0.8488002382106637	0.8235963919244647
scaffoldsTV162	0.9090798267941338	0.8479429722070091	0.846221425141883	0.8871508127919705	0.8663560583075931	0.8471510748392126	0.8459571293344796	0.8481573118741709	0.8477917061910495	0.9175357471561677	0.8828698494631272	0.8476295540856715	0.8482186524420101	0.8477719817871185	0.893778655664655	0.8788208300857832	0.8770947426873953	0.8380800773825546	0.8434374323359707	0.8816865569069872	0.901441764728253	0.8923912495750799	0.8456346173300027	0.8759251638750798	0.8471030810159236	0.8481032533315009	0.24216833688121966	0.8857449498304054	0.8447754849788612	0.8851264602510909	0.8911541366014387	0.8397346505137553	0.8472520049880914	0.842557709081476	0.9014100229818784	0.4274262649957491	0.8840727085695059	0.8846124428262984	0.879147980689797	0.8448957248725117	0.8821914696190893	0.8464896758511719	0.8478095134842102	0.8439597546485507	0.7619494636369343	0.8799518925523436	1.0	0.900969421293213	0.8492439483866102	0.8458932957480847	0.8470324006545814	0.9126031536357846	0.8734403693313266	0.8469838626175318	0.8774378696688605	0.8465842717722661	0.8752291234337635	0.8932744907094547	0.8837560708666989	0.8453147035555253	0.9087219049467345	0.8800909218781124	0.847913610750763	0.8904295228835636	0.8464034923745157	0.8842812519195618	0.8364720406448869	0.8283138660347198	0.8474431098161544	0.9364748229984652	0.8806544535591322	0.8452995570177821	0.8827534316962482	0.8796594141821394	0.8456574492524661	0.8480577674520784	0.8553393057594402	0.9250593796397603	0.8781362551050998	0.8778028478957434	0.8460585207181001	0.8469650792569975	0.8872878358063694	0.8473227329603275	0.8712743101285185	0.845617746884189	0.8765487162395336	0.8845564646301423	0.8965584824346605	0.8806115692336103	0.8451609599752133	0.8397250795536495	0.8465279243104245	0.8474875225382561	0.8842702048289401	0.8471722118931235	0.8761636332147034	0.847779096487836	0.8526344997355111	0.8468689326110532	0.8780078139339841	0.8471364745335485	0.9889567783380268	0.8462050291068439	0.8409933937154195	0.8410859372484972	0.9954036053521951	0.8820140219428958	0.8465587995201294	0.8458341109760059	0.8765749828323663	0.885293903838956	0.8476669293150918	0.8482044852782811	0.9937793433397696	0.8482298264469403	0.8833330404970634	0.847401946985358	0.8235157415481478
scaffoldsTV73	0.8727838687709708	0.8231691345025578	0.8274476055295061	0.8764284219445007	0.8531724144615465	0.8315554426362799	0.8272182353802807	0.8315543357547883	0.8305413786595253	0.87437347182918	0.8566810513010598	0.8311696608508692	0.8317392961480105	0.831093988441021	0.8678143926829601	0.8474649443379216	0.8707153627644396	0.8139596821579519	0.825633661060687	0.8669048877884356	0.996488166988673	0.8666431546017617	0.8221818654793424	0.8651013228893373	0.8311261862965265	0.8314618179347548	0.22706781081864047	0.8656903681099234	0.8225190647651525	0.8738938772061287	0.9765255081036142	0.8022144548891725	0.8304541380905045	0.8294799724012604	0.9932745433478123	0.42645204050289715	0.8638349616717517	0.8737201963313075	0.8617226806597031	0.822026669190467	0.8571498141741929	0.8232245513895685	0.8319114614708059	0.8212131177207489	0.7597483500951011	0.8487954108492561	0.8636555705835606	1.0	0.8326912323016749	0.8286230721665726	0.8314433633091689	0.8847420398261684	0.867021989111103	0.8308776609815474	0.8597832544447226	0.8298083042077091	0.8462504215845537	0.868069123100541	0.8644634557328409	0.8215067851709346	0.8729475934148802	0.8577348470762178	0.8319557571531015	0.8675809071455092	0.8311256756663786	0.8643366654228529	0.8150485861424466	0.8068397958450676	0.8317275199121724	0.8651877239554786	0.8643304885452849	0.8225464742782265	0.8652733017493811	0.9205616675920966	0.8269087182011801	0.831733542426969	0.832343515295003	0.857017606859491	0.842075697966693	0.859643530636604	0.8234606456019857	0.8277073019674637	0.86604395579603	0.8312783592496304	0.8524700902739	0.827237286351724	0.8711892514581642	0.8621675522689333	0.8669638175779381	0.8492841813449158	0.8227169285033854	0.8217255501570393	0.8306931010947058	0.8315296600949319	0.8732351367893023	0.8318567223344074	0.8703582262023662	0.83068196374269	0.8232595979491569	0.8233136028523688	0.8597464926766113	0.8316374925992543	0.858833666915347	0.8239771374362249	0.8118583691473892	0.8175315748482797	0.8649467276626683	0.8661933936232732	0.8313772374884432	0.8269714880907019	0.8708318954747165	0.8716360043423947	0.8317105581232618	0.8318625215926838	0.8653659236627157	0.8317959908740822	0.8570578316704287	0.8315238191184944	0.80701016446007
scaffoldsARL071348	0.742165604568651	0.8466638271047181	0.8645030722652477	0.7525771265244309	0.7474926040147929	0.9933540784968485	0.8626796699693206	0.9933292521142667	0.9919869170413598	0.7429329781644192	0.7308987983424576	0.991493067185444	0.9839575891903841	0.9864266956533454	0.7415844698634112	0.7255621117758343	0.7396685726843353	0.9231882241831968	0.8621902815823856	0.7370173454979981	0.7500587927849545	0.7406991326841031	0.8511219509311613	0.7510145757586104	0.9927517686326138	0.9866253313477591	0.23643271706880725	0.7293267001194876	0.850802908994267	0.7397762265596853	0.7440228358621168	0.812358293884611	0.9915292124772095	0.8450977050452301	0.7498047084726008	0.38539592937943107	0.7448883442398478	0.7392414367408244	0.7355296772275713	0.8513979804192828	0.7317924700155635	0.8520510927294731	0.994143952944457	0.8515571560292055	0.6996819404224681	0.7269831104638986	0.7320172910766412	0.7501446895345365	1.0	0.8592293699534681	0.9914986299625401	0.7495567090090066	0.7395375527037228	0.9844924512117551	0.7334888681571305	0.9822231205553285	0.7418624528990053	0.7343198475037039	0.7449359132259963	0.851854583026257	0.7422674965944577	0.7249450612576901	0.989309427896674	0.7344712576669105	0.9900828207632677	0.7451532760882161	0.8454222550040116	0.8251747459601101	0.9916222458160779	0.7301970013034893	0.7377116045803344	0.8524175319299013	0.7368081781507757	0.7478431922241993	0.8631947646461302	0.9907443578600376	0.8824458602987222	0.744285546496807	0.7460119877381194	0.7349947448155588	0.8519127138577374	0.8645241516348343	0.7282520725518871	0.992566936865629	0.7385867002960566	0.8632844531832277	0.7399359462703361	0.7355223977719942	0.7472883984481217	0.726198456895871	0.850843249889978	0.8565157757478535	0.9847914329736336	0.9871876183222528	0.7398317844637645	0.9858914454332055	0.7399215869468074	0.9845809018020675	0.7130373697389912	0.8522476758927822	0.7345378149555364	0.9936188790315813	0.7319013226607002	0.8522896636414565	0.8165668941895644	0.8310829826681309	0.7325042627041853	0.7364891394546619	0.9856497914966567	0.8609503233800997	0.7395938561512051	0.7382510048442988	0.987485762392008	0.9931002585561508	0.7323841469574783	0.993588914389823	0.7312293204041985	0.9924504639975056	0.8331574709057388
scaffoldsARL091209	0.7496412082683254	0.9326613264618034	0.962541960049189	0.7564478237433447	0.7545026797326695	0.8775801382694998	0.9609577516986526	0.8777080871929038	0.876918109595999	0.7499179671650971	0.7446263838153476	0.8763703251095781	0.8747152268388318	0.8749308453186481	0.7486937578205761	0.7312886623957043	0.7552923005462195	0.8429264860453194	0.9584076458172907	0.7503925397297371	0.7609985485865792	0.7475226643870513	0.8683124099768535	0.7574634341651519	0.8766634225050441	0.8761936346438831	0.23295849252908163	0.7398080315629632	0.868115221203383	0.7668409364050304	0.75800428692889	0.8311092950630754	0.8770922901929317	0.8536450165484056	0.7608509553301324	0.397145092020416	0.7596675443492373	0.7653306665392143	0.7444616175992735	0.8677129928287435	0.7470475487343922	0.8688191081142838	0.8780233831711561	0.8681988332363204	0.7110787603759998	0.7330348214040934	0.7401048464071095	0.7605799524103947	0.8781283925578476	1.0	0.8773466807177813	0.7577132639719344	0.7542098666632975	0.8739603624774523	0.7486860619288913	0.8735053716475254	0.7556630044744592	0.7454887234416115	0.7597278083100583	0.8624022933929378	0.7493412643216191	0.7380655823115551	0.8763813645376929	0.746853244308718	0.8769555107820786	0.7587990287378533	0.8668541775777168	0.8553064091415193	0.8766566443608756	0.7406182102367654	0.7517934080916409	0.8678761484735482	0.7506900507586639	0.7531207668766704	0.9614695472091073	0.877204289626998	0.8778015438831016	0.7530098545504444	0.749924794892227	0.740166744772387	0.8679356788070686	0.9611945576826382	0.7403992952259556	0.8768463912179426	0.7582635359685794	0.9606800636585695	0.754085640623106	0.7550374907225587	0.7534010517262343	0.7329590874244232	0.8663416377966608	0.9543860658084294	0.8743801560567371	0.8751892174172692	0.7658639224711129	0.876633416097728	0.7547202958787029	0.8744208582660393	0.730334926547184	0.865312864455822	0.7427247338844258	0.877415067902787	0.7378599229022925	0.8662346549596037	0.8685235765430807	0.8621850979103974	0.7405642475510292	0.7493459826932416	0.8741070862636192	0.9606246762351209	0.7533483606384721	0.7665280213924582	0.8757036943577391	0.8784450258207039	0.7402638417638981	0.8785122290689369	0.7453884682120513	0.8772559310496204	0.8432934967523495
scaffoldsARL071169	0.7434861269047077	0.8480749544124538	0.8651256205573087	0.7545480405076507	0.7482609887719955	0.9935533199054837	0.8638178265051824	0.9939041108319491	0.9922205575641312	0.7442425164136762	0.7339781397593883	0.993308147948325	0.9844181982430249	0.9859826824609934	0.7420122390204308	0.7246013901262126	0.7413307494577702	0.9246594579055295	0.8638217158875646	0.7379835615243405	0.7527214769154856	0.7412312455797939	0.8509983727683412	0.7531879524440914	0.9938090450512741	0.9877585778701236	0.23759724340096694	0.7309186990192785	0.8506495653501519	0.7411187702067622	0.7465928324284485	0.8140727439864366	0.9934158948766935	0.8463755919031446	0.752139273106555	0.38937525577498766	0.7465817111384327	0.7402780124090352	0.7374682463369413	0.8512210765085976	0.7348192824011255	0.8513361076390376	0.9940945597339834	0.8520441428617199	0.7001407761593121	0.7261715824960013	0.7325182443565731	0.7528641834899799	0.9932906369921978	0.8608817543513683	1.0	0.7496338655910718	0.7411933217065649	0.9869181610069641	0.7351277319949696	0.982532901038327	0.741766434690524	0.7357067325299935	0.7463953312671245	0.8512289831971787	0.7434900223864916	0.7267940044758514	0.9906966085610409	0.734401376229998	0.9920348022469891	0.746183953732358	0.8474188764962425	0.8291595502807676	0.9913119039219563	0.7319050352199198	0.7393877330322322	0.8515965250315654	0.7382345067818159	0.748305168507006	0.8639693687695873	0.9897737054515314	0.8807828551177096	0.7442080027826459	0.7463000759778191	0.7354129904037757	0.8515597988692415	0.8648222615203143	0.7301009008684464	0.9928946092247778	0.7414865216603139	0.8639598842613252	0.7412589910699656	0.7345727089338292	0.7475040223980294	0.7260403780263405	0.8505184058827769	0.8577738127297507	0.9855376823342379	0.9870219266048367	0.7409221307309327	0.9867672847938901	0.7412489899581182	0.9858021972553511	0.7145161038217362	0.852091195216708	0.7367456427835478	0.993782977240969	0.7324642194480792	0.8529590029555068	0.8168371760802599	0.8315141986216408	0.7329898917961957	0.7379140365078146	0.9867333267055027	0.8631392903429455	0.7412364243730845	0.7393526369859871	0.9882825788637916	0.9942150652196093	0.7332686032581629	0.992209474509474	0.7337666768425599	0.9933576183389586	0.8331852290992792
scaffoldsTV104	0.9203066128423563	0.8291527240282076	0.8284583260252886	0.8784137727357518	0.865555523869405	0.8326011563042214	0.8293180162861826	0.8328822646539742	0.8319567821838415	0.8856314358579651	0.8485535710853103	0.8321564251466914	0.8316102648831966	0.8331721103681975	0.8755081271717983	0.8779056044388366	0.8669314017820537	0.8110365088413557	0.8254522644810118	0.861852681759765	0.8902086776731986	0.8740055412581843	0.8321205172352838	0.8744022338259441	0.8319582565976404	0.832672886277902	0.23093886313079046	0.8589999021345999	0.8331960943130177	0.857453610302727	0.8753351257714004	0.8022261259088959	0.8322181228979347	0.8238524391925343	0.8893170253016479	0.429711058707503	0.8696298309822881	0.8579428325474464	0.8593276160645087	0.8323181032133316	0.8499510026790608	0.8330165159786292	0.8326582976537372	0.8306524337668596	0.7550807446517737	0.8786762512589462	0.880546673710175	0.8907565115911045	0.8337850063950653	0.8294793418378441	0.8320376515710605	1.0	0.8660592104325066	0.832076722033967	0.8564066035643169	0.8303349422187106	0.874332717749208	0.870807401226197	0.8711668068900753	0.833285966485226	0.9206751966360389	0.8511877599716888	0.833035060774076	0.8680510364229869	0.831831851216173	0.8705600534023974	0.8225383751933537	0.807547871266063	0.8325533344956093	0.8683379766700015	0.8613956302186356	0.8322758624878528	0.8603488325391857	0.8797261489409396	0.8277711488456406	0.8330992184689304	0.8356997937192144	0.8890917566739281	0.8502528195184784	0.8524199649214776	0.8329345158602225	0.8298832574145381	0.8620769427453603	0.8324871008482357	0.8506449564839321	0.8287495549732049	0.8675211407528942	0.8782556814754511	0.9103568129846532	0.8797280231143786	0.8318945308615515	0.8215010499283042	0.8323936664316312	0.8325880005498483	0.8582226891958185	0.8322434204553193	0.866408257613663	0.8322473674711223	0.8129182689522616	0.8346055317257521	0.8631427998414971	0.8324572821421352	0.8761830664255641	0.8341174010476808	0.8164799843046923	0.8227687765283057	0.8815600850326202	0.8609699960163258	0.8313936935632844	0.82752004515452	0.8667959963590061	0.8582945029759607	0.8327465186628992	0.8327793650767811	0.8799930853239227	0.832805603486705	0.8495513890035922	0.8323470045365009	0.8072772873494493
scaffolds127VP	0.8624250406729959	0.83132260797692	0.8392430939548458	0.868488351408431	0.8531944825817308	0.8351788918425181	0.8381224881637105	0.8351593066968207	0.834118041554968	0.8639963912268305	0.8279353139293323	0.8345788261321071	0.8338817704329625	0.8345134919817183	0.8745212900257624	0.8436223693273701	0.9809123659360586	0.8135699869152255	0.8360672778797843	0.8470138418223594	0.8746872074534401	0.8737335242641834	0.8314637516000862	0.8767915039729496	0.8350081359472931	0.834933759490923	0.24075125750911522	0.8387679378373138	0.8316948423026315	0.8716629383694873	0.8651099331159556	0.8072245337255677	0.8345816893213982	0.8359886292375699	0.8745601662792479	0.4307007682106046	0.8531288914284044	0.8708389441601749	0.8388426143257665	0.8315150503253399	0.8280244916670598	0.8321444155385572	0.8350932330041945	0.8320481200470351	0.741212913464517	0.8447837853752878	0.8461484892606426	0.8735605733573485	0.8352870162899176	0.8357580156581123	0.8349290604841022	0.8738481031355007	1.0	0.834296679229351	0.8414350811552501	0.8328356058944871	0.8525582676205886	0.8696531921855515	0.8546368287354639	0.8307081124665102	0.8624250108004948	0.8278620205211498	0.8342655514478883	0.8526686098421127	0.8340495382544347	0.854209518998213	0.8179108446274163	0.822505929630565	0.8349838897101819	0.8490380265360891	0.8436449141014835	0.8318823740360801	0.846089657055942	0.8650958534893668	0.8382944498118038	0.8349811211608217	0.8456858032819633	0.854248581764552	0.8334859363054572	0.8462547526379969	0.8316055146496915	0.8392724284506473	0.8392513755121191	0.8347539990424356	0.8506461775629784	0.8386930895058724	0.9794691477531122	0.8692874393787238	0.8734819221529415	0.8458163088051167	0.8313357266356061	0.833175891153191	0.834589378760962	0.8348735655080947	0.8712153682450646	0.8346316045661083	0.974280671529609	0.8341867934653061	0.8086214243625018	0.8324569479886177	0.8625981231312749	0.8353194013740712	0.8431082116695541	0.8332874975637543	0.8235976184421939	0.8280628519828308	0.8467584056345518	0.8450124184696951	0.8345972656020582	0.8385591645733362	0.9788728558103058	0.8723862542202467	0.835329928131258	0.8353622242652592	0.8461269687525302	0.8351021812773116	0.8261254024041668	0.8346719935975591	0.8120885631955421
scaffoldsARL08105	0.7467525415459919	0.8529353852780668	0.8691839503874244	0.7577967810617402	0.7515569896941046	0.9930806931501147	0.8676648242506225	0.9938871697484046	0.9916125965775092	0.747747411619552	0.7379814734255732	0.9910197490442638	0.9894047948093693	0.9933377720141807	0.7461097409540792	0.7285224677894849	0.7452186644428305	0.9320643745190288	0.8673367467694766	0.7436907737883572	0.7545654684326053	0.7450382296174022	0.8544119271754181	0.756055408741766	0.9927536169412192	0.994821010153329	0.23778459298328772	0.7353161602981162	0.8538244876879175	0.7467009049477089	0.7491876429019623	0.8185073859002074	0.993056462799135	0.8505722059525727	0.7546502290283559	0.38714331511712186	0.7492756660841989	0.7457675993684453	0.7426866723938914	0.8543641763753992	0.7379436396469461	0.8543823912852961	0.9932979591638129	0.8550233094000341	0.7007309847754118	0.7297584619662245	0.7365168681407468	0.7546524705933667	0.9918795748455906	0.8643142968694951	0.9924894600811304	0.7532682947847501	0.7449682879773564	1.0	0.7401692912342082	0.9881050167129148	0.7457865361012932	0.7398587234477543	0.7497476346696039	0.8540107823249641	0.7464043139324528	0.7310752661882582	0.9902018399874087	0.7365780283217079	0.9902628031641116	0.7496871475983781	0.8512258981896829	0.8304961343256403	0.9916569976234988	0.7353769953846185	0.7443270948719047	0.8543326152345297	0.7435519260169303	0.7519568912463149	0.8681109163068966	0.990986011677927	0.8860166171842571	0.7490435009981318	0.7496465488914529	0.7396572439695818	0.8547699622415746	0.8687916101243598	0.7346931307507768	0.9923966328485898	0.7450906138269553	0.8677409053578796	0.7451934151540835	0.7392169364438589	0.7518147731826653	0.729611555258474	0.8529650053590556	0.8615900392550088	0.9927838647006535	0.9942456400733035	0.7461740444754908	0.9910078084607753	0.7451787218578211	0.9929982362101903	0.7196030649762323	0.8561987498000253	0.741671722838476	0.9923505420289079	0.7362431739203192	0.8561907191214766	0.8223574466079683	0.8341643905543088	0.7370282630084939	0.7429295869403723	0.9924801638246361	0.8670490931531044	0.744757055051146	0.7451396347338665	0.9955969682278915	0.9932287149507657	0.7370923495171657	0.9916163202443634	0.7369598978916305	0.9921918612763782	0.8375488326745606
scaffoldsTV76	0.8716993534602696	0.8356996872185327	0.8444233461617805	0.8939659986242687	0.8765552825613756	0.8415423874718149	0.8438522554008081	0.8418881723428854	0.840924753854266	0.8790106218432997	0.8579063339949269	0.8421783447595882	0.8420886183319742	0.8410361687941216	0.8630119358966409	0.8447986953598808	0.8638571524150102	0.8212577224922657	0.840460186183249	0.9746147581373815	0.8806246015049742	0.8620085135935301	0.8433164781131485	0.887301537264349	0.8410973823371276	0.841809628432589	0.2304327583337755	0.8571964011213655	0.8436552547959175	0.858237218343416	0.8673656938887452	0.8169028822792049	0.8413493186355634	0.8455413662884635	0.8805353206160544	0.44186544947079703	0.8664540538318702	0.8562149333322365	0.9869868580971614	0.8435609008305734	0.8589506042439764	0.8444350511696399	0.8417498731115787	0.8438510883594742	0.7506532988745316	0.8452205872925707	0.8666490713453882	0.8798016625001271	0.8421930110556128	0.8462629284986705	0.8416464830672867	0.8761996664653483	0.8601803072733474	0.8411677089690096	1.0	0.8412676623419914	0.8555178437157611	0.8700924550285544	0.8673440595664337	0.8435816371948407	0.8709665478421063	0.8533870413406064	0.8422123373801875	0.8690602946636856	0.8417450379790967	0.8663036725234529	0.8288766999156405	0.8197197301405221	0.8415679758500715	0.8625052634875457	0.9916833618827685	0.8440009227728167	0.9704057915732841	0.8640486060559479	0.843788184408263	0.8419118087324011	0.8428006853435035	0.8570943528772886	0.8512460070189831	0.8751919800056597	0.844679659722861	0.8440702755140789	0.8763042058244419	0.8409038530957564	0.8621959527060808	0.8435259090913255	0.8648491207088567	0.8746124055527568	0.869468636755003	0.8461288289958974	0.8432198755042284	0.8394188236407335	0.8409063676523952	0.8412123571523894	0.8561449335355774	0.8419840469215059	0.8629105094391868	0.8415123993460932	0.9133221479561499	0.8458545123957514	0.928593508883605	0.8410494737499186	0.8610438192579929	0.8453569907401762	0.8279579475320685	0.8273928710634889	0.8671844466555928	0.9718420732772244	0.8409948998868121	0.8442624931754528	0.8640080866185681	0.858207928636125	0.8422203265200835	0.8422281435673507	0.8663800983619293	0.841997922000622	0.8584524650955146	0.8411582981096375	0.8188930100249127
scaffoldsARL08339	0.7465701221378489	0.8525472473907212	0.8664566121273954	0.7571714601485856	0.7540253358507776	0.9890581012484543	0.8654390606403383	0.9909681130592956	0.9887919171934262	0.7476585338872596	0.7366405744271868	0.9878685750745047	0.9938142628911814	0.9877566787297352	0.7462155514721246	0.7298093076967671	0.7440893509092865	0.9256644496751321	0.866725336382401	0.7416986421733325	0.7530467665857169	0.74545402602788	0.853585393958138	0.7585529795594057	0.98885456624049	0.9889625475294932	0.23583129161782115	0.733620014533935	0.8525685135527994	0.7425394711651878	0.7472024249185134	0.8182374016305552	0.9889503300245112	0.8532946554645288	0.752522084703498	0.39004694100844833	0.7512832248770022	0.7414860091539279	0.7420551152795349	0.8531446579376293	0.7361581412493482	0.8541338551722466	0.9903584800027808	0.8555163457026264	0.7025155731701157	0.7310974514292629	0.7354358338577907	0.7532919746851017	0.9892416213714897	0.8628062191439541	0.98867149192953	0.7521395273226738	0.744136356413611	0.9882860878928398	0.7395760883195096	1.0	0.7464324069281998	0.7385731550641875	0.7515007130668527	0.8525514530769186	0.746554567247228	0.731741536959445	0.9941082730945977	0.7384482643568937	0.9920511060274635	0.7514109849907937	0.8496273241990728	0.82790152828588	0.9893468168568937	0.735606320481966	0.7434508296041276	0.8540623418241896	0.7418922125856887	0.7517691438976861	0.8651469269966777	0.9880250241158192	0.8870232081845277	0.7466953624452228	0.7486527984253124	0.7387379390450163	0.8548446954832459	0.8666561473435006	0.73336131326001	0.9886120970542177	0.7429023491601773	0.8655336262526888	0.7445454807096183	0.737759244719879	0.7513898377253413	0.7311770002162451	0.8527064502914059	0.8583173315811121	0.9872641952954561	0.987987584622669	0.7425534770394401	0.9882079343355606	0.7443089737159905	0.9873570171689757	0.7179771602174483	0.8545690753687226	0.7405328764369898	0.9934983134109028	0.7353948969343511	0.8547537378832265	0.82187656256861	0.8332304615636645	0.7358413592261298	0.7415141714684353	0.9946596366107926	0.8644575813233386	0.7442281813284575	0.7414239884545218	0.9895895117621529	0.989658522525076	0.7361655330582257	0.9890539936151557	0.735829166046251	0.9885137095590859	0.8410681896054283
scaffoldsIV28	0.8834475325048496	0.8493511819570332	0.8473403985196694	0.8684916548783002	0.8762980747261023	0.8464232358535574	0.846765214120936	0.8470667094223701	0.8465385888395873	0.8622475199261058	0.8423087376685615	0.8465402266577047	0.8483172555341307	0.8467391483357749	0.8607262518601216	0.8539762000830692	0.8669515471050803	0.8248352399531087	0.8459172782609602	0.8567286178623952	0.8707925424007515	0.8585617316168741	0.8490413685674546	0.8749646102907831	0.846153530671384	0.8465698167116011	0.233930461194545	0.8533433905495743	0.8504481848306724	0.8670269548946712	0.8666107272755288	0.8283238167024619	0.8463559885214816	0.8472564106679779	0.8711064709514786	0.4420106480392889	0.8665183228162683	0.8677880707384885	0.8516237747215862	0.849700254421944	0.8438464676333622	0.8501416820151368	0.8469550212142671	0.8503091444810209	0.7593684148827771	0.8557307716908154	0.8572800384068169	0.8707859440551843	0.847449665348166	0.8485866798234417	0.8465541314398268	0.8884001716628256	0.8657309270568733	0.8462822704251273	0.8513510298100484	0.847537417053094	1.0	0.8598982189782797	0.8670021628019059	0.8519177157618674	0.8835946759409905	0.8452169970922188	0.8477634897286526	0.8539887241481928	0.84788061572788	0.866880279691646	0.8417639058010157	0.8313858349927117	0.8461359851927883	0.8491483633283529	0.8544511904865926	0.8484536794170353	0.856282691414203	0.8656557129965844	0.846726288486188	0.8460740138379197	0.8567474843371355	0.8665623467960987	0.8685926725544967	0.8495171843557737	0.8487163298770396	0.8478040402039189	0.8524800605131052	0.8465136974722355	0.8629045280630495	0.8461478405948974	0.8663274206835332	0.8576562632793312	0.8738129043601858	0.8559668198020344	0.8487975344589488	0.8402347907348057	0.8456550596049297	0.846498261966449	0.8678527835975268	0.8460873298420852	0.8663573398416815	0.8465952818654873	0.8174123683999378	0.8518445980042928	0.8503680028076351	0.8481450647559923	0.8527526881686723	0.8520146590893938	0.8400967892135631	0.8430503408655187	0.8577990354664077	0.8567723665563988	0.8479258055762614	0.8462223623762748	0.8655537413913931	0.8672061335216456	0.8465411992704233	0.8468967023575956	0.8571928501258844	0.8468048511915742	0.8430206477875282	0.8462072615301708	0.8198106490784571
scaffoldsTV111	0.8919059073916811	0.8408555406975652	0.8426004119095022	0.8758392433692711	0.872614012190803	0.8417660885597704	0.8423030211818764	0.8436079130530563	0.8427669467212596	0.8784552738473225	0.8562418090940269	0.8430017865420716	0.8433172804184931	0.8424429990616598	0.8937918157098966	0.8655332712823725	0.8915735478376628	0.8294509052321312	0.8415695958460632	0.8713151236649642	0.8962613181199743	0.8931401112331253	0.8370535547716554	0.8824157643391457	0.8431294441957102	0.8431627137788494	0.2365603176358853	0.862236240974593	0.8376129567520619	0.8833706362083348	0.8846265843956526	0.8289386266364559	0.8426217858001712	0.843326022389855	0.8955525965641147	0.4307992324736672	0.8649804018418696	0.8820711382651192	0.8697907873323876	0.8382148875268791	0.856749942192383	0.8376436110422149	0.8437766344666968	0.8360285586472977	0.7539198402409087	0.8663310826325747	0.8831433032955684	0.895214445988952	0.8434513324125762	0.8422049153810555	0.8438992975824787	0.8921569920695978	0.8876318288150006	0.8426111805385906	0.8707638715984157	0.8418171501236651	0.8653763392289183	1.0	0.8647045106333692	0.8370473822865162	0.892252992629015	0.8542199913173343	0.8434031475556532	0.871547261790715	0.8425561960951917	0.8647970224318643	0.8283397388400251	0.8303650185848735	0.8430147053987553	0.874209882983455	0.8727858590041594	0.8361325685614744	0.8713634083542958	0.8743441029304028	0.8420219189857774	0.8428351880379561	0.8466042548622041	0.8691023069194452	0.8598877782317642	0.8639082226695961	0.8369546854587736	0.8429660374514223	0.8665249077011732	0.8423144147549403	0.8648715147186076	0.8420059716308599	0.891727595727261	0.8668416764519931	0.8869436698576276	0.8674449535804457	0.8375231323407081	0.8369101663635617	0.8416504823967594	0.8427805445264231	0.881713414832088	0.8429662642686929	0.8907142735048543	0.84218639569884	0.8391657488342098	0.8378284360432101	0.8678472786980128	0.8427172202042812	0.8782275659011176	0.8390393088557722	0.8341455114088228	0.8379142693725397	0.8834536272336843	0.8702511571124476	0.8428242305352331	0.842419351319368	0.8909427552229481	0.8838283524908409	0.8428252582956074	0.8433681331983599	0.8823628784942005	0.8429961809647609	0.8566321517019986	0.8430293828218095	0.8197256137587453
scaffoldsTV52	0.8711663505519698	0.8563077065780612	0.8527690588678334	0.8761094594018513	0.8584425469224577	0.8503003020881463	0.8518061194138931	0.8515299194873924	0.8498784462885505	0.875158083048463	0.8713431753766708	0.8505300726059353	0.8502170042836673	0.8507968877784206	0.8679075952402046	0.8435301853234856	0.8691960054331477	0.8296524663172135	0.850797629670855	0.865612629631312	0.8786467274071281	0.867901575443636	0.8430458172855169	0.8680949473644528	0.8512096882026673	0.8505045504744049	0.23231888410286056	0.8851797556852017	0.8437613683755986	0.886708069427069	0.8707031503413424	0.8319766810010512	0.8509287033974997	0.8374245325258218	0.8804530712923482	0.4472813200734207	0.9939118699123247	0.8865749758147229	0.862666036320794	0.8437064375704844	0.8737675821959046	0.8437573029609716	0.8512954772956148	0.842539706738632	0.7649106121972418	0.8452128065992656	0.8662366296827191	0.8793578769151954	0.8520864154937137	0.8555540214269481	0.8512365058295827	0.8834537390442311	0.8696509244111806	0.8502453472699962	0.8592968936469971	0.8512282440347998	0.8613209199340621	0.858557687239703	1.0	0.8439150676603239	0.8708790538321137	0.8713206685159003	0.8513137459243715	0.8691529994137461	0.8496560770560833	0.9942163697934686	0.8367105711336844	0.83913711246253	0.8509307297544872	0.8665169743428229	0.8622823364902981	0.8416979165833912	0.8650389729246852	0.8646119540811795	0.8526133278100377	0.8512463539530897	0.8608102260424363	0.8551312566113664	0.861649584247181	0.8545426512010617	0.842341086043055	0.853401497570602	0.8839828388551885	0.8504824155961438	0.8877852730134589	0.8521905744209335	0.8684653938082615	0.8752510357582028	0.8641679867891248	0.8457251766707745	0.8429084290724198	0.8454667384543052	0.8500029571699698	0.8506675191926536	0.8873636453446619	0.8512547705872829	0.8688758818179798	0.8502072586885524	0.8295625794861217	0.8451061908692695	0.8588438136941545	0.8511333318658728	0.8610620133910755	0.8457066967322533	0.8490158024437438	0.8537115350748112	0.8663541780806201	0.8657101462389443	0.8503125449657163	0.8525481738622005	0.8677277789370107	0.8892313774050096	0.8507996502536729	0.8512090792872709	0.8652524193239081	0.8514727903507998	0.8722334991477859	0.8509952682341954	0.8245895719891011
scaffoldsARL081074	0.7205833576530519	0.8358152945602337	0.8397163327168101	0.7382007485243968	0.7407587610914675	0.82837774993141	0.8382027132188664	0.828448960561535	0.8280546198075384	0.7205387790009018	0.715802982881787	0.8278978866731577	0.8239454763821759	0.8274064818527286	0.7124403499303785	0.7029247152880317	0.7218363997943352	0.8015896397676087	0.8381743617117827	0.7211232233670886	0.7194558671252195	0.7110778339662055	0.990997752261564	0.7423329279392991	0.8275817751138725	0.8274247423807873	0.2163693432175667	0.7120011497667967	0.9889817328683141	0.7300834207854995	0.716020208680112	0.8044480014132024	0.8270059481097578	0.8243757431184844	0.7196600401407445	0.378670903301835	0.722656223294425	0.7282875172638185	0.7151178908449611	0.9888933738456499	0.7164582750433339	0.9929979730653382	0.8291029720893066	0.9888679366087529	0.6817181273733933	0.7043909473535802	0.7103678530132755	0.7193924159972516	0.8300728768552811	0.8226836754465271	0.8270312488697559	0.7275066402143681	0.7218153992354627	0.826102344859379	0.7171244757368712	0.825184167078704	0.7229712525956099	0.7117898169356306	0.7230091721643293	1.0	0.7199165907225838	0.7139002679753476	0.8260286715025167	0.7118831232484245	0.8274282256853513	0.7227663533736596	0.868340231114775	0.8099096518968824	0.8283358866239011	0.7116004687942775	0.721257584190433	0.9905256416488242	0.7210982792422244	0.7140127215356331	0.8392050895244	0.8275219808088281	0.8344699033801887	0.7198876606107859	0.7158510274210103	0.7113361133759242	0.9906061761990341	0.8401143282063072	0.7119943104699156	0.8270186909298692	0.7180180266004869	0.8388768369460001	0.7207323255417128	0.7084487493066295	0.7254565576566416	0.7044594112667624	0.9901303505404111	0.8334579232907354	0.8257092017668549	0.8271064689108888	0.7286870591719227	0.8253099297478621	0.7213742863342	0.8256150651535997	0.7019223751310152	0.9946626386053233	0.7168808328924527	0.8280204917994138	0.7090871673775266	0.9956096094259329	0.8112805308183411	0.8169999894088507	0.7104587392661457	0.7207981135635504	0.8245100656938279	0.8376933966989395	0.7203163270541527	0.7278084121260796	0.8271874462909304	0.8295805594310449	0.7097958682412678	0.8285764518566098	0.7162678918500544	0.8274377273710267	0.7922193196741867
scaffolds109A	0.9949406443246726	0.844039611938188	0.845437234085095	0.8918614811627882	0.881148151151138	0.8474863090805334	0.8448533619706626	0.8486087659556372	0.8469830135038051	0.8870610490875528	0.8708864864983628	0.8475213898858418	0.8475852784607737	0.84744413412383	0.8862443231756891	0.8942669822833051	0.8807230394880482	0.8309875315636381	0.8440840850302818	0.8753943490624894	0.8967009550320093	0.8855314383366548	0.8487322585662744	0.8929081512315861	0.848236943602303	0.8476225063450109	0.23950549451947856	0.8753899429709886	0.8483955833880975	0.8808776318957788	0.8819284247328064	0.8245807406059231	0.848184910913744	0.8412603797435716	0.896440954869629	0.4384517057234994	0.8783198959242027	0.8800871002822493	0.8715916101187511	0.8489999054714638	0.8704855286699394	0.8482449154997289	0.8483900847572587	0.8484528162488592	0.7606526307529271	0.8944820236267562	0.8969842665506572	0.895985867543915	0.8477002197807056	0.8451320653819127	0.8485126201413735	0.9410948948592938	0.8774543972105825	0.8475841122932424	0.8706206129645406	0.8470627714088161	0.889965950412531	0.890268370480064	0.8788773573869965	0.847911223143116	1.0	0.8679041444721892	0.8478036740443028	0.8834002509526199	0.8476176963141048	0.8789172507829307	0.8398148669523171	0.8264466614978261	0.8475624560092323	0.8777746156350094	0.8746611280336435	0.8492962958854487	0.8765059587483764	0.8869077832881456	0.8454855405198327	0.8478280061960116	0.851491715491373	0.8889011472018099	0.8701059117815193	0.8707978994386241	0.8492010781578753	0.8459261100334768	0.8773674722330576	0.8475459995788919	0.8656443110302134	0.8453268686404155	0.8803695290690305	0.8856429380045306	0.9350398523827492	0.8965969717998616	0.8482545613248738	0.8386088322405694	0.8474015030747135	0.847781170801747	0.8802833652615483	0.8473155476257135	0.8802245226929748	0.8475437592815043	0.8355984509890514	0.8497731058615321	0.8757670316959136	0.8483153323655723	0.8919261398570072	0.8505277356547746	0.836100814276585	0.8389966809672124	0.89710541669574	0.8756713641128451	0.8483054275937788	0.8451724808547759	0.8804663244325732	0.8804326231397553	0.8485671667674713	0.848349030443711	0.8953851416515113	0.8475085574327135	0.8696955127818442	0.8475900927328557	0.8231549688542125
scaffoldsTV41	0.8815467649510316	0.84837586379734	0.8475141501360919	0.8980891712113171	0.8789744077978645	0.84835281002796	0.8469096997522396	0.8489061438632947	0.8489562243086614	0.8942846739821759	0.9530753144205356	0.8489178794601224	0.8491248253554682	0.8488030032511571	0.8742967050894118	0.8684223208082218	0.8702392562176507	0.8382444253507072	0.844624746626823	0.8750071020631291	0.8945460038439823	0.8732919168796764	0.855906589132264	0.8890664418529369	0.8480770559575408	0.8489685336164362	0.2340347231748497	0.944375754287105	0.8567563267412515	0.8884769915739245	0.8829588282729908	0.8366944407610553	0.8482152344918648	0.8558078502433669	0.8925910853533897	0.4436788954494872	0.8938701567176102	0.8874660736582908	0.8742231766461382	0.8560940754514196	0.9525558198949537	0.8569284229909659	0.8487955240069066	0.8559242361651811	0.7638467984724724	0.8697348425373823	0.8803046644914425	0.8949348324104872	0.849103551174745	0.8499569219075427	0.8485102325679867	0.8850314877168702	0.8677963152444366	0.8485671677557133	0.8704014989795134	0.8488315596345211	0.8625359141500535	0.8696409015758726	0.8945744517124058	0.8559767958937761	0.8815893575675122	1.0	0.8494836166124974	0.8886101381706951	0.848815865898103	0.8940109104955641	0.8409634080254266	0.8367146643374699	0.848384336582985	0.8922626641145239	0.8742733599668238	0.8560828867663637	0.8755907274818292	0.8716268207226148	0.8470043531978282	0.848282772864051	0.8555397852131015	0.8642062504753654	0.8690492970759383	0.8736284928383042	0.8565835885063232	0.8482720225451817	0.943356696221198	0.847676086723337	0.8896893054080076	0.8477326153472359	0.870108977664876	0.8695302724882232	0.8843353976745394	0.8708933543152827	0.8560495708299373	0.843109446320766	0.8487507367682975	0.8482443404434042	0.8890916771359514	0.8479598982485393	0.8697316755183949	0.848494538095717	0.8485801695597517	0.8574208783031542	0.8773549788623426	0.8484036775939722	0.8763614508722728	0.8567469957135747	0.8399064665675806	0.8475775775366875	0.8812534368801006	0.8754442031728793	0.8487281500920768	0.8472956910621101	0.869410122480603	0.8880185489583707	0.8491742034932669	0.8491896293110938	0.8796378148225601	0.8484240680597517	0.9525104387780233	0.8479840499093348	0.8340030238151198
scaffoldsARL08484	0.7448671008287215	0.847087069983859	0.8647070869681861	0.754589386122923	0.7514156723468158	0.9902632240444665	0.8632983569265872	0.9924611481084651	0.9899211578592828	0.7443551810429558	0.7336502738377138	0.9901099507332923	0.988888153068244	0.9838720397008953	0.7439214460249495	0.7259312535727656	0.7424237429672976	0.9234341424551076	0.8639821870860142	0.7373638818383771	0.7532208721445073	0.7431093776898697	0.8492820376300199	0.7551549957711824	0.9909015833255637	0.9861216394573084	0.23595058257897547	0.7303329776280245	0.8481642907745082	0.7422262781326221	0.7469219014118806	0.8126536692587917	0.990357661912651	0.8478852891815672	0.7525974277375493	0.3887293366740551	0.7461573652208123	0.7410337861427811	0.7374513910027148	0.849002919464293	0.7339919763271475	0.8499214366496501	0.9915513995957229	0.8515951833285292	0.6999492907855857	0.7279272652315347	0.7336931985319457	0.753234462051979	0.9906666709857382	0.8608864883034116	0.9907542576389171	0.7507730744113119	0.7416321189842213	0.9848826965373954	0.7352896915242796	0.9880682004255529	0.743996397582135	0.736004812133006	0.7466634260829539	0.8494769051318953	0.744554510760116	0.7268985235083723	1.0	0.7351218290371698	0.9951188004588772	0.7465743644034839	0.8476155596922895	0.8269802927112339	0.9897906076004276	0.7329653788177737	0.7388389173994725	0.8495429592612299	0.7378245572651217	0.7497666387485876	0.8626470349117572	0.9884821671099171	0.8844498518629078	0.7454062803464384	0.7460614715454794	0.7368126192243468	0.8505789989820154	0.8643274459693201	0.7297536190220104	0.9904432279585146	0.7403133614786922	0.8633270958514302	0.7423365298400013	0.7340812392936964	0.7484437940535908	0.7275940891481713	0.848637255478593	0.8563456152392053	0.9841338561718527	0.9845815781504672	0.7421631431284731	0.9851650370181146	0.742335374178577	0.9838835567866973	0.7145644329564689	0.8503716500372811	0.7371709374056012	0.9955180636423291	0.7335106045128822	0.8509295245715426	0.8172245206493128	0.8305642198339636	0.7342193772776197	0.7372777142623087	0.990430833050166	0.8617233766986645	0.7421983119229456	0.7409077837034017	0.9855877562222414	0.991078674188527	0.7341709899039007	0.9912871686938265	0.7336969412496657	0.9906106751005059	0.8354527943188157
scaffoldsTV45	0.897993369634957	0.8512909855185621	0.8564931740143542	0.9061371025932766	0.8825781295391482	0.8574479931005081	0.8562617827756226	0.8588119263955818	0.8573081481273571	0.9043459629671664	0.8925655612106136	0.8578146567177172	0.8582062086967793	0.8575674257059098	0.8936060277288098	0.8805728585614188	0.8874163759525608	0.846322133513333	0.8549455069044208	0.8894384177265857	0.9123505367285611	0.8935789588265476	0.8587506568061454	0.8934713370913027	0.8581615506024667	0.8578677753595892	0.236572844450014	0.8978758005366138	0.858965666122549	0.8899809146623868	0.9014527311414939	0.8424375932779761	0.8573701333423499	0.8616484470613086	0.9111660593442532	0.4440724477905792	0.8941415852531637	0.8894945140562492	0.8862059764026751	0.8590484252972981	0.8945340459387953	0.8593501416640421	0.8583366831103033	0.8581167261775693	0.77318179938912	0.8809001964131589	0.8967411130573661	0.9121512205530815	0.8590139846126166	0.8587989848795814	0.8584747466929907	0.9080712913240849	0.8857835788292246	0.8577284534597445	0.8837100495729331	0.8573916415873711	0.873187959558477	0.890174300104399	0.8945473201288049	0.8573262002660668	0.8981103631884135	0.8923820913402514	0.8586765968913522	1.0	0.857037562709085	0.8935068662524044	0.8516416661153391	0.8483055660087496	0.8583763547449714	0.8956047369783576	0.8877852683162836	0.8590643858853526	0.889118960962305	0.8854938819335205	0.8564536033111683	0.8573414818141183	0.8685135834480753	0.8807163166586132	0.8776360084609524	0.8812137797206653	0.8592900062674335	0.856290098126871	0.9015740763900774	0.8571846622063457	0.8761017734471149	0.8565188569708393	0.8869262904101654	0.8997013762220226	0.8936098655976324	0.8817545131555838	0.8587003978103563	0.8520941660851986	0.8579796475191883	0.8579258170845404	0.8893584335636142	0.8581554213596565	0.88719843471763	0.8580833870067258	0.8573914323617009	0.8593763480248027	0.887472572884405	0.8578600783575498	0.8911008810243868	0.8601222304453924	0.8468287752173106	0.8556680505862382	0.8970211841320771	0.8893016564412581	0.8584583796181517	0.8560914042175792	0.8870374012644555	0.8905882068064048	0.8580165115890482	0.8585250099299991	0.8966500982707984	0.8581450139859863	0.8928632775399269	0.8581740190962835	0.8366749672807503
scaffoldsARL08288	0.615100035299517	0.7019603393098057	0.7157895161702374	0.6247349781627063	0.6212927232446788	0.8212895989416028	0.7145540987231911	0.821529522863372	0.8208109610648741	0.615264293212263	0.6061158994011572	0.8219518548944083	0.8182862348044455	0.8148222535308962	0.6139025590145073	0.5997041945908514	0.6130817193795216	0.76454636220762	0.7157082304654379	0.611120506405353	0.6219332470894522	0.6132134098886578	0.7046163091826898	0.6244455378573115	0.8209259362140614	0.8166137019221463	0.19866105288778005	0.603857282389335	0.7040909970601602	0.6128267213944739	0.6167462152944706	0.6734744199610073	0.820831953711999	0.7025274467809383	0.6213681691275654	0.32370682593526795	0.6175770119788989	0.6115671087693667	0.6113399030735118	0.7050844241003396	0.6074965780294228	0.7057930408576303	0.8219637035348736	0.7072213589960373	0.5794322099957118	0.6006224962731397	0.6057123183213458	0.621777672503472	0.8212490304433989	0.7119595759944747	0.8212847328966266	0.6202358144749615	0.6123613375104544	0.8152980389851016	0.6092880899285434	0.8173122602700084	0.6144385451957984	0.6082883207577534	0.6174732765091746	0.7052634703798115	0.614439717644496	0.6003804148920375	0.8241196187269493	0.6088175849394775	1.0	0.6173561003744393	0.7018322539471029	0.6861911463838984	0.8195713182288632	0.6057358256991444	0.6119779230258945	0.7050563571576975	0.6108189550962922	0.6192946599115356	0.714232861556636	0.8183099428768068	0.7325831529068841	0.6148814430314926	0.6179370487165503	0.6090849770002624	0.7053126480141751	0.714642731525765	0.6031479816616762	0.8199537761194574	0.6123402552688016	0.7143591650016949	0.6130527543693032	0.6078482154166357	0.6191516125272883	0.6006795110513368	0.7044679484548618	0.7090757286564348	0.814870489625688	0.8157610910636496	0.6124026016041932	0.816180413048876	0.6130318249455947	0.8151698674101163	0.5915110313921776	0.705707451281622	0.6099364349428676	0.8252126540502704	0.6051424559038276	0.7053433236130846	0.6775478103787644	0.6892713559970824	0.6061338614862838	0.6105003438396229	0.8196761350802063	0.713992277635947	0.6130063118273686	0.6115116879586863	0.8165753541497008	0.8217377956641782	0.6058392219151391	0.8212537672423301	0.6066808318922692	0.8213375412948848	0.6928817550655677
scaffoldsTV4	0.8713961072274112	0.856660049162219	0.8527053029889873	0.8756119829807457	0.8576111708264663	0.8507866029005038	0.8518989258761449	0.8520105465093888	0.8504711138681025	0.8739526646322688	0.8710664499422713	0.8510557496700725	0.8509498881912569	0.8516829989775139	0.8678847729395939	0.8445398502956113	0.8704699481061767	0.8296228614583441	0.8507820857821367	0.8648822376169004	0.8773642933604944	0.8680246875937039	0.843681975818899	0.8669793931851677	0.8517128239298891	0.8509278240412632	0.22933856648746914	0.8871354385967225	0.8440713844702125	0.8854249834934015	0.8695610598835977	0.8326579661291381	0.8515913890327069	0.8376559846593505	0.8786944552663127	0.44490356694770616	0.9901433023299152	0.8848832705677818	0.8615040619747638	0.8439266324402444	0.8730076869357692	0.8444806193040858	0.8518289615185505	0.8429711886022861	0.7640463562623049	0.8473510892291027	0.8653703589711284	0.8780379332758181	0.8528823367725504	0.8556641537516123	0.8516875133944255	0.8830216938093778	0.8709799533407624	0.8507048960520479	0.8585817071533767	0.8517764549215416	0.86144868281903	0.8572603062213406	0.9908777470045388	0.8446951136396561	0.870710226647729	0.8705983765144377	0.8516572237915094	0.8669473872268594	0.8501521797774563	1.0	0.8363361815758055	0.8386957771711343	0.8513742703750465	0.8647232990848932	0.8617073395560665	0.8422454682727681	0.8648572183858143	0.8643694357184029	0.8525797337957489	0.8516300700065935	0.8601549930744422	0.8534950309913004	0.859449692070645	0.8553354513706042	0.8428322985625255	0.8535603497451942	0.8852605587383863	0.8510011790890295	0.8855427672916778	0.8520974922435011	0.86935522120873	0.8745248703039943	0.8630672756043466	0.8468894592498318	0.8433187635046983	0.8458363214200244	0.8502493691692198	0.8511420081549803	0.8872058853552287	0.851567289564607	0.8695836439927841	0.8506170563434791	0.8282911578008127	0.8455006358675496	0.8581378315712107	0.8516593742383007	0.8600889960754623	0.8459447145779745	0.8501185377442383	0.8531940210992167	0.8665073809570244	0.8651989887265851	0.8506996021685223	0.8525752949861727	0.8680411618524488	0.8883820650605806	0.8511712957597654	0.8516773342256534	0.8641951836404206	0.8520040199958369	0.8722253331540942	0.8514322726826686	0.8247424317017179
scaffoldsARL08983	0.7644223036069532	0.8488113292884524	0.8693524968963016	0.7720483960581487	0.7771255416834708	0.8792148723596428	0.8683801606670907	0.8800065421834983	0.8789853123644922	0.7597164961651817	0.7510566866833988	0.8785982264046481	0.8764845521166398	0.8789804625500051	0.7544065643147098	0.7376386483482578	0.7568439777028643	0.8538249595097348	0.8688568722017125	0.7580390905319835	0.7644354991071971	0.7538337776136481	0.9272892756195908	0.7805636034599552	0.8792240479942305	0.8784096378499803	0.2304777920331415	0.7465640978163843	0.9258576128068842	0.7665298616892056	0.7644852645898697	0.8350543481624437	0.8791274492513593	0.8571828100903103	0.7647493996946748	0.395099589080846	0.7607902402443537	0.7664643040180518	0.7482241053805789	0.9252629273859765	0.7524410069087397	0.9278811179922042	0.879899654163326	0.9292121008430434	0.7127463865012605	0.7394281333239958	0.7514630809970012	0.7641297855246469	0.8802224644818663	0.882221953233995	0.8786486109532542	0.7726799668426106	0.7579485979649816	0.8782648862443041	0.7525471627783786	0.8754078285173978	0.7686024150834797	0.7522591490353717	0.7616050414792966	0.9261050968439416	0.7646436809026351	0.748262899357599	0.8775418627638976	0.7544437484098501	0.878848469693818	0.76192935003855	1.0	0.866946188525939	0.8795473993893999	0.7503998902054426	0.7568189094768887	0.9265327796350104	0.7587345382438189	0.7584864489436686	0.8692021091876405	0.8783548449069921	0.8732642567254004	0.762606635396919	0.7552153554591842	0.749349568798512	0.9260351281486128	0.8703973882943217	0.7454305887082457	0.8789163938379596	0.7534567484285835	0.8690680066996331	0.756725865905413	0.7513245033719083	0.7708544105485441	0.7390299278217369	0.9262377021474636	0.8619783960038807	0.8767983977718296	0.8775849697051886	0.7676369001005798	0.8762378012343672	0.7574327716223309	0.8776981498698834	0.7438241534171558	0.9296403040449979	0.7504871962721874	0.8813069282094242	0.7509925514385762	0.930361582657815	0.8295716895676728	0.8704310628378399	0.7520120469599987	0.7583404220748972	0.8774788201607742	0.8674252606132465	0.7562913754733439	0.7663545972878849	0.8791553107134111	0.8797358596921896	0.7512331973119498	0.8793207160056926	0.7512953084502753	0.8784034594964627	0.8281240501989816
scaffoldsARL091074a	0.7245127681619017	0.8709395887181267	0.8737038371343042	0.7487661833611591	0.7447517263042155	0.8316685812061243	0.8728920910347625	0.8310233398520559	0.8308184284566502	0.7322267958413214	0.7214335477441741	0.8317793554709292	0.830343239003431	0.8297780956593122	0.7258834440017778	0.7112941106455876	0.734247203528355	0.8134560673572129	0.8723752440658804	0.7236843296824104	0.7325731646143969	0.7249093079050432	0.8337991031223009	0.7470190223552555	0.8310586582904004	0.8305975948087166	0.23785867378597764	0.716640841403531	0.8340820698931617	0.7494274426088922	0.7308557984442704	0.8313832600971873	0.8312855685093999	0.8398788628298218	0.7324578912346804	0.38398382133641545	0.7376044747444052	0.7479336661678883	0.7199120478562889	0.8345285152616281	0.7244169493702989	0.8346396041481048	0.8312231594884335	0.8373473676876351	0.6879266277169322	0.7129087537106177	0.716846212990069	0.7320237912246983	0.8319780728733743	0.8485580146344638	0.8313748007454502	0.7297932435322495	0.7338729704032415	0.8299979607722886	0.7186169362120759	0.8281706626918995	0.7291767249352679	0.7256418135656383	0.7375736315769866	0.8312669834471338	0.7235984819664211	0.7170737101674988	0.8319704655790986	0.7262255579945605	0.8336718088264666	0.7372424958377186	0.8402253504051922	1.0	0.8305936075734472	0.7199347202125767	0.7219932498908068	0.8333423633370586	0.7231601580860874	0.7301068557191388	0.8726667659230628	0.8297491232374135	0.854365311220415	0.7205053489809858	0.7258369497063265	0.716852950645232	0.8347966215389826	0.8725818803537291	0.7172501049968478	0.831514950983984	0.7377572794085282	0.8723188847243505	0.733169552101513	0.7305524027185949	0.7356188728932964	0.7129021999863921	0.8339288385345657	0.8727095023063935	0.8284704201494933	0.8308241274824927	0.749068468185506	0.8302873955297811	0.7339471254639731	0.8296651207685698	0.7059010497479997	0.8345177326481451	0.7181285773985969	0.8338503137232974	0.7135164635581692	0.8348227473116098	0.8586187367347878	0.9788609595951127	0.7168247169760921	0.7228700041988252	0.8302805999811729	0.8714342576090118	0.7324511480584343	0.7481471263063455	0.8300432916230721	0.8314902665387967	0.716330276182458	0.8315442464249818	0.7240645838347928	0.8315978990981869	0.8017947852143903
scaffoldsARL071351	0.7430825958040486	0.8460667105594613	0.8627691545132735	0.752646656165005	0.747391637656507	0.9923452399996855	0.8610523086868511	0.9928560934322681	0.9900428935510944	0.7422455149417312	0.7326958935925405	0.9893492755711992	0.9825194444283778	0.986511635307638	0.7417960603963153	0.7235460973753574	0.7421766204028613	0.9241826554351454	0.8605179605036222	0.7379663000965782	0.7510442842973224	0.7410658690640447	0.8510548106797248	0.75115374712841	0.992379343522989	0.9863768932360611	0.23615550327389634	0.7287028204443212	0.849831227041933	0.7408170855656916	0.7448980340567631	0.8125606937568661	0.9899180975904037	0.844795199879721	0.7507058930599121	0.3850453213403371	0.7455844677314996	0.7401259553978699	0.7363996168440614	0.8509845904076402	0.7329475413644984	0.8515583663951928	0.9925643402846259	0.8508788112063057	0.6997810979486703	0.7250081490575926	0.7323194365300335	0.7510616132777347	0.9922073628646557	0.8588193475643676	0.9899664965149401	0.7493881579288455	0.741843337323046	0.9849725279736057	0.7344626468359052	0.9818727587969187	0.7422940108221867	0.7355896161556891	0.7458482619758757	0.8507813996491047	0.7427404631890977	0.7260998405225167	0.9885827203061442	0.7328666304817927	0.9891813441107838	0.7457713753530505	0.8451021910152056	0.8259692614047823	1.0	0.7302486438142085	0.7388734018433843	0.8519460410936308	0.7382477117420128	0.7477802860297972	0.8616309627186748	0.9901222459105216	0.8812142446701576	0.7442682758665425	0.7459039364389802	0.7343660693850941	0.8523063524206339	0.8626539167615137	0.7279288511224747	0.9914861457965589	0.739751545275878	0.8615235236627997	0.7424272311341393	0.7352103949202029	0.7460723161140791	0.7251955845112051	0.8500978372577582	0.8551524103656724	0.9851526090254881	0.9874142407423459	0.7408327083213133	0.9849303939520974	0.7424298485236382	0.9844905603624342	0.7142530916009625	0.852147493469506	0.7349570580741609	0.9937389986364056	0.7321921049043445	0.8523817584714877	0.8155886095207154	0.8314227869635771	0.7328675538576829	0.7375085436480493	0.9849849575201713	0.8593527769585952	0.7420747783120093	0.7395797914466085	0.9871856083080591	0.9929677017613356	0.7331357940730041	0.9929288095269718	0.7319729834390588	0.9918022376205717	0.8320765983538574
scaffoldsTV82	0.8973213399358431	0.8539454239103964	0.8523052709318953	0.8984764830737717	0.8754543711464566	0.8555420988280953	0.8522754017130267	0.8561418328418409	0.8557336830080484	0.9749193630110758	0.8920128585426329	0.8559639497233842	0.8556717123597166	0.8547256791166886	0.8998226339544271	0.8699736205093049	0.8902138925864465	0.8446589316248937	0.8492738343052431	0.8850519305999712	0.9032148369337694	0.8979662933038278	0.8555440257999681	0.8848132402346126	0.8559033071040099	0.8561603343996564	0.2332138656166322	0.8912296330836528	0.8557432881740071	0.8906739215320741	0.8931897041072216	0.8478272862715593	0.855275965666098	0.8595868217273424	0.901522300151403	0.4320171358052747	0.8865871979825557	0.8893766565806162	0.8836922280620257	0.8559128150446047	0.8928661589032754	0.8567818776129806	0.8555574267588794	0.855100823944499	0.7572450079294212	0.8706463649997651	0.9406257829408236	0.9016420022248779	0.8565136760580131	0.8551839888769386	0.8559730347280314	0.9034252429782197	0.887759641433814	0.8557196085832345	0.8797589689083292	0.8557994101765916	0.8699529375779322	0.892954683275084	0.8860396768030788	0.8559413641735938	0.896477797963979	0.8958611809854236	0.8561245629099556	0.8913402044479959	0.8551801498567543	0.8855722368595814	0.8463837167417013	0.8412047223577312	0.8553174183761899	1.0	0.8827157783579067	0.8557535191512621	0.8846860622223237	0.8793439561642193	0.8521700731889337	0.8554553820219691	0.8634645341480511	0.8829418240694304	0.8895338672053161	0.8734142722972864	0.8565496070862801	0.8520569456316704	0.8929380957724585	0.8548910069524222	0.8775835902390527	0.8515091420175275	0.8896585527067391	0.8870914389306355	0.9046551906247862	0.8721209882920932	0.8552113021713681	0.8481229710778138	0.854976691860649	0.8551773377834568	0.8889623520468661	0.8555776702780277	0.8896992411083091	0.8555942757919028	0.8538204399637234	0.8570745471556019	0.8841803441313956	0.8548129712261842	0.9337522183835493	0.8574297483183928	0.8444082881333699	0.8490458990711506	0.9403126308256883	0.8845237974944439	0.8556160051436942	0.851887268926638	0.8892878949898294	0.8918200703674208	0.8551705126807712	0.8563601458276281	0.9386394539312506	0.8561175227656437	0.8921766701470066	0.8559829355673246	0.8315367092871628
scaffoldsTV75	0.8742912191730675	0.839377997389554	0.8493843166752818	0.8979712822786501	0.880111244596396	0.8458177512545606	0.8493406903596034	0.8465644230411703	0.8452214180818388	0.8812001587919877	0.8623009586345652	0.8462764097973962	0.8461186689238167	0.845873736383659	0.864871821175587	0.848706443382323	0.8641261362431777	0.8261959495470166	0.8458397315049541	0.974568143017893	0.8841733178627181	0.864233200935061	0.8479391901704485	0.8912404114100045	0.8459330433862953	0.8460742278840168	0.23217685712159866	0.8613050846107623	0.8483468495467467	0.860695364274468	0.8709176454257131	0.8195128250635482	0.8458512237832189	0.8475429961283387	0.8844774029842541	0.44340213338502016	0.8677583215548335	0.8598162387365639	0.9884947537001945	0.8483483059381111	0.8636641425342935	0.8486550956143889	0.8460572250014156	0.8470117615370293	0.7534131567793093	0.8491658046000146	0.8689680620645744	0.8834933246096115	0.8464536245654928	0.8504840806966564	0.8461214207175228	0.8796633349730713	0.8613805325143178	0.8453945268152098	0.9905144254223499	0.8453731437903022	0.8592932309651771	0.8722238471906026	0.8690721965044147	0.8481636337297868	0.8742710700221578	0.8578214267260317	0.8463849779306609	0.8706415615577119	0.8456121029088364	0.8680453045030029	0.8325517176670233	0.8240944667372871	0.846201128480213	0.8640749620022357	1.0	0.8481395265458213	0.9734960051533504	0.8676588647625076	0.8489640244058745	0.8461024117490941	0.8461787366081508	0.8600494402310662	0.8538038891424639	0.8801043170931367	0.8493938707718774	0.8497322998617278	0.8803945346293574	0.8453765481995552	0.86231840615836	0.849214080115614	0.865180864978967	0.8780765409633158	0.8711733749707307	0.8503218302781976	0.847744900670557	0.8443873040901706	0.8459655207321435	0.8453889989372653	0.8600844919736054	0.8455445230309995	0.8631288330015715	0.8458573813198217	0.9138053187090937	0.8506223242304614	0.9309381300338627	0.8458498609846805	0.8628238236731283	0.8498117520305333	0.8326830081210014	0.8313744676021988	0.8682506082127345	0.974273767567765	0.8455064102291787	0.8491112274307362	0.8645985484560943	0.8610497438042488	0.846263216085769	0.8466114200052607	0.8678148146828527	0.846344341488566	0.8628035582834372	0.845434580403747	0.821564004063979
scaffoldsARL081077	0.7140397688108091	0.8360084368666695	0.8408598593284571	0.7348072822496717	0.7361226344893173	0.8244758436810621	0.839804122183049	0.8254289294344879	0.8236667828403706	0.7168374663680667	0.7099730444206235	0.8239403910124417	0.8209683620086383	0.8239096731908914	0.7094107810918926	0.6967215927983077	0.7185517772606581	0.7950908788905584	0.839243896679844	0.7179295415986907	0.713548253449988	0.7080790255761553	0.9909489431024735	0.740240334289167	0.8244895150189683	0.8239842312111788	0.21307121110908508	0.7071634429705694	0.9891549053345001	0.7234711686755531	0.7101758714092545	0.7934492460031547	0.8242209823783981	0.8221841802493229	0.7134706772368454	0.3792280751184921	0.7190542534069474	0.7226528175326403	0.7128191340004452	0.990347510960404	0.7103626848873547	0.9921379693194472	0.8259534669531674	0.9886324537073023	0.6809112454180201	0.6980771139412532	0.704150603706119	0.713344991197201	0.8263918578731706	0.8250239030436447	0.823579754826221	0.724525466475216	0.7191781576617777	0.8227872630588827	0.7150569975389403	0.8220475003745326	0.7168599087157133	0.7031567283608862	0.7192713181716892	0.9839205860963287	0.7139847177735233	0.7069923813829032	0.8226990750787583	0.7048328935854108	0.8236188803813942	0.7186991964847252	0.8625823710258587	0.8089938905401631	0.825292523436255	0.7049450490258895	0.7195239080111658	1.0	0.71843826987036	0.7109705636653723	0.840243166611705	0.824681829173493	0.8301376217966212	0.7182041562040491	0.707561565315771	0.7052040070795126	0.992283505258447	0.8417273566500111	0.7070856531508307	0.8241530584309587	0.7177785351025376	0.8410207278008024	0.717315682611736	0.7067128650972756	0.7237980920408669	0.6982225818478807	0.9902644333344756	0.8344318275165514	0.822505749821621	0.8234302766258624	0.7226571571247524	0.8230547143420031	0.7179136513806463	0.8232766474111506	0.6941059982544191	0.9878186568553182	0.714525265634224	0.825102248433628	0.7035588155474456	0.9878112533728559	0.809027025639579	0.8146231143493008	0.7041831901069704	0.7179526681857341	0.8214552888500033	0.8386007176693209	0.7167946099188267	0.7216883246185446	0.8247123916239333	0.8256160263557221	0.7044991150696842	0.825090703394807	0.7096690313323454	0.8240201357996471	0.7889655222628492
scaffoldsTV12	0.8870445446279931	0.8501563105045356	0.8593495135184133	0.9103561090401867	0.8869861500731717	0.855522761207342	0.8595410769812118	0.8566697807847186	0.8553510927259869	0.8926385308422329	0.8748060801634489	0.8561647377886022	0.8559424666356344	0.8558927062318972	0.8760267126044716	0.8601933128129121	0.8779374638768646	0.83604358875924	0.8558954245791983	0.9934005753407414	0.8941552683042796	0.8760759363783952	0.858554778564029	0.8987306083430417	0.8560531009458231	0.8562023288690618	0.23608910595197155	0.8754375570701952	0.85899334466481	0.8722535327208807	0.8813414718750455	0.8307397078425415	0.8555110386241497	0.8589099540097984	0.8951438719652738	0.45237893695395265	0.8848469097184867	0.8718442270554886	0.9795106164669832	0.8592780042368985	0.877285629518006	0.8596029351146206	0.8561693666793135	0.8581049385483696	0.7639267556315241	0.8605853520903131	0.8821915451588698	0.8934345070092893	0.8563625321741162	0.8594763746621004	0.8561887744546144	0.8924760049147892	0.8755126792668062	0.8555517920495599	0.9822817267591571	0.8553732491870906	0.8698634731997836	0.8820261424540502	0.8859638759137031	0.8593521288627853	0.887690776795191	0.8706279533529043	0.8565211352635614	0.8844580438210804	0.8551260221446478	0.884841353150615	0.8451362515073092	0.8338312029330008	0.8563711732807325	0.8746661783590972	0.9865563481530798	0.8578825668825242	1.0	0.8802638894916526	0.8590747091238213	0.8560653775869681	0.8564087943439476	0.8704300990137497	0.86487231191587	0.8925357261609923	0.8592423565968377	0.8596523746169508	0.878327871357174	0.855426441355904	0.8744758588506326	0.8593995907271492	0.8789159747991153	0.8901371655163866	0.8873130826485496	0.8619920704217292	0.8591428587114146	0.8544335916606564	0.855961024575785	0.8556797294726524	0.8721381823507921	0.8558932635159838	0.8776284540181873	0.8558829844243004	0.9313790744753151	0.8611689174282742	0.943047573150686	0.8559632723984272	0.8754873472768062	0.8608009532522091	0.8420077069799558	0.8403012940643679	0.8817517752520798	0.9924443253943018	0.8555980698366846	0.859351377423173	0.8781928810950596	0.8740290723674884	0.8562647881376935	0.8563528741783303	0.8800664223880847	0.8564183863247339	0.8765546210903336	0.8556556104031622	0.8317007855058419
scaffoldsTV55	0.8702391489124149	0.8257674824529319	0.8249023033299563	0.8679285677414001	0.8573663255385318	0.8318968442326564	0.8251635305422292	0.8324388569547179	0.8315699900519475	0.8633936933007296	0.8376389966688286	0.8320888253227163	0.8320204793088006	0.832105221308983	0.8531309501813256	0.8528967987335598	0.8652071734029142	0.8084584606254418	0.8233883431236245	0.8550951712957788	0.9289756580490337	0.8521624621792507	0.822140893077926	0.8633678245063731	0.8319415936888284	0.8323913080121064	0.22444614583062852	0.849999770291712	0.8225033425025785	0.8541365100162217	0.9234547663929246	0.8012234281801065	0.8312845326377535	0.8253968622160726	0.9298172523431907	0.4335386836653815	0.8555257252099222	0.8524551757786637	0.8509275821489298	0.822360481451229	0.8378269475913886	0.8232929606243335	0.8324477872051959	0.8223404557680042	0.7527411815071522	0.8543071234537412	0.8482120852116454	0.9297559845719996	0.8328553048939359	0.8273453138186033	0.8322482849997502	0.8831992482856198	0.8648514773955688	0.8318955296060738	0.8483136221069926	0.8309828229143676	0.8502432456460647	0.8538291219508106	0.8560762321860241	0.8224316079779551	0.8705996336368802	0.8409825485685849	0.832908149637104	0.8504402770958055	0.8313926814583412	0.8556036451850946	0.8160032267410535	0.8118878542223301	0.8326750734131996	0.8474424213971652	0.8522350347263197	0.8211228936318026	0.8557015972382752	1.0	0.8246244223423289	0.8330171602705533	0.8302056987048853	0.8472782723268127	0.8367419270322465	0.8498720967399367	0.8217130196399042	0.8257903839581989	0.8525169293993655	0.8320759506348062	0.8471525499850807	0.8250156433402765	0.8653361981515459	0.8616099774022651	0.8666356417157796	0.8550476749328279	0.8218285512802408	0.8194452853685358	0.8311227503404951	0.8320632601700255	0.8542576665884283	0.8322183942635044	0.8635401525820446	0.8315894908708055	0.813364065335146	0.8244632498211626	0.8500999570619638	0.8323141607848854	0.8438718010729928	0.823581326233215	0.816604806452843	0.820525503073379	0.8483629523266173	0.8550273780861137	0.8312715335672116	0.8242791379196562	0.8644528275773667	0.856005621394386	0.8321234572804811	0.8324605839473608	0.8472871915434015	0.832474078255986	0.8367785466205497	0.8324693708499766	0.8017372510218528
scaffoldsARL081412	0.7281832675443817	0.9601747859140596	0.9953712427863393	0.7401540676316295	0.7379533920776655	0.8564817778514737	0.9941011607964569	0.8559431161358144	0.8557838813770015	0.7235133729631394	0.7188024762848514	0.8550174842990658	0.8529461929271924	0.8548589576117621	0.7217744697517431	0.7135372490745773	0.7375176837885641	0.8233888929337676	0.9887408062924542	0.7284475848652737	0.7356687062049058	0.7207319027791835	0.8548289832743364	0.740899923231048	0.8551566794322489	0.8554099577485844	0.2410379838438123	0.7150801040147072	0.8541836014712091	0.748092065664264	0.7335296157089385	0.8394744398011023	0.8551409977912665	0.8535631999344901	0.7354064791990123	0.38574054794968454	0.7343101505707924	0.7457138367450503	0.7208188908437542	0.8549517065827342	0.7207988727147433	0.8554065929893092	0.8564839946061599	0.8552388107038886	0.6889918175218814	0.7148008775790902	0.7157016101255451	0.7355563431667297	0.8572236047997143	0.9316785729906969	0.8553652861423274	0.7343195548665093	0.7364982290039765	0.854022937531734	0.7257789168170515	0.8511034151423732	0.7308548442492749	0.7233366585654798	0.7344588738691735	0.8497747367815013	0.7272354008762687	0.7127866130211561	0.854533575124623	0.7236813943432566	0.85522179842359	0.7336855522848723	0.826049380584328	0.853991337353046	0.8550118898853619	0.7143060113533878	0.7296552945193382	0.8551314136018888	0.7279964403789023	0.7276546840277133	1.0	0.854237828802564	0.8768790270406226	0.7273399390455572	0.7231753811636772	0.7155184796368644	0.8540585555196372	0.9958487609051768	0.7153710825731041	0.855467893834006	0.7363909562120265	0.9940509776854629	0.7363842262966057	0.730162437567451	0.7319579123089167	0.7150233562737353	0.8532789201822526	0.9883275296504536	0.8534550104348592	0.8554212380359775	0.7470265729944364	0.8535482400047496	0.7370555660233161	0.8528572786733362	0.7071458580011357	0.852541100112541	0.7183286920056372	0.8564122212406657	0.7133608636684496	0.8527031962247171	0.8846918739327471	0.8599864133391728	0.7160634389510546	0.7272994528358006	0.8541085056424099	0.9917464946296731	0.7360514747317751	0.7474084270134163	0.8551482374765916	0.8566013681094563	0.7157196930528512	0.856096312228246	0.7192222137602738	0.8553333755925434	0.8418184994238596
scaffoldsARL08428	0.7446322415425733	0.8499792412369126	0.8674013868924185	0.7561815604031566	0.7506006115670866	0.9955082378684917	0.8661294198677287	0.9951172183124521	0.9932088681330523	0.7457979746456983	0.7356711125098122	0.9927473912404913	0.9878570289640891	0.9908334098353611	0.7454624574534742	0.7267876001747041	0.7430213994235565	0.9275630958196313	0.8641877388089987	0.7385881132997429	0.7526429838777134	0.7447336715673787	0.8539832894503373	0.754086262117276	0.9943546969298939	0.9907455357904977	0.2373811745478226	0.7309898974157633	0.8530313071192547	0.744074387178491	0.7466798746384604	0.8153113630637449	0.9931645844152286	0.8488576369763378	0.7525374891862314	0.38593446600179976	0.7483997661029143	0.7432383081393964	0.7380136409796061	0.8536386918727001	0.7367527305507552	0.8545363670031165	0.9959214516022846	0.854532140900616	0.7015367710613541	0.7285753876837128	0.7338764286315262	0.7526778595578789	0.9956036088027835	0.8623057130966069	0.9934394844509624	0.7527408424661163	0.7431316538635474	0.9897431620173659	0.7359688428666563	0.9861739794622661	0.7435569659617364	0.7372279839512694	0.7490735010118525	0.8535232865368896	0.7445955842235183	0.7295816842429763	0.9917781527927488	0.7366689587807868	0.9915486913468736	0.748922976117104	0.849861215274938	0.8289966046058913	0.9941689479496931	0.7334725346543282	0.7401764701721852	0.8546366577252944	0.7389780313522647	0.7504519908455942	0.8659049482287865	1.0	0.8851406315966039	0.7472518581293651	0.7487316774497143	0.7376814109858515	0.8552831761621693	0.8672414943272408	0.7302060606169195	0.9948565152168822	0.742058579930896	0.8662727480334177	0.743239631642103	0.7373290891164752	0.7491529155246096	0.7284434814858068	0.8533088195815781	0.8596074109748916	0.9891621777321047	0.9901433390285368	0.7444989292678822	0.990828155006547	0.7432311567845562	0.9892680132437358	0.7152752102012393	0.8550669290237615	0.7388326054594105	0.9954500495232653	0.7338367585719873	0.8551173805666239	0.8190688335627313	0.8341241996605638	0.7343511113048353	0.7385974845567921	0.9896409006444669	0.8648329726577467	0.7431053626649201	0.7430849551337886	0.9917772041961472	0.9947445529419557	0.7346284364291494	0.9960990650260576	0.7359695114056668	0.9947874801293974	0.8370363735832156
scaffoldsARL04840	0.7095752605115646	0.8474802300412658	0.8435771064189761	0.7216789608843459	0.7169356198697175	0.8418638984223805	0.8439082718824333	0.8418614342908132	0.8408584514037228	0.7131510355046284	0.7021217609173955	0.8398736162039228	0.8413449044994024	0.8408330029419036	0.7060766441910341	0.6939657321554401	0.7146845978404255	0.8070486216638579	0.84019049924328	0.7054980523869306	0.7160267941958576	0.7045983359653949	0.8155714227104685	0.7198352055340169	0.8406876149206626	0.8409519770653499	0.2299132778382581	0.700132413074484	0.8145112818855426	0.7240092519538238	0.7133382653816188	0.8305487900020212	0.8404075213587042	0.8539747521811323	0.714981630767685	0.3737201829165039	0.7187441532166544	0.7230536783212594	0.7030754748012248	0.8146789396899153	0.7036025661846733	0.8161252035141072	0.8419342349253706	0.8157297767562866	0.6731607863490405	0.6949123837417512	0.7043552489213433	0.7160811723573729	0.8418589526575126	0.8177280919374308	0.840096528534574	0.7182928379322127	0.7155354508002447	0.8402341687125021	0.7020894954238126	0.8412087136790443	0.7159670536996098	0.7058569433283025	0.7191022895884094	0.8151052304535407	0.7090987514779371	0.6974787650385715	0.8421591951006708	0.7075452966165575	0.8419025666682195	0.7188597008882721	0.8020488750839335	0.8098094523090114	0.841406774815884	0.7027135180334448	0.7047590458309868	0.8149659719276283	0.7046822045937039	0.7085411256844136	0.8424473511402834	0.8409518479909123	1.0	0.7108439245768884	0.7101831831719494	0.6998729924557915	0.8153426697906718	0.8430729025035707	0.6994839813596452	0.8406556229771273	0.7184352572325317	0.843732342583299	0.7129740843032923	0.7086602747540736	0.7155222823252574	0.6939783059370718	0.8137101953166438	0.8381946795634012	0.8388823854042832	0.8409172203382388	0.7236415043579547	0.8389781861947976	0.7147630582383321	0.8392252875853894	0.6865882547911766	0.8171343454945463	0.702006805017147	0.8448101056570704	0.702320445377347	0.8178963540587808	0.8082043006284395	0.8172996417139325	0.7046529562543057	0.7043364582613497	0.8424929820258049	0.8406558764406611	0.7125734018446696	0.7234745816141038	0.8407735575778804	0.8415111857375424	0.7034700567039992	0.8420931361834351	0.7031689867347274	0.8411176739723771	0.8304720371952962
scaffoldsTV83	0.9008458025149974	0.8626892453493463	0.8597752669811234	0.8898794134955192	0.8807309232236468	0.8686308733440206	0.8594332036279997	0.8683257672089064	0.8678326149869353	0.8994077266582263	0.8603863741817106	0.8684602892280234	0.8679229819990917	0.8677192271552563	0.8859512404609637	0.8886308269801071	0.89211232306039	0.8374190694376437	0.8562359820068145	0.8757135078798379	0.8954863583969209	0.8849639030177967	0.8611518995632714	0.8801321343210178	0.8676760489117042	0.868870463832257	0.23975310626137913	0.8633541454341956	0.8609559677310339	0.8683998266158965	0.8868754233688051	0.8256868680157069	0.8679697976717456	0.8580240099531461	0.8951488272979147	0.4497715618791011	0.8792963857406557	0.8673379046155858	0.8744504494022606	0.8615732357303241	0.8611728740028497	0.8627025633456272	0.8681765980978949	0.8618630773994229	0.7817810251837328	0.8883054208370001	0.9209585732363298	0.8961815717795532	0.8688275976276564	0.8585011912578558	0.8682066984468573	0.9238742108845571	0.8869019549602597	0.8677782635936093	0.874193446571963	0.8666035414470078	0.8890236355201468	0.8759295120402506	0.8786015376209574	0.8645515553857722	0.9007318045329883	0.8605109199958978	0.8683950070949151	0.8703897396626383	0.8677262215564626	0.8786168801836655	0.8524232829045127	0.8391916882606261	0.8681951374872365	0.8771998673864839	0.8769900680895717	0.8626567529572853	0.8749311338536827	0.8826193035810896	0.8593800040637397	0.8686634415132479	0.8690179778895758	1.0	0.8629416422827672	0.8688720853496954	0.8629403405980656	0.8601063345540946	0.8660845159447257	0.867878831086017	0.8577842022130789	0.8590153184086661	0.8916896466741736	0.8812750004924857	0.900720936578428	0.8900945216341835	0.8608990799840086	0.8544475783635379	0.8671258276392639	0.8688156896525493	0.8679367693453895	0.8677051776068931	0.8914283156507267	0.867916838367427	0.8230085244697253	0.8646590622633781	0.891298864060386	0.8681153408104387	0.9195423685621673	0.8635791554490393	0.8480234321601705	0.8515570602846602	0.9207962867385725	0.8750624213171366	0.8680126209094001	0.8590810161932235	0.8916128884516821	0.868025102055105	0.8680819579476299	0.8691892519486298	0.919959593430533	0.8689174015778375	0.8594526287023798	0.8687545054613716	0.8422738612149191
scaffoldsTV56	0.8924597441086203	0.8720603082160591	0.8717303130589573	0.8915164986244762	0.8854353297621455	0.8794287614100187	0.870642403516136	0.8796377520929369	0.8785335219983387	0.882639397598067	0.8807814619552374	0.8785631782388358	0.8777188401083266	0.8790989456516644	0.8914405216328821	0.8805192345858849	0.8837412096076075	0.8629995375532569	0.869500963966973	0.876701737746247	0.8912766797907088	0.8892642908887689	0.866271489297846	0.8874604845693307	0.8784631329229171	0.8793837456610026	0.23650496853713207	0.8746618396980166	0.8660796934643615	0.8927370659241384	0.8853896438727672	0.8576501475727314	0.8788066577720887	0.8642099197927164	0.8916411680266951	0.44699374472667097	0.8897539948873255	0.8920993989670825	0.8759648932829697	0.8667129670691155	0.8810483825210088	0.8665140597078981	0.8797457922309753	0.8662330348764384	0.7724428576438629	0.8832154029920436	0.8900140620873168	0.8910928304502909	0.8790703195086663	0.8745231521451282	0.8792623085415197	0.8940547450856285	0.8803477970099569	0.8789014532583314	0.8721439550474246	0.8781953692228309	0.89966069524423	0.8861261724381109	0.8904051341328796	0.8666994677496004	0.8920639777262677	0.874782643787397	0.8791517006670077	0.8792547043521681	0.8781420728184605	0.8902238862426869	0.8588724568541832	0.8551939814110826	0.8798268897108429	0.8951290251628257	0.8755961529324574	0.8663226092554636	0.8765813449144746	0.879708110366919	0.870373504134732	0.879540960376544	0.8790214245910334	0.8764100248985018	1.0	0.8804848391789358	0.8674718579596237	0.8708882089677754	0.8749863469625618	0.8790692980842468	0.8819742852632055	0.8704783941086992	0.8841571290978806	0.8798938825933595	0.8919044417525157	0.8838446035420181	0.8654411470665307	0.8628369083135335	0.8789985001856284	0.8793037750020112	0.8914756406424337	0.8796023485531225	0.8836261249448364	0.8781403601711077	0.8453108992471626	0.8671033033697003	0.8811988947870328	0.8793211682717765	0.8864985509676263	0.8673869083995122	0.864203153284111	0.8678100269965483	0.8904368207395731	0.875930911523396	0.8778484626336329	0.8717593530828296	0.8833864889411762	0.8924367931648234	0.8798670668346804	0.8797122045766735	0.890410116211456	0.8795457496346671	0.8795563536193692	0.8789881585826343	0.8429259493709468
scaffoldsTV48	0.886356035668839	0.8525674489449444	0.8511540258833253	0.893727371207509	0.8786079785283178	0.8521685253957029	0.8515849206014874	0.852292461854079	0.8518784877591016	0.8784377140188082	0.8759218524214282	0.8518978059960853	0.8521517322874076	0.852307659485637	0.8734050558287482	0.8702790662928542	0.8793189523155762	0.8415517123812978	0.8486066181739966	0.894227176625327	0.8952144092096036	0.8721807466651141	0.8519802098160268	0.9026838023787065	0.851528457451964	0.8516005636381896	0.23705723498690956	0.8757138367068708	0.8514737725590146	0.8682039248007575	0.8827692119536482	0.835258409170806	0.8522829052229378	0.8389390957844828	0.8974762224167796	0.4427983650445497	0.8760564143207737	0.8676436142099047	0.8949780676601321	0.8513042368863901	0.8746852462304759	0.8526105980208489	0.8525040562536936	0.8510384211223677	0.7696800309603622	0.8703961266985446	0.8787301240058384	0.8953555265475778	0.853849408474398	0.8508051080314506	0.8521298322564868	0.8828941591988854	0.8765181594118907	0.8518220784626609	0.8914182894234874	0.8509191032455146	0.8671420148551048	0.8721125660636959	0.8769491092110111	0.8509740879814993	0.8858102478383951	0.8730066380521448	0.8529018421307326	0.8807738069759515	0.8514448783229648	0.8759836177031762	0.840217565052734	0.8293529698654979	0.8521464008892286	0.8717700208497059	0.8955640248930407	0.8517682423747589	0.8955044484766129	0.8770400712522659	0.8503911285982825	0.8526901355589585	0.8539514106885321	0.8730240520590492	0.8712150835558118	1.0	0.8519096090455234	0.8524173012185919	0.8779950611774401	0.8518558452229942	0.8704772535680171	0.8516901706253354	0.8802987794706576	0.880941090845734	0.8770781098805308	0.8713275615468425	0.8512665444977277	0.8454275298306602	0.8516843866719409	0.8516178863916256	0.8677707838890214	0.8522108972495597	0.8783764408339433	0.8517524701482716	0.8534250579521192	0.8529971746521577	0.8994779778133704	0.8520630769045837	0.8758881752896441	0.8530026800652228	0.846087934800742	0.8403275668451302	0.8782667052903924	0.8944393919606	0.8521587879333379	0.8505966146103272	0.8795258082622004	0.8673884267480051	0.8524429269536727	0.8522599225850803	0.8778830448482438	0.8521837594141816	0.8748593936893253	0.8514557298337182	0.8341861806692391
scaffoldsARL081215	0.7190188332583538	0.8359978031191955	0.8410912572899528	0.7384853775293173	0.7393736035673577	0.82564409047912	0.8404371287423128	0.8273018743271774	0.8251743506971899	0.7202325683609312	0.7128847575323414	0.8252212956387387	0.822693335287564	0.8254211272803766	0.7125982682668697	0.7006759098397145	0.7211213344072663	0.7957910495217925	0.83994441381528	0.7215848383276048	0.7169032855329625	0.7113669419878094	0.9927512880432536	0.7432400080717785	0.826609608686128	0.8252429684062779	0.21509052615783938	0.7100728073625058	0.990492134021416	0.7268001711212203	0.7134747116909067	0.7963640976569505	0.8255592867112557	0.8244763944111009	0.7165098619368706	0.3791253420125124	0.7218557255865692	0.7260020689450207	0.7169047262844908	0.9905370035204226	0.7136747898629285	0.993415709251255	0.8271483661949062	0.9895396176844161	0.6819556242803596	0.7020520345271537	0.707653537152752	0.7164252212694691	0.8266138321339511	0.8255900617296492	0.8250666267402247	0.7287406435971246	0.7220661376376053	0.8245669331235052	0.7195571393353122	0.8240929226372967	0.7226097048215291	0.7068419336187128	0.7226088803278634	0.9852402980308074	0.7189560611270853	0.711133886308638	0.8252013488693014	0.7093058919684522	0.8248527221699202	0.7220110422036161	0.8650528125541856	0.8094124230823736	0.8268343700976236	0.7082546096363694	0.7235710188862842	0.9933752040834063	0.7222468439677598	0.7135034874756515	0.8403175221240382	0.8266114605652823	0.8323587620004587	0.7207398703414076	0.7134771463875219	0.7081048111688318	1.0	0.8419195212259479	0.7098431747243719	0.8262429108429066	0.7205154415958852	0.8411437742730677	0.7204111358235215	0.7102430860830159	0.7272465139356977	0.7022307917278034	0.9918326399880163	0.8346745654594004	0.8245317470904533	0.8248715093215265	0.7265387077551662	0.8245643042149445	0.7208375967111594	0.8250504124168833	0.6981017820387867	0.9890393911248596	0.7181396584565407	0.8261395570072869	0.7069746176970828	0.989222965709587	0.8099258546712961	0.8153781925210974	0.707691163279341	0.7216547906200236	0.8232532689574479	0.8392130165844216	0.7198844886515694	0.7251127729311636	0.8258719003979845	0.8274092553900279	0.7077430343630011	0.8267633847154329	0.7128046496539505	0.82605415486916	0.7899998971060821
scaffoldsARL09100	0.7256381422200494	0.9565931773381062	0.9915190583201334	0.73752565618512	0.7352327253402855	0.8533127055894294	0.990785290753493	0.8528664729018246	0.8526081560558693	0.7217898225933488	0.7163333625326092	0.8520860429215972	0.8503811896507995	0.8525176787554349	0.7204201614794038	0.711810551402521	0.7357014621197653	0.8211511619811527	0.9855317200159451	0.7263196943528991	0.7331170990608332	0.719401550154094	0.853813474827241	0.7386492192160978	0.8525561292305098	0.851689198009201	0.23892511048447096	0.7132112977336914	0.853013638367187	0.7455767558792412	0.7311797909198444	0.8382666619117322	0.852577011669496	0.8505752195534515	0.7328080550999039	0.3843560179186943	0.7325090890603865	0.7446440006253344	0.7185606892291101	0.8534001662341427	0.7174901407759703	0.8539646604899591	0.8542928775594645	0.8537727079904985	0.6877792143969556	0.7132625056170931	0.7140512943983991	0.732985158751559	0.854712155731195	0.9273854523836054	0.8523097004745133	0.7331354690512955	0.7353092291400704	0.8515218214061739	0.7235855273156179	0.8485040185569817	0.7305075150343788	0.7215066170801132	0.7329193740012496	0.8485362796342284	0.7252679108138735	0.7115418605535769	0.8518371005244234	0.7215946193430595	0.8525788092857174	0.7322086734958473	0.8258598753847267	0.8496707262870614	0.85266132246993	0.711188496188255	0.727995957746526	0.8539444202161719	0.7265526930742381	0.7257115754853063	0.9915012286009922	0.8518770177808529	0.8745351166880203	0.7248730465767474	0.7221383796434664	0.7149896533811051	0.8534854549145703	1.0	0.713878093743272	0.8523663460361486	0.7342453668732336	0.9918771442046743	0.7344909342260365	0.7272025191159246	0.729640259043682	0.7132004279802886	0.8522728027636448	0.9849716197822805	0.851196515739362	0.851847195168928	0.7455515630061579	0.8507500312759878	0.7350722542885543	0.8492406984007457	0.7053783068517596	0.8519987530501626	0.7161358880387615	0.8542478421407133	0.7118855151429858	0.8518199215220822	0.8840384728635309	0.855832304778512	0.7144340663042124	0.7254398413466479	0.8517158301604426	0.9873408122627831	0.7342274275038181	0.7453275369754219	0.8528626445923294	0.8535254088310171	0.7141388794687066	0.8526244614417738	0.7168866258885364	0.85195854577577	0.8404925318790876
scaffoldsTV118	0.8723357749708891	0.8327523706758125	0.8320818542571466	0.8819655214938119	0.8617491789146755	0.8276759226098674	0.8308626323430695	0.828541566011729	0.8278704836303209	0.8782584325657307	0.9167163726556411	0.8278016612383357	0.8283240096009571	0.8285075439339852	0.8621951399753074	0.8649690465824486	0.8611829646926316	0.8170450890495059	0.8309495447523152	0.8613580078911447	0.8821195637269277	0.8617369751769816	0.8370818157783284	0.8738364210266667	0.8278360945819682	0.8276890683796145	0.23198741964899758	0.9715239450656045	0.8374688992914499	0.8710146160463559	0.8710373447611868	0.8155028958078796	0.8279295856048259	0.8354090519923821	0.8799137342126616	0.4385896071973202	0.883938554734372	0.871298687974475	0.8751948906275265	0.8370452604117736	0.9154368478699241	0.8378990779507056	0.8280890405201187	0.8370689927479569	0.7495276929831418	0.8659178668438566	0.8697191454852445	0.881457851342832	0.8295301763084366	0.8335190652357538	0.8281786201564502	0.879006288293779	0.8592344879558459	0.8279147869668133	0.8719483205204147	0.8280667803609134	0.8476317193686859	0.8583223906041241	0.8845331211744153	0.8350112929456788	0.873497230310892	0.9257475438503665	0.828237526908948	0.881071240328329	0.827638785254059	0.8847108175316016	0.8213586790507975	0.81925563424332	0.8281372706285762	0.8741472339506986	0.8753199739402631	0.8372296465743861	0.8626390827067458	0.8626961652315654	0.8319768633729997	0.8277686411599839	0.8360038483541036	0.8552012532290354	0.8499646464780931	0.8601420711313827	0.8378198060826723	0.8328859499318451	1.0	0.8274557287632125	0.87147575567218	0.832291551917122	0.8601271869863636	0.8613506029169073	0.8736623181327036	0.8664034480623369	0.8370476397272617	0.8276585942277359	0.8276045515779274	0.8277972134062879	0.8709614198898955	0.8277864747222554	0.8598217175102677	0.8281080704938918	0.83179976836903	0.8372915826670093	0.8638202711531994	0.8281949440159314	0.8645815849313434	0.8365499553512761	0.8241099750093674	0.8278460124826136	0.8697464863473187	0.8617434104910373	0.8283002376808406	0.8318764916446191	0.8603563456664397	0.8709020135672482	0.8284693329677387	0.8281829692583582	0.8684042290991725	0.8277884229442114	0.916172457709464	0.8276367663420456	0.8100838738939105
scaffoldsARL071139	0.7430938861971064	0.846515858794028	0.8640106463986968	0.7524705787721419	0.7468327154127774	0.9938788933315774	0.8627337919198755	0.9945296385789557	0.9917839430350286	0.7431240608694816	0.7313339277740829	0.9914554515581024	0.984245373349119	0.9862732367497853	0.7422630471085176	0.7239989858759586	0.7415443331771097	0.924202843861898	0.8622373963157934	0.7362754634904077	0.7501719144505731	0.7414821997984654	0.8512355894282532	0.7506930048424915	0.9936262961056425	0.9876272284049741	0.23858548213177178	0.7288615648529264	0.8507240994428703	0.7408801181522384	0.7441156408581973	0.8123606257276492	0.9917037248421043	0.8454844836259405	0.7499338302205891	0.38620279172837935	0.7457212809319991	0.74019171185696	0.7354713606755916	0.8512985794419803	0.7324912491777625	0.8518107661661597	0.9944071343215011	0.8516161611287361	0.698964996065459	0.7261468577955056	0.7316301509106177	0.7502951625306568	0.9941539618882588	0.8598364064288021	0.9916557720233681	0.7492605040272443	0.7413251595787028	0.9860349613555484	0.7333087409703838	0.9823433237916799	0.7405732908202192	0.7346480260141909	0.7460704179275349	0.8503966658216093	0.7428120098035524	0.7253418605832938	0.9905786770469899	0.7349182643682541	0.9900924235064069	0.746121533098445	0.8459991836318742	0.8266523642998652	0.9923015399421559	0.7312369968120663	0.7375053930064368	0.8517841054228241	0.7367652317520818	0.7482368777795372	0.8630338786849064	0.9918325564587219	0.8818456039696693	0.7444063452907923	0.7459193290930521	0.7353419912519039	0.852778731383736	0.8633787862458652	0.7284087331432755	1.0	0.7397965691298092	0.8628437192118334	0.7417120348655262	0.7351229833043803	0.7467387412197837	0.7259140912981416	0.8506260451464406	0.8564184407545323	0.9850697154307104	0.9879399203508004	0.7414197361588265	0.9858823459356486	0.741717123070111	0.9857381340008047	0.7136032113885274	0.8524731660582128	0.7356115591842334	0.9937676854777423	0.7316438160318975	0.8524371565175844	0.8152475864136364	0.8313650584503424	0.7321337703521085	0.7361214766237183	0.9863276219983945	0.8615523578913978	0.7415373838000073	0.7398642977537994	0.9875985315904334	0.9938549235524838	0.7323823249260321	0.9939223941579343	0.7317202131490189	0.9940556676159978	0.832041084864228
scaffoldsTV57	0.870610592991473	0.8632411766807556	0.8661491198169549	0.8927130661072479	0.8743333496370961	0.8584234448168211	0.8656552628854738	0.8592720277983217	0.8584055778999903	0.8836988863651261	0.8879617101166114	0.8587703620876124	0.8583483751229277	0.8585751089109964	0.8796854136019011	0.8525768034827539	0.8830748353866164	0.8433961984006043	0.8634728119856666	0.8764744343072332	0.8874373512416522	0.8779699376724349	0.8565450348134046	0.8854506035745989	0.8583733009375303	0.859076703513642	0.24600525726130032	0.8818227589590637	0.8566402590440574	0.905378123023826	0.8786756115137582	0.8507821049842802	0.8578722729078466	0.8607762973188136	0.8859233781764805	0.4381668852836032	0.9032158776509037	0.9040870908358719	0.8758210748647851	0.856274540844643	0.8895104958017724	0.8572123795666254	0.8593459041212411	0.8565109019543528	0.7629134148836065	0.8521257382075604	0.8669787688490416	0.8872861850977634	0.859996355192947	0.8657258006302079	0.8584630333899792	0.8776655289904646	0.8789285022452576	0.8582986847006706	0.8751450949453483	0.8578722566538592	0.8747338336243206	0.871277035891054	0.9032175308662077	0.8560847546536374	0.8699427921092466	0.8799580121292854	0.8592402604782656	0.8683485576428845	0.8582133281835989	0.9027976096097622	0.8415090966902087	0.8501137276256875	0.8584383144290791	0.8755222566867851	0.8767219787551707	0.8574928918191533	0.8768312747204106	0.8761434369392398	0.8656475596036687	0.8588222892933474	0.8741612588426922	0.854209202467256	0.8703983855261598	0.8692149785962041	0.8575361256276853	0.8660110157749319	0.8815258099930763	0.8582457950037888	1.0	0.8654873804598728	0.8824771464260506	0.8947906498754363	0.8853454966098554	0.8530821028289963	0.8570186453856148	0.8601698336701825	0.8582837275351749	0.8580724676106918	0.9041251871552868	0.8588569823410837	0.8827821205550178	0.8591009733743366	0.8439026402085587	0.8576642547329497	0.8709720036313909	0.858611132170474	0.8631085857232565	0.8583755468539406	0.8570255541524268	0.8561772599549802	0.8675225841627746	0.8763256075888393	0.8580054643650902	0.8656648893072624	0.8826232514635861	0.9054267377302897	0.8592713352689211	0.8589290026621178	0.8677330393089153	0.859253098420151	0.8896279019244391	0.8582601252397883	0.8325764648985295
scaffoldsARL081218	0.7253372480672564	0.9583747532830998	0.9916893168971443	0.7379092958193134	0.7362728695572829	0.8534660033858281	0.9943848315697132	0.8538207305466	0.8527196568806102	0.7211347147093976	0.7171294680404302	0.8527939132759877	0.8506945662271691	0.8529219479401845	0.7203463294563252	0.7113960061592955	0.7365876878205639	0.8218939853583855	0.9857829315826393	0.7242536361420799	0.7335067448484925	0.7197207076845902	0.8542430072359345	0.7404440390991847	0.8531056724513333	0.8524128905801654	0.24146425228374363	0.7135247346437507	0.8534946552336361	0.7465988050423018	0.7312155629240329	0.8390992453329895	0.8529433407147716	0.8519413132035895	0.7334374815933351	0.38646329689257647	0.7334859682178478	0.7453337995506647	0.7159113695043337	0.8536031492660853	0.7176797107084765	0.8543929779144861	0.8544213275062856	0.8540991438454892	0.6873768724463518	0.7129648450584666	0.7130638792907185	0.7333668604954908	0.854993239680666	0.9278091311135473	0.8532669458333539	0.7335124979769615	0.7366264834455902	0.852006332833967	0.72190925055853	0.8487695308778636	0.729263550794321	0.722025025616679	0.7337719168620161	0.847754595588664	0.7253342537154251	0.7116903092349167	0.8526922150805786	0.7219529339409289	0.8529143043623827	0.7330116266455043	0.8249782683342043	0.8511784562534949	0.8528441169114641	0.7103089223588872	0.7261482541695288	0.8535501617572491	0.7248478820902363	0.7266457441457718	0.9917274961420545	0.8520909638979338	0.877179771084838	0.7219892314350635	0.7217569543576335	0.7144254172840996	0.8534510242937753	0.9935536127671774	0.7140809116846454	0.8528500169170079	0.7335794786147032	1.0	0.7357702959797606	0.7277494329725256	0.7303630644964104	0.7134654444316733	0.8529719425940973	0.9846726713360776	0.8515156058725929	0.8521259898303887	0.7468285774218341	0.8521318645846873	0.7359501246045257	0.8504433035054867	0.7030854327687077	0.8518239984898195	0.7135095794372461	0.8547231908921201	0.7110923756717746	0.8520744011931204	0.885578037661872	0.8564283828758725	0.7133498675297905	0.7239019805160615	0.8518845505161915	0.9874759178766819	0.7354778661792303	0.7463280500272615	0.8533934409635662	0.8536003024419508	0.7135778248329201	0.85339582858432	0.7166972402398318	0.8520310000601682	0.8433338453335044
scaffoldsTV42	0.8677607390940218	0.8297834206078205	0.8385748366216336	0.8719368813754067	0.8580185021107323	0.836261842155748	0.837957824341427	0.8355700330908926	0.8349865785907057	0.8671244953760578	0.834461061777251	0.8358681850696582	0.8345881271100511	0.8347476021724226	0.8798949197468786	0.8465264564965723	0.9946189535046844	0.813058329137804	0.8354317282948043	0.8516835881808029	0.8782093766240278	0.8783332603448955	0.8284992684859099	0.8820657092260232	0.8351984399576954	0.8357322448257435	0.23828833934539365	0.8411343003437994	0.8288085780768798	0.8770579415904532	0.8680241739700629	0.8057591325940652	0.8355115437827384	0.8337413932980301	0.8776802285029888	0.4307698907162379	0.8561141254256168	0.8758155145543572	0.8456399706551052	0.8288663432444583	0.8350136208929261	0.8299469434134092	0.8359005560841251	0.8299477865692163	0.7413260753972458	0.8466700448019487	0.8521654193488446	0.8772425127790263	0.836040051410775	0.8361208582679004	0.8355292126413442	0.8761903248670591	0.9803729543409635	0.8352595935712226	0.847724287937544	0.8336095414929034	0.8533255406621617	0.8763086202094406	0.856490722569526	0.8289285139299988	0.8674883965554802	0.8314272715295128	0.8347785170854001	0.8544314378705266	0.8347642526105316	0.8560757167191754	0.8187534298827684	0.8223997997644807	0.8353730509956151	0.8530262823503904	0.8489738913905501	0.8289070470281531	0.8502821558600772	0.8648295931521092	0.8381434247270226	0.835111441760821	0.842903597725303	0.8588681864455764	0.8396142692640359	0.8488113076238613	0.8288230975262095	0.8384358488042177	0.8411330085828864	0.8351242738304355	0.8573072441841405	0.8378883282761286	1.0	0.8747666347425759	0.878810073779833	0.8477830601587976	0.8286736881993783	0.8328066529797465	0.8349599644724696	0.8357056011784849	0.8757771144508599	0.8353451490226591	0.9800778152282983	0.8348811337309915	0.8107004726610604	0.830492030054745	0.8677026133630743	0.8354427772126428	0.8472147139565472	0.8313872758548947	0.8220108953600364	0.824770853718751	0.8528285339105864	0.8498001973164823	0.8354322676973612	0.8377748034573296	0.9974164825620417	0.8780624978608613	0.8359722959101514	0.8362603591670563	0.8518347705136023	0.8360166902021119	0.8329253565069173	0.8355265185887002	0.8100937303066387
scaffoldsTV81	0.8882439703490584	0.8431365684712581	0.8468860309604178	0.8956164343994678	0.870242746036509	0.8424476505816376	0.8462322984489293	0.8422971070920572	0.8422129628838869	0.8942180095219596	0.8586107086520816	0.8427556542989055	0.8418599766042558	0.8421452209101273	0.8804452167795905	0.8590286641125163	0.8924121062902083	0.8212876423738003	0.8435818519297328	0.8833294901529628	0.8879359127545751	0.8790555547766985	0.8344413058307509	0.8820303438592847	0.8426544742383697	0.8426085078107404	0.2371500752127266	0.8622690309825238	0.8346003048136288	0.8803181867067603	0.8747167070696666	0.8221727674756604	0.8427547061620706	0.8298208698907179	0.8876099732311712	0.4384794090025978	0.8843008413406084	0.8788474967748512	0.8805051628415616	0.8344634131285177	0.8620170408273762	0.8348132639787543	0.8426913924847765	0.8339401246259392	0.7506604644670234	0.8610492422701527	0.8760078383034609	0.8875453199166589	0.8430151245988278	0.8495051837555725	0.8425550710901389	0.9055976193739266	0.889385499601088	0.8428530678099447	0.8778887372554864	0.8408569650794935	0.8641215178091679	0.8661976927232302	0.8843900150330081	0.8345932889867448	0.8876880838571987	0.8573967473133408	0.8420186460462633	0.8826123514612302	0.842333781440213	0.8847843279004781	0.8299802900997637	0.8341437166391478	0.8417696596436085	0.8790933581659528	0.8818878665003681	0.8346705421522045	0.88331462428585	0.8783485209354464	0.8461230801575604	0.8423286544289742	0.8506764910881913	0.8693317291111217	0.8615000463715148	0.8694138001537615	0.8347598635670377	0.8467515480640286	0.8671235632774779	0.8413185466205484	0.8850021867126476	0.846616592591659	0.8924214311479757	1.0	0.8835908449571737	0.8613776729368836	0.8343334823213302	0.8400311331949669	0.8424109510936347	0.8418951449978183	0.879197984981743	0.8432247721589751	0.8917396393186229	0.8425367943739467	0.8361051668840962	0.8354540857700218	0.8802352990593469	0.8418442904509933	0.8698124357650755	0.836864212271967	0.8342620659566763	0.8447635143792874	0.8760560942134189	0.883197041704002	0.8408126065892062	0.8460079692451159	0.8924964474533408	0.8809093121948915	0.8424052558009356	0.8428293812598572	0.8754318146362103	0.8425932022882274	0.8598392057666184	0.8421018137916932	0.8088378945171306
scaffoldsTV15	0.9458825316509151	0.8527887237970659	0.8610607678428016	0.9015103398207304	0.8893295831930006	0.8607441142002272	0.8606684447072921	0.8619308014321577	0.8600202026231651	0.9106869717233832	0.8793454406408227	0.8611881631395573	0.861407785144485	0.8606332365066203	0.8990607513857173	0.8937306826678404	0.9051770652723929	0.8408759281700859	0.8586247394436928	0.8872096674028348	0.9034259096581614	0.8983997991362235	0.8617203781038916	0.9017241126061072	0.8613462718856054	0.8609690747215952	0.2445348213108412	0.8822688295930562	0.8619570218808552	0.8968274739092116	0.8894310137671231	0.8308840779378003	0.8608045639807932	0.8590969718706326	0.9021407362981549	0.44325428827947216	0.8823185439012852	0.8966524583386165	0.8802470418297315	0.8620251779180315	0.8824706995571714	0.8620334453588998	0.8620407965223762	0.8632282417981237	0.7650254086522283	0.8943986531516002	0.9016459443121876	0.9027055321685066	0.861734097202369	0.85944847245953	0.861579425642012	0.9428248591997741	0.8986924358256155	0.861156778259343	0.8800679083259078	0.8600003422205151	0.8913202809499285	0.8968916879642014	0.8829492921441489	0.8618892376391469	0.9462900147054193	0.8766915206988429	0.8626640117344606	0.8876242208919395	0.8626316416452652	0.8829454513708256	0.8563808823834849	0.8481192892176529	0.8613516892925	0.8960153431461869	0.8839516769500235	0.8618872067143382	0.8860862920426161	0.8942621000838052	0.8608727502612809	0.861475794568147	0.8694554703599235	0.897465970535589	0.8780959841162304	0.8730984329413772	0.8624804959851026	0.8610155002614057	0.8830730067147563	0.861027496043804	0.8893536245325123	0.8605066805495205	0.903627877836338	0.8937426434309697	1.0	0.895758163616381	0.861038036813541	0.8559475119341908	0.8606765671173496	0.8602929376576847	0.8974043437718499	0.8612744642937727	0.9046638829521392	0.8611322168645384	0.8439174607422923	0.8628603591661018	0.8851348896166548	0.862614935129572	0.8953511858898571	0.8636900503670156	0.8497342589914811	0.8519832542841073	0.9019535195754872	0.8856917595154128	0.8617346928225804	0.8606768935841073	0.9031228917654536	0.898223744786771	0.8616094709038893	0.8615666138140226	0.9008943897392347	0.8611518026073561	0.8805076961696852	0.8607118516606864	0.8302355890368496
scaffolds126VP	0.9124337970934087	0.8477479796465656	0.8441062211983595	0.8929506114344812	0.8819240215372259	0.8458686003529357	0.8435207553505213	0.8466246275430761	0.8454375678390926	0.8843211605473099	0.8708708985292885	0.8460128012915606	0.8452336242360865	0.8463448223572803	0.8872177698691421	0.9900591824386806	0.8843464315450523	0.8303415704121875	0.8425475950355937	0.8667839685085647	0.8916234639616107	0.8859988363276079	0.845571757341937	0.8817170904023319	0.846326946486238	0.8460604185693127	0.2438788494124282	0.8825975198484051	0.8449574789291614	0.8742679146753601	0.8796656086109351	0.836218100932647	0.8462457660530999	0.8475517427027949	0.8902837644840262	0.43877519896850264	0.8678672689334982	0.8730439609024622	0.8649500718935385	0.8449968373037131	0.871879990747637	0.8452595007221594	0.8468505706492736	0.8437414546252049	0.7650668384220105	0.9918542434697037	0.8874067761316249	0.8906698953342406	0.8473240719098054	0.8416451029653936	0.8464279382478059	0.9188757500499463	0.8834677145331301	0.8454999932037679	0.8628529221564101	0.8461245468066451	0.8753571206089115	0.8835558238658181	0.8689239426438056	0.845457032145721	0.9133051383179095	0.8732597025560196	0.845894238306564	0.881917603285715	0.8461053361465413	0.8685061230570584	0.8313778196794229	0.8306823070575335	0.8467640409756929	0.8756072652234451	0.8674721521338842	0.8454438509221976	0.866949664451969	0.891996706243377	0.8439902444238153	0.8468428439378703	0.8525682364226674	0.8966424398576345	0.8789045165640064	0.8755708113418298	0.8455027218047728	0.8447634380258225	0.8844038077489903	0.8460179355961932	0.8609807077526863	0.8444552752674438	0.8843462436388648	0.8760251282187635	0.9072001737205457	1.0	0.844449874002125	0.8368131467565777	0.8455579311322725	0.8458737983802006	0.8747296405536759	0.846242861993482	0.884256878514759	0.8454957671658946	0.8248191987730928	0.8456486392807782	0.8720939932816993	0.8468727017446327	0.8831769321066544	0.8461758755238	0.8421645881690986	0.8451381653647312	0.887695186396422	0.8672506261996958	0.8452496456957346	0.844164547683547	0.8846729276262376	0.873288271857028	0.8465415211253232	0.8468084970927525	0.8870881999038894	0.8463476165419328	0.8716462299383472	0.8459091206590601	0.822108043605874
scaffoldsARL081189	0.7154654510846272	0.8374260475616392	0.8406050562655796	0.7352280894874009	0.7361022506714495	0.8251380099159731	0.8404014453426787	0.8252558626178517	0.8241630655396984	0.719167561634932	0.7116282129186186	0.8247332805005918	0.8224728576040886	0.8245330055445548	0.7104635899458439	0.6983413268956591	0.7212765230949554	0.7955266951384755	0.8404338961999632	0.7210222884352541	0.7142136099312425	0.7093854200610057	0.9942499374963888	0.7404183739595488	0.8249770037237977	0.8247311413433097	0.2139909846976322	0.7096856509919938	0.9928096911774327	0.7247127609516666	0.7107483642736728	0.7952180084850088	0.8244069465900166	0.8228512935608528	0.7140330011187308	0.3817316457871431	0.721728696954328	0.7240456145750034	0.7144069389976538	0.9930420872859066	0.7118912928296748	0.9954066418772965	0.8257965776593892	0.9912055972755464	0.6829433980177717	0.6998453040786063	0.7054217587363159	0.7139729569725802	0.8258406028035977	0.8255960464146939	0.8248759387659584	0.7255466598495167	0.7221707135611569	0.8239808821425503	0.716386111016351	0.8225299201375796	0.7194496233337598	0.7067361036991713	0.7218261523672245	0.9857922088310901	0.7156529634365925	0.7083268633653004	0.824289540374764	0.7071003186790064	0.823977095892171	0.7211716469952999	0.8649498511588309	0.81060027949401	0.8248150591683376	0.7068154598770199	0.7209653828794892	0.9931307824628701	0.7216206110792889	0.7128526483822549	0.83983147553193	0.8241419139746087	0.8310660903367852	0.7187870328199526	0.7089873365624695	0.7063671224280609	0.9935050715590968	0.8414110776093536	0.7085457493104036	0.8246422388123925	0.7179248359198699	0.8413518850684746	0.7200389778591323	0.7068149182257639	0.7249420437110763	0.6998399633169149	1.0	0.8338303788303254	0.8236129262265088	0.8239118866667855	0.7245633591831404	0.8236646211472516	0.7211918508306858	0.8237893876570092	0.6968117348027582	0.989702110688303	0.7163505854194162	0.8249732415576915	0.7048497557191994	0.9903944294033815	0.8103426802767227	0.8166622533129785	0.7056766952995592	0.7215836690343648	0.8228245977777385	0.8391385831400792	0.7195204207449728	0.7228117162485159	0.82487307854998	0.8254882498876082	0.7055642739441463	0.8246790511938166	0.7104518490478469	0.8240331543980175	0.788699719600376
scaffoldsARL081437	0.7263080678855466	0.9593637516591783	0.9920477853597565	0.7406837028421432	0.7390934496237626	0.8537427950093561	0.9907282867711448	0.8535894422700714	0.8529485980379877	0.7232176209468111	0.7200995313669122	0.8526361525473921	0.8509846962289496	0.8524475828923533	0.7206450737317408	0.7119025655914364	0.7368730137858753	0.8209609365486551	0.9850101906267881	0.7282249773173459	0.7346461501336499	0.7197161663861941	0.8531913354340542	0.742023601734677	0.8527443257784592	0.8529596097878336	0.24054911963841039	0.717094971168764	0.8523584321400308	0.7472903559361824	0.731480213314049	0.8411320234740175	0.8519686249009358	0.8564959787936826	0.7341316817925353	0.38564174393227857	0.7339578072983384	0.7456104735903485	0.7208073433786513	0.8525884084326197	0.7221939827114966	0.8535124816772848	0.8540380974259473	0.8532699229494918	0.6862446383062419	0.7136998609666013	0.7152872800655428	0.7341007201386142	0.8545063083393669	0.9281872964675518	0.8528012142057962	0.7334000969145616	0.735973056130837	0.8521080116468026	0.7263428676895252	0.8488765961297461	0.7286806395572611	0.7232056187832547	0.7336955679192959	0.8481308630682989	0.7253441082024096	0.7140132132889051	0.8520070217084839	0.7252307344310165	0.8522429409914574	0.7331916377603863	0.8241914982091609	0.8589491400621212	0.8526712988176143	0.7140069572124605	0.7294392061126034	0.8526082399409499	0.7277723617522518	0.7258938205177531	0.9926335675841931	0.8516858001648979	0.8761220876454172	0.7270444893805896	0.7223473729064236	0.71789488307336	0.8523277728616477	0.9927317197803293	0.717540123270572	0.8526730403138185	0.7363701545227791	0.9909395561164858	0.7357224374434558	0.728263955912131	0.7315902017768929	0.7134884843898386	0.8512176920825266	1.0	0.850759580394605	0.8533212229792219	0.7468329972861857	0.851020687412415	0.7363014192870482	0.850441314487336	0.707373575673778	0.8517967419025313	0.7181049636715674	0.853940481981452	0.7121082565275776	0.850632545701018	0.8844724159965733	0.8573553617186174	0.7153221544167295	0.7269093840954882	0.8519612428437612	0.9883441043227464	0.735538210977583	0.7474154010552772	0.8529024083176125	0.853945214050327	0.7147484890818705	0.8537451747604211	0.7208169377106273	0.852906140586406	0.846521108434302
scaffoldsARL0832	0.7471284126077156	0.8506260145488976	0.8675868243859114	0.7564639160282833	0.7516880248586427	0.9930404030673604	0.8657335856157087	0.9938411703442416	0.9921490439188614	0.7464534033074689	0.7379419896907016	0.9922695527732625	0.9893516586805675	0.9941354969082297	0.7463488491872773	0.7288223571501339	0.7442837100032548	0.9315827034386763	0.8655663047959256	0.741053304609637	0.7555009014193272	0.745538324921162	0.8547837458052915	0.7553317044494112	0.9935522842883948	0.9947305319533577	0.23864987134040364	0.7338403825979902	0.8542495076772688	0.7456476708539478	0.749787672936648	0.8172118583827914	0.9921746512371357	0.849584728225918	0.7555752198056838	0.39014802806920684	0.750357361997575	0.744450342385133	0.7402341826803375	0.8551012016330375	0.7380170888622403	0.8549242252973137	0.9943431423148158	0.8548579779878009	0.7012643751796988	0.7299757487827061	0.7359897408915006	0.7555314336810885	0.9932992384358283	0.8635622698405995	0.9922696321128552	0.7535838807197535	0.7441956396727397	0.9938073810793834	0.7380240254983015	0.98837753653554	0.7451362455156106	0.7396920809400902	0.7507590970934219	0.8538313983188823	0.7470920088711468	0.7313032363802949	0.9906112866612867	0.7387772560151302	0.9908816533592634	0.7504926814388173	0.8503416772046173	0.8288217802586295	0.9922368519193535	0.734442282789356	0.742746654026244	0.8548722989287147	0.7413681113994229	0.7518444166387146	0.8658677531757537	0.9915376646329984	0.8854265043051728	0.74865814206318	0.7496203250222071	0.739355745374699	0.8556515334511688	0.8673377920635532	0.733237322370315	0.9925578184391856	0.7431122715034684	0.8671049906265508	0.7441956294875448	0.7386659192088058	0.7511354449321196	0.7301358988506683	0.8542007169533282	0.8594929030421286	1.0	0.9938519540339181	0.7460369411129415	0.9919268961092417	0.7441982663437882	0.9943211184344275	0.7172708433617414	0.8556152013958682	0.7400068606019656	0.9924149564791138	0.7361867654321149	0.8561169364901643	0.821000761948226	0.8333135998961602	0.7365025156576998	0.7407234712833205	0.9912921070543873	0.8649138361263048	0.7441608226126264	0.7444648242835167	0.9958696602749174	0.993371170690439	0.7367963486929154	0.9925494071921621	0.7368481284290681	0.9923172409357012	0.8361590555178934
scaffoldsARL0846	0.7480230430403287	0.8501755322852398	0.8654144159032954	0.7562333695781059	0.7515397290919236	0.9931833352091489	0.8640705965097755	0.992700926669823	0.9899876835311437	0.745643883124494	0.7355785819517666	0.9895758338839233	0.9874773393392607	0.9928509706944988	0.7444628026445653	0.7277280829154426	0.7444280048770496	0.9288825355327406	0.8638996729260916	0.7416747080995144	0.7545751349483596	0.7437311561094447	0.8537312940636526	0.7543724941026199	0.9925126022129113	0.9943216515455269	0.2364521784772201	0.7321114392125051	0.8528754063475967	0.7457554556524718	0.7484606174240789	0.8179159223891197	0.9894307212763325	0.8474776108824333	0.7541001618204135	0.38871332168321177	0.7489875766620976	0.7446651468947332	0.7402303713328154	0.8533850540078918	0.7361183700860425	0.8547624162139499	0.9914297353071694	0.8546637964499694	0.7005983092731208	0.729612328014858	0.7361812099399119	0.7546740762360714	0.9921905582751182	0.8607915843406687	0.9901442098674711	0.75251396686438	0.7434306184342877	0.9921895064521608	0.7381487423696531	0.9862311962011694	0.744686508310447	0.7388215847374294	0.748929865590437	0.8536387688367978	0.7473870447431947	0.7296254336355747	0.9877793087123622	0.7366442295439984	0.9884738762876422	0.7489750287778606	0.8489978730172064	0.8291195805384947	0.9921701604859582	0.734251493329386	0.7418651953147996	0.8544063799565205	0.7411998931623669	0.7506511813820989	0.8651505390682105	0.9899024146876964	0.8843091801652077	0.7490308367320673	0.7491859234785555	0.7385584893966138	0.8544231128872551	0.8649050658851961	0.7314958085416842	0.9925054610598989	0.7426062762864675	0.8637890885227739	0.7445846826437197	0.7387162688351084	0.7501535342976253	0.7294012110930541	0.8522011857465446	0.8580103485386682	0.9910025921974928	1.0	0.745611323273315	0.9897679852227409	0.7446022454213266	0.991835638619229	0.7179072823392021	0.855300814607015	0.7393675931347475	0.9923204537737655	0.7356085691965796	0.8551108455776649	0.8189265947869139	0.8337951224687633	0.7367279648322339	0.7408594027830981	0.9910710506522994	0.8632984508174364	0.7444007808780846	0.7447309169820726	0.9941857334940939	0.9934419196554688	0.7362450976116651	0.9916368859992065	0.7353712533533099	0.9928676502163379	0.8345152772830542
scaffoldsTV10	0.8835893912650695	0.8666489604511018	0.8669045512483181	0.8962213658186942	0.8781855858241809	0.8493827503090351	0.8662115815781729	0.8505121462103148	0.8489807601831839	0.8823604536383264	0.8807791002983851	0.8494395795393974	0.8500517357683857	0.8498857027943199	0.889285377782341	0.8540664713495342	0.8912703558259467	0.8344750277171681	0.8647886667469601	0.8667742598150481	0.8964428694326197	0.8885541918181545	0.8553504000528176	0.8911711737002425	0.8499889982216456	0.8492366729562639	0.24114122903500781	0.8760902486579683	0.8551251234678033	0.9943283529955895	0.8901605012481484	0.8457266408049979	0.8499028724787399	0.8536387034224521	0.8971446343630547	0.43881296150455634	0.8911580900641825	0.9948994893569927	0.8609404174998047	0.8545597810538706	0.8805925004367215	0.8549133975189773	0.8502596828511859	0.8533176507511238	0.7618673347120222	0.8546215119027913	0.8741720025730361	0.8976319761013426	0.8509281761454447	0.8640186391852055	0.8505487212226444	0.8825681408459914	0.8887952686509754	0.8492728594345442	0.8609422932514543	0.8483166470065486	0.8698626337416323	0.8864944507774122	0.8922465277649075	0.8547582869241855	0.8835427248987003	0.8746410950752456	0.8502008439801741	0.8753782660380636	0.8489407960102665	0.8914702184808954	0.8431348911697274	0.855649120807559	0.8497812392224224	0.8780417248464385	0.8654490262891364	0.8542639721158849	0.8667635580135438	0.8729393185645743	0.8665132564348602	0.8495987961110193	0.8694741198741724	0.8536108403800444	0.8694482167507992	0.8602557684001324	0.8549696225221914	0.8674216217372487	0.875358358952092	0.8497528511617063	0.8955239324627027	0.8670703294147573	0.8898410436949599	0.8809060268877962	0.8876723151087327	0.8558288495730152	0.8548221097980887	0.860292352849191	0.8495949139185001	0.8490890760134462	1.0	0.8504222044219648	0.889720647105941	0.849327233956659	0.835351492865905	0.8558260821026512	0.8568037753839072	0.8501073910181455	0.8695186093551549	0.8563881136224878	0.8595634771873601	0.8633460172426983	0.8756307884440172	0.8678153962698606	0.8494466999401319	0.8667510542693949	0.8890308034281	0.992809120717359	0.8501295075378932	0.8500214844543605	0.8749174744478054	0.8498684797300963	0.8802537428129651	0.8495865514320755	0.8262076332256156
scaffoldsARL08552	0.7477592627013049	0.8529427273031351	0.8705016434468328	0.759660115385731	0.7537557037898907	0.9949460593283563	0.8690929439728818	0.9951082913588218	0.9940564542187081	0.7493837364321639	0.7390433806089135	0.9932968858649934	0.9913409015027647	0.9931200294346014	0.7494143334388542	0.7313077772643949	0.7477961663889976	0.9298142865534567	0.8682876550442645	0.7432379949955834	0.7575471170116936	0.7486629142497184	0.8566451761472156	0.7584080173580191	0.994595821085957	0.9934892960117424	0.23962132629557853	0.736351433743162	0.8559731947413677	0.7461348317815995	0.7511483064612255	0.8195539224010151	0.9942847466604697	0.8528907855720688	0.7570332773663929	0.3893179931158329	0.7526724410742552	0.7454246345091097	0.742773179763955	0.8564929669064274	0.7395878386956173	0.856892054534757	0.9957173778098672	0.8572458500751178	0.7045409173217534	0.7324078680275466	0.7382926788557375	0.7575599799940355	0.9953657183465809	0.8656533927501485	0.9948276739575397	0.7559526684650046	0.7476241735239411	0.9927543078806541	0.7407020035760645	0.9910794087781684	0.747156837129367	0.7419277360767168	0.7524322008733343	0.8555504876602962	0.7480932753917526	0.7320343193889254	0.9927715673003389	0.7415474359592333	0.9931905446388039	0.7523048654150334	0.8510591137189187	0.8318685105819068	0.9936516535904459	0.7373822959178606	0.7447286084393415	0.8570884409330191	0.7435389755480408	0.7544673398474635	0.8689432940585511	0.9942196012323645	0.8880903609008453	0.7506024798094976	0.7524444728537214	0.7422667522533342	0.8571385507556373	0.8701678173039427	0.7353501387569263	0.9938689701108856	0.7461060598432464	0.8697532438011207	0.7477713030696644	0.7414026230300453	0.7530325397768323	0.7324346745420124	0.8560687962610348	0.8616759378458438	0.9919801551808382	0.9934630659654209	0.7465730750614485	1.0	0.7477097863032319	0.9922925608897907	0.719562530454008	0.8573091196284794	0.7419827725415544	0.9955327315763997	0.7383974944474022	0.8580923191690626	0.8229588140658667	0.836242231390226	0.7387325301385081	0.7432239701623168	0.9924583322886833	0.8684301209228739	0.7473758289929583	0.7446914110557251	0.9944355689136328	0.9945642079186373	0.7390149720419457	0.9950824621498752	0.7384758370715777	0.994535040181854	0.8398177895808356
scaffolds129VP	0.8731517900067144	0.836515155621499	0.8450979567595266	0.87959423589151	0.8650049362332877	0.8408405469627518	0.844565817518977	0.8402544895216086	0.8396923463608513	0.8720535536248512	0.8432441852649077	0.8400858174191165	0.8394606531759781	0.8392999018746948	0.8840723479085486	0.8545294805745731	0.9957795366992406	0.8182569904564662	0.8425338468625401	0.8559613272076535	0.8837093485132206	0.8830758413767701	0.8351507711335281	0.8886578604582033	0.8399180818440733	0.8405223260840087	0.24192045908238202	0.8465024770831804	0.8357475866782824	0.8829500652225581	0.8749724313269479	0.8138879242469927	0.840053154530472	0.8392575656591986	0.8831930040538399	0.43518930986297866	0.8628239596621572	0.8815037006949851	0.8488911251005973	0.8358496479862638	0.8438223118708827	0.8366496249767713	0.8405143489463329	0.8367464803711285	0.7466135478935306	0.8541984520299913	0.8570331488027636	0.8838880088889943	0.8408769131220276	0.8423637919869413	0.8401883142456015	0.8810989338434483	0.9814379755550491	0.840021074871461	0.851646090178752	0.8381743538946312	0.858372185873956	0.8780685525461002	0.8631227952863166	0.835087816658987	0.8729488176844564	0.8382678387745219	0.8394756037853693	0.8596099987633079	0.8394148255201024	0.8624912668056854	0.8257993782341068	0.8281240574465063	0.8397483594377994	0.8582729390208498	0.8529845722483105	0.8359195410802435	0.8552421672276267	0.8716003802233381	0.8443623947231158	0.8400547106001672	0.8480486956655562	0.8643629394704738	0.8442130061859732	0.8526182843864969	0.8356016422829892	0.8445503758113845	0.845984623581279	0.8397938418763067	0.8626641088082095	0.8440530962162173	0.98627579426666	0.8797140688856615	0.8857196996055463	0.8553419093991209	0.8357503766410047	0.8387045296250214	0.8395652539500325	0.840567810924561	0.8814669115353447	0.8399389123322534	1.0	0.8393392038128787	0.8237266765964759	0.8367333056756884	0.8742813505968821	0.8402204448099023	0.853575447363603	0.8375855261871527	0.8280644199844126	0.8310692070170441	0.8576825296910257	0.8542249819362399	0.8403104229301962	0.8442731218108203	0.985070186573244	0.8838795740596148	0.8403641033154908	0.8410626666570385	0.8567200609198993	0.8406379333248587	0.8412673883041794	0.8403804082464258	0.8160970089501747
scaffoldsARL0839	0.7432490017881308	0.8478745842255829	0.8645912973315094	0.753653256750555	0.7482656236275895	0.9883381736046625	0.8623259451968164	0.9901530755088966	0.9871926686139666	0.743834001487664	0.7348709067098202	0.986925619992904	0.9849264703643832	0.9891853919656636	0.7421912740081421	0.725098873022155	0.7420381616271206	0.9275758437751248	0.8636249013919115	0.7391018958202287	0.7520033479712043	0.7416423613849253	0.8516154959032467	0.752851481528478	0.9889095326667005	0.9905237016706221	0.236162793316787	0.732476270478219	0.8507958030508257	0.7424128638133777	0.7460952494356716	0.8151235576432024	0.9889676753134438	0.8463278561551473	0.7517201788094432	0.3880320810439455	0.7471001481133563	0.7416767120814639	0.738055389628296	0.8518345147388768	0.7354637863629068	0.8515206625971704	0.9890201257693982	0.8519505954214861	0.6983953646175672	0.7263982901805816	0.7329341678507516	0.7518178261349843	0.9879497014829312	0.8601540989678047	0.9880529169940203	0.7494667310024505	0.7419321101682089	0.9894305413288456	0.7355006346007156	0.9832082684418865	0.7421393442046664	0.7370808740925019	0.7469907943031453	0.8506069048081006	0.7432486942394817	0.7290489218523696	0.9853439950041764	0.7341819688140439	0.9860675190301541	0.746969153753081	0.8474210684275141	0.8276704836881849	0.9876547805585855	0.7323159436084843	0.7400460207161246	0.8517423590503101	0.7391186220002256	0.7478106035303355	0.8636876391793956	0.9864030484505844	0.8816676867909223	0.7449555397643476	0.7464952321280173	0.7356734327507388	0.8522225343490805	0.8640859336821594	0.7318683967553291	0.988691276337609	0.7412154349809136	0.863574624968683	0.741951691739628	0.7360137622867866	0.7480168640174152	0.7263821270052768	0.8504250036674454	0.8571780276055081	0.9896779344421592	0.9896107505462266	0.7431007840437794	0.986907960441158	0.7419173125079016	1.0	0.7153224758280692	0.852606034972501	0.7370296352332961	0.9882516683621261	0.733231683755486	0.8527380298914717	0.8180237420207565	0.8313816007419911	0.7333890326783828	0.7387961605913472	0.9865069110308068	0.8625363648936907	0.7415541741382999	0.7412893692576901	0.9914272009752607	0.988811839440604	0.7336064332441424	0.9879152466365687	0.7343090422252458	0.9880185495683826	0.8327203442975136
scaffoldsTV54	0.8922930619642242	0.870623509872799	0.8791736215304602	0.9072386250103609	0.8940952691139288	0.8705393579812097	0.8778286030330449	0.8722292172518342	0.87123784196683	0.8940088832813832	0.8975135765629567	0.872062979915196	0.8716372107782636	0.8704023552692334	0.8825049199839257	0.8633378782700634	0.8918369202148465	0.8725193510024065	0.8753273543172027	0.9851448300865547	0.9028596285842195	0.8814501252723714	0.878285347699856	0.9050604297651039	0.8717005862244549	0.8719853933135578	0.24047320375100048	0.8936990931371469	0.878335851167694	0.8905283757942365	0.898267217359197	0.8727832342079008	0.8707415089052682	0.8809682272702875	0.9027499311192485	0.4526102327912628	0.8947277948587778	0.8890836762497857	0.9690037058341082	0.8791794804270131	0.8987623687004456	0.8795811879986398	0.8724260355532317	0.8785303759250267	0.7804616687921636	0.8646295510187356	0.8999164029807631	0.9029844760168357	0.8716896362653185	0.8800680936887785	0.8722711974508192	0.8930650649511724	0.8835286802221158	0.8708448319158735	0.9729554329182736	0.8715235280332516	0.8784260368251947	0.897505180521081	0.8949549309330834	0.8784591198408084	0.891874985486315	0.8900506982566085	0.8721648161960209	0.8962252632724601	0.8714714182844809	0.8940468135357778	0.8731445968111463	0.860405465796796	0.8717302165035912	0.8934059345526364	0.9747659126834256	0.8781407217283088	0.9824918005213656	0.8860510627584849	0.8784923579203138	0.8717413221323583	0.8785264552663735	0.874392383511252	0.8781283535482229	0.897337461860017	0.8788680010993404	0.8788805221424226	0.8933406596967567	0.8706875582282169	0.8874388963433767	0.8785563775883368	0.8818855862841524	0.8904879252712651	0.8904003564947163	0.8648107997986934	0.8784822880964683	0.8741618903417983	0.8710911051748722	0.8708340414939308	0.8897365223193738	0.8718658313754051	0.8911180876183503	0.8716909627029954	1.0	0.8799055585419191	0.9471453478455508	0.8709690752390691	0.8931481186209282	0.8799012773278366	0.8697629280163792	0.8673963916838954	0.9006486618680117	0.9828660637554896	0.8717712074579154	0.8783830014644702	0.8805662240867145	0.8917322455543073	0.8719240385921359	0.8723133633485115	0.8991429941529814	0.8720521232030898	0.8990007816491973	0.8716085802033574	0.8537006581732948
scaffoldsARL081309	0.7208373780309908	0.8349659759000576	0.8388140785051575	0.7372274869485907	0.7386651940335248	0.8265219715997766	0.8377996363530242	0.8275039297258461	0.8255713024229492	0.7197822601400742	0.7165402976458067	0.8260362210874694	0.8228500799485416	0.8263806870140749	0.7138495440717146	0.7018374698782603	0.7216761836323553	0.800978755801386	0.8373675945120715	0.7223241970657928	0.7198448825057201	0.7126109177552962	0.9927911793404142	0.7423699176396187	0.8268355602141383	0.8262095332394006	0.213631633902731	0.712605453079829	0.9900558511182399	0.7304148861721353	0.7162993104315446	0.8011621166112087	0.8260320111791463	0.8241679906094448	0.7193616994328754	0.37670971345955584	0.7226847307253466	0.729955367390261	0.7157587247569676	0.9900846955110975	0.7169569743074893	0.9939178700977676	0.8279306310786014	0.989305994965927	0.6831076011676549	0.7036592688035594	0.7107040477127846	0.7195724381444172	0.8279891509214605	0.8230497656651268	0.8254763654708843	0.7281607042344628	0.7224243235922705	0.8259894965138296	0.7178360182536673	0.8238669364264073	0.7217804747942573	0.7116744753435881	0.7233827168164686	0.9923695719609588	0.7208213442303717	0.7142270588156222	0.825062651597351	0.7108007228997673	0.8253155813301837	0.7229233626059559	0.8691123187483412	0.809178778563575	0.827229088979888	0.7115954912317441	0.7220686471532473	0.9917091892726805	0.722525481008946	0.7138641007492648	0.8381886772576608	0.8269896202545491	0.8337554803383458	0.7191401040471679	0.7145501064986861	0.7117330365522123	0.992234814386859	0.839441842947889	0.7128732078364488	0.8265699415022949	0.7197819323282214	0.8386261926055353	0.7205301313694749	0.7094217726705986	0.7264027498156559	0.7036825771384136	0.9909421567835086	0.8328495824350333	0.8243180289956387	0.8261632091537506	0.7302537670579069	0.8246536424835781	0.7211658967972998	0.8251705643382823	0.7026063073243974	1.0	0.7169668294348523	0.8273100178935667	0.7100183625098502	0.9961355027517982	0.8085858425098831	0.8164245252688883	0.710697771256731	0.7221321335320837	0.8236613084729745	0.8369372570449571	0.7199369294686556	0.7286813681794592	0.8267715623449708	0.8275321292928267	0.7107814989088617	0.8270856067853788	0.7162966329489947	0.8263248152248236	0.7910734032814953
scaffoldsTV49	0.8893567864065206	0.8449794059895701	0.8458989976763636	0.9047352403608762	0.884475694011705	0.8476453507398204	0.845279388896197	0.8479175390877897	0.8471011243217609	0.8938255110621718	0.8725270671898134	0.8477009751490514	0.8465840061403193	0.8467398153831366	0.8744118976423283	0.8627791971615444	0.898136857665726	0.8247508741157498	0.8430889329555677	0.9446266782420063	0.8908844100748938	0.8738008803371733	0.8474925188069373	0.9090894316180888	0.8467390183345785	0.8481298801580396	0.2287901315841602	0.8741352378106573	0.8482758283857452	0.8691669999964872	0.8793637170461965	0.8243561583818149	0.8468160417127026	0.8471082187048826	0.8916666560813439	0.44466576507530015	0.8772262397492723	0.8676792866236771	0.9442428234347804	0.8487158761924568	0.8733319221434139	0.8487719782821619	0.8472504901433264	0.8489050662865809	0.7580911685354588	0.8644515898922002	0.8785361658395989	0.8907168479180735	0.8478813537459224	0.8450698417758823	0.8478904240261891	0.8908376409600808	0.8932552013425903	0.8462043371299458	0.9401199278442778	0.8468776187234899	0.8646239264810214	0.8766091601361089	0.8778178059273424	0.8486130326778933	0.8892855980419394	0.8703113825726249	0.8476359933100415	0.8793693522347029	0.8471075528571046	0.876680620182909	0.8335556992305697	0.8271705900920966	0.8478245551989104	0.8763918867531484	0.9419716392085071	0.8491524249530498	0.94414998529312	0.8766162748620657	0.8450355959957682	0.8477237579232374	0.8518644169609517	0.8815016423705153	0.8694941661045215	0.8980084496604892	0.8489147279933352	0.8452269352707489	0.8754795624744167	0.8472084413664099	0.8719235409131999	0.8443481853943475	0.8983511735967032	0.8871327107533199	0.8873033287960741	0.8659196813886754	0.8475973299158551	0.841139552240023	0.8465253471131777	0.8479024698617759	0.8669611285745813	0.847890909503043	0.8979740350811564	0.8469387744738388	0.8981089404314239	0.8500713980557741	1.0	0.8475151734780334	0.8709854060192832	0.8500567067855879	0.8358261814818151	0.8319227628858354	0.877775420640725	0.9435206322165612	0.847170772149877	0.8454165346064927	0.8978830434622336	0.8696212331708553	0.8479193514118541	0.8484014584176232	0.8756859001446153	0.8483029843624353	0.8727973291529771	0.8478513682759445	0.8252626312362438
scaffoldsARL071345	0.7414643925135334	0.8454069378032658	0.8618387894154191	0.7507422442606646	0.747879939452358	0.9903736268907082	0.8601623752180887	0.9905874636074431	0.9878307484497775	0.7403388566624591	0.7296063705200593	0.9876772788487594	0.9847843221036514	0.9832945436130713	0.7401738633123002	0.7219732099794256	0.7393741651269515	0.9209733479952895	0.8613881467881012	0.7355080530797271	0.7483823370845432	0.7394237935840142	0.8493260252989101	0.7520033590597028	0.9906717975758843	0.9837450678413927	0.23635663232448811	0.7275134101237959	0.8484475600271912	0.7387605001789453	0.7422533824699166	0.8106684589563774	0.9885246191219846	0.8462124739777677	0.7486369105107695	0.3845760927065754	0.7423208159851069	0.7383966463328513	0.7346569948412126	0.8489515930831434	0.7305420859633772	0.849622125856032	0.9903555064344237	0.8511675189561257	0.6971822701357235	0.7240065981585042	0.7304439867783568	0.7484247488726027	0.9903723481824347	0.8569769396448007	0.988905512286569	0.7479486172562974	0.7394259248729264	0.9820608282011799	0.7325364562453811	0.9833693619745496	0.741001920617032	0.7335489568546686	0.7428622386745128	0.8491635121693349	0.7413251964887414	0.7237164071294838	0.9913721329770752	0.7312532318771223	0.9921946358056843	0.7429740272479614	0.846058983095092	0.8255584690694355	0.9900884709870734	0.7284447861226916	0.7372199404305765	0.8499676156250416	0.7359071075767567	0.7456923651682206	0.8605221653344584	0.9874397487051146	0.8828408127120093	0.7417021687814203	0.7449192513255762	0.7322914793747135	0.8498098267557698	0.8616432630016139	0.727113885095657	0.9894765467902326	0.7376856235676623	0.8605170276712367	0.7396671937611324	0.7340595932631359	0.7463700092613548	0.7238429043150426	0.84814265461146	0.8543610222045075	0.9811998111971598	0.9842137234223488	0.7392636156837789	0.9829974132141727	0.7396494353509834	0.9818197775029875	0.7118245904642536	0.850563884647509	0.7335027191868425	1.0	0.7306635074960015	0.850319416734244	0.8158901969407687	0.8295061844849405	0.7309404108368639	0.7352658554549303	0.9881988582512735	0.8589487091268759	0.7392520552765016	0.7375062819134283	0.9848397365224225	0.9913147195365302	0.7310432143758164	0.9902707696063895	0.7298030985882069	0.9901271468977011	0.8332007224741221
scaffoldsTV138	0.9103115314369419	0.8529682843964195	0.8501292745365688	0.8912036746809084	0.8684252608794377	0.8568348906398443	0.8505055321331101	0.857045747931936	0.8570220689491806	0.9169024063113085	0.8854770823364961	0.8569602626164684	0.8569965020748811	0.8573195338472855	0.8949085161844764	0.8812618013680237	0.8801368858651291	0.8467089513007187	0.8468106134010556	0.8835524000070628	0.9024867474304066	0.8943709774939522	0.8537339036900622	0.8787841468614594	0.8568963282255895	0.8569678269278359	0.24209328068998548	0.8863647997096367	0.8534993804747832	0.8851063137039873	0.8923938275367904	0.8461151655422339	0.8568046650254778	0.8504304105850082	0.9030639964822884	0.4289675840081341	0.8862877422114835	0.8857631216267581	0.8826023661450904	0.853156384709783	0.883487338599074	0.8538881232658795	0.857079908837957	0.8516020134493761	0.7680273663623229	0.8827470281663226	0.9961469805692169	0.9024333779420814	0.8584750796507574	0.8507457057572219	0.8568014287049599	0.9149098113764327	0.8776923035573952	0.8562700463071499	0.8809130862237796	0.8554831978901152	0.8786600439693893	0.895543649252994	0.8864986885426162	0.8538079043339701	0.9106649354204187	0.8822249360009039	0.8573769213187374	0.8899867606172015	0.8558103180135078	0.8869222938873945	0.8441024413315403	0.832921952177435	0.8567316928311509	0.9344620022150845	0.8842622008735079	0.8535505210106913	0.8853586758752574	0.8804170776959789	0.8496218500008672	0.8571244530107721	0.861670786063852	0.930622777336972	0.8815397633187946	0.882262618184913	0.8546359746975097	0.8516818026026313	0.8877907702144258	0.8563429308737053	0.8719349809868071	0.8510296016425433	0.879147455672439	0.8840076644158337	0.8982127219055868	0.8838557313919851	0.8538806041778005	0.8435618751298182	0.8565940186728518	0.8566516257158991	0.886199453457152	0.8567600775199004	0.8799430437135777	0.8572602716505933	0.854867055363527	0.8545273389015328	0.8816368345812006	0.856745004360449	1.0	0.8544478665726887	0.8459877315403119	0.8456813068948182	0.9965211946851621	0.8851002519130934	0.8560552309676341	0.849760529349543	0.8785428017475104	0.8859376083320846	0.8569965385366037	0.8574183199409374	0.9962715373387337	0.857084293189	0.8845466972822403	0.8565727402254545	0.8315428544794963
scaffoldsARL08902	0.7209856491268899	0.8348807655304025	0.839172968640878	0.7374458341208597	0.7385005273957617	0.8257046456538203	0.8379982850892305	0.82671262353393	0.8251546293533515	0.72019557339615	0.7174439228254312	0.8250169772585524	0.8219767589754166	0.824965158723556	0.7145181600822644	0.7028454161606369	0.7226584782001527	0.7999391035009329	0.8376102206944361	0.7209002547661996	0.7199176322738257	0.7128770616656497	0.9915268867398	0.7422775179896451	0.8261136582425843	0.8250569114876373	0.21463392820097318	0.7128026526829491	0.9894185864439591	0.7297397823868609	0.716481164823775	0.8012334334490254	0.8256401745136929	0.8253515069366772	0.7194010142999169	0.3776615955249575	0.7228720970966468	0.72851718059631	0.7147624722191505	0.9894410739396612	0.7178159863313099	0.9927303700034776	0.8271062391027174	0.9895225191975423	0.6838645932063746	0.7041976157693023	0.7112419856232078	0.719717937397096	0.8270385015353293	0.8234526224578143	0.8252711778885936	0.7272788239937373	0.7231466869323138	0.8243671795675288	0.7172292775377802	0.8232277105518536	0.7207408182114778	0.7123216643947734	0.7234935863174475	0.9915695709156519	0.7209745251422026	0.7138934093550843	0.8243240444257179	0.7118615832368635	0.824670861662479	0.7226732362598093	0.868483629738585	0.8095164849717784	0.8264465908832817	0.7116188161503385	0.7209316588423633	0.9905888774141057	0.7208317835574527	0.7142905919934359	0.8384932889565785	0.8258009868016258	0.8345539463983238	0.7195556745942534	0.7149098632680877	0.712016930922468	0.9913067365447821	0.8399421523070336	0.7125855576706098	0.8252633658624878	0.7194007378852736	0.8389023841097412	0.7215406558854054	0.7091045855202319	0.7272914641378047	0.7039028192983504	0.9904855503325346	0.8325920600120437	0.8240294317633227	0.8246797044459279	0.7290640090087337	0.8242422915603188	0.7222049625773813	0.8241743761102838	0.7012709562245315	0.99425566906993	0.716998443561712	0.8259427001797226	0.7102072840971176	1.0	0.8083726506483069	0.8161064004620721	0.7112941890397333	0.7208490477530937	0.8226059065802798	0.8373379429765748	0.7211474687262521	0.7275207804787043	0.8256737538267773	0.8271480177948719	0.7110771189405659	0.8262150648992435	0.7174253756177342	0.8250740842924271	0.7924923573677289
scaffoldsARL05425	0.7459000259531768	0.9529534831432537	0.9201720848437699	0.7712063506229037	0.770667086240647	0.835771534739058	0.9208616510541344	0.835653995480893	0.8352365101854466	0.7498712751664733	0.7386066486002449	0.8350261200361051	0.8350690569164377	0.8358550101783775	0.7460982467752209	0.7392704744769485	0.7545956813689312	0.8273857122385415	0.915653682918284	0.7388659708819642	0.7482074637298153	0.7449962036863444	0.8534817121563911	0.7733824401890892	0.834910461129049	0.835070189825928	0.2297868558704185	0.7358645912385924	0.8523142315182162	0.7702772710668895	0.7468019278391723	0.873801356114476	0.8354537055432776	0.8335830378303506	0.747684308991715	0.39691840494620295	0.7608486426817083	0.7699950157145089	0.7387413755508254	0.852996751482381	0.7405194823913516	0.8535434936644773	0.8360255294011761	0.8551255541084346	0.7043866313498146	0.7405453525552013	0.7385168437531011	0.7479906132264295	0.8369293467256292	0.8710458466553787	0.8356871072863555	0.747729351516677	0.7542470967081238	0.835063505655381	0.7369455035275824	0.8341086580116461	0.7512974385789952	0.7432305194820181	0.7611330806341802	0.8512263498923519	0.7456713235541851	0.7336119946471961	0.8369692583928334	0.7412119205877968	0.8364896339689197	0.7614902486223746	0.8182174329285812	0.8714621866599488	0.8356935638133334	0.7388552162683226	0.7410419758454609	0.8529475312241835	0.7390190392777606	0.7468811865466006	0.9191971465357963	0.8353193188912261	0.8705853476051091	0.7404511805811802	0.7498066674277679	0.7395565132065843	0.8533712044731151	0.9220345730487913	0.736276421240555	0.835035964382218	0.7559346825040575	0.9210790578530508	0.7538296963626117	0.7444227008370491	0.751335263632258	0.739653788037638	0.8526160797612439	0.9144693048932541	0.8350584883947859	0.8350282898022907	0.7704869912867546	0.8347759682031467	0.7540171993482513	0.8349851631434907	0.727577885168813	0.8516161541029174	0.7371831346705223	0.8369868423898447	0.736559796701745	0.851624396545266	1.0	0.8797954516611609	0.7389525492678078	0.7386385129132089	0.8353578658978021	0.9181194572449285	0.7537036991452478	0.7699327941840546	0.8347800177507273	0.8357394062854213	0.7390766507642603	0.8356298105323482	0.7399866436611565	0.8353106456535356	0.8533687708515462
scaffoldsARL091265	0.703714625378909	0.8448732386470802	0.8432245075556379	0.7251350018911302	0.7199727817654303	0.8050120371255203	0.8432140026309534	0.8048420705416252	0.8043937182391697	0.7099364403151281	0.6907072530730537	0.8048807292670461	0.8038805857746671	0.8037799266004287	0.7024419209362536	0.6904927330518185	0.7095774988239963	0.7804713944280596	0.8409649913037227	0.6995567212188105	0.7086998042956132	0.7017676160439219	0.8110601339604161	0.7222395346218158	0.8037584788855823	0.8044136612531142	0.23304431112316087	0.6880639093721725	0.8118606704860608	0.7239777430809672	0.7059374849671142	0.7955179365860933	0.8028000674716032	0.8046604430889043	0.7083017910778998	0.381591568634652	0.7202473498936613	0.7228152556007145	0.6962950954334618	0.8103319188770246	0.6926099570913112	0.8119963495320914	0.8048937748732482	0.8142455697650416	0.6690778058606844	0.6916330704415873	0.6931963946557205	0.7088295483572846	0.8056479226545415	0.8215292639089125	0.8039171291320539	0.7145401089719764	0.7120026222041808	0.8032723650865844	0.6951104194449185	0.8017789243978668	0.7128363467304364	0.6981206325780295	0.7207296691065658	0.8087788107936016	0.7028749350030064	0.6894893253435795	0.804948824825899	0.6997151410826342	0.8062765463537402	0.7197205142823939	0.8117115014323997	0.9415223302906246	0.8046774439398905	0.6917830887397785	0.6984040192800436	0.8117523848974212	0.6990585082590448	0.709911247764506	0.843080502922247	0.8037218251712297	0.8294310112880414	0.7056399144830656	0.7006020471232847	0.6903478949263789	0.8120860173249743	0.8430497069009883	0.6885144194524807	0.804237331956766	0.70912244046311	0.8424361143473199	0.7084667729318039	0.7102179114059705	0.7116344159574751	0.6917563730966896	0.8109021630809848	0.8371822629277043	0.8026579736404782	0.8042184669364069	0.723112407643889	0.8035160270871777	0.7091202861989546	0.8031658521743786	0.6747678700759793	0.8115964005228604	0.6944591307035275	0.8071295995027052	0.6903492080891429	0.811841618873446	0.8307929402101993	1.0	0.693549734324638	0.6987042439124931	0.803849412440811	0.8410566888027137	0.707870544823666	0.7222820998774669	0.803917046211422	0.8051378303755043	0.6930960736238799	0.8056152520729549	0.6932148342092694	0.8047938433584831	0.77180865202438
scaffoldsTV139	0.909691783356275	0.8493545788173107	0.8466260185944848	0.8881803452576736	0.8671687509648444	0.8494396354873607	0.8466364519566053	0.8495823574678935	0.8499499977223491	0.9157967398046809	0.8827097031038488	0.8498902173738321	0.849535341607554	0.8494719450260254	0.8944705444188296	0.8796152263369351	0.8789324274217817	0.8399579019880459	0.8434772048652136	0.8836550461158175	0.901881476220414	0.8929065372312028	0.8479613236019855	0.8766866205032205	0.8488224099455092	0.8499692257266978	0.24212292097817345	0.8861459453800935	0.8475048990553524	0.8849137323328345	0.8908187853881743	0.8413362538599013	0.8493309281102988	0.8444650627106892	0.9013262304061825	0.42648920743329394	0.8845179813361765	0.8846213116393248	0.8797924361146546	0.8475290627640982	0.8827610247264924	0.8492959514076895	0.8496780175895663	0.8467800157834108	0.7633360917916736	0.8807055256051584	0.9958009766329763	0.9022009472530891	0.8511365850656063	0.8466680982775187	0.8492362775977447	0.9123672200976258	0.874703349320964	0.8487032763486185	0.8794013691869857	0.8480400883787393	0.8763869998927606	0.8933802922667231	0.8844630006148144	0.8488140027283851	0.9089170034054882	0.8798924172250998	0.8495465174683243	0.8898594033951212	0.8487342004896995	0.8855762990383022	0.8374910441619547	0.8290426392871025	0.849139147637771	0.9340098599779522	0.8816850209742885	0.8480651632111078	0.8836420111661534	0.8793939071354543	0.8461949925610713	0.8498767956270559	0.8572214142643049	0.9251515505754927	0.8785310527445424	0.8773323841789801	0.8486523685843675	0.8474927884680022	0.8871214488204491	0.8487993548026748	0.8709018700907202	0.8461231062192849	0.8779398272867577	0.8843917638331821	0.8977926339878969	0.8811740515479632	0.8475610896398608	0.8400267959878194	0.8483774570764412	0.8496689990991367	0.8853069872885153	0.8492288090153108	0.8777380055632364	0.8493407342818625	0.8542064380937523	0.8492111812498144	0.8785447195426798	0.8489674358721995	0.9888897814316979	0.8486876483998168	0.8429918209025462	0.8421726162026723	1.0	0.8838888307516065	0.848623004269693	0.8463241714585719	0.8772062089318141	0.8850511367663834	0.849435728933951	0.8503656067047567	0.9937196608796681	0.8500843255681779	0.8838246950948473	0.8495524272755817	0.8251373391446999
scaffoldsTV47	0.8863452916797661	0.8466336887423588	0.8560687061286202	0.9084681329876616	0.8848230917162948	0.8534679999564411	0.8559369130763826	0.8547878223651676	0.8531097067285129	0.8942979744199663	0.8739986915058215	0.8540926752576035	0.8543148888595267	0.8535722404964942	0.875372632173457	0.858078088036899	0.8770632666202327	0.8336491610335857	0.8526009631836745	0.9937577021981977	0.8956519597752113	0.8750678878169895	0.8556109222333298	0.8961785593782067	0.8542350908077153	0.8539605217816546	0.23651184194299793	0.8732621148612659	0.8559733687484204	0.8717842439542745	0.8814293493375251	0.8285691330225095	0.8536473634355902	0.8569106636256523	0.8952144616524067	0.4510015570592914	0.8831631298503175	0.8719325883988154	0.9789559093215376	0.8568696839961458	0.8754645831930936	0.8565483171820737	0.8543570793402139	0.8552536747637554	0.7627788504112005	0.8589345800305811	0.8821990010732084	0.8947410713276963	0.8547469283428295	0.8569226431760679	0.8543616282388711	0.8922410938297196	0.8741923594327553	0.853605836842854	0.9827894943406423	0.8537006603933662	0.8705660036467988	0.8791492162969224	0.8842387984808859	0.8563942310803395	0.8858439504465098	0.8706478078844365	0.8549037045395178	0.8832947592613116	0.8538388313810309	0.8835172224276879	0.8417075949580687	0.8328708236232977	0.8547107241681758	0.8768171145445289	0.9862124075447278	0.8551655253354128	0.9915530406816613	0.8803507548931149	0.8555482176782709	0.8547398750579582	0.8548503800749223	0.8700555720357052	0.8635935471337933	0.8916522789157445	0.8560707384749369	0.856114586054973	0.875525014665992	0.8533271391772109	0.875336115320416	0.8551429844251034	0.8783287111692782	0.8910001332878859	0.885690603179519	0.8597930420433215	0.8561319905421274	0.8509277540014581	0.8534967434964498	0.8536101369055987	0.8726426513970911	0.8546076261923673	0.876767408460684	0.853950437812977	0.9301975650457283	0.8581542154729306	0.9426826359802154	0.8541556439926821	0.8762627675171588	0.8580427729993282	0.8388573421057017	0.8402779481640061	0.883231977168216	1.0	0.853918893593028	0.8556880037447223	0.8765692450027123	0.8732567804516316	0.854628712766814	0.8547018004634719	0.881676403670279	0.8546635293634343	0.875321066590205	0.8540018721774052	0.8298162234310115
scaffoldsARL08394	0.7448909507259526	0.8492753121250204	0.8661868555357116	0.7563400017762802	0.7528030199709551	0.9889353045519709	0.8646016168476961	0.9913967851415867	0.9883336587914427	0.7466545404698951	0.7361300164728772	0.9878671642208908	0.9923923894100886	0.9875257560343274	0.743575710543336	0.7258963926077611	0.7425441459538048	0.9266020324395314	0.866317994690447	0.7397805797274888	0.7518384608551176	0.7427106468384995	0.8505340104951415	0.7571533888987869	0.9907040957736754	0.9898571518582143	0.23631057641103886	0.7313438882990675	0.8500134828163257	0.7433671191757663	0.7456206057531208	0.8163317714049572	0.9886344304322521	0.8511330704015623	0.7509528186322777	0.3874701041388139	0.747257772069372	0.7425715792499966	0.7402468457683051	0.8507423804505156	0.7364167784482982	0.8514318916588232	0.9904149709847652	0.853230899969218	0.7005945251665794	0.7274852767789503	0.7338721773741932	0.7519344424186616	0.9886152362477361	0.8612716667180447	0.9890964608793557	0.7504432268432613	0.741970146609376	0.9892191085605766	0.7374934993225798	0.9913499353716307	0.7451246320012975	0.7383850791910608	0.7477613767172449	0.8503638038116719	0.7448422932800458	0.7301331466782098	0.993163397327958	0.733664149479108	0.9915411356250806	0.7477694427106051	0.8493041671579519	0.8289226873062127	0.9892866600626626	0.7345471605690362	0.7415656740056699	0.8513354649675643	0.740125396351579	0.7488087072863042	0.8649076657549831	0.9882187662671057	0.8853318994678374	0.7459406395714082	0.7472049277352252	0.7376065860019111	0.851886650633111	0.8659307380837282	0.7306577443997031	0.9893625365391239	0.7427772138121995	0.8645258671545485	0.7425101583265387	0.7351122517384656	0.7502946051393332	0.7274555744026766	0.8498442531958763	0.8583924415720029	0.9872950881038008	0.9895876622019607	0.7431793751781461	0.9872032090006104	0.7424667418090436	0.9878406518181988	0.7163912726090432	0.8524072210718768	0.7386364312626131	0.9951022609915171	0.733876881787365	0.8522374316708045	0.8202779207177081	0.8327559621322456	0.734410031485543	0.7395554306714257	1.0	0.8641277960828266	0.742166470315604	0.7421227641136777	0.9905162333868304	0.9913000236452234	0.7343237882162866	0.9885325022832573	0.7356624602923035	0.9902238050437272	0.8367767195916137
scaffoldsARL09193	0.7254714570950568	0.9571210874082395	0.9892154750410872	0.7389660416420908	0.7371089918750365	0.8504100312160116	0.9874565228455832	0.8504969605985238	0.8493552774141007	0.7215691738311172	0.7173990319028188	0.8493897427980025	0.8482443590222396	0.848949177168797	0.7210611809009674	0.7110243478636242	0.7342077638291161	0.8175809320264519	0.9843852550421046	0.7245758220125185	0.7332515686900773	0.7203473466666056	0.8511707434442026	0.7398813125020537	0.8491784075747383	0.8496856276033254	0.2377489161536049	0.7145689906585753	0.8500540509407181	0.748179822208098	0.7305688710345769	0.8366325535484346	0.8494013635019131	0.8492360652453318	0.7328156117314005	0.3821358520935468	0.7331927460609353	0.746096089828184	0.7177325644411442	0.8503134579591901	0.7187710087887325	0.8516444479016453	0.8503678509702683	0.8518931395305688	0.6849052692860433	0.7127162905335004	0.7133658289318684	0.7330136023720422	0.850834239985478	0.9270453095286397	0.8496242644574604	0.7325262661543356	0.73341352272847	0.8489394691788719	0.723036408141153	0.8466139454675375	0.728435775938365	0.7219709260955308	0.7332954078124083	0.8453908072423943	0.7244648087371672	0.7117316546630629	0.849655959530469	0.7224157690024262	0.849926083694652	0.732788745098064	0.824154465273573	0.8504287404213551	0.8491811858780047	0.7121188729784762	0.7259013963700781	0.8502159362611096	0.7243579330355802	0.7260224658644969	0.9882132177470031	0.8485209002103486	0.8714145750945135	0.7249208447530678	0.7229430673013241	0.7149220872483142	0.850283671305317	0.9883767668956465	0.7151957774659465	0.8497217342244455	0.7341850343192351	0.9876409579730965	0.7332781516839442	0.7242605197602056	0.7294900198040943	0.7125611446249206	0.8494542842154524	0.9817598188449026	0.8483970926737366	0.8494425467371761	0.7476705035084652	0.848968923572121	0.7339164526313228	0.8478415671202861	0.7049291001514743	0.8486642250920782	0.7152168378353004	0.850212189049365	0.7103305394571797	0.8485150130565083	0.8804816347114158	0.8553459811273092	0.7136623343798074	0.72381581039037	0.8485918065193674	1.0	0.7328763039071742	0.7487599180296743	0.8498573856425728	0.8505060478385769	0.713111574234261	0.8505615306125153	0.7172395769777149	0.8495683574783188	0.837478031777491
scaffoldsTV77	0.8651469095256593	0.8301542097685729	0.8390338515367531	0.8703547020126218	0.8566832886538174	0.8355797652837454	0.8383436361258209	0.8348493713411068	0.8343664204416944	0.8659029794372347	0.831918123469292	0.8352247831859609	0.8339259393361484	0.8341101484980166	0.878769146209455	0.8452128978885282	0.992808518444575	0.812221432556866	0.8357381555664319	0.8492439287855628	0.8768674039285469	0.8771766923900417	0.827588291877233	0.8807103815512246	0.8342506032335316	0.8350945382394073	0.2377701308589389	0.838782791423853	0.8278299154838926	0.875944940339502	0.8671687749793662	0.8041711049872452	0.8345720697538448	0.8328585023064142	0.8764879742920109	0.4303261990722016	0.8549306707149429	0.8740874128931309	0.8435311187354441	0.8278631065711219	0.8327149857739525	0.8290820615412277	0.8348801356847795	0.8290647789541512	0.7411732064470485	0.8456641309829995	0.8511538207208306	0.8758803811023846	0.8351196757194838	0.8362555447483946	0.8346081249555692	0.8746086129517441	0.9784909306170697	0.834361496002619	0.8455906294995184	0.8328046898174828	0.852055119880625	0.8746477568353137	0.8552454698562326	0.8279201922575504	0.8651860888099829	0.8299625037884117	0.8337806038346985	0.8522157157376875	0.8341229594474954	0.8543446000682862	0.8175128641117577	0.8206468635793832	0.8347148539462832	0.8518707865263819	0.846934443782885	0.827890250130325	0.8487166088408982	0.8645791156686683	0.8385524528887922	0.834477730202353	0.8406667968083871	0.8583043982372806	0.8384411494066579	0.8464581860027651	0.8278026934318593	0.8388815601536264	0.8390341169104188	0.8343760465370987	0.8558346319445765	0.8382783008332242	0.9956397465579472	0.8729113785638005	0.8768696756620773	0.8466422703730926	0.8278454548581848	0.8332148418837388	0.8340764585907474	0.8350163451515258	0.8743340282419305	0.8344048907415833	0.9786473847233828	0.8342264127917984	0.8086955832508282	0.8293395892192512	0.8662698862564764	0.834752922353971	0.8463026994946427	0.8300144690379506	0.8220204083848461	0.822408111250743	0.8518238420718615	0.847612957120548	0.8344902491774049	0.8381800772279134	1.0	0.8765594406180308	0.8353152435148549	0.8355826768586327	0.8509173570179932	0.8353334891877812	0.8307611749392918	0.8348428335606164	0.8093927280470582
scaffoldsTV14	0.8815112769188286	0.8661089214592946	0.8652137546100729	0.8943091419045215	0.8770410993093858	0.8453125186480873	0.8637522430857146	0.8462385446958721	0.8452590939318374	0.8818124049010012	0.8776282772148808	0.8455628794648493	0.8462985607837039	0.8448069393974692	0.8882074919813521	0.8514485081402093	0.8922970728802904	0.8303983017157838	0.8620977651268568	0.8654165101600574	0.890990991804961	0.8871480655611179	0.852543366400126	0.8882381115594112	0.8455166592795479	0.8456326410208405	0.24344076156688588	0.8729557350173772	0.8525266477472367	0.9919673073194001	0.8830107787596908	0.8450898262599468	0.8458027256744088	0.8512394435347332	0.8895646655878461	0.43998283456098947	0.8903822703858428	0.9895912469478969	0.8604119656018717	0.8515127533172464	0.8789929782241923	0.8534688092554273	0.8456968476585192	0.8521127196621002	0.7593491449531948	0.8516876795406276	0.873741336893511	0.8912788062666727	0.8458072017663035	0.8621815578131656	0.8460292702985553	0.879517810403976	0.8880244546941093	0.8442932036294629	0.8601588450111701	0.8442807893046423	0.8672199782877672	0.8855779000641886	0.8906167246663991	0.8528554583926269	0.8806078586055723	0.8723663805105378	0.8457017388272562	0.8725301975998332	0.8452804496911045	0.8898641588940854	0.8422651447848295	0.8525075317665811	0.8456106087355633	0.8777005807228273	0.8630569157127028	0.8522152542699285	0.8641704973956428	0.8702686537573147	0.8647361278120473	0.8450511288945194	0.8662015261902076	0.8541320626003959	0.8677540396142289	0.8574688693327019	0.852954215762062	0.864633576589959	0.8715025368390485	0.8453578251865175	0.894173642382849	0.8637750623970464	0.891250584396986	0.877739210707723	0.8850263894556555	0.8528977106833194	0.8515097682247799	0.8588695950771087	0.84468081218256	0.845172539181492	0.9904273216427468	0.8458990293211304	0.8905476398732339	0.8449917260159733	0.8346571840082055	0.8538073630615423	0.8562862367579915	0.8454199617730158	0.8675654265314672	0.8543057590404588	0.8563721003019283	0.860278067642072	0.8746805714991238	0.8648884747230398	0.8450024997704179	0.8647987294461804	0.8901897103919986	1.0	0.8455332412042034	0.8466685156158128	0.8734470489097145	0.8462792211008143	0.8783277783701504	0.8459410380662729	0.8243328136974986
scaffoldsARL0835	0.7451262553197004	0.8512502469362037	0.8671435664041187	0.7552591572534435	0.74988881694293	0.9928242031662505	0.8659676262244547	0.9936505874081715	0.9910183892200377	0.7455711978158122	0.7359880352350807	0.9908338828235268	0.9885703660282082	0.9931486164587459	0.7447482665041084	0.7264464374680729	0.743614718452511	0.9306067486216705	0.8648951704900839	0.7403343763490203	0.7538303972106801	0.7439650808266325	0.8543552991134441	0.7540313391778504	0.9923752358944392	0.9945906993103941	0.23633765153238184	0.7328867331091238	0.8535299100815418	0.7455597398169345	0.7475678121451929	0.8170131877063893	0.9914460820056465	0.8492978575749549	0.7537538441154745	0.38731877039920026	0.7485941686306913	0.7449412746062023	0.739783908798923	0.854391717010233	0.7359511003267556	0.8548896451017804	0.9938285176219058	0.8550518570583638	0.6995089798218644	0.7280144293242986	0.7350542995400605	0.7538110585536758	0.9923150890159428	0.8625426223835333	0.9915352040737049	0.7517615441767067	0.7437314192814519	0.993087603541883	0.7374009800002893	0.9871765586760487	0.7442309489084324	0.7374214932462383	0.7492134754354426	0.8538579487666618	0.7447405096206151	0.7296572416094763	0.9892866146712631	0.7362789257159081	0.989390780733837	0.7491978794851405	0.8511004401366483	0.830128065022005	0.9923393854317029	0.7334405509901486	0.7415344843820334	0.855340850276426	0.7405124510060324	0.7505150153155392	0.8659821620175049	0.9907215146494125	0.8848631019644202	0.7474735296081806	0.7485211846789902	0.737867209090041	0.8552990342492005	0.8670181604927382	0.7326270272470503	0.9920850649168882	0.7430124240042957	0.8660691868972403	0.743831975046414	0.7378116309557771	0.7501575157622717	0.727983154795466	0.8531971569933512	0.8595576680931502	0.9923297557889778	0.9935676615944331	0.7458584158663039	0.9907488283208642	0.7438373752007653	0.9934605291162745	0.7168392826406906	0.855926424435693	0.7394405147621141	0.9931910652615373	0.7351548934632804	0.855721690399582	0.8201937884809816	0.8341162323800078	0.7354947641535337	0.7398983806780641	0.9911508753798727	0.8650812200091674	0.7437765934127117	0.7444394152369324	1.0	0.9931956338357584	0.7358214802657532	0.9920899918569138	0.7350664411376834	0.9914068731781722	0.8360556760644503
scaffoldsARL071384	0.7435313984891325	0.8487353388311673	0.8650643254406226	0.7539761420833297	0.7483887961849953	0.9946454198502479	0.8632189768105523	0.9955761164158637	0.9929405025939639	0.7440824284975214	0.7323613169554132	0.9924982212519685	0.9851153102577045	0.9864060826516556	0.7427974797133815	0.7245014728819602	0.7415447825236875	0.9247880652302213	0.8620106412721525	0.7390285279683348	0.7510340660913077	0.7414695866839007	0.8513823235913336	0.7520902985002706	0.9957470087074887	0.9887529722060123	0.2361746376241158	0.7285083366237215	0.8507487542013666	0.7413815412660064	0.7449742398935485	0.814622393771242	0.9935238735499592	0.8467490010945646	0.7506506068245934	0.38867099784735465	0.7458058497272309	0.7397970136341531	0.7390295181037412	0.8515964809183713	0.7340855104447678	0.8523487905293078	0.9949826547100954	0.8520061673193811	0.6999672689633314	0.7259648190624318	0.7322086308460041	0.7511142618134347	0.9937962780107402	0.8605643692155657	0.9931643257012538	0.7496444076097323	0.7406961743821489	0.9869672355944018	0.7367336632513936	0.9837854946710085	0.7419417886832811	0.736980007865519	0.7461405990039832	0.851793993457945	0.7431687878593503	0.7261955625428034	0.9911665166867747	0.7332506360595598	0.9914063101919373	0.7460163157003574	0.8474304656989987	0.8289125785948944	0.9935186211847336	0.7322351956862806	0.7402795943683539	0.8520488260317742	0.7389352819395547	0.7483237271449708	0.8635352786556729	0.990718554847571	0.882893620558095	0.7438331124764415	0.7467501384132125	0.7354621666392053	0.8526293495022683	0.864425304550909	0.7276895960986406	0.9940558999448311	0.7406744234451498	0.862711435004501	0.7417813804315703	0.7351398652432912	0.74685225821706	0.7258575156126618	0.8504842671156243	0.8573003952402691	0.9862492461273534	0.9887901762018846	0.7408105578680784	0.9861995627226652	0.7417758111187814	0.986370811859805	0.715608868442573	0.8527279328451234	0.7372245381522167	0.9950285140041646	0.7317365957484359	0.8530483548706106	0.8180312807745406	0.8341526033427293	0.7327497880901884	0.7385783235583552	0.9882090106387859	0.8623865539761586	0.7413732373788791	0.7401535251125343	0.988878945681235	1.0	0.7323022063274147	0.9936547977714307	0.7331543368470764	0.9952967359050161	0.8343834098699243
scaffoldsTV137	0.9089008893023016	0.8509588431191824	0.8478685324994767	0.8871310099073512	0.8646666775240816	0.8514806371138454	0.8479656044443075	0.851954724620294	0.8508183737457248	0.9158315083387678	0.8822280277969399	0.8515664455407063	0.8511355971127889	0.8505538069580852	0.8924064972437104	0.8769590579837013	0.8787749155753402	0.840888205672617	0.8446107199860902	0.8804024349890143	0.9004800881297536	0.8909436465451924	0.8491608186540904	0.8757788139543544	0.8508219158549422	0.8514560078959981	0.24175637985097193	0.8843983660489001	0.8485856170995352	0.8849462384856996	0.8906519341240268	0.8384941613813235	0.8506285580432386	0.846450707553715	0.9009789893465626	0.4258063345055544	0.8846664249353893	0.8840244145421703	0.8785604163103365	0.849057155668946	0.8818488188900222	0.8500838625575731	0.8517555707689767	0.8482990362717341	0.7618984236347782	0.8780455953185424	0.9944435603277612	0.9012400829412147	0.8523232037786531	0.848024794922199	0.8512619846903785	0.9130650934135591	0.8750205984584372	0.8507704417037679	0.8768049846773585	0.8500531335522322	0.8751584209551414	0.892249664505007	0.884480801740781	0.8491160416878765	0.9082935650668912	0.8797980256030544	0.8517779476536047	0.8886514184840463	0.8506920742941362	0.8843672804309841	0.8380952589507377	0.8309464006688115	0.8516408533914878	0.9350048524243085	0.8796157588730558	0.8496798879012513	0.8807088439540742	0.8786109729914607	0.8473696916384588	0.8521021450930464	0.8581886350610389	0.92425563241033	0.8794107193253764	0.8772367679971835	0.8506622688417624	0.8482348694194587	0.8854973692686751	0.8509276394887357	0.8708935335039237	0.8478891878114918	0.8776132275855577	0.883521855817888	0.8968617489949311	0.8794288295647849	0.8496600485084103	0.8412082848203769	0.8503370106699216	0.8511607145943532	0.8839246062851497	0.8511318927881666	0.8776054022967803	0.850928605340554	0.8512703576051942	0.8511636324732662	0.8811329573327302	0.8512824472475364	0.9900810306894269	0.8506065460770161	0.8433605210615772	0.8431332092677465	0.995638735481514	0.8807830311636305	0.8506414157292682	0.8474769879223287	0.8774957428242905	0.8845762863021917	0.8513458364868899	0.852324745062232	1.0	0.8521326651426863	0.8819016762492377	0.8515231967400744	0.8257098613494551
scaffoldsARL071195	0.7440722918058529	0.8483277292723357	0.8662965129590805	0.7541142260522709	0.7483490522692282	0.9960062946275174	0.8647505659783891	0.9963388992852874	0.9938639615094913	0.7435461310939203	0.7325204733975631	0.9934535472515766	0.985724472691561	0.9883529141069144	0.7434297712386213	0.7253366328966929	0.7417704705473724	0.9254915470231012	0.8629795000400043	0.7383672698549236	0.7521406138180021	0.7423883341167088	0.8526882467192197	0.7519229950855801	0.9946591982791965	0.9893359847212756	0.2375960659088221	0.7302793954870124	0.8515152198301132	0.7415018112554477	0.7459610650494061	0.8137337131599606	0.9930108240693497	0.8466165979973969	0.7518247752178715	0.38678352360038415	0.746746185204788	0.7401116847527685	0.7375303595462588	0.85263482364968	0.7340025242257114	0.8533524782405584	0.9958564651994809	0.8530109272982154	0.6995337567078445	0.7269448957262933	0.732494378126581	0.7520668720533431	0.9959675758711799	0.8616547480436375	0.9934439443800376	0.7504038944103387	0.7411859176652668	0.9873973561718157	0.735498345492856	0.9842433941342988	0.7424813938011723	0.7357200956652564	0.7470397209207973	0.8524649696070539	0.7434231438863157	0.7258179333150635	0.9919593691288441	0.7354254990398685	0.9923300225480497	0.7469065038661302	0.8483340967413568	0.8279272389426224	0.9948352358637068	0.7320587939081326	0.7388852918055394	0.8529879454368114	0.7380501949014847	0.7490898545551263	0.864806743036496	0.993793540708208	0.8840596472024851	0.7452437440167872	0.7466430156983461	0.7362000989097983	0.853674700720261	0.8651770872160421	0.7291409674815592	0.9949572806319498	0.7401047220515712	0.8642506060888715	0.7419918791908854	0.7356672009218741	0.747844166184596	0.7263934524856436	0.8518054413675443	0.858402034503954	0.9871754236676364	0.9890424612632722	0.7411504049629567	0.9882810994830296	0.7419928536117331	0.9871668493231424	0.7149591819173119	0.8534834944927941	0.7375419718618986	0.9962049069325214	0.7318885484250396	0.8536586892276659	0.8164744643333335	0.8330199232873324	0.7329724167822649	0.7377313178486757	0.9872813769995685	0.8632611905292336	0.7419181224378315	0.7401017395727917	0.9896670585150363	0.9953795620932974	0.7326222391883431	1.0	0.7331020827974312	0.9948491354998985	0.8350794509846038
scaffoldsTV58	0.8856247491173076	0.8537793330700314	0.8562196228107253	0.9030994645743159	0.8826804024690074	0.8565773454665407	0.8554106093871949	0.8565575476237752	0.8569333475379582	0.8906107261649737	0.9893286892612251	0.8571101202325365	0.8560496150643505	0.8561478085166704	0.8854407187949063	0.869042558665453	0.8760169782471924	0.8466514631425417	0.8518613802685842	0.8809702650048151	0.8975010626706785	0.883091733028808	0.8610037541984598	0.8920082955828402	0.855344749028985	0.8570584590815654	0.23647480706273188	0.9381525484736668	0.8613878001899523	0.8996711610901015	0.887504594018098	0.8443360125816276	0.8554566670878271	0.861124988075898	0.8971276604855505	0.43911014774565027	0.8938933366212839	0.8988886705385495	0.8790572193412398	0.8610830549907305	0.9856082379716261	0.8629591087502617	0.8564785013097687	0.8617495863228121	0.7716670100958137	0.8699988928094853	0.8877104081365449	0.8974695306799141	0.856983730691528	0.8574017763285811	0.8560705561073789	0.88807225569759	0.8684279847309948	0.8559998592208862	0.875309181246603	0.8544168129398042	0.8606672558719443	0.8723224629460552	0.893893026449593	0.8613033471774941	0.884995348278583	0.9543898297868325	0.856835572320171	0.8911482969118589	0.856213499589347	0.8942953360744083	0.8470650122042218	0.8445686369579517	0.8561064861888098	0.8898350822894533	0.8782725309534916	0.8615930764707136	0.8816528268109728	0.8719372167320846	0.8555896068377146	0.8561498040027036	0.864722428985633	0.8666364787225599	0.8771227369906125	0.8782718532971595	0.8617139620791086	0.8561849043085167	0.9380019731691506	0.855596567317001	0.8978079721322187	0.8550473203795137	0.8722197354752277	0.8723599136722281	0.8895409271485145	0.8703858338119688	0.8605151495551474	0.8508581926439682	0.85577764173699	0.8565269216820118	0.8984241005363867	0.8557311944188343	0.8749955396206224	0.855803168274111	0.8584498704613157	0.8626171292864764	0.8786644425781988	0.855833602064963	0.8810895855730936	0.8616386574643875	0.8457879614340632	0.8515163236007637	0.8872066499348191	0.8799329499796218	0.8556667632225237	0.8558107792253292	0.8721333215025046	0.8994066785086049	0.8567468960284493	0.8572874227582225	0.8850285128763531	0.8566810795344075	1.0	0.8560690070788712	0.8400401955461337
scaffoldsARL071205	0.7424687265462842	0.8476283815764791	0.8639402160525335	0.7542175907959728	0.7482843117639071	0.9932986492776404	0.862917915958177	0.9926512108513695	0.9911567813294014	0.7425995648470927	0.7312826314720476	0.990845904701063	0.983847383856446	0.9854446893611991	0.741748941016119	0.7227721300767714	0.7415006671806843	0.9237783014019452	0.8623551568062464	0.7375858060345978	0.7492215452197648	0.74103732202117	0.8502799348086713	0.7520064269748424	0.9935341053750483	0.9875064809018457	0.23624757241473365	0.7291533186254956	0.8497799272801374	0.740998441436778	0.7434212553057178	0.8139572833704916	0.9915996457405468	0.8454115224527625	0.7487966824509197	0.3853858029036698	0.7442158585636944	0.739888828322397	0.736786564393263	0.8508420014710634	0.7330856567907079	0.8515849792202228	0.9923417406461562	0.8516851934124718	0.6979587648028607	0.7243546983340541	0.7316751841781692	0.7493579757327709	0.9917962040846785	0.8597347190900783	0.9916179743812956	0.7485048329362279	0.7403717398698555	0.9859294789816326	0.7346251984883176	0.9816353645194077	0.7400650142141703	0.7355790009640928	0.7439462286892946	0.8504195477848564	0.7415227683428208	0.7251004780590852	0.9888466664085754	0.73244950293284	0.990360315949199	0.7437932487923912	0.8457472409996254	0.8271416607224712	0.9915752882288946	0.7311830652197591	0.7381259336920435	0.8509280474550174	0.7373646122952539	0.747202778580988	0.8630545328700248	0.989920103907897	0.8814162181314784	0.7437990611245664	0.7468140617066253	0.7341307784624517	0.8515356092947214	0.8629083770731688	0.728340269538258	0.9932175789701397	0.7393088243180966	0.8620879660266891	0.741487332175357	0.7346295763552273	0.7461205213174485	0.7241347387873353	0.8495232960663225	0.8567893011944826	0.9848109546132052	0.9880495119808612	0.7405225197155388	0.9859425862909044	0.7414192132956342	0.9856171206773513	0.7144763803295454	0.8519489178689522	0.7361749500495082	0.9934088730789412	0.7309659384886387	0.8517702632802594	0.8171320715890293	0.8311908543194491	0.732177422246829	0.7369969450398027	0.9866318924925506	0.8623459243020776	0.7409246104499232	0.7399589995405812	0.9869331064749429	0.9944368565649998	0.7316794416950305	0.9918227951845218	0.7321412393354347	1.0	0.83222927359527
scaffoldsAR98565	0.7383030860761676	0.88082256905135	0.8734347370445567	0.7619541779475855	0.7578547955436816	0.8596047939139113	0.8750164776028607	0.8589814560936246	0.8582619279409717	0.7394171646079933	0.7380616047527894	0.8580187594177846	0.8598746416224419	0.8579632446071789	0.7407899496304388	0.7219309668162451	0.7452700426610851	0.8299020159351613	0.8727967799427518	0.7371451451059725	0.7483506549224411	0.7401414445989537	0.8381368350529802	0.7629328451252977	0.8578737152229033	0.8585267033870566	0.22951487649345778	0.7324653009840217	0.8371089489047467	0.7433376859538289	0.7449385745927606	0.8347093020633836	0.8582305012751256	0.8683017153488529	0.7474009418253011	0.39990457202709995	0.7427894356344785	0.7425943420328485	0.7369064096978774	0.837941493738849	0.7395808427358764	0.8386528425730158	0.8592749512756729	0.8401694150316324	0.72692032953293	0.7228456490923828	0.7298848996992907	0.748081169095523	0.8589363666425793	0.8488456846330978	0.8577892248923051	0.7437714505590132	0.7458804760126437	0.8571681154645413	0.7338277353912319	0.8598388472292557	0.737270702497805	0.737443287072087	0.7434533679477928	0.8371185151636997	0.7374973926700755	0.7312225757998022	0.8615941411265565	0.7355738991449834	0.8610865734513069	0.7428113105306431	0.824936069933996	0.8207919567558245	0.8585977179632237	0.7298951144204311	0.7371275204238054	0.8377453369151538	0.7366372569694992	0.7372996387161941	0.8720151741186788	0.8581829666321108	0.8948353116877549	0.742186780307542	0.7357262530086431	0.7394251954174446	0.8385858295435171	0.872433980227926	0.7320593943636857	0.8584928306815066	0.7360377881199465	0.8740615226417363	0.7442341839551266	0.7243507547198523	0.7402869560611794	0.7223429561901267	0.8365812562091695	0.8717348489828094	0.8573441494064027	0.8579499871352935	0.7425849682346111	0.8573849978860761	0.7452304622919141	0.8561481933432299	0.7191762291721981	0.8396660680887674	0.7347905192863378	0.8621524356966044	0.7295853471411626	0.8397593584477968	0.8547211097038607	0.8207779717762479	0.730337928240692	0.7365935493044268	0.8599942334708389	0.872577058122354	0.7440808295539674	0.7422753974756571	0.8582429175922536	0.8596942697777311	0.7300389900022607	0.8594954381335654	0.7392358307662036	0.8585042886430528	1.0
