	scaffolds102A	scaffoldsARL0567	scaffoldsARL09146	scaffolds123VP	scaffoldsTV44	scaffoldsARL071163	scaffoldsARL081256	scaffoldsARL071328	scaffoldsARL071286	scaffoldsTV123	scaffoldsVV11	scaffoldsARL071166	scaffoldsARL08391	scaffoldsARL0867	scaffoldsTV125	scaffolds128VP	scaffolds118A	scaffoldsARL08477	scaffoldsARL091374	scaffoldsTV20	scaffoldsTV71	scaffoldsTV98	scaffoldsARL08804	scaffoldsTV21	scaffoldsARL071198	scaffoldsARL0843	scaffoldsARL09542	scaffoldsTV97	scaffoldsARL081292	scaffolds071107	scaffoldsTV92	E_faecium_reference_sequence	scaffoldsARL071300	scaffoldsAR01139	scaffoldsTV43	scaffoldsVV15	scaffoldsTV18	scaffolds070381	scaffoldsTV78	scaffoldsARL081249	scaffoldsVV6	scaffoldsARL08781	scaffoldsARL07973	scaffoldsARL08712	scaffoldsARL09409	scaffolds125VP	scaffoldsTV162	scaffoldsTV73	scaffoldsARL071348	scaffoldsARL091209	scaffoldsARL071169	scaffoldsTV104	scaffolds127VP	scaffoldsARL08105	scaffoldsTV76	scaffoldsARL08339	scaffoldsIV28	scaffoldsTV111	scaffoldsTV52	scaffoldsARL081074	scaffolds109A	scaffoldsTV41	scaffoldsARL08484	scaffoldsTV45	scaffoldsARL08288	scaffoldsTV4	scaffoldsARL08983	scaffoldsARL091074a	scaffoldsARL071351	scaffoldsTV82	scaffoldsTV75	scaffoldsARL081077	scaffoldsTV12	scaffoldsTV55	scaffoldsARL081412	scaffoldsARL08428	scaffoldsARL04840	scaffoldsTV83	scaffoldsTV56	scaffoldsTV48	scaffoldsARL081215	scaffoldsARL09100	scaffoldsTV118	scaffoldsARL071139	scaffoldsTV57	scaffoldsARL081218	scaffoldsTV42	scaffoldsTV81	scaffoldsTV15	scaffolds126VP	scaffoldsARL081189	scaffoldsARL081437	scaffoldsARL0832	scaffoldsARL0846	scaffoldsTV10	scaffoldsARL08552	scaffolds129VP	scaffoldsARL0839	scaffoldsTV54	scaffoldsARL081309	scaffoldsTV49	scaffoldsARL071345	scaffoldsTV138	scaffoldsARL08902	scaffoldsARL05425	scaffoldsARL091265	scaffoldsTV139	scaffoldsTV47	scaffoldsARL08394	scaffoldsARL09193	scaffoldsTV77	scaffoldsTV14	scaffoldsARL0835	scaffoldsARL071384	scaffoldsTV137	scaffoldsARL071195	scaffoldsTV58	scaffoldsARL071205	scaffoldsAR98565
scaffolds102A	1.0	0.8569323108297937	0.8583770234030239	0.8988910802389948	0.8880421505179346	0.8585427655493887	0.8573581167655362	0.8589701241047693	0.8581449067671315	0.8903260540055452	0.8753083405562493	0.8585493641828504	0.8577423901259601	0.8575285167708151	0.8917696021140469	0.8971913498902104	0.8859255417963265	0.8404869636232863	0.8566334315494639	0.8814800036176037	0.901763038414527	0.8903190672171738	0.8609101223425459	0.8980072515100196	0.8583960429935904	0.8585128776213556	0.3159592608133165	0.8791134231342655	0.860830938741004	0.887140078508212	0.8871249404667407	0.837580459660807	0.858338984221891	0.8520178815203717	0.9010845436326874	0.5532888171406103	0.8831847799802118	0.8851049823176032	0.8770464982410761	0.8614469405824109	0.8757737382927627	0.8615369925214194	0.8588913286581369	0.8615338872821432	0.7982995709723785	0.8983550383089488	0.9009145317823181	0.901075227914859	0.8585299564373745	0.8563205786923915	0.8590590115790491	0.9434745531463643	0.8822780501115751	0.8574660238303825	0.8764196280622026	0.8570324547964496	0.8946345735012078	0.8930769078493074	0.8839626424188882	0.8613693096005071	0.9942809255631448	0.8728280306844219	0.8580917295445274	0.8879524867338355	0.8589018088406939	0.8841361476634433	0.8488846950907332	0.8379193188968171	0.8581126899096414	0.8829759526388906	0.8799883243003217	0.8617365041449122	0.8804370313757258	0.891984251779011	0.8582532019868874	0.8584670753420324	0.8638302117268585	0.8920502381136293	0.872798919066208	0.8761820772575769	0.8617330107507265	0.8582128338762973	0.8806384837737662	0.8577330744081317	0.872505862109521	0.8571015463703441	0.8856856620622438	0.8897659464711091	0.9354230558582086	0.8992446893615667	0.8606465651589824	0.851153072381963	0.8572036311115475	0.8587306325255959	0.8858576146871607	0.8576065359076285	0.8854694597776416	0.8572665122068897	0.8422293910121178	0.8622919538204341	0.8786010586537002	0.8586561067829682	0.8950755174784215	0.8630329415427062	0.8487748472513392	0.8507738450353629	0.9011874046837101	0.8803097165654035	0.8586308767138495	0.8581930379759118	0.8850917850506794	0.8871412429729405	0.8586359227276732	0.8596416320982373	0.8988806000564378	0.858753145510348	0.8745339715117586	0.8589720648793168	0.8397657718013998
scaffoldsARL0567	0.7310460961042266	1.0	0.9563396054296526	0.7563662480802841	0.754808217762808	0.8390066344186504	0.9559230233362379	0.8385176321526963	0.8379419250012706	0.7333363010101285	0.7221673165103709	0.8368400088897423	0.8357141741891183	0.8374854785926966	0.7273383825917851	0.7241020646061024	0.7416639564469069	0.8060916659994931	0.9495241363479171	0.7279958115892873	0.7371194245187463	0.7268460582995677	0.8471346360770059	0.7575246386382881	0.8376077291591851	0.8371107540301992	0.29546367347670976	0.723113761792778	0.8472017410075241	0.7533475228148458	0.7351607578339193	0.8466977896233852	0.8376944340446567	0.8471465953715537	0.7365407275436838	0.49597586348598155	0.7451211891790974	0.7509094877402281	0.7255381765597162	0.84795019352464	0.7247531817537043	0.8483056503348104	0.8390538071915888	0.847853854763005	0.7216656905446163	0.7249873846052652	0.7229523113163828	0.7363201449998024	0.839181705202725	0.8986698939044472	0.8378389421871092	0.7372503123535195	0.7411194763423561	0.8365347146761473	0.7242063762307692	0.8369293713962244	0.7398521233229166	0.7274832229368638	0.7465280673015945	0.8437428472622018	0.7304468025663318	0.7186609177894838	0.8371758657449594	0.7232443174249247	0.838531584663002	0.7453055616367091	0.8099465452753977	0.8511409997505158	0.8382698089934559	0.7232715580402835	0.7281336756792132	0.8479020241438224	0.7276665987865967	0.7320918699719057	0.9547579887257073	0.8374997633056287	0.8766863851072234	0.7338894183829638	0.7317497012667883	0.7229161012301131	0.8481674540422581	0.955498136177165	0.7236522622500549	0.8376718442660664	0.7377090841804778	0.9563103715985358	0.7415772515614354	0.7314580273608727	0.735288323642429	0.725107974158622	0.8464948138186991	0.949552373571155	0.8357357673598296	0.8369758797639102	0.7525070501702372	0.8360590005152463	0.7406849553071196	0.8344488143854367	0.7068002874217123	0.8463353565580619	0.7238472651917092	0.8397520971121294	0.7205318829809605	0.8476193197088178	0.912997460975327	0.8594779568608314	0.7232682360140202	0.7265374420597094	0.8365938467436336	0.9545320909398045	0.7410181545413261	0.7531106623422743	0.8368393444844896	0.838895678741457	0.7234509474585005	0.8389634480772278	0.7225350648177155	0.8374755125139068	0.8504848995635189
scaffoldsARL09146	0.7374750804505096	0.961089606678273	1.0	0.7526807419328464	0.7506509494855222	0.8618567864599848	0.992602076257976	0.86167497927664	0.8608470419938032	0.730966250338188	0.7261528469941323	0.8606878360690827	0.8587727117721314	0.8599406650486825	0.7304570572762425	0.7245577964038739	0.749342735456921	0.8284102474106602	0.9863957041654784	0.738845115568877	0.7448603740774199	0.7293944657494544	0.8630270663366882	0.753584127534914	0.8606705527536642	0.860779570589381	0.30985694068033776	0.7236816652607354	0.8623217741190329	0.757578235253842	0.7422692062504446	0.843704652070242	0.8596279035138974	0.8598399564992246	0.7440234627654235	0.48849130615997305	0.7427129221366698	0.755098411862736	0.7299698007300206	0.8630842342261495	0.7284900830330358	0.8637403354691523	0.8623686384935331	0.8634345537348248	0.724304861730153	0.7259830051830004	0.7249506594581947	0.7445356471704221	0.8625923244796226	0.9316305279188695	0.8601211427462258	0.7456238312988877	0.7483958091948567	0.8597219646343482	0.7359674435516947	0.8573155953337708	0.7417211257288076	0.7346050529766854	0.7431267245923631	0.8576639206137439	0.7366843687701127	0.7209256411943834	0.8607210732141184	0.7332233848575556	0.8607682699600689	0.7419451440863475	0.8336903002710156	0.8595893484256562	0.8602328195535454	0.7212626658450444	0.7396477926214867	0.8626946948863323	0.7383296074493748	0.7371942265749587	0.993563626863856	0.8602075593233183	0.8838667562740097	0.7368422452090317	0.7320065729778023	0.7252710655363378	0.8626504894834349	0.9946960163952189	0.7240632276857442	0.8609996004895166	0.7449245217673387	0.9925143301950821	0.7483432945057005	0.7387291179327028	0.7427315349378898	0.7259753606396422	0.8617045603357217	0.986286021586861	0.8587015842817552	0.8602544236978185	0.7568666279786298	0.858721858940227	0.7486068650658328	0.857723747474808	0.7163804616107651	0.8611617977572904	0.726153511737033	0.8627508656614424	0.7221171928439097	0.8614622615484122	0.889075681643989	0.8640434582318769	0.7251710217297807	0.7372022034897673	0.8603056089011734	0.990119593895267	0.7483871675371475	0.7577068630051298	0.8608231112493776	0.8616912654777075	0.7245587935182249	0.8618511361453287	0.7268358703246139	0.8605169971435997	0.8530107203087598
scaffolds123VP	0.8809574035402957	0.8562885474589029	0.851314938809703	1.0	0.9538606645946143	0.8539233421557438	0.8508463747177233	0.8538319057620863	0.8538683285579001	0.8893410964475633	0.8689079079960178	0.8535401439914528	0.8525806309642329	0.8544590607775053	0.873156095961926	0.8572894155355365	0.8736170719714446	0.832070423475706	0.8487862103295049	0.8828176219556613	0.8839509020712429	0.8723703500230677	0.8550035056940971	0.9647966090377097	0.8535921223563121	0.854701500012141	0.3115476956511182	0.8670290987786222	0.8548703348469029	0.8752803796469417	0.8704471505232741	0.8377421357113372	0.8532241003569434	0.8513498439890246	0.883580983051259	0.5607444971225991	0.864142592210378	0.874749213874657	0.8796700853507515	0.8552353216132871	0.8734091585120074	0.8562282222033363	0.8539222039433747	0.8545778142680233	0.7938374905907778	0.8590718561056747	0.8606657328266518	0.8840412002525314	0.8555509858436734	0.8476343394118933	0.8539263773887283	0.8882047810989971	0.8704831939149649	0.8537457810261516	0.8769918716460675	0.8530624742005196	0.853654344632494	0.8596811791273098	0.8657747887477842	0.8558655118616905	0.8797262371609644	0.868257229924969	0.8542147245222543	0.8757982662749193	0.8535553201563753	0.864192673554622	0.8412265831775247	0.843819051550397	0.8542352123448996	0.8676695329383484	0.8805400590049293	0.8554523407716776	0.8819043962314548	0.872227314668674	0.8503933661947891	0.8544749957506739	0.8613888770852051	0.8592672492290508	0.8543046432994197	0.8679354952286138	0.8558260538328922	0.8507431767962509	0.8692266074593886	0.8529110919554185	0.8626208022727825	0.8502002494961514	0.8737437929485468	0.8787769680450671	0.8792113857659714	0.8593317479299711	0.854331580992157	0.8444784559162761	0.8539434505742661	0.8539339654711896	0.8756669924483403	0.853980252774203	0.8732463941432145	0.8533944528081976	0.8363243025034601	0.8574445918218683	0.8773056388558386	0.8535811196367433	0.8574624238156521	0.8568155397858339	0.8530101164315372	0.8505223635966297	0.8612598796833645	0.8805563733822208	0.8531626368890076	0.8501725529951679	0.8730900796445135	0.8765714918777165	0.8535109298739771	0.8543645891508632	0.8599471414175752	0.8539726646917417	0.8712063381735182	0.8541031797100745	0.8431634412257485
scaffoldsTV44	0.8663754265901761	0.8562049720877064	0.8505767431093062	0.9550490649627521	1.0	0.8492441098213901	0.851091185706969	0.8493318676762854	0.8488983741344314	0.8625598512353053	0.8451013338437411	0.8490931814416346	0.8512356835542536	0.8489486835943499	0.854260303415218	0.8498417710745572	0.8607589238768697	0.8290677467943796	0.8489343094629446	0.8601820672875787	0.8658356401292462	0.8526746097612456	0.8589678314504482	0.9900958451951439	0.8486139176392532	0.8501564888990096	0.3131937882569399	0.8489797014568561	0.8598336837343086	0.8623510480633128	0.8609117435897048	0.8357642006961619	0.8487584154865379	0.8475139183201331	0.8669012171863167	0.5603225555087346	0.8513015019454252	0.8602505335450618	0.8639227458524957	0.8597879134737813	0.8492210355578185	0.8609597834499277	0.8498629540050491	0.8597436562797176	0.791898134313397	0.8500884009081425	0.8405825608498592	0.8661840236825162	0.8508135380108774	0.846678327365547	0.8493201414111917	0.876714209736734	0.8567814504103815	0.8490194194515286	0.8616868118857423	0.8515878497736831	0.8643112256670543	0.8554858872508263	0.8518507450717534	0.8617261516137988	0.8655466444346768	0.8494366475288977	0.8523765356678941	0.8561856804902941	0.8520977531719547	0.8500191781174276	0.8472782582184096	0.8382059117019803	0.8489543575935888	0.8466756794992355	0.8652315483436083	0.8597330648144715	0.8599274938550588	0.8619232285206976	0.8504330017952534	0.849329219809974	0.8550947595699563	0.8505839301750089	0.8445346904530802	0.8521609236968147	0.8599460289192393	0.8511607867642998	0.8522490598183261	0.8485114073863366	0.8450101715893024	0.8505241640496921	0.8617193428147122	0.8555486795090704	0.8670381497012829	0.8514407040600869	0.8591251903626744	0.8455662235147172	0.8492410836884626	0.84928685394899	0.8618585449293739	0.8489710013246897	0.8605629817698187	0.847503326854887	0.8242868350356592	0.8613214063347554	0.8608387381328306	0.8519831383873284	0.836345596484844	0.8619122587888357	0.8520035647845885	0.8466492008361205	0.8409566665330125	0.858995444913411	0.8518609582703834	0.8499204505306702	0.8615703057680363	0.8620022862434267	0.8487973769479785	0.8501213101037283	0.840043909188777	0.8496654988315344	0.8476565248343382	0.8490500590474187	0.8402981043546809
scaffoldsARL071163	0.7497894501056324	0.8534545501585337	0.8695765104614532	0.7616908807555695	0.7554244256940997	1.0	0.8679094727367673	0.9938700534391631	0.992690497442423	0.7498279175883543	0.7385045204398502	0.9924920324651937	0.9844863705964094	0.9871903282535831	0.7483552597984848	0.7308117047358578	0.7480417327932908	0.9253281480528305	0.8670577413936666	0.7464917996177762	0.75746184059756	0.7477503331011668	0.8552594580646566	0.759056368819416	0.993590908874278	0.988647326714203	0.30926494427661727	0.7354785252724553	0.8546759778400066	0.7498469811196148	0.751373765721456	0.8178384270408021	0.9924937345661992	0.8504394484375734	0.757272907385961	0.4914748569043685	0.754769116807022	0.7484580666992109	0.7446361691016924	0.8551171624206055	0.7406852522479648	0.856152380252088	0.9943388120560495	0.8560362969635199	0.7338918267152242	0.7319776439245547	0.7377610427206928	0.7576946880150983	0.9941352407758041	0.8633587354887379	0.99275892190284	0.7559452686017513	0.7473840409648053	0.9867059103074471	0.7430167902051577	0.9832366880382469	0.748501640484949	0.7425647121781241	0.7548909872390084	0.8560063399858249	0.7488410394254251	0.7327990778697593	0.9898490100240133	0.7409327377341495	0.9911327346022837	0.7545924387226617	0.8514950914811207	0.8327811717671826	0.992728964925145	0.7373750062126687	0.7465762238276439	0.8561915285752121	0.74610508226935	0.755348511989259	0.8685157611148898	0.9920076145190577	0.8864228849522697	0.7511242377140648	0.7541076803563246	0.7419189350566766	0.8562065070640595	0.8685474201935902	0.7344729239984668	0.9939735411802914	0.7485210444364105	0.8675132236227109	0.7483270049217953	0.7421065065874713	0.7534853922287514	0.731983431067973	0.8547774230599282	0.862017479896485	0.9858814125804328	0.9887280063018588	0.7496192400050927	0.9868145043515915	0.7481493055768318	0.9862885551409237	0.7224904733406728	0.8567110098020593	0.7435655475692976	0.9944814481203018	0.7369096517977931	0.8573033409519374	0.8217764079268887	0.8378221141047664	0.7381760149458085	0.7455471335597809	0.9866310178632096	0.8669934019756627	0.7483913443397993	0.7486660634420703	0.9886081783910788	0.9952045006273944	0.7378018931448223	0.9944300446699388	0.7398304571230544	0.9944126832396837	0.8416726069991755
scaffoldsARL081256	0.7370739911949669	0.9616417977760593	0.9923831423011672	0.7528160719046754	0.7486868058475608	0.8607500195652664	1.0	0.8599478436423496	0.8601464808386403	0.731124160517425	0.7256684357204727	0.8600158246527663	0.858931113018264	0.8589758810007335	0.7303846597699655	0.7242613946121899	0.7498033524918191	0.8271358970243551	0.9866087357919688	0.7359186456325683	0.7437885253360251	0.7293742298248942	0.8609145004490063	0.7521266449746448	0.8597041068489044	0.8596646447013943	0.3125717116756225	0.7215239153878499	0.8595777616539348	0.758645526451577	0.7413315921351609	0.8447008636572855	0.8591231179208555	0.8590345767999713	0.7430490245885657	0.4880691668645301	0.7416970315179862	0.7567287935725115	0.7259562772670175	0.8606160472325428	0.7273583441550259	0.8623036343643012	0.8610693645068823	0.8619889320282748	0.7234668458270271	0.7259585985698122	0.724890136054873	0.7436097850208321	0.8614978106798499	0.9302892873865712	0.8595310039833556	0.7463840734752025	0.7485647716434957	0.8589039206140974	0.733241520280891	0.856822706851292	0.7402800419691545	0.7347510303268262	0.7414595954035552	0.8552535061620641	0.7361222570491334	0.7207472737956749	0.8601458176092703	0.7341013971589907	0.860606430406679	0.7402704251432907	0.8330101195537262	0.8592607380151137	0.8592892568780202	0.7211976065378498	0.7365235108179342	0.8602824428594736	0.7357113864544687	0.7375979423972028	0.9923794945396326	0.8591930886193819	0.8835627885876796	0.7346916712982184	0.7301538559492338	0.7234628664508076	0.8606558409947379	0.9930248167165636	0.7219251691566508	0.8596553594902154	0.7452051832701718	0.9955563632215438	0.7485614554966461	0.7385994187457802	0.7421178505531996	0.7260723424067532	0.8600927592596769	0.9849556365874461	0.8573406889891987	0.8595744455070853	0.7581169326437517	0.8585786066081521	0.7487773366565547	0.8565388446809667	0.7148130290083262	0.8588375976771054	0.7234973543780434	0.8614998003679597	0.7222455089423216	0.858620721673142	0.8891170029460649	0.8647257480232449	0.725224735271997	0.7346087676269786	0.8594756243309674	0.9887367072253535	0.7484430690541155	0.7583304925008655	0.8594567222939247	0.8609761807804087	0.7247007840697611	0.8604897020375732	0.7270807826637149	0.8598586392920955	0.8534103917430597
scaffoldsARL071328	0.7540493172823421	0.8552711590605543	0.8711336723432977	0.7651221944150031	0.7593016740522246	0.9943026670588645	0.8693367056885289	1.0	0.9934410375861544	0.7531030604396391	0.7433777376783574	0.9927735733292748	0.9865142191043558	0.9876034552536194	0.7533282784404267	0.7355026149174849	0.7524997491890446	0.9269167587444301	0.8688562406201821	0.7488583836035836	0.7611580163617465	0.7526229366106875	0.8574721531591601	0.7634893639092931	0.9959808824041271	0.9901968746566279	0.30857937262454727	0.7403635701011502	0.8567661288506306	0.7515756729070252	0.7551713124135385	0.8198788327155763	0.9946698406480272	0.853586118927389	0.7611576751223514	0.49268962843807224	0.7571907671539337	0.7508177802104355	0.7480694381220367	0.8579256603152916	0.7443533411090417	0.8578812991939243	0.9956768381030638	0.8584736907838747	0.7384557006429633	0.7369412802073644	0.7414845415141611	0.7612279704377487	0.994584189559849	0.8668610138768412	0.9944886425292118	0.761033463982523	0.7522748724276521	0.9883200579833981	0.7463639236251636	0.9850765775326618	0.7521039114906907	0.7463970238464914	0.757618340116035	0.8578191936240102	0.7540322553125856	0.7375067138850993	0.9931243674274712	0.7438438706921086	0.9921299958300546	0.7574784319640306	0.8521208369646892	0.832645963445071	0.9944981972322755	0.7410091950367412	0.7504332034121209	0.8582651935134485	0.7492828854111286	0.7589164147751198	0.8699325096724306	0.9920730088510674	0.8885689579982078	0.7536841911295502	0.7563977267996453	0.7466713803201781	0.8589401650370211	0.8709514505062969	0.7400687392637555	0.9951922781619754	0.7527727407051508	0.8693271509854652	0.7527696695505945	0.7471965477492873	0.7582383720969912	0.737110193707955	0.8566105236864502	0.8638331967238289	0.9871666688278495	0.9894812956450346	0.7516166216344412	0.9875195103624167	0.7526406810592344	0.988708388415059	0.7246716765159731	0.8590561864313662	0.7467717047023471	0.9958450691248643	0.7413729562319527	0.8593527234657365	0.8251090089247751	0.8371243892667926	0.7419970830856504	0.7485137318144995	0.9890056079282196	0.8692087409153542	0.7524123919038906	0.7501178982110184	0.9904179977846739	0.996392075875262	0.7422987387109478	0.9951700976012918	0.7433207506993701	0.9949257701943768	0.8427367535985401
scaffoldsARL071286	0.7520157496420536	0.855982477670962	0.8727186882116316	0.765396468262085	0.7586663939455921	0.9951878366400764	0.8710830435671917	0.9951670416581442	1.0	0.7529075475557374	0.7431028840253631	0.9938760482716302	0.9865020113179246	0.9888555941910411	0.7522131315197382	0.7340018408672531	0.7498319356378265	0.9272254039680916	0.8702532896979615	0.7473788095725097	0.7607827094838754	0.7514041726324402	0.8569257516874617	0.7623266516670075	0.9946468262084953	0.9896672802890844	0.3079583418558669	0.7391586554851026	0.8569158655485103	0.7511638371855185	0.7548687529828868	0.8200204540805891	0.9944088770709757	0.8530790209313425	0.7603047658007772	0.4961917910956569	0.7564709892956978	0.7496962569032521	0.746257244153542	0.8571459739551374	0.7449297743233109	0.8581754960114543	0.9958723665371242	0.8582239040021817	0.7373600599986364	0.7347971637008249	0.7403981727688007	0.7609637280970887	0.9953112429262971	0.8671442694484216	0.9947126201677234	0.7594184223085839	0.7488634349219336	0.9881022022226768	0.7445271698370491	0.9844092179723188	0.7517334833299243	0.7449938637758233	0.756378945933047	0.8585368514351946	0.7510653166973478	0.7363053112429263	0.9920546123951728	0.7436046908024818	0.9934062862207678	0.7561505420331356	0.8528332310629304	0.8331656098725029	0.9932082225403968	0.7407107793004705	0.7479498193222881	0.8574388082089044	0.7470379082293584	0.7576743710370218	0.8709790686575305	0.9919891593372878	0.8894180814072408	0.7528652757891866	0.7562681529965228	0.7451002249948865	0.8578451626099407	0.8716908706620304	0.7381025431240199	0.9933551510192951	0.7509637280970887	0.8708952069271153	0.7498653439694553	0.7455461239517284	0.756426331219745	0.7345977364150815	0.8572230176586896	0.8648820481352697	0.9879545919410923	0.9886530987932093	0.7505277152791981	0.9877381195881911	0.7496014863298561	0.9872966523488103	0.7233602645394422	0.8587846867116656	0.745513738324129	0.9948677302788573	0.7397688688893435	0.8593471739278653	0.8256620304083998	0.8375206245312606	0.7408249812504262	0.7464113315606463	0.9877681189063885	0.8698254585123065	0.7499103429467512	0.7496979614099679	0.9899086384400354	0.9953460148632985	0.7402011317924593	0.9950593168337083	0.7444426263039476	0.9944961478148224	0.843593781959501
scaffoldsTV123	0.906465382375264	0.8670377729211179	0.865571842792392	0.9202447315180494	0.8903251764041995	0.8703522724675465	0.865555291968358	0.8710600172286197	0.8701875523616843	1.0	0.8924594445701081	0.8703223233573898	0.8711640509796905	0.8710332206563741	0.909848449621262	0.8797984582513345	0.9005587085313193	0.8465817425495678	0.8646662762773887	0.9000775524326164	0.9108391346598688	0.9089964762507498	0.866876599420406	0.9022480747845043	0.8706009288952955	0.8706493991656808	0.30853573283502217	0.8934312143812474	0.8674330223617396	0.893561256570086	0.8972193827488397	0.8518906163920937	0.8709114538795526	0.8760540313472607	0.9085239896313028	0.5646289975165882	0.8991617401694016	0.8923479235414981	0.8982510507802925	0.8666917818853596	0.8946871066716372	0.8681340679797512	0.8704823146563851	0.865866211019854	0.8037257481169497	0.8804285717663434	0.9179469254479954	0.909284933469628	0.8721697105733757	0.8665995701514558	0.8706876236878546	0.9202762568971619	0.8989848039791334	0.8702230184131858	0.8940254677775159	0.870329810634929	0.8799359877177123	0.8975314840020523	0.8989635243482325	0.8672190438510142	0.9073890759832569	0.897810483607197	0.8707171787307725	0.9011123730019805	0.8690810115548396	0.899085685192293	0.8565370632060207	0.8574146509470618	0.8700043110955936	0.9712870787716766	0.8977304879576993	0.8669439849182586	0.9000948913911283	0.8935194854427622	0.8654827835963995	0.8705796492643947	0.877850189822189	0.8964860236172377	0.8749904438694566	0.8822389166618722	0.8678637378538625	0.8662933799068268	0.8965498625099404	0.8701363236206268	0.8876210870108345	0.8656270122058387	0.9014993470305851	0.9036537126256778	0.9181691793707377	0.8816891928635999	0.8673073149125289	0.8612713870142235	0.8699719975820034	0.8699511120183414	0.8926994315186012	0.8700480525591121	0.9009642037201524	0.8705311789940093	0.8507025036667957	0.8688236856478347	0.8980110638317995	0.8702104082615408	0.9128610936626895	0.8687700925033437	0.8622096611100559	0.8637106632230445	0.9185187170116462	0.8992673501894282	0.8710233689754016	0.8649925639512018	0.9003971409633683	0.8938962137231552	0.8701465693688383	0.8710064240841286	0.9169357489129655	0.8705745263902889	0.8935695319821031	0.8704220223688327	0.8495203019500811
scaffoldsVV11	0.8927008778200848	0.8655704918591792	0.8677758468035636	0.9067359279758513	0.8868619607199402	0.8692290337635005	0.867941585452746	0.8703332972514743	0.8687175436739183	0.8979442459942197	1.0	0.8692904918750394	0.8697579700266808	0.8693487779550151	0.893538294152796	0.8764648342633333	0.8837894516469386	0.8596312592608453	0.8647616238105377	0.8857089272466806	0.905343802623508	0.8914859897313409	0.8731877291544989	0.8974470300466725	0.8693190401591091	0.8694974669345448	0.31647041703888473	0.9442654229130907	0.8740275245108826	0.9053882110653942	0.8959863095117728	0.8549683728627941	0.8684709182198718	0.8707718306151006	0.9057422890886476	0.5592688150043437	0.9015163500384411	0.9037427196919323	0.8847735744394525	0.874032679062173	0.9848515667655151	0.8747483686836426	0.8699883388189654	0.8734375266401089	0.8120047913536763	0.8770207327948016	0.8931596328849271	0.9056007371801353	0.8699693066295856	0.8704419393325173	0.8696283132365309	0.8945117113387837	0.8775349984120017	0.869090257382606	0.8806872047780312	0.8682143801671899	0.8683158851772155	0.8813798971706668	0.9024120524511279	0.8719879082156807	0.8926826386385958	0.9601588870610057	0.8706049024540818	0.9004489614173906	0.8693705856720128	0.900988603287097	0.8598996924318896	0.8548478356633887	0.8695759747157364	0.8980457510042453	0.8851161538482889	0.8741785925140848	0.8877862114166967	0.8795861133216206	0.8674372324341814	0.8699776332124393	0.8746904791076123	0.8760167848050172	0.8840313190536403	0.8881505985425308	0.8749747724364731	0.8681319073465441	0.9433530673346965	0.868879713787592	0.9026844506616263	0.8681505430319785	0.8804485094028928	0.8814817986846378	0.8956679168436066	0.8784469574864505	0.8745814405226239	0.8622882321990545	0.8692528240002252	0.8690173006566502	0.9048259684707992	0.869171937195361	0.8831475117593157	0.8688610781021576	0.8641081853084979	0.8753034742072201	0.8851811804953366	0.8700287822213975	0.8901021909618512	0.8745160173716309	0.8571963285320671	0.8626050388514391	0.8928400507049246	0.8864622847429643	0.8699724786611489	0.8671041691200349	0.8799901508419959	0.905185201045343	0.869587076826208	0.8702524104466102	0.8931374286639839	0.8695652691092103	0.992102830919219	0.8692385498581904	0.8513494813530142
scaffoldsARL071166	0.7543212210601896	0.8551175201497727	0.8725880505312414	0.76538798337102	0.7595118052517382	0.9945039869556285	0.8712322194337383	0.9940661487230343	0.9934320852497999	0.7530902915941202	0.7440513038570034	1.0	0.9851223728852891	0.9874613777537227	0.7528537975214875	0.7356262451771248	0.7506355991490309	0.9270577885039992	0.8695371746158933	0.7479259845217531	0.7624268591744343	0.7520903960200743	0.8560774881531144	0.7633308603265324	0.9939265728562137	0.9894345505213449	0.30805281086685143	0.739386603310371	0.8556939104653234	0.7512078943291247	0.756076669126023	0.8197126852963479	0.992840338176286	0.8522352273107314	0.76166721154719	0.49508890880338097	0.7569793052329689	0.7494278754505502	0.7474946302536322	0.8566965361296738	0.7460746420339719	0.8575551495304586	0.994933634917309	0.8571353981461322	0.7384218576489964	0.7370240514130606	0.7413990211261213	0.7620780901380265	0.9943818154144993	0.8665002904133562	0.9946981646285405	0.7617078216404704	0.7496527666393885	0.987759640119496	0.7455931223565048	0.9840685580277282	0.7512614723513517	0.7440427723248015	0.7569148068495236	0.8572886244644757	0.7536977366868852	0.7377891592209141	0.991232656248187	0.7441001042211973	0.9938917642048305	0.756566720335692	0.8521024766696721	0.8332488142876546	0.9914872371690875	0.7411512654309823	0.7489033568507862	0.8568344056900542	0.7476137304431687	0.7577171121377767	0.8707896035431112	0.9909333700985494	0.8869961021135676	0.7539888325656092	0.75536275051138	0.7455207749634338	0.8571118511172553	0.8716499232503363	0.738507514232302	0.9932362012704475	0.7514065083987815	0.8706401310989365	0.7506209249136438	0.7454982517184212	0.7580276599099207	0.7370052820422167	0.8561668986105888	0.8647547389248768	0.988040839420866	0.9879934041018241	0.7507212557323365	0.9868962490606783	0.7503591775056939	0.9875524945176374	0.7236940442397484	0.8577735567548236	0.7454648081121903	0.9937405854542154	0.7406673569244987	0.8576111163817021	0.8241016467222194	0.8365382318433638	0.7418269627813614	0.7471281156302447	0.9870436739371247	0.8705097692868936	0.7505472124754207	0.7498721976476177	0.9891601764457364	0.9946353725515356	0.741440996264554	0.9938238532085045	0.7448781799579975	0.9943364276631861	0.8424420521269792
scaffoldsARL08391	0.7522216940949256	0.8543945069901312	0.8693226647822659	0.7639378052085045	0.76002833435219	0.9888859767851035	0.8689338021099047	0.990547698380616	0.9888036253755788	0.7527923449410094	0.7424666399907329	0.987826684795367	1.0	0.98723894859461	0.7511347238306185	0.7346347134085521	0.7516503598346548	0.926769094506956	0.8697573162051514	0.7510154680549999	0.7621581946657473	0.7503214609481756	0.8557702197484147	0.7640662870756467	0.9888439468126075	0.9888914440985989	0.3094502855475327	0.7396653252385201	0.8543292409352796	0.7510810758169447	0.756285958264579	0.8205456857258354	0.9885094155681068	0.8561515648647199	0.7614471022042499	0.4970748164264067	0.7579528054664934	0.7505934597945725	0.7495287004913407	0.8550150470718607	0.7426491115786423	0.8565974926216896	0.9901646447288435	0.857461328153965	0.7382376730020301	0.7362776411139241	0.7400189920802547	0.7618315226843962	0.9897358023265469	0.8657576346761625	0.9883648734675718	0.7583498691090979	0.7513602505123044	0.9879192874176955	0.7479185766669412	0.9925952072846485	0.7516373749651032	0.7448579062307896	0.7578810469768661	0.8552559505727524	0.7521205487952604	0.7355398954991367	0.9938964278965571	0.7445326010778125	0.9917706680681213	0.7574723652930839	0.8532173260531498	0.8335565250165472	0.9886498571835203	0.7408626668940158	0.7518919467497334	0.8561443890157572	0.7512300601096948	0.758666289877645	0.8683173625132967	0.9892533119105766	0.8907798200092056	0.7516735959170103	0.7536811250911076	0.7462134582705588	0.8572323844013445	0.8691647961050859	0.7388107157977681	0.9893219950363628	0.75189160504264	0.8681430918956303	0.7515885108507379	0.7443573053388658	0.7586372447747005	0.7359164567161334	0.8551394284538814	0.8616414310283026	0.9872427073726381	0.9878574384337787	0.7511401911441139	0.9879227044886302	0.7515498979491765	0.9869529397573811	0.7269668062312339	0.8575330866435923	0.745768897341963	0.9933756662861188	0.7398765002222805	0.8573120021541215	0.8259870294821463	0.8371454746191931	0.7404710705649068	0.7508552074281655	0.9946864546966444	0.8676479583172019	0.7511569347916937	0.7493602388942632	0.9891241466292474	0.9898574500518199	0.7407157328438265	0.9893845274344666	0.7422171938125046	0.988721957380241	0.8480760011248998
scaffoldsARL0867	0.7537358890990717	0.856820839600954	0.8715266164482637	0.7646597412234236	0.7597712533407855	0.992348008135067	0.8699523518481381	0.991812662512585	0.991120847014483	0.7539026080931822	0.7455365943067513	0.9896719632972234	0.9871472637757548	1.0	0.7529559311819523	0.7367985375191188	0.7513522857754876	0.930497311143764	0.8702171207424735	0.748447343958025	0.7619485077454297	0.7528896535490477	0.8588293251877894	0.7636262884423082	0.990787409026262	0.9937326640431201	0.30817220295577746	0.7407321491957346	0.8587644141040169	0.7520857810221172	0.756019392698733	0.820789721910668	0.9906162487474723	0.8541499193223556	0.7619464579217315	0.49772486651377257	0.759217800942304	0.7508336803798733	0.7474941759384178	0.8592977099028007	0.7458368934785201	0.8600886002129767	0.9922130614082767	0.8591928272569157	0.7375211003726921	0.7380349228463442	0.7418206055794151	0.7625084512522885	0.9929243502315105	0.8670484349425247	0.9905489462027187	0.7606547273546581	0.7514004566323925	0.9920097872248838	0.745682131789315	0.9864715052299543	0.753844871392353	0.7466745880964688	0.7601532038231945	0.85889286972243	0.7540597612433684	0.7397806893625424	0.9882910653992835	0.7453032560424532	0.9890440339710449	0.759323708500038	0.8541468445868085	0.8324713255287435	0.9921095453115236	0.7409231244369391	0.750826847634213	0.8594292402567609	0.7485908316168907	0.7585741563011068	0.8704391849764321	0.9909872668368248	0.8890980468254893	0.754637811526227	0.7560388660238647	0.7470428730875572	0.8599013829818853	0.8716571218903747	0.7403867539026081	0.9909698433353912	0.752515560724148	0.8710428580555167	0.7518281865107251	0.7473032006972133	0.7587504411391417	0.7385490869572793	0.8594962011642315	0.8629805598136847	0.9920808477797506	0.9927132183906082	0.7528961446574249	0.9901318070801594	0.7509570114390411	0.991503480771458	0.7230011742073417	0.8606768996143257	0.7464299758018312	0.9921840222392205	0.7416743848222854	0.8605187215522905	0.8270816557519248	0.836579172219696	0.7423118799923883	0.7477589448327532	0.9901758782896681	0.8690719525698127	0.7520307774195522	0.751031488366738	0.9936735607931588	0.9908728183470153	0.7420337872440155	0.991708121503983	0.7448010492364235	0.9905704693515486	0.8440292564503681
scaffoldsTV125	0.9083220070571261	0.8715094611257215	0.8738855003702275	0.9127155578417425	0.8917222536639032	0.8747409696825958	0.8730363766809457	0.8759276011997987	0.8751260696836667	0.9140318780307787	0.8937782355439765	0.875588506966106	0.875316438376266	0.8748817631948309	1.0	0.8869578805301609	0.9245866322310854	0.859205297960715	0.871872748047432	0.8897325042247969	0.9093190630846153	0.9954414630151307	0.8677310391790667	0.9039260766638522	0.8751780244726887	0.8755718497055036	0.3244283089350736	0.8866402027743857	0.8680701334127594	0.913748704600537	0.9027346859293344	0.8506125310985106	0.8749801203526739	0.8685571599846594	0.9089018383666684	0.5714523108577974	0.8972707078502893	0.9119298903833272	0.888466155817568	0.8681212949988955	0.8934756286430321	0.8695193150851721	0.876108848059211	0.8678837307345891	0.8188618093830349	0.8892629281163851	0.9049393933505009	0.909395607163098	0.8760366665966004	0.8743074843054894	0.8753596679335439	0.9205539887595219	0.9208609582763384	0.8745851053155301	0.8844394613676484	0.8755635210752024	0.8838984969995117	0.9140132377629616	0.8979227206224422	0.8682930234236779	0.907338435478696	0.8832532264518885	0.876605393065741	0.8903309758021561	0.8754639741130306	0.8983058376162985	0.8608626953906584	0.8564996829171464	0.8751930953275194	0.9044630750175595	0.8879454181230202	0.8683418054011565	0.8892906902173892	0.8951603915725366	0.8734647062392943	0.8759061847218813	0.8756717932691183	0.8923480907408238	0.8926994796192468	0.886643772187372	0.8697259444369311	0.8740699200411831	0.8871272293462859	0.8745212524832208	0.8920355688038064	0.872622721375985	0.9240266309936889	0.9002491846865838	0.9159823639270365	0.8891717097845145	0.8676513222890407	0.8673019164178323	0.8744863515562442	0.8744470880133957	0.9123978800859673	0.8748559841010414	0.9245263488117622	0.8741294102576204	0.8521703815662822	0.8703482121008652	0.8901826468625058	0.8752256166458385	0.899634055848622	0.8702149540160456	0.867584693246631	0.8636313700636505	0.904821602721955	0.8886374876409076	0.8757447679346148	0.8731918444465685	0.922728157869584	0.9146478000716263	0.8756059574295944	0.8763269788528144	0.9037614870650422	0.8757828416731346	0.8929406132965393	0.8752894694781479	0.8542104993886389
scaffolds128VP	0.9168804484667095	0.8587959333950925	0.8554609373144255	0.9014165023713944	0.8901169465624679	0.8556671971622446	0.8551058219910211	0.8556711560844675	0.8559510518856347	0.8894997505879	0.8754115299650823	0.8564811515712962	0.8555448664655534	0.8559720341734166	0.8905167977069922	1.0	0.8922892071862356	0.8409784080381957	0.8542910757975248	0.8775156971266143	0.8960299927947616	0.8899364197090984	0.8557329152711466	0.8888512791277703	0.8556066256522324	0.8566430714902175	0.3236395163780612	0.8869597060896142	0.8554454975177558	0.8800743485593482	0.8841845016112814	0.8480632952485015	0.8558869173456218	0.8576331979381933	0.894491159726676	0.5613169750667079	0.8775996262777421	0.8794397333269991	0.875734182126258	0.8559870780778641	0.8788953815213346	0.8564174129235057	0.8562487628368053	0.8548120699620735	0.8042016041552847	0.9909942437270878	0.892917488143028	0.8956558746446868	0.856993040214732	0.8524727428204946	0.8560452742345424	0.9226965011045393	0.8897942944012922	0.8558374308178341	0.8741652612492775	0.8557875483978242	0.8840914669390405	0.8893061592911946	0.8775715179299588	0.8568441847391466	0.9173578944868049	0.8792655407491864	0.8560377522823187	0.8885017062954781	0.855740041331148	0.8766894700586713	0.8418002802916934	0.8422250726462228	0.8553496915999588	0.8815098537574131	0.8780291693389392	0.855938383334521	0.8769947029620656	0.8968019826282493	0.8553544423066265	0.8554672715899824	0.863782591827201	0.9021623633182102	0.8857284812782568	0.8839564676912357	0.8557352906244804	0.8554771688955399	0.8887772472821999	0.854760208080952	0.866047095338765	0.854925691029874	0.89225555634734	0.8826527946031972	0.910703738014363	0.9939353270465648	0.8550527724332327	0.8479480906118119	0.8558793953933981	0.8559466970711893	0.880564067238335	0.856496591367966	0.8921292667284259	0.8551794579443692	0.8358698148016184	0.8563093343468174	0.8803554320371823	0.855578517304449	0.8876794381497581	0.8570528199402995	0.8526928588960941	0.857020752670293	0.8932987323531042	0.8774887764554977	0.8547847533987347	0.8555120074111024	0.8926985597440953	0.8795450406581312	0.8564261225523964	0.8564585857146251	0.8919883290972865	0.8560634852767682	0.8765952477097635	0.8558219910211644	0.8379062843931369
scaffolds118A	0.8613389073266047	0.8326300134306004	0.8401510745418971	0.8691224227196046	0.8537303614547401	0.8349808378336671	0.8394196568870219	0.8343455407740937	0.8340477922113031	0.8589280075514742	0.8306189903507688	0.8344630632206933	0.8337763266237904	0.8338686925083383	0.8735289512604751	0.8424035255232095	1.0	0.8126898710294403	0.83761589384081	0.846906174659382	0.8730025408127672	0.8721892704634552	0.8326281360752233	0.8774300957338601	0.8341318977321922	0.8350281471891672	0.3141221054465459	0.8344777065926338	0.8332041087048838	0.8724648662327973	0.864747058277992	0.8065561755417391	0.8345869686755746	0.8352327789252592	0.8732056706645576	0.5419943746923483	0.8530383682627817	0.8714657377011633	0.8390618329521676	0.8337387795162505	0.8315002209647279	0.8343620615014112	0.8349470454368813	0.8336381532680439	0.7708090763373998	0.8430196735579376	0.8486937924493517	0.8734403400866813	0.8349271454698851	0.8363231469282149	0.8345385329068482	0.8701831285076038	0.9693623111896763	0.8346966062295909	0.8437413289648525	0.8321618009995791	0.8496193286502077	0.8689234230496437	0.8531352398002344	0.8327118661250371	0.861023136152195	0.8262627749340016	0.8341273920792874	0.8504716479913612	0.8341604335339226	0.8527684045595706	0.81852018588822	0.8235237134389733	0.8338206322106874	0.8457726274827555	0.8452064171010554	0.8332547973000626	0.8459892742932602	0.8594285104949798	0.839755703499503	0.8341176298313271	0.843765359113678	0.8527699064438722	0.8349380341310717	0.8420629732578236	0.8330527938614984	0.8402761064100046	0.8351591865944811	0.8342625616664308	0.852047124623731	0.8394241625399267	0.9817374623637181	0.86929739224074	0.873938214732659	0.8441126698584211	0.833257050126515	0.834105239285839	0.8336576777639646	0.8348753304614802	0.8716583543628424	0.8345141272869474	0.9771503322355811	0.8334504177303449	0.8145833716626723	0.8343064917822524	0.8605271388615943	0.8342993578318197	0.8437142950474239	0.83506381694133	0.8248622678227672	0.8259822980406792	0.8495941720881561	0.8453059169360359	0.8342850899309546	0.8394917473334983	0.9805783831539645	0.8741113068984174	0.8345862177334238	0.8350660697677824	0.84816850841487	0.8348588097341627	0.8293735527936738	0.834473200939729	0.8144042719597074
scaffoldsARL08477	0.7863520047361346	0.8794899019522321	0.8955232651297346	0.7907530767902761	0.7855906316804919	0.9885794041653603	0.8933822227786321	0.9885520297745773	0.9879399383966709	0.7793981794935154	0.7822903751277015	0.9882717160129602	0.9852576130918207	0.9892323746335026	0.7834787886795579	0.7682100834845921	0.7773768544781036	1.0	0.893578588408515	0.7772005634014615	0.7942715984855757	0.7827436950390669	0.8839216333240504	0.7900033834747008	0.9879808174869068	0.9907908899487442	0.3167023567890497	0.7764366354026792	0.8836562842293945	0.7880364422489777	0.7929952218913368	0.8738536973859646	0.9883421594452415	0.8749446581066338	0.793671916831491	0.5193173775917617	0.7858249564655938	0.7860629311694668	0.7762753089929983	0.8843800631216953	0.7824119174227777	0.8843698433491363	0.9892502592354807	0.883830750346651	0.7640710755982125	0.7689831362803021	0.7786316965515933	0.7940095343178137	0.9887925594215901	0.8911072284086318	0.9875910061621579	0.7878977453356776	0.7766946846597929	0.9891462365505056	0.7735750990861698	0.9844484261002772	0.7792846670197354	0.7803800076429299	0.7867509408578112	0.8831701150490896	0.785649395372706	0.7752967657704778	0.9872267442688063	0.7823235893885182	0.9869756298573575	0.7859742381433301	0.879030742170833	0.8684229832465078	0.9877172933516365	0.7782148758279385	0.7782196207223409	0.8849472604987176	0.7769527339169067	0.783593031137092	0.8940147537016564	0.9868770820505389	0.9087180864789854	0.7803865774967178	0.7914023973396472	0.7833725760433201	0.8843209344376041	0.8950137364692948	0.7766622003827305	0.988602763645495	0.7854015658881511	0.8944808483287204	0.7768315566137075	0.7720392132673087	0.7846398278406314	0.7689032030592159	0.8834551737051092	0.886791199461856	0.9898769502884713	0.9886841568340896	0.7869761408459854	0.9869413206209096	0.7770684363419492	0.9892776336262636	0.7721147665858696	0.88482462322801	0.772799126355443	0.9878388356467127	0.7780860336953201	0.8849720799463608	0.8708822985144465	0.874972762481171	0.779135020350122	0.7763048733350439	0.9876504998381261	0.8931427881072507	0.7764720396147584	0.7863366750772962	0.9904492575517732	0.9888093490479369	0.7791262605450716	0.9878833646557196	0.7817651518165464	0.9881625834417055	0.8679229443748729
scaffoldsARL091374	0.7349477430076242	0.9579551548198016	0.9884303257799393	0.7511365265359866	0.749629343024614	0.8599795989338883	0.9878758335634039	0.8598515115637012	0.8592482399600739	0.7290086037547518	0.7262022957504194	0.8587441862934568	0.8602234958693482	0.8583410097266762	0.728937591585788	0.722956641429694	0.7471983376515812	0.826788710259732	1.0	0.735062225242636	0.7429133837364877	0.7284385154076497	0.858037382929471	0.7531082756387113	0.8592678180814237	0.8588005978295495	0.3095211390617368	0.7212735866587381	0.8590571044024891	0.7583741266166882	0.7402106074925139	0.8416375538896086	0.8600048182088474	0.8594012147726549	0.7422546960944635	0.48639254199672943	0.7408142109287065	0.7563190875400854	0.7268377551128762	0.8586509413426211	0.7280472848132181	0.8594005511075243	0.8605234725083356	0.8598379064285259	0.7240978136215941	0.7236982872130312	0.72301073013783	0.7429498853186655	0.8603738160214072	0.9300241441374477	0.8597300608448192	0.7425715961942787	0.7469219211247266	0.8585238494701297	0.7330722253488224	0.8589157437296918	0.7413461385308047	0.7332019718818358	0.7415644843587402	0.8530293658546945	0.7347204377004268	0.7217275336080022	0.8617834407585958	0.7310414100494829	0.862259952322297	0.7393634389534266	0.8342449880009345	0.8575525755516384	0.8590826555100134	0.718264528957037	0.7367847680888568	0.8591559905069339	0.7355115265359866	0.7360597139337821	0.9886271024911334	0.8587956203410708	0.8799791476415996	0.7339797874147854	0.730539015545692	0.7236830229150296	0.8586605644870134	0.989485221504874	0.721624333680209	0.8597493071336038	0.7451233886210631	0.988605533374392	0.7466607688958736	0.7362332623654088	0.7396617564295878	0.7242205916707372	0.8579554202858538	0.9817492089111645	0.8577556570815724	0.858301189818846	0.7576507316244399	0.8575880816361203	0.7465273722046425	0.856023159258394	0.713378626266273	0.8573445165332257	0.7248202131161467	0.8631399722853441	0.7205641286342302	0.857503132499416	0.8847651687302228	0.8625214363837153	0.7234487491239621	0.7345419117803216	0.8616424119183639	0.9872008861256822	0.7467646324887973	0.7580748136428314	0.8583655653365048	0.8600917583409433	0.7236156609042835	0.8593136109754285	0.725955080489307	0.8586768242827107	0.8503846603096396
scaffoldsTV20	0.890538372494466	0.85811190799412	0.8668319708560565	0.9130969657867974	0.8888914491207296	0.8636634886812584	0.8656638542302928	0.8647558398020412	0.8637201175380741	0.8977970203067175	0.878619365038203	0.8648831570939164	0.8638513402683505	0.8635584323882693	0.8812918565360636	0.8631413315670338	0.884086197712038	0.8440503770310233	0.8635217212672991	1.0	0.9005206730476323	0.8804303168247849	0.8621114674606684	0.9006913407057596	0.8636224815780471	0.8645699409341496	0.30985513947882704	0.8782358509872167	0.8628449087923916	0.8779132617752873	0.8867907138047875	0.8378188595182564	0.8634260380264727	0.8657380575599133	0.8996446832142695	0.5685213072908286	0.8895952091206046	0.8764096679908706	0.9806423040211956	0.8635650716335511	0.8800456311422783	0.8641090992028219	0.864592983020716	0.8627043130099527	0.8034486583256917	0.8636388844193316	0.8889996297644396	0.8995142415716734	0.8651334956954257	0.8669835018660185	0.864448872343716	0.8995829772875324	0.881874157401665	0.8640259133648789	0.98343703574101	0.8639122651074074	0.8756707590453858	0.8878119859466704	0.8906711574001028	0.8640087294359141	0.8899705217509486	0.8757133283239577	0.8643219455956809	0.8915358214621024	0.8638575889697923	0.8885114499643043	0.8502229224239338	0.8434731532353433	0.8640446594692041	0.8816535001320038	0.9858642657072827	0.8626320623995326	0.9917782710780416	0.8858237272566795	0.8657689105232819	0.8642860155623909	0.8652752631093851	0.8765842410873991	0.8686964271487332	0.8954846102294367	0.8629116917890501	0.8663703480370486	0.8803705636172483	0.8630120615559579	0.8820666955148383	0.8656165984256396	0.8862736337604842	0.8950003358677024	0.8927605669446818	0.8649788403347429	0.8631331301463915	0.8615170597360237	0.8634588437090417	0.8634213515003913	0.8780034774023523	0.863622091034207	0.8838284387775666	0.8634588437090417	0.9328225540629838	0.865588869812992	0.9457643958364902	0.8636986376268682	0.8826146285225102	0.8651733311671168	0.8488591433342758	0.8512891071074292	0.8895233490540247	0.993443550012263	0.8638700863726757	0.8666007689027124	0.8849922594210891	0.8798362996439802	0.8643160874380793	0.8645168269718949	0.8876417088323832	0.8643379578931253	0.8801432671023053	0.86330809378676	0.8439203259322672
scaffoldsTV71	0.878150408987767	0.8348212053248308	0.8393583281790785	0.8823453770564537	0.859558996320896	0.8428915463328339	0.8392895212276965	0.8431739180294893	0.8423113871744594	0.8804044946355017	0.8620992136079846	0.8430276562585186	0.8428701146594526	0.8426591818740682	0.8722405310543068	0.8537183013330877	0.8750973355166067	0.8258345662812099	0.8375565636379702	0.871636684256932	1.0	0.8707711454477434	0.8340101856847701	0.8714682388240403	0.842696781301053	0.84317203805814	0.30294572710711887	0.8722717385787041	0.8346493759435106	0.8775860415887262	0.977246706760189	0.8111598859233385	0.8419229850937072	0.8393500563051419	0.9946620093509775	0.5427093771090928	0.87210930905413	0.8763441325154204	0.86597721850719	0.8344876984074763	0.8634388811914506	0.8358687253606255	0.8432923562244912	0.8334341624633641	0.798088821126366	0.8551493355241266	0.870806488909109	0.9972514818874161	0.8441627829591877	0.8394711264600327	0.8429934407799625	0.890412334116028	0.8720104225611601	0.8423835780742701	0.8648044923795362	0.8409156964447861	0.8510024947219804	0.8728221941897606	0.8728195622298717	0.8344034756910305	0.8782173359677998	0.8639460974614747	0.8432006136226484	0.8746111749256942	0.8429558413529777	0.8714971903828186	0.8267982395948286	0.8176296193246015	0.8430889433245037	0.8712542980844972	0.86861218635028	0.8348858763392446	0.8703161923812281	0.9248372414804399	0.8388763035251343	0.8429972007226609	0.8421384298103297	0.8621635086281285	0.8460247065834716	0.8673943409102445	0.8360307788909297	0.8395305335546687	0.8716348042855827	0.8423207870312056	0.8587773042338834	0.8393139608552366	0.8766531998052349	0.868063234716303	0.8722514348881323	0.8559220037486629	0.8354532516924442	0.8332168377753923	0.8422955954151259	0.8426467740631632	0.8768333010604918	0.8421741492659652	0.8750785358031143	0.842290331495348	0.8285150294309515	0.8361172575729946	0.8629297849500773	0.8426997892552117	0.8662693660548614	0.8364150450347136	0.8240794250295626	0.827885615023227	0.8714671108412307	0.8709219191499522	0.8434442579095095	0.8383593114040943	0.8760031057126689	0.8760125055694151	0.8424520090313824	0.8435675840300194	0.8720194464236365	0.8429975767169309	0.8626695969153431	0.8427603243326571	0.8220208564021484
scaffoldsTV98	0.9054272577674232	0.8703810024596642	0.8733007648241095	0.9105528780288475	0.889340056098716	0.8730532937802014	0.872365522254972	0.8750227673360396	0.8734302416742822	0.9138175160400832	0.8923706854908321	0.8739331028355034	0.8737470046104845	0.8740891085815831	0.9958765384779857	0.8847169010448426	0.9219337743729282	0.8582355195783252	0.8724732216532808	0.8888942122660112	0.9083331617534096	1.0	0.864546625128487	0.902686070508262	0.874519510221148	0.8739588398240699	0.32698368829260027	0.884783421261445	0.8657871479773894	0.9107825311575943	0.9018779290672757	0.8484352702858944	0.8738701462019332	0.8690656443670839	0.9084384854296969	0.5726578944450867	0.8976459762396122	0.9092173262990844	0.8867022127474908	0.8655816480225281	0.8907302494349741	0.8662409108834993	0.874580487086367	0.8647303476314844	0.8197424875710143	0.8859471290983184	0.9039994488324911	0.9087845489374979	0.8750104927722617	0.8733098717585253	0.8745321807385962	0.9199639048634197	0.9193893760878827	0.8734060885003967	0.8830337019925972	0.8743369755791615	0.8818090172905049	0.9131408312176209	0.8979413576776208	0.8650261250231633	0.9057380813985717	0.8818379219084334	0.8745864263914208	0.8915043388603187	0.8738032300316605	0.8969989879424188	0.85968312619677	0.8561504275507731	0.873844805167037	0.9036997119041095	0.8872434814147266	0.8657590352668015	0.8893646052262717	0.8928375148680603	0.8731704960665962	0.8745543541441303	0.8738748976459763	0.8922210150034765	0.8917613127923127	0.8852878662373473	0.8667176391024839	0.873815108641768	0.8858259672752211	0.8732164266923456	0.8916298561737889	0.8724886638464207	0.9224817742525583	0.899932608685323	0.9152615590754957	0.8866919179520643	0.8654129717590004	0.8663652403359587	0.8734140075738018	0.8728889730070464	0.910262248034882	0.8730829903054703	0.9222703349926432	0.8731035798963235	0.8513344430594865	0.8673634395386665	0.8896880993748684	0.8742657039185159	0.9004065652286157	0.8669904511812881	0.8659997750983153	0.8622390071382527	0.9045312146116408	0.8883715534212773	0.8745393079046607	0.8725900279860054	0.9211881936118419	0.9116730309619931	0.873707013289789	0.8746683888011632	0.9040437956435593	0.8738467849353883	0.8900753420643758	0.8736468283319105	0.8531791912091949
scaffoldsARL08804	0.7227630379134223	0.8448218368511947	0.8486043588844839	0.7454053800605085	0.7472894275295862	0.8301071834801892	0.8480859671252406	0.8309075593715951	0.8290940079355581	0.7256350135106467	0.7184575336815291	0.8293032008149998	0.8264236837816826	0.8296133833603787	0.7186965644168158	0.7077224633478009	0.7310369769727167	0.7996824071739387	0.8468416301699413	0.7281364750737503	0.722334815498766	0.7177204402755969	1.0	0.7515175500693976	0.8303622807532386	0.8290303975615586	0.28184182854249945	0.7164016726249477	0.9921129694011149	0.7322177035540165	0.718671972777383	0.8011959406088955	0.8297074873672748	0.829702896927914	0.7222767792297046	0.48225221382135386	0.7299605189426119	0.731715378332536	0.7218751157856357	0.9922362554868046	0.7191159338412764	0.9949272366178036	0.8310718315230061	0.9908502706883725	0.7171253226013233	0.7091468111037482	0.712465370873072	0.7219420050448928	0.8309721534111719	0.8315695663051258	0.8294196012416483	0.7350945974791274	0.7321485190750789	0.8288018592590966	0.7240985278788858	0.8273047202504281	0.7281620503787605	0.7152917699652143	0.7304041521179795	0.9866739545356328	0.7228889471073182	0.715883936642756	0.8288080891410862	0.7154819453101612	0.8286070934747888	0.7300500325101473	0.8682343891453159	0.8160342079541166	0.8304770417372583	0.7130004849471296	0.7282856643529759	0.9928730150038511	0.7285794524720663	0.721557391804164	0.8479656320362828	0.8300471798799731	0.837874534767168	0.7272462577262833	0.7161534610109394	0.7144297510309635	0.9929199030630362	0.849590319681476	0.7158770509837148	0.8296091208095436	0.7277774371380316	0.8493948981201167	0.7297959189026751	0.7177702793315139	0.7334853205946456	0.7092700971894379	0.9930471238110352	0.8423702143440082	0.8284549531988312	0.8289740007351261	0.7324587016204579	0.8290946637126096	0.7308058155620485	0.8291595856407122	0.7031648128395901	0.9902722032174389	0.7236555504805698	0.8306921366101638	0.7118741878611077	0.9909525719084129	0.8180553128269663	0.8227251012109907	0.7124548784402474	0.7282033643330075	0.8267286201106493	0.8466071898740154	0.729287363799205	0.7306002294563904	0.8300940679391583	0.8309839573980996	0.7122702772002386	0.8304980266029076	0.7183676922254679	0.8294930482714209	0.7997348693380619
scaffoldsTV21	0.8573647896052211	0.8377553050139962	0.8319471726656253	0.9454728238302337	0.969657694312216	0.8313852506775846	0.8318004876905006	0.8326324433827481	0.8313041294413414	0.8532861323802268	0.8373108050893759	0.8313578398488997	0.8335132940667039	0.8320705213947074	0.8455873936858045	0.8306158953913877	0.8635629706374462	0.8117379835927669	0.8309422324193797	0.8492771134767562	0.8540921589102047	0.8439134810530055	0.841736542672178	1.0	0.8320253305690377	0.8319831030761987	0.30453245460637124	0.838069788710665	0.842305132159088	0.8527749574669135	0.8455918386850507	0.817523520528303	0.8317930793584236	0.8321797942928432	0.8539521414339494	0.5459014699242091	0.8390595418761527	0.8506528407434557	0.8516640780719668	0.8420250972065773	0.8400078083820092	0.8422043788428407	0.8323712996770337	0.8418521126525792	0.7790690912161999	0.8302036217113025	0.8330154541511292	0.8542418072181602	0.8330436058130218	0.8292075714635493	0.8323183301026832	0.864379368832332	0.8590768551482166	0.8310511349009118	0.8501116620852306	0.8339059356667851	0.8457818624028258	0.8453158783151823	0.8400015112997438	0.8420443588699775	0.8570503059085522	0.8390154623002946	0.8344593380729373	0.8454696012057801	0.8349705129862505	0.8384672457265963	0.8326198492182172	0.8229149341973424	0.8319319855848675	0.8368818626621175	0.853752857301078	0.8424858954617669	0.8499738671085983	0.8460167065296669	0.831648616882922	0.8322583226128595	0.8374167442380771	0.8317619643637002	0.8308840770125753	0.8508039707178267	0.8423062434088996	0.8332125157843775	0.8413546431536084	0.831500450241382	0.8365240402227981	0.832356112596276	0.8645227200580221	0.8447906275709227	0.8574147958467409	0.8318553093478704	0.8408049449134948	0.827247697212578	0.8319138351712788	0.8313556173492765	0.8528119991272984	0.8313630256813536	0.8627591666070913	0.8315708293961135	0.8156114300192283	0.8430352232852767	0.8637029881137016	0.835337595840666	0.8294298214258594	0.8434756486272545	0.8359024811615375	0.8274921721711191	0.8337470269437334	0.8490107839385879	0.8338099977663879	0.831218563205852	0.8642723184338194	0.8536343239878459	0.8318219718535239	0.832469460077054	0.8329335920816784	0.8318382701840934	0.8388476635787504	0.8314545185825045	0.8266209523188635
scaffoldsARL071198	0.7539331787447782	0.8539642691804465	0.8699703890872571	0.7655753878293217	0.7594561628266115	0.9947899656982496	0.8678738301030416	0.9964344861112342	0.9931232865317733	0.7528347863793893	0.7430058451382672	0.993204080756043	0.9853349960352876	0.9873708741253259	0.7532912567013184	0.7359668614137012	0.7531893264352566	0.9261551017291327	0.8677811042422763	0.7485267837967012	0.760980685066841	0.7528906946189683	0.856862634137162	0.763928481089038	1.0	0.9890542575828959	0.30826473778694735	0.7392453342187744	0.8562895746814765	0.7507232276235793	0.7550687296352533	0.8197266087084583	0.994545537602041	0.8531805311146399	0.7610757972549055	0.49423736047655636	0.7571577887336716	0.7496323351439875	0.747864748423149	0.8575212604717155	0.7443377566750689	0.8572192196164286	0.9951956413390978	0.8576743263227583	0.7389910199094696	0.7370321861008026	0.7412014407962424	0.7611450007465795	0.9940822492021144	0.8652710288275156	0.9946737174683931	0.7610573884443124	0.7526871749907444	0.987765981745278	0.7461172750324029	0.9841333097882373	0.7520132079806967	0.7477028190707096	0.7574717612254541	0.8573395586930835	0.7541854476306838	0.7369885504016189	0.9919400090953161	0.7432376597901804	0.9924990914911068	0.7573282406836078	0.8520766842868529	0.832928794038818	0.9942083836450673	0.7407759927292016	0.7505115263017585	0.8575072834118208	0.7492716588179226	0.7579411858955785	0.8687424532399166	0.9918823963362376	0.8870449018162678	0.7529053534866628	0.7568049531973036	0.7461015934530087	0.8581113651223947	0.8698650497821965	0.7385740944399256	0.9946270136341105	0.7523547936883689	0.8683596181603598	0.7528371727066884	0.7468856724227154	0.7575982365723067	0.7376754717598618	0.8560083289640816	0.8627875439169449	0.9874189415752078	0.9892202777821337	0.750857884664029	0.9876398473023251	0.7527512649239205	0.9877888223065694	0.7247777136120882	0.8586227209722034	0.7462798861926421	0.9964863035040148	0.7409999665914178	0.8588896487258035	0.8253845907346411	0.8367810081073765	0.7417114330304516	0.7483283777269755	0.9889536909324336	0.8679525789039122	0.7527550148668191	0.7491970008638504	0.9891674376776536	0.9968643659289733	0.7419732472255536	0.9941289530363969	0.7428759607524158	0.9957908595482751	0.8424297857282628
scaffoldsARL0843	0.7564425281883089	0.8578622035834111	0.8729951992348374	0.766880612568591	0.762126436820985	0.9939399503548675	0.8712926301711681	0.9950498746539195	0.9922606759987092	0.7542189113286959	0.7462480105292078	0.9924035273668279	0.9894118702978091	0.993838207294121	0.753437168350166	0.736840374387058	0.7542857123281759	0.9323809452033114	0.8704146252395415	0.7520881307298986	0.7636159278247745	0.7527489467709082	0.8583825662408988	0.7652174389661535	0.9934651494047174	1.0	0.3073959326070409	0.7421412906227155	0.8578848131524659	0.7546591127868075	0.7575880796870835	0.8234237190822707	0.9922274467835832	0.8548883601142537	0.7627879380004509	0.4942629931369681	0.7598058728698189	0.7532076469673374	0.7505962417415123	0.8587124604075614	0.7472719499520061	0.8602105156420535	0.9940338143233676	0.8593647122178686	0.7385021777125831	0.7381623490383054	0.7443162626519381	0.763768028562052	0.9931421066226168	0.8683338597480472	0.9923744089824392	0.7619702252529702	0.7529620248307879	0.9941300762764643	0.7489926751847648	0.9881888981534833	0.7549009666618478	0.747789914624897	0.7597243413935305	0.8592831807415802	0.7557865081164927	0.7408737844787364	0.9908561421634892	0.7457793758251636	0.9908688172249289	0.7596815202400177	0.8532810252959969	0.834377712720075	0.993005421500604	0.74321284716822	0.7526619341869701	0.8596158154620677	0.7515372794111098	0.7601340541903411	0.8718150482440244	0.9917660060333292	0.8905631769596158	0.7573681502426418	0.7573554751812019	0.747442549427601	0.8596850144461443	0.8722542219944518	0.7413222075983225	0.9938652702631411	0.7545392135569716	0.8709284790816952	0.7542072639749404	0.7489954157385895	0.759642467348014	0.738411739436364	0.858242797995833	0.8653206208176579	0.9930383081465017	0.9956432045569928	0.7543093496049149	0.9915292906967105	0.7540510524069256	0.9936049176497832	0.7276913780121256	0.8608778404983971	0.7481698238988626	0.9938255322326812	0.7435746002730962	0.8603639866562435	0.8269545801163228	0.8383679590890125	0.744874650493745	0.7511029016298759	0.9924713560739922	0.8707794614674707	0.753694437840471	0.7537101960249637	0.9963365646746722	0.9947970585635798	0.744369703451522	0.9933976632667813	0.7463483833130418	0.993490156958369	0.8442796762583766
scaffoldsARL09542	0.2312175501895228	0.2540115422147964	0.25949279118320734	0.23601686449046017	0.23254522341685466	0.262914915981595	0.2591661575080862	0.2628917504727212	0.26287871987397965	0.2264005721880692	0.22561381359294147	0.2627938761977292	0.2610564630321914	0.26290536020918454	0.23015859686512752	0.22985802438748948	0.23821295473169998	0.2550247436591659	0.25848248542744706	0.2286583405966856	0.23224175525060736	0.22963853119090985	0.24583614456435812	0.232844637619049	0.2625416617198653	0.2634653863862096	1.0	0.22718182897483935	0.24641759883709147	0.2375289930821999	0.23225652326251445	0.25228802835458286	0.26326326732128535	0.25615261437246084	0.23181435161188507	0.2357953443118541	0.2262505755181111	0.23699300112063149	0.22559672903014702	0.247024535169586	0.22716300699887937	0.2471380461630678	0.2629360545084424	0.24701700637920201	0.23479256734647783	0.22995271340501128	0.23589582470659434	0.23210305176622525	0.2626754425336117	0.2532693772242508	0.2622752583678162	0.23429479847455123	0.23712591322779514	0.26323054604000107	0.22868700791391697	0.25963294251189406	0.23329607547322792	0.2306450725514781	0.22653145731320637	0.2471620803785244	0.23064449341375626	0.22675413576725614	0.26212149730266604	0.2286319898303416	0.26321664673467676	0.22581129955609094	0.24676421276361626	0.260809750362685	0.2629606678616208	0.22882339484741168	0.22842234197503336	0.2467007971830741	0.2281579656050107	0.2283102788258562	0.2594736796383864	0.2628761137542313	0.26363565287643226	0.2325319032492522	0.22827234530507529	0.22734833106987007	0.24676073793728517	0.25931383762715693	0.22785855140281636	0.2631280386632343	0.23425715452263127	0.25886153106639526	0.2380583249599671	0.23263498976374078	0.23249165317758388	0.22992346695005805	0.24620215960456476	0.25857804315155164	0.26265314573132065	0.2632094075131537	0.23711056607816622	0.26214147755406975	0.2380594832354108	0.26231579800834537	0.2241888452283395	0.2467911426676821	0.2265508584268882	0.2624067226306752	0.23483571310675536	0.24694866812802418	0.24968596257032905	0.2632933824828213	0.2359030639281174	0.22749659032666264	0.26175982579537327	0.2589153908745269	0.23820426766587227	0.23752030601637222	0.2627976405929212	0.2632702169739475	0.23573192873131196	0.26307186230421525	0.22636900918222858	0.26260797298901667	0.2499352813595837
scaffoldsTV97	0.8944511323852996	0.8625486674371069	0.8608335363405246	0.9043297189498691	0.8828988716222005	0.8556095723582776	0.8600628328643439	0.8558480482289811	0.8561370620325488	0.8974877514607634	0.9373175649718428	0.8560462516844333	0.856074284444069	0.8560584913400489	0.8853997096437826	0.8852883682604409	0.8826540785098891	0.8453258926755927	0.8593012104229749	0.8812528353557061	0.9068123949018281	0.8844785768518105	0.8647095588946564	0.8940416961635786	0.8552309326893959	0.8559653120263303	0.3195746443294268	1.0	0.865058981321101	0.8931347771652247	0.89617258072349	0.8443494840195502	0.8559041137482524	0.8639167450728477	0.904810618967281	0.5720834776099191	0.9099346915666009	0.8915831046952504	0.8788732094074783	0.8651071502883624	0.9361149201007126	0.8664748330965025	0.8560553327192448	0.8641477192191416	0.8077635740741984	0.8861842320859808	0.8925405616264687	0.9059366672839139	0.8576654396740935	0.8621119881109512	0.8559009551274483	0.8989237394437906	0.8815627750221005	0.8559479396119082	0.8756608920497909	0.8560920516860915	0.8723352591707594	0.8780203817903931	0.909942588118611	0.8631705209078981	0.8943390013467569	0.9473118360233596	0.8555266585621721	0.9005397688126469	0.8556526085667324	0.9098991570825556	0.8492567962661943	0.8463192789184566	0.8552806809670591	0.8944866668693449	0.8788759732006818	0.8653586554698823	0.8815876491609321	0.8841508699433935	0.8605184639153237	0.854849924054911	0.866303872745485	0.8743816506241632	0.8710106125710739	0.8842507613263206	0.8659335244562139	0.8612094122162028	0.9929989169878918	0.8544235102463684	0.8937345202903878	0.8604781915000724	0.8823326888430801	0.8790216645852672	0.8951906444810406	0.8862829389861064	0.8651912485672694	0.8554540102836797	0.8552025051021597	0.8550382568203507	0.8921473133363682	0.8553252964859159	0.8820369629703039	0.8543323050706524	0.8532046774436176	0.8649946244222192	0.8830279802475648	0.8555535068390063	0.8868072700395736	0.864642438202571	0.852434763622638	0.8558373878837675	0.8922724736857275	0.8812828422533443	0.8557584223636671	0.8600821794167686	0.882312157807854	0.8929886909530388	0.8554516413180767	0.8560450672016318	0.8904696908618336	0.8555582447702124	0.9372421529001469	0.8551397275136798	0.8442689391890478
scaffoldsARL081292	0.725192704437668	0.8453113929460888	0.8498130080632567	0.7475199526561075	0.7479404584795706	0.8316750367819304	0.8490463000254802	0.8326288189507081	0.8313692741425084	0.7289256388548696	0.7215544578055777	0.8311703640383683	0.8282587146461948	0.8315823216590089	0.7215399916161856	0.7093778716618857	0.7318616177473841	0.8015393340621224	0.8479465408546559	0.7294270238281154	0.7252315001274011	0.7206467044212291	0.9956351561279929	0.7522461224858832	0.8320814051930332	0.8309030683116477	0.2837345783023598	0.7186835767653271	1.0	0.7349577110543057	0.7213608081339438	0.8035429012929157	0.8313419856488826	0.830954357528583	0.7250431108882733	0.4848629410749365	0.7312103104477121	0.7348541462893402	0.723317360249213	0.9950413848088573	0.7220147456498689	0.9959465079769527	0.8328793470488152	0.9921225023219877	0.7198356114841817	0.7109333157985583	0.7153527366578171	0.7245335064892366	0.8331403960119346	0.8326781355054536	0.8316306518826595	0.737702999268471	0.7330761201022497	0.8304533013323689	0.7259413297387044	0.828988599656428	0.7303834362131462	0.7175081988772264	0.7318524119904983	0.9872986857138161	0.7253534764061382	0.71834263498352	0.830091317820537	0.7175502823372759	0.8308363265742256	0.7316784889407626	0.8689909010956495	0.8182392346070704	0.8319591001372644	0.715397121557088	0.7299057231861782	0.9934478025365148	0.7295785900396998	0.7233453062969021	0.8491298093915159	0.8315553619424148	0.8394394351610597	0.7287793330757913	0.7183600601661968	0.7170183211000879	0.9939807501047977	0.8504616851466756	0.7186398494201195	0.8313830827778371	0.7304031628350444	0.8501200858108052	0.7306954456161693	0.7203172698355292	0.7368323976886975	0.7107515021000633	0.9942898005145361	0.843343662411744	0.8299433681563007	0.83082317549296	0.7347900347681711	0.8308797251424016	0.7313319579494176	0.8309172057240081	0.7039754074780336	0.9912617640531632	0.7253222425881328	0.8324506217995611	0.7150844546000017	0.9915645676993006	0.8200892629640893	0.8250064522492458	0.7155697294986972	0.7295384792418401	0.8287255780311188	0.8480257761192803	0.730319324691977	0.7331977676039552	0.8317204080122963	0.8324831707256931	0.7153691755093989	0.83191603034612	0.7213854664113165	0.8313281770135539	0.801776711078964
scaffolds071107	0.8870857035327797	0.8750030848582816	0.8755814957860836	0.9022554941325995	0.884797509902395	0.8566181007144532	0.8736519169309362	0.8572825020668551	0.8570588498414383	0.8864093483545366	0.8833888864895547	0.8574837890697301	0.8574475419849212	0.8559112825606792	0.890469021853136	0.8572296738687825	0.897877694623709	0.8421439456571365	0.8730468991004553	0.8714709221258375	0.8972237046680076	0.8892377777914883	0.8616791963327205	0.8969055786577165	0.8568722159154009	0.8575786484618897	0.32167513974408013	0.8779911557113066	0.8625857590602287	1.0	0.8916809855505238	0.8528622857565924	0.8575169512962575	0.8581906072235042	0.8982093168889821	0.5552663929369085	0.8922123523895312	0.9919519903505633	0.865980259991856	0.8613001443713676	0.8837243648276798	0.8632459187324935	0.8572080798608112	0.8618380665342235	0.7991128718796658	0.8571533236263126	0.8813490239508397	0.8983442794388026	0.8576985723275873	0.8723285127281253	0.8575674658506188	0.8864818425241544	0.8941824200096248	0.8563362217889711	0.8668293672338693	0.8551589627472513	0.8716286355054849	0.8918124776347774	0.8926442325489568	0.862764295233277	0.8865177040016782	0.8775623604101628	0.8570249164003406	0.8782799755679224	0.8573229908318012	0.8917021939512099	0.8495568601078467	0.8626871737762367	0.8562903345220321	0.8818908021865476	0.8698748935723892	0.8628537561234437	0.8706144883454054	0.8757392091657309	0.8755278963734406	0.8565078170308856	0.8731031977640947	0.85931272442344	0.8732516565688972	0.8645438728544811	0.8627766346664034	0.8753902345726238	0.8773734128404141	0.8564303099665601	0.8993379894127663	0.8744050079589344	0.8967482508853544	0.8820654822867438	0.8879625744993275	0.8591881732703199	0.8614528448563074	0.8693485396280894	0.8563701552300688	0.8564792820917807	0.9922492935674535	0.8560169389568243	0.8959465733394207	0.8566134734270308	0.8409296683160375	0.8639585209955455	0.8599451203711701	0.856409101565874	0.8751075844325712	0.8645469577127627	0.8675176762379536	0.8695725774607914	0.8814519810959884	0.8702412204933305	0.8567974081020718	0.8754014171838945	0.8961505595932923	0.9919573888525561	0.8565263261805752	0.8578242803025629	0.8804297361829198	0.8568965091743685	0.8833861872385582	0.8567785133450969	0.8397570365617404
scaffoldsTV92	0.8736917096769529	0.8430181004739568	0.8465128368673949	0.8825078986446527	0.8699530305602006	0.8466517434103117	0.8468542044536863	0.8469649491221487	0.8460763278133522	0.8790546439311541	0.86193184369703	0.8469459208285984	0.846756779590709	0.8463495741087338	0.8766901881746005	0.85666785656929	0.8797826664423866	0.8350383952907257	0.8446240884495975	0.8693125381992993	0.9887169830564463	0.8753437461229852	0.8405029406324852	0.8769786571048223	0.8464934280079737	0.8471723575218464	0.30932051485995554	0.8737404221084415	0.841179206185261	0.8820226771591214	1.0	0.8206941064808084	0.845587681234982	0.8478687930657853	0.990242671633305	0.5487748442914738	0.8760748131611856	0.8809494814028875	0.8650193746084929	0.8413002261322405	0.863713272539204	0.8423601020829893	0.84729870539102	0.8403830623831187	0.8080985178481588	0.855733567355973	0.8700751922047931	0.990622476372568	0.8478969549402398	0.8470715075660301	0.847064657380352	0.8917868557114945	0.8773778707035065	0.8467141562131565	0.86278393068221	0.8451941761243629	0.8596602460130016	0.8719087585712948	0.8759096475731695	0.84087208952736	0.8741160406231233	0.8648694316553169	0.8466582130301188	0.8784217628876729	0.8466163507843082	0.8749517632758501	0.835761851011506	0.8250199987365213	0.8468945444360128	0.8728084162903504	0.867588194237776	0.8414965981216791	0.8689627981638458	0.9327323183387843	0.8459617774861797	0.8472290618366262	0.8501270709443285	0.8645269223714125	0.8531072822801681	0.8676361455375227	0.8422771387231102	0.8473580736668967	0.8743561776877274	0.8466186341795342	0.8626157205672258	0.8468526821902023	0.8791124899435468	0.8660918092329847	0.8695614282789366	0.8574544862246571	0.8415129624541323	0.840948583267432	0.8462841167789209	0.8466745773625719	0.8816565727912147	0.8465581242060445	0.8795512823928155	0.8454442079016131	0.8360137856181112	0.8432631848948839	0.8638498956868947	0.8466266260628253	0.8655567336183518	0.8429762382281462	0.8318511561210595	0.8363570560337578	0.8702300825142921	0.8688657538667396	0.8465094117745559	0.846059202349157	0.8783410829230199	0.8809437729148225	0.8458696805453966	0.8472126975041729	0.8699572167847817	0.8470817828445472	0.8628090480296963	0.8470973860452584	0.8282045739450904
E_faecium_reference_sequence	0.7283637226465498	0.8764388388650475	0.8669357862970585	0.7563969606595783	0.7520601595217348	0.8321370566889899	0.8693256122522729	0.8313191975639458	0.8314760192386104	0.733425994488059	0.7309420755280458	0.8282727660752444	0.8311664668894898	0.8311051018863602	0.7267484593975048	0.7241087415128792	0.7344545401238483	0.8341191462900764	0.864220384908573	0.7272690391740543	0.7269915329932348	0.726290949207505	0.8424528546317622	0.7511161612235909	0.8321523979397722	0.8319853487645861	0.318531071828418	0.7235827070693848	0.8419210246046389	0.750210686510745	0.7257945745155233	1.0	0.8309588486289012	0.8470071606140318	0.7271388090007459	0.4939524789415764	0.7355604738469175	0.7488742931092556	0.7240555585101668	0.8413711259932608	0.730566044425535	0.8432253718378273	0.8322983102805471	0.8426897917271794	0.7080928166127336	0.7260021927761118	0.7298361418049766	0.7251066046471035	0.8319802350143253	0.8304249731016736	0.8276103649581286	0.7261914015357614	0.7350825086558747	0.8315452253254731	0.7222316542504811	0.8321305792719929	0.7354278572568207	0.7346989773863145	0.7349273915646303	0.8434844685177079	0.7279668956263117	0.7280306470462297	0.8316481821640573	0.7315352705582988	0.8322376271107856	0.7340440764362479	0.8231457200637651	0.84220875828598	0.8317156836674998	0.7318608459915699	0.7252494487377219	0.8415524936691772	0.7269274406566328	0.7227328017760396	0.8667513503709855	0.8304242912683055	0.8906615420070719	0.7225783665181633	0.7370005059203592	0.726565046221484	0.8429151376553387	0.8663998652697265	0.7225722300178504	0.830618613778216	0.746323554479168	0.8682643386148146	0.7337369105039158	0.7280364426298586	0.7271469910011632	0.7261337866161565	0.8411331661477914	0.862484437153373	0.8310921470523661	0.8315598847428874	0.749469874556297	0.8321339884388335	0.7348561399776632	0.8316130677455998	0.7261296956159478	0.8420423909441619	0.7237766886626111	0.8317971627549886	0.7281305356346573	0.8433695795951819	0.8747645970296611	0.8576294426557682	0.7301688764886127	0.7266697076434884	0.8321339884388335	0.8663613416844285	0.7327949577058762	0.7503375075172128	0.8313798807337073	0.8323511523665754	0.7287319126653276	0.8323225153651149	0.7320084629157649	0.8326951373007854	0.8427361563962107
scaffoldsARL071300	0.7499953976404555	0.8536306480326789	0.8692340105506535	0.763708724505485	0.7565604078440571	0.9946970590581595	0.8675611380851048	0.99533559383052	0.9941410258420784	0.7516341785538228	0.7391597386950708	0.992620883530303	0.9858393919703485	0.9875470378191225	0.750415746478854	0.7323472238226312	0.749630277116591	0.9269332807868875	0.8684546776677833	0.7485690070971793	0.7591230698215443	0.7498450538953348	0.8558820541387485	0.7614215222696247	0.994884562595158	0.9878647710854546	0.311794517942043	0.7372267476863769	0.8554494323415647	0.7504989298661771	0.7536476256256652	0.8193509104830841	1.0	0.8526198335104958	0.759173525318773	0.49593901430413345	0.7548796943215065	0.7493994773083219	0.7477756966779147	0.856731274703591	0.7404351036621827	0.8564605877792695	0.9953147979836893	0.8572041245323492	0.7388726878257021	0.7336433846365739	0.7391525794691127	0.7594394394257892	0.994086138443066	0.865333936981084	0.9944700093206303	0.7579653207094589	0.7492259513077179	0.9886546723495011	0.7458505467262223	0.9840870861882167	0.7500894903244766	0.7442898354673508	0.755710505448171	0.8564582013706168	0.7496531184565527	0.7323789289661601	0.9918660965650034	0.741966496186178	0.9922121258196461	0.7551878819532277	0.8514559479190176	0.8330601463618518	0.9928735019319682	0.7390240543173883	0.749818803400155	0.856252629310962	0.7487019641506873	0.7559563055394	0.8681925136315072	0.9915118853378371	0.8868900254254796	0.7506247276937269	0.7556068671295391	0.7444037012516372	0.856897641478237	0.8697631114405112	0.7368316265965926	0.9943428478309931	0.7512697398610019	0.8679920553046796	0.7495280024600464	0.7429473101424413	0.7552857247079888	0.7336488392849229	0.8548276024297731	0.8620761482546148	0.9865413370297667	0.987562719933126	0.7504597245811683	0.986727476904678	0.7493912953357984	0.9871038476407623	0.7237742211955361	0.8578191361337043	0.7460799828724042	0.9945702384840441	0.7386490472433912	0.8579609569907796	0.82501351730044	0.8369830612713831	0.739689862331494	0.7478871760535483	0.987727041214641	0.8674800001909126	0.7492453834924613	0.7487411694356961	0.9891844550704024	0.9956141218118433	0.7394628125939648	0.9936354481232259	0.7396581571879651	0.9943694392416947	0.8437475070552467
scaffoldsAR01139	0.7554388576459787	0.8777183946066306	0.8866729845794894	0.7793358055700824	0.774420864694508	0.8654463832936826	0.8864982020148603	0.8666915797896197	0.8655939314941978	0.7663222611279095	0.7545870081051536	0.8641349969507854	0.865937980802876	0.8652795297211373	0.7551196295299107	0.7493311205699773	0.7691360191012867	0.8347129204994438	0.8868360460253859	0.7616507058354279	0.7726137439769825	0.7541519477569054	0.8643532166024821	0.7789276348471618	0.8655580786604278	0.8650226993253807	0.31441797578347924	0.7513378450447419	0.8646148733412462	0.771879795101055	0.7703064072806074	0.8479153817964821	0.8660724289295136	1.0	0.7717005309322047	0.5028811544060892	0.7551465191552383	0.7704060367898338	0.7524737593454376	0.8656539160430055	0.7551720298254209	0.8651378420799883	0.8668780834729812	0.865973833636646	0.7353502390935852	0.7498513313984294	0.7514416114194034	0.772897808736853	0.8656363343649067	0.8621858438533246	0.8654901651195365	0.7658610006319062	0.768714058826916	0.8643211558953607	0.7587869607380444	0.8663820043595667	0.767858417159442	0.7611518688117234	0.7558004886327556	0.8632186812569314	0.7553406070918973	0.7492397647916209	0.8675441188080174	0.7573256130231282	0.8673603730349458	0.7545432262792998	0.846016560561814	0.858785340465749	0.8661110396735737	0.7533528432503765	0.7624398129171555	0.8645204149138136	0.7614297282734412	0.7604803176561072	0.8868670725161484	0.865478444000804	0.9173705945399582	0.7586973286536193	0.7525975205697015	0.7425887193884886	0.8651012997686458	0.8880598687165754	0.7508379738046785	0.8657021794730806	0.765168765149115	0.8873397093920979	0.7681969506475401	0.7467917746704555	0.7637281017613738	0.7500505904168823	0.8629232401171146	0.8872083639145365	0.8642411764969506	0.8643445981328258	0.7722576288107856	0.8632693578585102	0.768730606288656	0.8638829928980363	0.7413714467342377	0.8659386702804485	0.7542557141315668	0.8694288057524493	0.748345512380087	0.8665774712513707	0.8393479334805828	0.8557650839594076	0.7514667773507996	0.7607009504793075	0.8677750937948052	0.8858218245162367	0.7678422144364883	0.7705959878610579	0.86462556024362	0.8662672063437452	0.7515977780895748	0.8658966121485259	0.755001728865013	0.8652660849084736	0.8705233513987949
scaffoldsTV43	0.8762738325732206	0.8330280134435735	0.835730525640122	0.879827441146873	0.8586557626348444	0.8401952197628328	0.8353574679770301	0.8407339975134488	0.8397895429874908	0.876661887529301	0.8581597271692459	0.840583649651238	0.8398112890623243	0.840073741689625	0.8693237120699714	0.8490042547320209	0.8745030272035897	0.8242579714361558	0.8341051940124807	0.8700154622090712	0.9920626826857752	0.8686147150439346	0.8320224449486867	0.8696682748763848	0.8403811861958916	0.8405146621034904	0.30499619818622736	0.8674756706414493	0.8332301019665951	0.8759783859013448	0.9756204005177066	0.8086319169389925	0.839432232482037	0.8367893345251182	1.0	0.5428052736481065	0.867759119478934	0.8739443780397638	0.8659380731777914	0.8332462240565578	0.8597014488884757	0.8333429565963344	0.8405570294561832	0.831698128487808	0.7960199434002163	0.8494208045447796	0.8681370512622472	0.9917717352017961	0.8412742749933637	0.837767158027976	0.8407722406105698	0.8875124290065644	0.8711402591832175	0.8396121999979004	0.8638954418727419	0.838108346443467	0.8502194103964235	0.8700990721174828	0.8692247299362466	0.8328742911904401	0.8763788136241408	0.8587389976109312	0.8405525302682866	0.8715579337929503	0.8401944698981834	0.867635391811778	0.8246351533548194	0.816938542593062	0.8406132693048904	0.8679567088140591	0.8684576183998788	0.832832298770072	0.8695891641558698	0.9210287543098471	0.835156129318658	0.8404647961043031	0.8393325004836627	0.8595844700031644	0.8451750708997026	0.8656201305664327	0.8338592384074675	0.8367282205561896	0.8676687607886776	0.8395447121794516	0.8553976007330677	0.8361789447004816	0.8757118090184721	0.8655908858451049	0.8701095702225748	0.8511020010888035	0.833545045119356	0.8299269481858524	0.8405986469442266	0.8397816694086717	0.8745416452330355	0.8396789379516997	0.8738442711090648	0.8394697257145085	0.8265203130834884	0.8341850545976451	0.8621954987124824	0.8406725086121954	0.8634721432781383	0.834597480154832	0.8210024340606521	0.8260433991664504	0.8679387120624728	0.8696116600953527	0.8400279999460097	0.8350402752303209	0.8757181828679923	0.8739286308821258	0.8397336780711082	0.8409852021710081	0.868054191218485	0.8404692952921997	0.8581286077862946	0.8402417113710975	0.8187543398416586
scaffoldsVV15	0.46739977741126265	0.48260539523997475	0.48108852350129844	0.4825879334236955	0.47979601962839935	0.47929720472562876	0.48081934795601206	0.4790537277024137	0.4794332751053145	0.46806332642987564	0.46240075593191077	0.4792075893666105	0.47884715112114745	0.4791601459412479	0.47103282360204984	0.4655442123304145	0.4717691850998651	0.47058738255281213	0.48093960386057694	0.47426490695487666	0.47103249413381815	0.47041902428642124	0.4756967758897784	0.4799581179983882	0.47874962852456876	0.4793238916523952	0.26770776431424154	0.47053730338159605	0.47653757881703773	0.4715652442644523	0.4707119215443889	0.46847219650539634	0.47919968212905006	0.4760750054197524	0.47105390956887766	1.0	0.4726343686762691	0.470140294162416	0.47490374585611334	0.4763530766072943	0.4650444090229488	0.47704364202090543	0.47895917031992025	0.47678863360958146	0.48402013182682885	0.46598635869733535	0.4585225853767502	0.4710417192443053	0.4797956901601677	0.48145686898432194	0.4787967424816997	0.4736787829707096	0.469135086587546	0.4789618060657737	0.4716258664190823	0.4791209392216774	0.4744909221618124	0.4644605913164035	0.4728844350641178	0.4785687504653739	0.46686373259831165	0.4666821956026534	0.4785848944087264	0.46742020444162713	0.47962271933853323	0.4721490619709976	0.47177709233742554	0.4757643168772737	0.4787008672262794	0.4594856210179646	0.474288628667558	0.47562890543405134	0.47360201687272707	0.4742935706910333	0.4810595302969102	0.4786965841392675	0.4821227242805567	0.46479994359503873	0.4636425216971304	0.46258888229220274	0.4765682193625844	0.48148190856992995	0.4708914817306571	0.47854107513391236	0.4670518589586036	0.48050075217597293	0.47218563294471455	0.4667701636205132	0.46925830770619603	0.4652032127106208	0.47639426013625485	0.4789858572466867	0.479058669725889	0.47899541182540556	0.47162982003786247	0.4784300443398346	0.47087863246962136	0.47804654331815366	0.459456957281808	0.4774548183740479	0.4732122559546441	0.47897037223979755	0.45590364240308856	0.4780985992987598	0.4779496796580383	0.4779651646649275	0.4588579840366052	0.47387811125087886	0.47904054897314635	0.4808928193716777	0.4720686717224665	0.47156392639152556	0.47867286242658624	0.4793736413553796	0.4577931427118003	0.47912719911807944	0.46412716946593857	0.4791301643321646	0.4746411596754606
scaffoldsTV18	0.8809761433409606	0.8729954867043592	0.868736565485637	0.8852934966627478	0.8680832945733716	0.8629537350189826	0.8681810709591669	0.863914748340723	0.8629319203671717	0.8846386675610673	0.8792964151515222	0.8635715571220554	0.8629630841554731	0.8626865055342993	0.8770160049425768	0.8556294656734768	0.8816672003465413	0.8426392300674462	0.8665313379159684	0.8759996758966017	0.889537615082027	0.8766661914188951	0.857660565576012	0.8785212159175282	0.8634332678114685	0.8634878044409956	0.3120843042801126	0.8949028507854443	0.8578709211470456	0.8959370990096928	0.881499694984422	0.8470477374700146	0.8635524693017208	0.8518045002068496	0.890299569705993	0.5678809636778256	1.0	0.8942963255556309	0.8724298639466912	0.858597426961819	0.8824283758757998	0.8588771219618228	0.8637897036401642	0.8574505995523322	0.8098284355544544	0.8567096804854695	0.8770421046152791	0.8899688440026458	0.8649731485009049	0.8706582025817641	0.8641621109103643	0.8934478914191288	0.8818674276863769	0.8633047171847257	0.8694116510497133	0.8636120700468469	0.870258916544154	0.8698385949494406	0.9966954697980042	0.8591490260147514	0.8808510986404018	0.8809827656459747	0.8635197473240045	0.8787790962657211	0.8627277975537985	0.9958182091573233	0.850953728786225	0.8541585348656568	0.8627110470175865	0.8765995788214012	0.8714267795107441	0.856214565798833	0.876431683911928	0.8744562892809813	0.8685160816834055	0.8630904661401545	0.8761278369759906	0.8649127686610713	0.8718700843993297	0.8666470334800369	0.8571767477626347	0.8687821425260276	0.8938074436266547	0.8623063073170237	0.8946254930695631	0.8677739939744815	0.8806672322894243	0.8857149868995224	0.8759392960567679	0.8575144853183497	0.8579593483963505	0.8614411226443097	0.8626085960635461	0.8627032560705112	0.89568545141916	0.8633054962794332	0.8817279697337288	0.8624309624702289	0.840824328946251	0.8598498217041762	0.8696153843157328	0.8632564133128587	0.8712281103603235	0.8607777235008465	0.8651667535357266	0.8700251881318946	0.8771515674216873	0.8758473628812792	0.8635131250189905	0.8685639960079187	0.8796668746849535	0.8983452807506733	0.8624882259312324	0.8639517553393308	0.875420029434198	0.8638352806805548	0.8808994025122688	0.8635563647752584	0.8420739968571319
scaffolds070381	0.8863167617721462	0.8753524531199763	0.8771277297045986	0.8985389917045816	0.8809643317828094	0.8583957667845559	0.87579887446308	0.859514904227587	0.8579532005480419	0.8845179690373259	0.8819882480930715	0.8581367036217185	0.8592435047236621	0.8579851979327376	0.890619446237069	0.8552380489768162	0.8978890207335343	0.8436253113962348	0.8752144403040599	0.8699267761054326	0.8977506224069589	0.8891282910081181	0.8646217639271508	0.894279484433465	0.8587049463330612	0.8583209777167129	0.3232537716435322	0.8774839415535	0.8657046633682375	0.9928163943804882	0.8912351067594668	0.8519446314171141	0.8589917662633454	0.8615230292502357	0.8979472328430409	0.5569468635238296	0.8914405839407054	1.0	0.864665326631616	0.8644502116839029	0.8804970928641206	0.8652432071094334	0.8589327831325209	0.864617137799243	0.801162083330442	0.8565480141960445	0.8781824868675794	0.8983913411221907	0.8596486764262545	0.8741184335005678	0.8594431992450159	0.8870476899815803	0.8949969197698348	0.8582982325878328	0.8659548597859182	0.8572588958512114	0.8738805734239746	0.889863074324142	0.8920901694010938	0.8649822163933011	0.8857149796334719	0.8750980160850468	0.8588186719774615	0.8774226453587215	0.8584562919580163	0.8916233159930639	0.8533394089813189	0.8648230004911406	0.8586663952671627	0.8803822106877434	0.8699672547246259	0.8651136755280147	0.869720527902876	0.8746319336983348	0.876433425007768	0.8581347760684235	0.8765498492267813	0.8566906531398687	0.8725247324363271	0.8630855039510987	0.8653480660086771	0.877361349163943	0.8766442993382324	0.8585029387477534	0.897478451881716	0.8761227034166268	0.8961010222971655	0.881611604179244	0.8902732576653012	0.8569940500284893	0.8646379553748281	0.8704888506462315	0.8577912860712685	0.8578094050722408	0.9918533887543457	0.8587350161644619	0.8961727272797365	0.8583780332942426	0.8401973506165472	0.866571291329634	0.8595368783351491	0.8591910752740403	0.8739017765102187	0.8671857953200548	0.8677108608375913	0.871014687185086	0.878703697278526	0.8700802093477082	0.8591467415482571	0.8766219397200113	0.8956565285073567	0.9899470385456688	0.8589952358592763	0.859146356037598	0.8789554357388427	0.8585723306663706	0.8809824507837817	0.8584755674909655	0.8399294207085531
scaffoldsTV78	0.881929112877791	0.8514724000727111	0.85359042201966	0.906243833926571	0.8886405196669582	0.8560494715238106	0.8524278986953948	0.8563831192136013	0.8551976794589548	0.8917447249484575	0.8701881322410093	0.8565590707892419	0.8561046263223557	0.8550788247522306	0.8737984410612716	0.8556971799584552	0.8728573137593355	0.8361230526860387	0.8500243924038636	0.975321723377711	0.8907511617464962	0.8724207363398654	0.8526399727799416	0.9005073464638006	0.855091254002607	0.8562273651698225	0.30662572264438515	0.8710236109147462	0.8536370317085714	0.8699950904461013	0.8779202912173363	0.8304114237240209	0.8555107412028097	0.8546810887401867	0.8908672975547004	0.5642817524621568	0.8790447499623238	0.8671064549758173	1.0	0.8537399614382507	0.8714361066616121	0.8546616680364736	0.8557849615392383	0.8534921532588717	0.7943009556539883	0.8562596035379861	0.8774588552971134	0.8897199223793314	0.8567602692797094	0.8559881021000773	0.8557496158584805	0.8877817361487657	0.8695954123636861	0.8553507146042139	0.9909507288978517	0.8555503594383843	0.8644664045130608	0.8812956095226702	0.8800635600791121	0.8541376974502947	0.8814521403945976	0.8676700437975711	0.8560704458838206	0.8808442723683781	0.8559725655371068	0.8783149199167861	0.8366062397944202	0.8348684752261735	0.8557360213658814	0.8753318998264565	0.993348408978269	0.8540860383784179	0.9714212692439753	0.8746715959002118	0.8530687819179266	0.855888279682992	0.8585162893094463	0.8667712536297295	0.8621844718267735	0.8869190684898306	0.8545936955734779	0.85305907156607	0.8892068273872318	0.8549316158180855	0.8725477477421489	0.8521560088434117	0.8746207136564835	0.8867928339156955	0.8800569570398498	0.8577285855668437	0.8530777154416346	0.8481918548014971	0.8551242691989193	0.8552780811723268	0.8680250542614462	0.85559735754137	0.8719010383085033	0.8551359216211472	0.9141449530252018	0.8558226377044418	0.940074699794762	0.8552656519219505	0.871872295667008	0.8556393062613903	0.8438412287556922	0.8429575867367469	0.8774079730533851	0.9728879207883874	0.8550652302596315	0.8533402833558354	0.8736182169308141	0.8702460059380743	0.8556699909732569	0.8566670499018866	0.8763646928499184	0.8566565627218815	0.8709470933421166	0.8554691808968636	0.8370039758064641
scaffoldsARL081249	0.7269550017529219	0.8469766622720173	0.85038671268704	0.7487916360111068	0.7497614215620921	0.8327791466479688	0.8492585880830934	0.8338756692787672	0.8321589579249354	0.7289044484715015	0.720694848384596	0.8325826218774535	0.8292002231889354	0.8323034711146444	0.7213617816929111	0.7098928989378774	0.7332516949027005	0.803023584618398	0.8491634529764286	0.7311732067937659	0.7264013088483879	0.7204268899872769	0.9960151886983444	0.7533976235974567	0.8332143321531972	0.8322903036258327	0.2834825374409315	0.7189287589477201	0.9951020233492496	0.7350174551523561	0.7224039884323611	0.8034986017772818	0.8330234035654268	0.8333897889416138	0.7261251207705615	0.4831454497273507	0.7322562327485322	0.7346237472368847	0.7249492640196722	1.0	0.7210533332674959	0.9973467510044325	0.8342710231303401	0.9937661816092975	0.7212031134527296	0.7113989304707212	0.7158393368852635	0.7260052966223746	0.8339721211343133	0.8344129028222866	0.8325589203975923	0.7385585220810558	0.7340986936205163	0.8318863909065323	0.7278763967825241	0.8300445884089888	0.7313236453534401	0.7169951132157147	0.7326927350026418	0.987973803281009	0.7268226684903639	0.7179698365750045	0.8315901224082679	0.7192385241220165	0.8323712836820248	0.7322272642731464	0.8704375062751314	0.8196475392432315	0.8331093214299234	0.7158103684098776	0.7318882014362439	0.9948877224688383	0.7315698773942197	0.7246967774217069	0.8497079286387944	0.8324058483401557	0.8407793836627675	0.7302741964951437	0.7193445224069511	0.7172080973472448	0.9946911976983229	0.850952585518725	0.7191032281744758	0.833126768352599	0.7315343251744281	0.8500960403715206	0.7319188158477311	0.7212656590245854	0.7378017206616004	0.711223802869525	0.9954549120494044	0.8440126605404925	0.8312760778001076	0.8322060316974375	0.734826855751806	0.8318027773525776	0.7326430277323773	0.8323357314622332	0.7063027831133539	0.991947751404395	0.7266952730361101	0.8334467383307246	0.7150716722875384	0.9926815097184297	0.8207924523954131	0.8250034153174105	0.7160575880123182	0.7312624165304654	0.8299362858135122	0.8490232192205834	0.7314806676575202	0.7332721045103587	0.8330783778312159	0.8336857282526577	0.7162185605630418	0.8331975436049621	0.7199791953676774	0.8324733317203159	0.8022151008053565
scaffoldsVV6	0.8966867977037275	0.8689102553920152	0.872637965378005	0.9144405774356595	0.8918844969835213	0.8723397326945621	0.8719851098099889	0.8723298048422504	0.8725033437006586	0.903483405396304	0.9886326091031258	0.8731756578592056	0.8721717534334484	0.8712587881348663	0.8983256875633397	0.8826400780249769	0.8900053530979665	0.8623777285709293	0.8686481600909868	0.8927617220137815	0.9090763602746124	0.8955014121377128	0.8761305838212542	0.9019882708381649	0.8718596217567692	0.8732634200736409	0.3188961181303233	0.9466342197978848	0.8769323571739455	0.9098483500703686	0.8995813623237211	0.8572315270466466	0.8710356100148997	0.8735620498711761	0.9094063620854526	0.5644833863348275	0.906360496996229	0.9073461341737327	0.8916617159776472	0.8776662240168249	1.0	0.8787594791133871	0.8725085061838607	0.8776145991848042	0.8149650857289903	0.8829267943997382	0.8976644925993817	0.909511200205864	0.872614138532457	0.8751914089925692	0.8726224779283988	0.9001404989659149	0.8827282373535046	0.8719414272598175	0.8875523793487964	0.8704220687420379	0.8730867043024929	0.8859337423079	0.906197283104225	0.8767409481813763	0.8958655657605052	0.9617523532981119	0.8726864132972859	0.9057505297501993	0.8727189766528682	0.9054904200196333	0.8620846583706885	0.8603711110616925	0.8717341337035496	0.9027475529829622	0.8902221773924536	0.8774013489171493	0.8928852244965387	0.8825523158105416	0.8720375288701945	0.8718326179984814	0.8793237782387832	0.8808852308503642	0.887877615790527	0.8907610612159316	0.8776555019363284	0.8712294016920237	0.9465043634896481	0.8707381715596417	0.9087086326249877	0.8713862617585483	0.8858709982812902	0.8859587604957254	0.9025744112386465	0.8838790739934747	0.8773898326084677	0.8668543957353123	0.8720371317561021	0.8720510307493384	0.9085422418202439	0.8716213533012889	0.8894863249791118	0.8718242786025396	0.8692934704912461	0.8784104158261085	0.890423911351427	0.871885831286872	0.8916732322863288	0.8777639140835719	0.8620354162232226	0.8676851584167538	0.8977081751495531	0.8917280340310892	0.8718226901461698	0.8720343519574548	0.8853833421757404	0.9103026485921512	0.8717400904149366	0.8734619771198745	0.8961046284441705	0.8727118285992038	0.991773384460449	0.872722947793793	0.8563026771843658
scaffoldsARL08781	0.7234823066548829	0.8457175368121644	0.8482802386339611	0.7473837854447991	0.7497373608176483	0.830261220930767	0.8476929117624271	0.8306075763524933	0.8297976627739162	0.7264599783847953	0.7192511894271971	0.8301003544315766	0.8265110617057627	0.8296459886461082	0.7185023394585168	0.7075542251421862	0.7325042908676417	0.7992251487522669	0.8465894988975721	0.729849337033044	0.7229836205073926	0.7174974162870437	0.9946808999594222	0.7531516701882204	0.8300685094307164	0.8301446747935984	0.2812537344008741	0.7169586776642447	0.9928401275901148	0.7347193240718003	0.7191723976724915	0.801763884748674	0.829602981479998	0.8298190022074823	0.7225958994144459	0.4838302904395398	0.7310985146441042	0.7332455899598294	0.7235913019155589	0.9929819527485847	0.7207239386422343	1.0	0.8313633205997103	0.9921933786035737	0.719218687828381	0.7088579003835845	0.7137932189189509	0.7229166475158929	0.8313675884864236	0.8312431631737844	0.8294430998777415	0.7354678457415026	0.7325955579835088	0.8286607634133113	0.7258060068207396	0.8273157225006927	0.7283614860650216	0.7158647854697499	0.7314566888290364	0.9881530030820708	0.7228746252467166	0.71658179043757	0.8284989120171871	0.7153464013835832	0.829614471944226	0.7303394874071079	0.8690192133693849	0.8175143565143053	0.8300665396368488	0.713868727683877	0.7293713337211638	0.9937120896755224	0.7294626008370311	0.7212354284498641	0.8478829968706542	0.8300117137075329	0.8384752613588163	0.7278907053306561	0.7162236162526379	0.714792889306777	0.9939241708152714	0.8488780710727891	0.716646793635202	0.8294729750847339	0.7282167062157502	0.8481160891449913	0.7313854479508234	0.7185302448716416	0.73355780228785	0.7089888916757824	0.9944244984576514	0.8420970556834463	0.8275744220953092	0.8296952334927991	0.7341970003978984	0.828206069328865	0.7318687040463505	0.8284060034064302	0.7041221876268055	0.991664488950113	0.7251714048963823	0.8301633878353409	0.711949163559864	0.9920197084442437	0.8185544076764181	0.824318024533126	0.7137804152588112	0.7288631269033133	0.8270560380091425	0.8467562747783653	0.731192079852817	0.732861151856662	0.8296584640072698	0.8315671942650108	0.7130016900831384	0.8307471034181176	0.7197380568114815	0.8299887327790771	0.8008548248787591
scaffoldsARL07973	0.7517765515990243	0.8553350426785	0.8719303994841274	0.7636684243208968	0.7578478073539126	0.9949227742678876	0.87089749487384	0.9955253303743179	0.9937868861012097	0.751754045258886	0.7419842476079341	0.9937510805600805	0.985621517697997	0.9881606420717837	0.752370923581768	0.7342949223991622	0.7501946286914234	0.9269713593181533	0.8688576020449397	0.7471191032110068	0.760125039769726	0.751549783171873	0.8578468866399978	0.7621130998152775	0.9948020584435092	0.9888300351883218	0.30876857241943495	0.7384463191392211	0.8570475705599339	0.7514686239453137	0.7543378413077957	0.8186793757014049	0.9939266982141901	0.8530946388192765	0.7601738035066924	0.4909850172565658	0.7562140516629627	0.7504203741031138	0.7461318932913034	0.8582076700925181	0.7432698370370472	0.8586421106582184	1.0	0.8582465446800297	0.7367099208970345	0.7358018241729687	0.7406877460139055	0.7602338204137279	0.995205467540231	0.8660258952493549	0.993729597235403	0.7602072220117463	0.7501267686658548	0.9876552724341323	0.7445039346879649	0.9841466704086299	0.7509281307768404	0.7444207294304839	0.7566999840068583	0.8577575432897517	0.7514403205175639	0.7358205794564173	0.9920167283488155	0.7440132282719188	0.9929480134233268	0.7565359605279715	0.852647240057739	0.831758287362997	0.9934380378290657	0.7394553533887558	0.748469483619306	0.8583471412003449	0.7473878152720522	0.757892138023882	0.8703648448238999	0.9926533849706071	0.8884384589704304	0.7530669151002879	0.7554706604280911	0.7447736697644711	0.8591386141618759	0.871490843841123	0.7380811026197039	0.9945227752227019	0.7507180716022162	0.8708129255957445	0.7502986352632748	0.7452152714383973	0.7570682695727581	0.735571986699435	0.8579140646552591	0.8642605115691113	0.9877374546761525	0.9881377947264917	0.751647992656113	0.9876423142382951	0.7502324802634742	0.9874544203986555	0.723396738694912	0.8592934305016152	0.7454768223912168	0.995519192281553	0.7404026657054869	0.8593994831043882	0.8244918085447025	0.8366868348481351	0.7411232095950666	0.7466890957123035	0.9880167378969599	0.8693213690538505	0.7502839720416694	0.7502222501088659	0.9905493831728279	0.9950472411489555	0.741144692919744	0.9947652298869193	0.7423000183801778	0.9942018893731541	0.8425272301140287
scaffoldsARL08712	0.7219788917425598	0.8474906551129683	0.8510850319830545	0.7457313489131281	0.7479412007255779	0.8331992286874643	0.8506825537686253	0.833756455668421	0.8331453458897775	0.724017238552616	0.7178893845303145	0.8332077710822196	0.8313070882491803	0.8319664954135554	0.7168534548894203	0.706415962713104	0.7291991866325979	0.8020576000536199	0.8506582407989374	0.7292524123229959	0.7228968706251029	0.7156916892027088	0.9917993010349768	0.7521148176707978	0.8328236918718785	0.8324859387254024	0.28525257397138887	0.715361821343699	0.9904443458053392	0.7332305398497787	0.7189614550720962	0.8029151250655875	0.8330503938865367	0.8319553245896447	0.7224687652264079	0.48685736139225266	0.7304963164208155	0.7324140840433652	0.7227263512836427	0.9907292018150617	0.718952912677341	0.9931135156127049	0.8341303497157847	1.0	0.716190762188601	0.7076500102015907	0.7107357860300961	0.7226639260912006	0.8340652960941871	0.8346458503838985	0.8331673589839544	0.7337240274237156	0.7291696168045989	0.8317736344242738	0.725487187557805	0.8320496194855967	0.7306504080800541	0.714081119237703	0.7307328750448066	0.9848336352193736	0.7212856435528082	0.7149235307820266	0.8336513185022028	0.7135363772952347	0.8344674457549719	0.7304973020817488	0.8707644096235991	0.8200255417603182	0.8326219599341973	0.7100356382138115	0.7284619122544924	0.9902767834466789	0.7286422882052855	0.723333518418553	0.8507400506564009	0.8322424804748783	0.8411745398524071	0.7261364095592026	0.7166717647240495	0.7119977605783595	0.9916593371824488	0.8512138250116719	0.7151781598564615	0.8323387466926969	0.7280492488770858	0.850991065640747	0.7278218897551388	0.7159896873582086	0.7328760304674365	0.7072396466996951	0.9909854736577187	0.8450307739771057	0.8309522503131938	0.8323929580440281	0.7325855890457587	0.8316517410221895	0.7288841036875875	0.8320006649925763	0.7047488815212559	0.9878221591691273	0.7236591150801852	0.8344996440121263	0.7094025153409911	0.9886921692195833	0.8216508966393233	0.8254263065674916	0.7110196563788854	0.728702742075861	0.832471153811403	0.850514991409965	0.7274519383515083	0.7316547965710828	0.8327619237867253	0.8342144594487593	0.7102232423447822	0.8333927467840347	0.718542220621801	0.8328723178112545	0.8028139305431025
scaffoldsARL09409	0.7332415288876543	0.779626285732475	0.7773253870761911	0.7427949064086593	0.7443162992318522	0.7775214391233073	0.7776314018951216	0.7780075903250123	0.7767144425972627	0.7228124281082208	0.7308870957240398	0.7772458087544836	0.776249271134917	0.7769264103087204	0.7319708077778405	0.7188877699694564	0.734728196625011	0.7560830392552627	0.7764861975018195	0.7293349567310962	0.7532829674900853	0.7318467379399054	0.7803265749635024	0.7480181380698351	0.7770338410430259	0.7770530121841644	0.2896379620425874	0.728635390939357	0.7803052335044991	0.7385888303867651	0.7507549088972905	0.739609964942132	0.7768953024193257	0.7671198290368274	0.7532883932847472	0.5378007879700728	0.7447771300584684	0.7377731525892616	0.7293743841723058	0.7809577757425019	0.7326034554354164	0.7815289310605764	0.7777164060114911	0.7813961799511823	1.0	0.7195609302271744	0.7221020107271577	0.7533856958690169	0.778328797368996	0.772106857770389	0.7774624788213148	0.743731760286945	0.7346457245461504	0.7768316397619596	0.7262599780363832	0.7774740538499268	0.7354896164758957	0.7248579526957518	0.7450194822200326	0.7789184003889209	0.7324359792401862	0.7235944659788206	0.7767299965419602	0.7255358153088435	0.7773720489102834	0.7438406378998268	0.7665414393258704	0.763896907007667	0.7780799342538375	0.7139499351074958	0.7291949712288195	0.7798762340065659	0.7285362797568665	0.7431041767043868	0.777658530868431	0.7771141428040217	0.7883484315112791	0.7324725129242429	0.7214878107714322	0.7305995286069598	0.7809129225066304	0.7774320943712083	0.7291056264767204	0.7769271337480087	0.7311963660197672	0.776528156980538	0.7340358652261544	0.722827620333274	0.7309330341188437	0.7189684334500964	0.7816164672144549	0.7710719778685453	0.7762333554705756	0.7772798104010313	0.7381330636351666	0.7768518960620305	0.733750106707295	0.7755663444468077	0.7070457922600677	0.7821698982699673	0.727936548586906	0.7774100294729166	0.7194813519054667	0.7832865268113834	0.7639106523541438	0.7675495519740488	0.7224232177711414	0.7282624579862633	0.776507900680467	0.776697803493633	0.7339508611097848	0.7381721293567323	0.7774353498480054	0.777986610585653	0.7218184225261631	0.7779045002264365	0.7323256547487278	0.7774248599783258	0.7790840679859306
scaffolds125VP	0.9160224522521688	0.8609141771483804	0.8581272302202535	0.8994839558662187	0.8873707861967789	0.8584318794443673	0.8571036879568996	0.8588967662473981	0.8589909305530333	0.8895195523476388	0.8753739371401825	0.8591448377584622	0.8578122941392216	0.8585604651558439	0.892409367844947	0.9879540905488711	0.8902123325962404	0.8430894279993211	0.8563456257317021	0.8770380340708614	0.8960208459198963	0.8902649538258601	0.8568761901596718	0.8870348807535676	0.8582886547441995	0.8590229780688167	0.3246223437653932	0.8889885922713261	0.8566423619889558	0.8824627685018024	0.8844050062176138	0.84730783063244	0.8591551246153804	0.8562174356685686	0.8939041272848197	0.5618261861438412	0.8749873887090667	0.8817794838134329	0.8755591005647089	0.8562202052069696	0.8775792810040922	0.8573319770508135	0.859604581133034	0.8555673854410114	0.8047079778927532	1.0	0.8923927506145408	0.8949794994811072	0.8602843049863165	0.8554253476858726	0.859046321321054	0.9222107879851094	0.8891642601356203	0.8584259447192222	0.8727879795703022	0.8586732249336003	0.8834803760400112	0.8906202460378786	0.8757691898348445	0.8574079415326704	0.9154887226374552	0.8783958991840545	0.8591001294957027	0.8843864107454925	0.8590807427268954	0.8756861036828135	0.8406328474376032	0.8419380913211767	0.8581925121968493	0.8814052004809502	0.8767733453293911	0.8570277234750427	0.8757687941865016	0.8965490364578078	0.8580477049033095	0.8587373199651671	0.8645762982112343	0.9027654632231017	0.8840710790161175	0.8813324011858372	0.8567915214142687	0.8583606627426263	0.8905632726764858	0.8577082386250112	0.8685925245410776	0.8575408793759202	0.8905889898187812	0.882351591317418	0.9100208625371267	0.9933724946063239	0.8556061589786259	0.8505090213756931	0.8579871707068297	0.8584548270482616	0.8822550531217248	0.8587725326676946	0.8902253889915597	0.8580757959356629	0.83581741145489	0.8564049729831529	0.8812069806611046	0.8584449358396865	0.8880422014348582	0.8575875658803948	0.8557616487774269	0.8575669921665584	0.8931001698518336	0.8762285375610732	0.8577861813485832	0.8583563106108534	0.8909165866467893	0.8818669220972369	0.8591294074730851	0.8596231766051552	0.891696409530852	0.858973126377598	0.8773747308107587	0.8582300987894348	0.8384824986933713
scaffoldsTV162	0.9130660719034859	0.858034934169943	0.8563384522853109	0.8930904225239683	0.8724002985934572	0.8559333989585585	0.8559638273548121	0.8568897199836714	0.8565953153705684	0.9217417214015556	0.8883609803634099	0.8562902410600779	0.8564838763089644	0.8565392006657891	0.8985904539402995	0.8846435787587664	0.8819326852743554	0.8471297130918373	0.8536477126737432	0.8871853377808847	0.9064255683886109	0.8971441171833106	0.8543479609615531	0.882199427709046	0.8559488107436739	0.8567992251428652	0.32086151088447445	0.89047199975025	0.8540373542153801	0.890048768420541	0.8961135034504616	0.848940795429892	0.8560369345406161	0.8514422467063237	0.9063492998109883	0.5441506150290196	0.8893504960026176	0.8888834003614261	0.8843167698795233	0.8542436350315408	0.8875615434072928	0.8561290100773316	0.8562586271418924	0.8532877091804052	0.8031780681603979	0.885269139164863	1.0	0.9060639841993637	0.8582301501147388	0.8556247680822721	0.8558804456455977	0.9174631727491187	0.8784286776174645	0.8555137241946453	0.8832055406553012	0.8549498109290106	0.8811257400126693	0.8987449669654314	0.889028034037125	0.8549608758003755	0.9126124121775232	0.885999025500972	0.856089887853577	0.8959151261138473	0.8552272230610888	0.8887589205585705	0.8449795714812425	0.8370270903616672	0.8561582529516533	0.9401694743119132	0.8863847153028357	0.8547269328058024	0.8882898490474924	0.8851229247932548	0.8558689856002555	0.8567439007860406	0.8637689085808472	0.927131894452192	0.883446596781466	0.88333397219793	0.8554473349664556	0.8569952314356157	0.8921510939798801	0.8557543851468328	0.8774905345953082	0.8554777633627092	0.8818192703428648	0.8901246418241863	0.9010634526903641	0.8867233794013983	0.8548561546963859	0.8493343887113021	0.8550636210344785	0.8560183613636821	0.8894216273185351	0.8551383089161919	0.8810522376528879	0.8557903459787689	0.8578804211448111	0.8565530317549953	0.8828656910348065	0.8559065271281008	0.9904336283570523	0.8557662403661525	0.8512968226826702	0.8501077441849161	0.9964066830242349	0.8874635402609176	0.8554406170088412	0.8557409492316039	0.8817742205094504	0.8903368502500069	0.8555686533774927	0.8570383053991435	0.9947335164042646	0.856597291240455	0.8886929265043582	0.8561586481256306	0.8378439149727863
scaffoldsTV73	0.8777453233045628	0.833923139404596	0.8382077062062884	0.8824918369962702	0.8586735696842561	0.8412981271417665	0.8380242805900742	0.8410846317524024	0.8402092254815768	0.8795983730749237	0.8621695566850932	0.8407903238476981	0.841267305624288	0.8407944584415062	0.8723128429128739	0.8530764572845717	0.8761546323049345	0.8237212171191729	0.8367493222085196	0.8723756135643244	0.9970148232705464	0.8712213101475336	0.8318028445253656	0.8713318165638594	0.8403708505122574	0.8410883904740463	0.3015581028829771	0.8709405336407466	0.8324433306934579	0.8783095074232873	0.977671689947562	0.8110404179097073	0.84020433914344	0.8387151336281925	0.9938582488341385	0.5416242714187934	0.8700756517905235	0.8777836622653289	0.8665980825257407	0.8322084105907245	0.862695777715216	0.8334408954177048	0.8413067722015471	0.8310623763615499	0.7992846400967645	0.8540123789738615	0.868777765206942	1.0	0.8425606817418968	0.8391612938873038	0.8409703666144329	0.8900261945311352	0.8727364508421228	0.8401994528053031	0.8653043305359674	0.8391518970831944	0.8507065832881974	0.8722564620882179	0.8709006911913231	0.8318498285459123	0.8779201038609965	0.864365777741527	0.8413503733726145	0.8730706011962508	0.8405659281655672	0.8702124692583554	0.8244947620334534	0.8169938571212176	0.8413214312159577	0.870646977480371	0.8698944814072954	0.8328225857073106	0.8707116274926432	0.9240587879099966	0.8378547622439418	0.8413988608818187	0.8418874946955041	0.8615471123808908	0.8468441209270962	0.8657591358548592	0.8337013748276156	0.8386113929108254	0.870937902535596	0.8407151494148234	0.8587205537048028	0.8379912038396093	0.8771228790003605	0.868123371768768	0.8719226876062544	0.8548445599457842	0.8331183971006725	0.8320994076630561	0.8403152214319302	0.840974501208241	0.8776746593376606	0.8410391512205133	0.8758757351589695	0.8399705466571997	0.8289593716018807	0.833364593368337	0.8638057282166106	0.8413161690056565	0.8647123318770793	0.8342381202783409	0.8226439674960787	0.8281147868485337	0.8700572340544691	0.8716558183695492	0.8410812489029231	0.8376160834195647	0.8765218594095274	0.8764211256694753	0.8409012061361882	0.8415364300939793	0.8704966286146216	0.8412688091129454	0.8627284785935164	0.8409342828866532	0.8212367021126646
scaffoldsARL071348	0.7508171307334348	0.8529310930063132	0.8699202698078952	0.7625889150476538	0.7572310543010157	0.9938347018501676	0.8681312551740276	0.9937228034063382	0.9924378419449786	0.7511637098041403	0.7403211247256107	0.9920592918903218	0.9842488485344025	0.9869463152760762	0.7505385750328383	0.7349289121770676	0.7487624848392914	0.9245933732993307	0.8674724488345216	0.7468928625118446	0.7590081648451142	0.7497379399666549	0.8559370457314315	0.7608913918465828	0.9932837125522844	0.9872014029139852	0.3074809381511112	0.7384134093109028	0.8558156240157868	0.74888016526958	0.7529619075929727	0.8174310566138102	0.9919820853652481	0.8508114847937157	0.758772803984537	0.4912807644194239	0.7547985385859166	0.7480730679832364	0.7448422980199078	0.8564404186702383	0.7415071121834618	0.8571322163442472	0.9946237729434324	0.856588709617076	0.7375189019939691	0.7361802020702233	0.7401364412757647	0.7592173367081995	1.0	0.864331469719737	0.9919385504083783	0.7590911533566472	0.7484597808423061	0.9849705764912593	0.7433522460976694	0.9828271600991236	0.7511881982173796	0.743259734314321	0.7550216552398742	0.8571567047574865	0.7508953576090601	0.7343966293059644	0.9897053431676986	0.7435189033544365	0.990656309881823	0.7548750648772893	0.8496244769853131	0.8297191383071568	0.9920177976345553	0.7382865457256496	0.7476298957269759	0.8575321937604884	0.7467659989265912	0.7571113331696238	0.8686063984142391	0.9913038923652611	0.8873968340563084	0.7527010379686045	0.7545152212494124	0.7442902883714729	0.8569407305573903	0.8699229907426995	0.7371866078309864	0.9929684242318291	0.7489526101587461	0.8686077588816413	0.7491604215544292	0.7455439590825824	0.7566239457227926	0.735745872852077	0.8559288829270184	0.8619605151545865	0.9853637515704896	0.987614304770547	0.7490389998387846	0.9861470406772951	0.7487587435539353	0.9848161634411118	0.7221483412841315	0.8575138274505589	0.7434280921553409	0.9940197254168642	0.7398592460425704	0.8575287925919829	0.823584110557023	0.8356688023737435	0.7406160060350334	0.74622249219942	0.9863943056276414	0.8664415546605192	0.7488335692610554	0.74742650585035	0.9877693980543956	0.9935799543291093	0.7404561511152772	0.9940159841315083	0.740789805745662	0.9928521042689427	0.8421296620666996
scaffoldsARL091209	0.7587563769557117	0.9363205150682327	0.9642528813627044	0.7676943621700956	0.7656504296770456	0.8831024925023087	0.9626784264544247	0.8831259147149018	0.8823533261436326	0.7576954885029659	0.7529586904503162	0.8819079596600611	0.8802339603482607	0.8804967713513273	0.7570083221188009	0.7419147727683711	0.7659766184318346	0.8477962625726476	0.9606654939486302	0.7598203654071831	0.7706693276137209	0.7561079447111783	0.8747111403965312	0.7688475616960024	0.8821239262379414	0.8818277041374994	0.30545458553533705	0.7486149033472064	0.8747796848127962	0.7757581477438726	0.7676061844285686	0.8358516230387772	0.8825376038456517	0.860730835032879	0.7705139832331402	0.5047176813938421	0.7690032505208859	0.7739250151641605	0.7534991235614714	0.874318473891294	0.7558775114725786	0.8755212733968099	0.8835113478897793	0.8747869181431559	0.748680003320443	0.7434885387880452	0.7487285699671434	0.7704509499257206	0.8837369589081391	1.0	0.8828451926080875	0.7686205729004312	0.7646722078569812	0.8794069495771429	0.758116054996733	0.8790404608389216	0.7658591629245664	0.755539611611493	0.7692960281782996	0.8694990092059629	0.7585042437260331	0.7468754596178666	0.8819086485486667	0.7563170224030019	0.8825823816050209	0.7678014843482787	0.8727364412083519	0.8613935458715423	0.8820753595912411	0.7479339369604926	0.7611915981767874	0.8746432848688718	0.7599633097928615	0.7625817753830479	0.963201637350438	0.8827256704350022	0.883932603272152	0.7622362977472998	0.758500110394399	0.7486424588914335	0.8745974737765941	0.9629481263435481	0.7492025253278507	0.8821811039922128	0.767996095379383	0.9623846154641025	0.7648351300122244	0.76497531884348	0.7631232418271117	0.7436972720355659	0.8730009744329328	0.9560148069716905	0.8798943382656609	0.8806717490571698	0.7746449037570952	0.881884537447468	0.7649467299663444	0.8796942161257112	0.738269863155723	0.8724033635675061	0.7508272691043449	0.8830404925277975	0.7462998931878216	0.8732810076511413	0.8742953961230038	0.8680447653593742	0.7491594697899957	0.7582576216052	0.8797062716763105	0.9624063154551814	0.7643243191111132	0.7754409145409573	0.880911826736249	0.8838599255242529	0.7488425810313833	0.8839305366063349	0.7539971900233774	0.8825934038227118	0.8542456376990156
scaffoldsARL071169	0.7520355128326217	0.8541751412217475	0.8703692274854158	0.7641751105343394	0.7577846282680811	0.9939290077499344	0.8691703727394888	0.9941571174840144	0.9925245473692538	0.7520706328664187	0.7431177520177823	0.9937646596306122	0.984775976805775	0.9864276413078428	0.7508022199953014	0.733830378420069	0.7501492601436375	0.9258541072879526	0.8690019329657437	0.747545263074626	0.7616652215170558	0.7502484827633943	0.855698600551896	0.7627068885389009	0.9942444061117042	0.9881342021734186	0.3086999825081773	0.7397472516868698	0.8554476457472878	0.7498434089755214	0.755347707088007	0.8190615858775183	0.9938014845204189	0.8518302822661901	0.7608073379730421	0.4964342936559921	0.756503940433695	0.7487891260192056	0.7466420303607577	0.8560549154578954	0.7443629788471695	0.8562574523518318	0.994453762429679	0.8569056386066689	0.7378153088568292	0.7353190586876223	0.7404100997033891	0.7617879711497446	0.9935825810087906	0.8656890567679545	1.0	0.7587731037824277	0.749978433571479	0.9871678897871965	0.7448103330640797	0.9829354142578473	0.7505410360546358	0.7445713122515385	0.756523375792204	0.8564214594999521	0.751971410246662	0.7359191680029896	0.9909976783270862	0.7427471163213026	0.9924553302152653	0.7558243848282817	0.8516389974219167	0.8334546622526808	0.9917573621649489	0.7398157868984544	0.7489340387800186	0.8564562385625473	0.7478084928425031	0.7570559728095925	0.8691884442131902	0.9902857304574912	0.8853665048303685	0.7522370268129525	0.754691678495526	0.7445020950975502	0.8564657857562008	0.8701025880055197	0.7388198100176657	0.9931567079776009	0.7518609355772421	0.8691911719828055	0.7503480463543529	0.7442821686723161	0.7565240577346078	0.7353916855536299	0.8554769692706524	0.8630383466442808	0.9858950442904543	0.9874000911756994	0.7498880762029719	0.9869114794433577	0.749954906558547	0.9860457535616999	0.7232377670614317	0.8572408132981496	0.7453286092909879	0.994182349352956	0.7400899277447927	0.8580758517716353	0.8233963527674416	0.8357228026878077	0.7408577948915013	0.7472864659323738	0.9871637981327736	0.8685153670606134	0.7503787337625252	0.7481675355181177	0.9884369846007176	0.9945512801934261	0.741078744230341	0.9924996564715141	0.7430577410862456	0.9936463426235483	0.8417883393986427
scaffoldsTV104	0.9231278216688249	0.8410535215601742	0.8403626591721551	0.8846710786359049	0.8716526997257393	0.8425011871236591	0.8412657447841405	0.8427577498426327	0.8419581230523309	0.8907334624105299	0.8542223515773302	0.8420452861621741	0.8410709541821428	0.8432754229210935	0.8803561257286173	0.8815135002393196	0.8727528497599794	0.8206740285387181	0.8375150782705778	0.8680839388327192	0.8949726213092581	0.8787735468298966	0.8415753633091058	0.8809026005303306	0.841752342319092	0.8426978725758707	0.3067906505058682	0.8640444971465451	0.8432181984446312	0.863534782438983	0.8805262832778332	0.8120024360194351	0.8422332553034015	0.8340315856371869	0.8940881052293698	0.5426328034195225	0.8768889288070667	0.8633782678113078	0.8651586690723685	0.8423348192748712	0.8554930381308288	0.8430268185730186	0.842359452327653	0.8403960085359212	0.7944163311834362	0.8819508316687075	0.8855298247528831	0.8956020905503441	0.8440261625758746	0.8411141567670217	0.8419107517969812	1.0	0.8720805569040573	0.8419797243447703	0.8624520650267117	0.840009838062311	0.8804269931266203	0.8764853257114879	0.8784165570495818	0.8435638191236621	0.9235170239027775	0.8576656733861845	0.8426902931750148	0.8728813206044875	0.8417474157085356	0.877254634898366	0.8316770447612887	0.8176540162676681	0.8424064446129598	0.8737188443990691	0.8675427696116049	0.8421877788982659	0.8664380719368515	0.8847245134119393	0.839709314818373	0.8430317451835749	0.8456959045844386	0.893512449734361	0.8552936998883175	0.8593024450010252	0.8427998155173831	0.84185504320069	0.866995536869806	0.8422226441422032	0.8574178269781952	0.8407230596828551	0.873494873103776	0.8837971737172148	0.9138976273064591	0.8834337414461724	0.8419338689695918	0.8330155669524479	0.842383706410392	0.8424386570665976	0.8641233229154469	0.8416890543219449	0.8722078908384371	0.8418179041364959	0.8195969956770888	0.8447261202449208	0.8683492178626772	0.8424102343133878	0.8814577916430284	0.8443748150152479	0.8279836027241883	0.8329810806785535	0.886434047274997	0.8672630897200208	0.8412543756828567	0.8393326185958326	0.8727880939739594	0.8641881267927651	0.8422351501536155	0.8426785451036881	0.8849086928527387	0.8425159669553282	0.855416107212141	0.842068024364742	0.8224877791635449
scaffolds127VP	0.868219829835783	0.8434272250609897	0.8512955753662415	0.8739630238739668	0.8586075087084755	0.8445700228180263	0.8499908212061997	0.8445150259130245	0.8435038414389922	0.8674396323627581	0.8329812267116554	0.8439699876200071	0.8433202655629862	0.843907404935005	0.8783165030161061	0.8506712656722215	0.9812039543153985	0.8225917424233229	0.8482347131361435	0.8540480756393295	0.8797248030731512	0.877469929968079	0.8429633546139749	0.8820547754002257	0.8444114800160212	0.8443185542110182	0.31874271765119977	0.8433506086829872	0.8431177252369798	0.8780115546600964	0.8700787252248425	0.8177102929931668	0.8439586089500066	0.8463875757060844	0.8796853570171499	0.5454934398174558	0.860092804432523	0.8771801531720698	0.8439263693850056	0.8430650040659781	0.8328856458836523	0.8436468333919968	0.8444869585270236	0.8435265987789928	0.7787307624619194	0.8518705774902599	0.8513793982352441	0.878594142564115	0.8448859705550363	0.8474871345171195	0.8442927625590174	0.8799478250051583	1.0	0.8436377304559964	0.8486830327341579	0.842062922527946	0.8580226450704568	0.8747299462319914	0.8614760714155673	0.8424653481569588	0.8681845559587819	0.8335209549586726	0.8436730043329975	0.8591464783774927	0.8434135706569892	0.8610467162675535	0.8275433603184814	0.8340212371496887	0.8443580002670195	0.85250285225328	0.8508165333592261	0.843468188272991	0.8531392991953004	0.8701693752958454	0.850342042820211	0.8444012392130208	0.8571449703244286	0.8594176700125014	0.8381691416538214	0.8511283089172361	0.8431643777839812	0.8513900183272445	0.8440670856040101	0.8441004630360112	0.8575417066184413	0.8506633006032213	0.9797387609083517	0.8759486017890303	0.8786347264871163	0.8529481375392943	0.8428723252539719	0.845093441638043	0.8439718840650071	0.844217284048015	0.8775245475840808	0.8440344667500091	0.9746103943391875	0.8435190129989926	0.8153841135560923	0.8441702522120135	0.8663946911677246	0.8447429786020317	0.8483997038511488	0.8450153081040405	0.8357845517107451	0.8394674479008629	0.8519392287992621	0.8520367060722652	0.843937368766006	0.8506826443422218	0.9791451736233326	0.878877471447124	0.8447073254360307	0.844750185093032	0.8512955753662415	0.8444592704300227	0.8311014704275953	0.8440515347550096	0.82562681300142
scaffoldsARL08105	0.7553476325252299	0.8590258551294402	0.8744823199741473	0.7675468041001114	0.76108190798909	0.9934165322454899	0.8728761197052707	0.9942551010651914	0.9919864759787901	0.7557797679080022	0.7472138233974751	0.9914604428205384	0.9898083217417557	0.9937321521404409	0.7549655302636985	0.7376667499409711	0.754187275343575	0.9330974922782788	0.8724282204623814	0.7536105236788601	0.7633673250134421	0.7540145582675106	0.8589706816190307	0.765410115669037	0.9931403220008314	0.9951879103529837	0.3091073645670233	0.7443262954551764	0.8584744627179568	0.7556238427698885	0.7579887644800479	0.8235119344415327	0.9933678698946939	0.8562466180522929	0.7634687620263688	0.4939112090298132	0.7591628293661523	0.7544854179153528	0.7521064458081326	0.859021400125494	0.74745028129923	0.8590697197836787	0.9936492205285211	0.8597410546090957	0.7383137535909902	0.738726698187533	0.7444825632859012	0.7635763675062979	0.9922267034992686	0.8691548206398276	0.9927469108831292	0.7624687849867737	0.7538360154170552	1.0	0.750151727153626	0.988424186284962	0.7547893862615217	0.748803231728401	0.7596669301972847	0.8589573166071923	0.7549624460301974	0.7403414657716907	0.9903970676478642	0.7450298433860497	0.9906314693939515	0.7593084737259288	0.8553984538394767	0.834706331280262	0.9920759187503234	0.7432217971691534	0.7541848764952964	0.8590145462732692	0.7534463739180766	0.7608128942892676	0.8733699397580659	0.991356606959333	0.8907341743695398	0.7573640358497594	0.7577149530836681	0.7488628602427566	0.8594706701388282	0.8740728023037168	0.7435919051892914	0.9927287481747334	0.7554192552809789	0.8729007935732799	0.7542136626746404	0.7487950071057313	0.760812208904045	0.7388157982664552	0.8576780450894377	0.8669561048461191	0.9931231873702694	0.9945981363690416	0.7552218643369052	0.9911242613689131	0.7539888563216678	0.9931893270442386	0.7284969810494413	0.8611090835131613	0.7504025781450528	0.9928774767680112	0.7439931982370521	0.8611293023772244	0.8288123610595645	0.838202481300121	0.7450209333781576	0.7524419418745354	0.9928092809383746	0.8724234227658241	0.7539638397610473	0.7540604790774167	0.995780768570427	0.9936098108782286	0.7450802191999019	0.9920156048507454	0.7461411955242975	0.9926249123135281	0.8464315589738001
scaffoldsTV76	0.8774349976887895	0.8467454517158318	0.8554575925781108	0.8997457281319612	0.8822877654504615	0.8520085851597833	0.8546531209858688	0.8524367591641239	0.8514321375174115	0.8845800062096845	0.8636556149252321	0.8526415548678274	0.8522702900665954	0.8515831211174955	0.8683287509165479	0.8514917566825728	0.8707893964604798	0.8318414347003672	0.8516322875718817	0.9756943503485398	0.8857150931723667	0.8673113537344439	0.8532292294958465	0.8935786287746867	0.8513678727030168	0.852289646938401	0.30706502592659407	0.8632266666460193	0.8539636292121521	0.8643625278835738	0.8727130823805236	0.8267699342872916	0.8518200492283964	0.8556449670971893	0.8856829607651694	0.5584848524735372	0.8731006069540723	0.8617404460287829	0.9880285490630887	0.8540139570788468	0.8647965089494561	0.8549798649819478	0.852083302684953	0.8542559179764171	0.7894320771239715	0.851368259840453	0.8728598074688103	0.8850163101001834	0.8528684174053894	0.8569840754887029	0.8520914325711113	0.8826656115881074	0.8672679943415992	0.8515103392795063	1.0	0.8517255876939849	0.8611725154100056	0.8763854680994881	0.8738667519401393	0.8542717906112978	0.8765999422390945	0.8602035104074157	0.852379075686143	0.8765937480401167	0.8520693657372529	0.8722500660069329	0.8385509136056355	0.83086817118598	0.8519125750756273	0.8679551632906992	0.9926575513866875	0.8544816191016708	0.9713347956804753	0.8704134860100144	0.8548509482157223	0.8524824413815851	0.8542075257969031	0.8629630260520266	0.856857094409658	0.8804012447242846	0.8552218258795182	0.8551107174353538	0.8821429760493554	0.8513458058691584	0.868504511312543	0.8543708977949426	0.8723696914746917	0.8802955562042258	0.8756533912077992	0.8529110025233618	0.853640369452998	0.8501576810777287	0.8514518815266533	0.8514549786261422	0.8623544460024576	0.8518328247637881	0.869916788679482	0.8515459559236286	0.9150535294932913	0.8563232318852586	0.9319234304093359	0.8513427087696694	0.8676504861284785	0.8560394601445881	0.8392307269434492	0.8384521935594268	0.8733669575101178	0.9727803668669199	0.8512842510168165	0.8551854349605236	0.8713797810505516	0.8644376325461797	0.8520623972634029	0.8526276179201273	0.872483897018345	0.8525153480636547	0.8644368582713075	0.8513070921255471	0.8330833715954166
scaffoldsARL08339	0.754927978404669	0.8590427876361928	0.8719564251769455	0.7664171335765209	0.7633208652538463	0.9893439937985453	0.8710107719404756	0.9912308412609396	0.9891162412599106	0.7550905607891762	0.745435087953983	0.9882487922083936	0.9938705755039111	0.9881369739439434	0.7545174064336662	0.7386560199214871	0.7524580295632399	0.9268118589100464	0.8720541804081366	0.7507560595380808	0.7612752084158679	0.753914411007582	0.8580065821855669	0.7677946248342877	0.9890719941552661	0.989247610570599	0.30822018594073974	0.7420098818533706	0.8569954157941584	0.7507924176240677	0.7556030040011045	0.8235103046018704	0.9893546268236925	0.8587464349353187	0.760899279526796	0.49776757922032483	0.7607768282371988	0.7496052918165151	0.7507927606248789	0.8575702851537244	0.7451414792595984	0.8587217388769125	0.9906484258835272	0.8600512100211117	0.7401892335475373	0.7399103738880343	0.7428944809454474	0.7617780476050826	0.9894753631092338	0.8678486474620513	0.9888895177237094	0.7611764241822432	0.7524415655243024	0.9885187338468056	0.7488115879394055	1.0	0.7551567599457373	0.746889411393458	0.7610453978723659	0.8572458063863321	0.7549080843576195	0.7407153967919134	0.9943713566882586	0.7469099914421298	0.9924310010993176	0.7608927625113834	0.8537032940082904	0.8319172544843069	0.9896139354369573	0.7427411595828424	0.7525599008041653	0.8585378904421109	0.750975923058058	0.7602194519190038	0.8706355290530262	0.9883016143333179	0.8916573627696629	0.754410733181384	0.756260536556169	0.7473775015477911	0.8593658944003403	0.8722575798891764	0.7417100991443845	0.9889721809192079	0.7524401935210577	0.8710310089883363	0.7528332724506893	0.7467899411582108	0.76000919242174	0.7401491024526273	0.857196757270331	0.8638444559921384	0.9874828713969909	0.9883143053633322	0.7509608310223653	0.9883287113974024	0.7525499537806407	0.9875809696289932	0.726321710750846	0.8592722551788835	0.7486682136003252	0.9937632162500064	0.742719550531737	0.8594615916266642	0.8285503585215979	0.8372505740976077	0.7432879028758903	0.750359207599526	0.9948765968831517	0.8699838275117521	0.7527259131967847	0.7497963432683519	0.989745647748457	0.9899226361670346	0.7435581875151135	0.9893306167669087	0.7448739386268649	0.9887416843740835	0.8497351176235531
scaffoldsIV28	0.8890737900992725	0.8613562079853428	0.8594974755075481	0.8757767039119709	0.8828879068313717	0.8569951429389555	0.8587166768345204	0.857755901369635	0.8572067216514393	0.8688026995748	0.8484217731066884	0.857365887422397	0.858902819854793	0.8571955453624375	0.8664957593691024	0.8608401717448769	0.8730994046121077	0.8353497542565282	0.857892714562589	0.8624445473005601	0.8758472301494655	0.8643371940346365	0.8595980621085649	0.8815737294004614	0.8568467680677236	0.8573431494551174	0.3117344482902012	0.859113627788725	0.8613858829595893	0.872492416502523	0.8717042954332527	0.837929550069582	0.8571720366166059	0.8578376038961314	0.8762044860082496	0.5597124071067324	0.873192283427606	0.8729918810041241	0.8566968516393881	0.86068755759161	0.8497293989199081	0.860892199297127	0.857634503747718	0.8611588886760684	0.7996241683781162	0.8623936759161378	0.8634261337863456	0.8759011846480953	0.8579855933780873	0.8604012133595963	0.8572333135114782	0.8947659897047109	0.8719212695955995	0.8568941709486627	0.8573547111333952	0.8582291594004731	1.0	0.8655611903749799	0.8737680550058405	0.8630357344498317	0.8892491422198191	0.8523569830031767	0.8582549804819601	0.8602482138170534	0.8587694751653223	0.873155286057117	0.8518667678441979	0.8426305284573369	0.8566085974952009	0.8553969336116871	0.8603703822175222	0.8593995866314627	0.8622464572127337	0.8716942753120785	0.8587421125267316	0.8565276657472564	0.8682138247611839	0.8727668136669828	0.8727614182171198	0.8557248998855008	0.8595036417359628	0.8597684041685245	0.8581524669345636	0.8569747173073313	0.8691086986598858	0.8580414748230967	0.8726373228702714	0.8647973488300931	0.8797681806427445	0.8629794676155464	0.8597472077583486	0.8520066641513593	0.8563311172165337	0.8569315537084276	0.8734620559207548	0.8562328429511723	0.8724943434489025	0.857002850724474	0.8236597413498413	0.8628657777791481	0.8551722516638218	0.8588103264285706	0.8593814733354941	0.8629752283335113	0.8520097472655668	0.8541251490011288	0.8639995930289246	0.8625489877943362	0.8586950950350685	0.8580742329115505	0.8718538264723122	0.8728041964267477	0.8569176796944942	0.8575882570346068	0.8634635165461105	0.8572618323178969	0.8490121894774083	0.8566687182222456	0.8350857626025183
scaffoldsTV111	0.8965183553055068	0.8513147326681071	0.8537258051655838	0.8825637724591656	0.8793611960848756	0.8517713545606764	0.8535651707178571	0.8536375145611432	0.8526091429393771	0.8840355418301048	0.862800290153264	0.8528339533771156	0.8528234518514773	0.8522474237229464	0.898229715039157	0.8723220623440572	0.8968252332213819	0.8391846926650733	0.8528545674829983	0.8780002761512298	0.9008986583328633	0.8978357133550235	0.8470137745011289	0.8895772358039793	0.8530572080332781	0.852951414886107	0.31493219709418896	0.8683832123389037	0.8477854421628476	0.8894531622232896	0.8894344928443771	0.8387288486632919	0.8523497163615714	0.8532186203717929	0.9002281164735877	0.5464826695656063	0.8712314594592492	0.8877254667830909	0.8753114966424289	0.8487861986616388	0.8631079459599269	0.8483070179362169	0.8534496539358357	0.8463136727919084	0.7937652053339971	0.8725422054370676	0.8889397543031946	0.8998792324551594	0.8534912710929949	0.8532664606552564	0.8536499608137516	0.8985171456853315	0.8932072631662877	0.8521396858488053	0.8777074002695392	0.8512762270740999	0.8710105384754507	1.0	0.8708246225771132	0.8476154730256645	0.8970259290446918	0.8606645909947473	0.8528028377455947	0.8783289350091694	0.8523119886583523	0.8701579701717778	0.8376016849114468	0.8406556841452244	0.8526371470077458	0.8799446141758928	0.8797069685401518	0.8466123828545091	0.8781274612950715	0.8794444303991941	0.8531641680166313	0.852707546124062	0.8562706748786004	0.874633564820667	0.865359550845859	0.8709311936150724	0.8474369470898133	0.8540478519518252	0.8725142013686988	0.8519872192543528	0.8716153485631385	0.853051373852368	0.8976264607330454	0.873610638434417	0.8921372743873623	0.8740248652790391	0.8480615933925957	0.8478772332758342	0.8513431256818699	0.8524302280581317	0.8881809218394784	0.8521354074494711	0.8962040874271456	0.8514321941770985	0.8459418409952335	0.8483486350933761	0.8731571281049997	0.8526604837313866	0.8843365855650696	0.8494124007459972	0.8455882896320771	0.8482953495743965	0.8891186691844398	0.8770244121576551	0.8527056013970918	0.8533660306761233	0.8966140358724337	0.8905068152956666	0.8520793993127335	0.8530793779207368	0.8879094379544584	0.852709879796426	0.8631192253763533	0.8527686105509217	0.8341085663278304
scaffoldsTV52	0.8767748765817508	0.8665880719606923	0.8635608831045943	0.8827737984898958	0.8654960192039959	0.8608536315795597	0.8629252742735484	0.8622190853282558	0.8602568030310669	0.8826671527128747	0.8776334720374772	0.8611006619794231	0.8601966935931096	0.8612449246305208	0.8750445003742298	0.8505811225340588	0.8769819632905845	0.839736604320899	0.8619150479130391	0.8727448296188286	0.8850218914695013	0.8755420513993865	0.8518143355192486	0.8754885346094632	0.8616226445825884	0.8610855376692275	0.31192765150486884	0.891165076028744	0.8534787852464293	0.8913593652443351	0.8773666636935117	0.8406359190733064	0.8615555546937715	0.8479169171226582	0.887205221377243	0.5687636458119234	0.9955076920690444	0.8903057049673664	0.8702314795065597	0.8536614403772546	0.8794712696276705	0.8535315264307016	0.8615598205248524	0.851837215885955	0.8057658524100006	0.8513334600155896	0.8723628438356802	0.8859960521672361	0.8635469222028752	0.8662700736437565	0.8616300128362735	0.8914757060919946	0.8775970185718773	0.8605015066139772	0.8665632525798583	0.8618553262779073	0.8684309109876175	0.8657810542807615	1.0	0.8539065317629905	0.8765677898729171	0.8784963333242846	0.860943601835083	0.8763548861217003	0.8605232235722069	0.9944183539321267	0.8461062657302522	0.8494363285930902	0.8613721239572951	0.8733971139713724	0.8695846243935733	0.8515537320204914	0.8722565858614846	0.8720809111815189	0.8634173960591477	0.8618146069812265	0.8703439423259638	0.8613981067466058	0.8686612658659831	0.8607062665058578	0.8520617537219376	0.8643826372918954	0.8895545308943121	0.860752415042096	0.8934232518818133	0.8627123705223316	0.8771902134078949	0.8821699894905435	0.8721394694081741	0.8525383633945157	0.85298666346083	0.8557109783101879	0.8607299224782152	0.8604212314290922	0.8926189488216612	0.8607314736895173	0.876598426296134	0.8597375350476804	0.8367501347614819	0.8548236854453721	0.8662468054742247	0.8618297312914222	0.8678398994815076	0.8560146279225791	0.8597305545968208	0.8639998759030958	0.8723589658074249	0.8731931296851428	0.8610207745973637	0.863025715205361	0.8763901761788236	0.8946285430635648	0.8602618444677987	0.8617661316280351	0.8713084079530603	0.8617614779941286	0.8783559487014423	0.8611324618111168	0.8391905779425509
scaffoldsARL081074	0.7289768050438894	0.8449035176149264	0.8478701408657077	0.7486584889216561	0.7518468878965153	0.8342257955333905	0.8463535131562067	0.8342652444290037	0.8339019167853725	0.7287066298344373	0.7245585287352054	0.8339765050333807	0.8292787714221592	0.8332574743225812	0.7204492135249378	0.7128620969375391	0.7328563884502916	0.8071522505263444	0.8463558336794781	0.7304072418890253	0.7292105148876485	0.7199784788041746	0.9910782510282404	0.7536360113387397	0.833393059182294	0.833446099714211	0.2850971685969553	0.7210104486532843	0.9897900291093069	0.7398149747344741	0.7252616472864298	0.8113570386940625	0.832805966794638	0.8317173098770421	0.7290086293630396	0.4822272780162576	0.7316401027527705	0.7374082605987414	0.7249805324672699	0.9896972081784522	0.725828186467968	0.9937455267770153	0.8348811776058896	0.9895258209596955	0.7184741167176795	0.7135907412447485	0.7189312598021389	0.7293069823550725	0.8359240870647071	0.8295118182592695	0.8328954726922478	0.7368950934524446	0.7322968108385675	0.8318903546124212	0.7268667863835673	0.8307917525950909	0.7320498408618291	0.7219794328707425	0.7324738336138404	1.0	0.728264735902904	0.7228015611154557	0.831280388495376	0.7212809553660608	0.8333277530273713	0.7313115829582097	0.8716674385169072	0.8178856651663932	0.8340580548512031	0.7194543720481701	0.7307669229960873	0.9913716314704062	0.7301957427680064	0.7230239998461825	0.8474743258962772	0.8333555993066276	0.840572426680581	0.7290603438816586	0.7242498991401135	0.7204737447709494	0.9914339540954087	0.8484661838431247	0.7214748848108823	0.8326534752653767	0.7284543558045072	0.8471623812679405	0.7317843066989197	0.71973548686733	0.7342427353532714	0.7141914252687083	0.9910149338932646	0.8417297047863445	0.8316036042367451	0.83294519819092	0.7387637776925446	0.8305580427513317	0.7316517053691273	0.8309899915831306	0.7094592153117407	0.9953377372444979	0.7261142738369952	0.8340202634722123	0.7171613635527344	0.9963097049918765	0.8203537074171549	0.82479353144193	0.7189004299929622	0.7292257640405747	0.8302809059720655	0.846067757290504	0.7319235380952018	0.7376114721366483	0.8324691594169652	0.8354251745613631	0.7182937789091618	0.8343192794708941	0.724575435404754	0.8331450946955822	0.8029501143852221
scaffolds109A	0.9950234636429038	0.8549284132738179	0.8562725206905963	0.897599358928317	0.8865991869353691	0.856760545827191	0.8555554304540886	0.8577963859739168	0.8562507789184012	0.8914596377587805	0.8758137149428482	0.8567966526988722	0.8566662020657013	0.8567236624636456	0.8906412153340061	0.898366921135992	0.886232682775508	0.8399533794284787	0.8549443313570321	0.8810418346639168	0.9014317345236436	0.8899788677739182	0.8585530772954943	0.8987683674297382	0.8575673208740037	0.8567011441995863	0.31806387965618493	0.8800556899964941	0.8582358803690044	0.8860933024858999	0.8868829947117022	0.8344736763434377	0.8575145194272441	0.8504771736627936	0.9011339498937565	0.5558012289536733	0.8842716525726922	0.8852360554679198	0.8763727890850092	0.858840767531148	0.8753443256109923	0.8581229008027761	0.8577117483607286	0.858163666625642	0.7993230543928669	0.8984868891289974	0.9012457647221886	0.9007002791876497	0.8569837872381233	0.8555519362407	0.857797162465781	0.9441135510642403	0.88348196034689	0.8566545546877397	0.876240008976246	0.8561164458259097	0.8952858014191942	0.8946653844197684	0.8847872431704629	0.857776585431382	1.0	0.8737556232570184	0.8570598834408063	0.8881098518569998	0.8569201149052661	0.8848260677636685	0.8484315058467896	0.836002977069807	0.8568820668039245	0.8823319758961395	0.8802560248974352	0.8591191398644323	0.8821817247204338	0.8913555878489894	0.8562628145422949	0.857161992120937	0.8612059617492343	0.8923083433662553	0.8743791462239007	0.8768181071690776	0.8591051630108782	0.8568350890461457	0.882100193074702	0.8568016998959889	0.8716171646632529	0.8560201608347598	0.8858490957946366	0.8905356124404867	0.9375246293513149	0.9006734902183379	0.8581760904954678	0.8493539781813552	0.8565411868755792	0.8569857284677835	0.8855419932623801	0.8564549962786627	0.885990029067973	0.8565648698774346	0.8414143488708061	0.8595632932107046	0.8799873587124523	0.8576368168958418	0.8964649043148488	0.8604108340803832	0.8471817421915008	0.8487747152507272	0.9014002866031471	0.8813819381003981	0.8574733653584461	0.8560193843428957	0.8859810994115357	0.885727963063835	0.8577206780171659	0.8576476877819393	0.8994726455504881	0.8567356980875394	0.8747076022824202	0.8568828432957887	0.8377271772540685
scaffoldsTV41	0.887396881283766	0.8591468013711896	0.8581909997181408	0.905215023879295	0.8860328562723105	0.8581441544147171	0.8575473688685796	0.858736609722723	0.8586744117568327	0.8997762447859996	0.955350914625025	0.8587247999823642	0.85870393610773	0.8585401743747529	0.880925143567077	0.8747899834506172	0.8771192579074085	0.8479149509738312	0.8558656618414692	0.8814908301302693	0.9008647091890802	0.8800185491655238	0.8652921965959605	0.896551792010002	0.8577890748879256	0.8587055107397779	0.3131769933660752	0.9477462291499034	0.8664271126444528	0.8933025387792508	0.8890655975964816	0.8473516263587106	0.858014247270769	0.8657102614046662	0.898677545274608	0.5638304656659355	0.9000171634893216	0.8918586011913666	0.8810597746071687	0.8658252095441598	0.9547139759616672	0.8665656802646642	0.858517342210059	0.8655283914031389	0.8042547345249099	0.8759154517068224	0.8861249722471102	0.9012575798850204	0.8589637503956263	0.8606403398685812	0.8581941489822366	0.8914787212098213	0.8750375943401426	0.8581795836357939	0.8770495804392908	0.858430343789415	0.8687996894825601	0.8764838938760985	0.900879274535523	0.8659019728564927	0.8873779856991918	1.0	0.8591223945744478	0.895698341440064	0.8585197041581308	0.8998360808038182	0.8502792609936873	0.847850391059869	0.8580677847603961	0.8981327225860497	0.880925143567077	0.865702388244427	0.8820651771697249	0.878067186400218	0.8577032574413174	0.8580299935912475	0.8663223996132704	0.870071992177228	0.874878556503309	0.8813884790471587	0.8662672874915954	0.8590133513051338	0.9466502852445955	0.8574178553826435	0.895435377888072	0.8582752425327012	0.877387339013556	0.8761788089168263	0.8901469761553469	0.8773282903117614	0.865844498786746	0.8537446324730069	0.8584775827508507	0.8578898513389883	0.8939071974856275	0.8572710209441808	0.8767007994406907	0.8579138644777182	0.8555566403020775	0.8672719027381277	0.8836854735469689	0.8581661992633871	0.8825041058530648	0.8666451991830809	0.8506587473172207	0.8588759646589583	0.8868863068422487	0.8819565275584228	0.8585374187686692	0.8579760624436085	0.876632302946609	0.8929659611790215	0.8585228534222266	0.858912968512083	0.8851270491867813	0.8581543895230282	0.9546513843377649	0.8577229403419157	0.8475874275078771
scaffoldsARL08484	0.753346103090481	0.8533025914935168	0.8700708987085432	0.7641967650251196	0.7608721113134238	0.9903596958682368	0.8687117571194914	0.9925832814689625	0.9900451049793881	0.7519648311899843	0.7426929116271975	0.9902197642066386	0.9889484629307069	0.9840433645155096	0.7525443048835129	0.7352193352190628	0.7511201342254459	0.9244168152234753	0.8689756185251816	0.7465299671654272	0.761779113616338	0.7517292284896777	0.8540012284025184	0.7646151981445947	0.9909987511695019	0.986267631048895	0.3071884699034574	0.7388701556748247	0.8528157246417273	0.7507943079477098	0.7555216829386875	0.8177000273734929	0.990526524369899	0.8533826010810487	0.7611601458285384	0.49594402461163006	0.7559431802551319	0.7495866738754737	0.7460706780863613	0.8536512290153577	0.74316718122478	0.8546304101802157	0.99166844844046	0.8563368274257885	0.7377738540924734	0.7372274056329473	0.7412629530415219	0.7618080532543815	0.9907692768631339	0.8656359842949691	0.9908812902856785	0.7599075702007526	0.750330933272685	0.9849929251096642	0.7446185891892407	0.9882144175233935	0.752904858726901	0.7446121203289722	0.7564205140496836	0.8544264708485919	0.7530335549996119	0.7359411238384991	1.0	0.7437687852297535	0.9952287048524623	0.7563388021305021	0.8517071662714988	0.8309591481260052	0.9899667977235059	0.740332118095513	0.7481151783975476	0.8542201482526587	0.7470386238623318	0.7584718236874682	0.8679276631616792	0.9886965178465641	0.8890886669653691	0.7533028638665807	0.754157093888357	0.745538529212692	0.8553137261043706	0.8697603934156536	0.7383969074762321	0.9905629542672006	0.7500755835252428	0.8687417181565247	0.7510064184712517	0.7431532221052531	0.757507623041127	0.7369577562996485	0.8533747703554605	0.8617267498947959	0.9842735197545374	0.9847239567090252	0.7507677515739758	0.9853286249109681	0.7509556889880932	0.9841312048286297	0.7232083640320475	0.8552807008703681	0.745362508120122	0.9956614375577941	0.7410865914826219	0.8558935402642291	0.823655464416502	0.8345415348494526	0.7418219987552551	0.7464165918775628	0.9905469523496944	0.8670536860927676	0.750859677483055	0.7494617227323921	0.9857497817610825	0.991178857858031	0.7417450533646925	0.9914120772940281	0.7430136309099847	0.9906841602806532	0.8441338332286967
scaffoldsTV45	0.9028254820064238	0.8631716945266387	0.8684535453554443	0.9146914712412152	0.8912384415063074	0.8681062423274282	0.8681406170298598	0.8695902812048215	0.867922910581126	0.9114499763130642	0.9002726664614721	0.8684531502439221	0.8681113787772168	0.8681086129965614	0.8988755521189633	0.8857776051579439	0.8947987914328759	0.8572861132919072	0.8671066101762553	0.897214108168101	0.9185039023189491	0.8988842445724518	0.8696060856657096	0.9027061583267185	0.8685207143142187	0.8684104781995242	0.3148774107235638	0.9046441803431228	0.8708005077973283	0.8965009318705252	0.9077529177998136	0.8529165749678675	0.8680777942978295	0.8730755599421715	0.9173134313025523	0.5650383198909809	0.9012750643933003	0.8948051132172311	0.8934799091717632	0.8711082996731242	0.9020664727722724	0.8712319695795737	0.8687988728258494	0.8698648837127524	0.814047478971177	0.8852860864243237	0.9034821573563246	0.918234831372329	0.8700411034516548	0.8706669601028239	0.8691003429172901	0.9141071012998774	0.8931132456791592	0.8681635334981476	0.8917335162436274	0.867591412013998	0.880037424963383	0.8975677329804724	0.9021936986824216	0.8695519553871678	0.9028859340693207	0.900880743094142	0.8683978346308138	1.0	0.8677506419574457	0.8996815796242569	0.8622416020033734	0.8595797356782938	0.8692018865784962	0.9027997997574806	0.8958059307029705	0.8712564664939503	0.8968474446754969	0.8926078980422619	0.8684760667122099	0.8679545195029023	0.87877227786929	0.8870490740363921	0.8835914531055963	0.8890420165543825	0.8709676399712201	0.8679205399119928	0.9079678584678919	0.8674716932227706	0.8839265076764242	0.8684535453554443	0.8948481803731512	0.9062985122865854	0.900139908990012	0.8868242555802588	0.8707013348052555	0.8634561748226246	0.8686522864511123	0.8682583602634761	0.8959307859439867	0.8677044139093479	0.8942065192610941	0.8677300961582911	0.8656427219864943	0.8712062873306305	0.893837880210879	0.8685128120837747	0.8983990476231869	0.8722683471023114	0.8590562129113753	0.8668691481514115	0.9036765522252483	0.8970228741913548	0.8691268153892777	0.8675503204156889	0.8948695163953502	0.897214108168101	0.8675898315679093	0.8694215685848409	0.9033276687511433	0.8684642133665438	0.9004050288214099	0.8685578547973059	0.8534318003928199
scaffoldsARL08288	0.6230802319989927	0.7081141334982983	0.7212152762812327	0.633664080355103	0.6302123784065943	0.8223994694976651	0.7199957857291154	0.8226321558446388	0.821996071375551	0.6227143003225777	0.6145299947068081	0.823060062092887	0.819462438197971	0.8160608793121273	0.6222213207739047	0.6080488630060541	0.6214638224845437	0.766444037102486	0.7209834350420568	0.6199381212070506	0.6302377316405261	0.6215891801412062	0.7095254635204994	0.6334071675845946	0.822063679999369	0.8178232107729835	0.25861678953125533	0.611900582645486	0.7089043092891714	0.6209319679771753	0.6250329944169362	0.6786750850671424	0.821977479004001	0.7082141379210292	0.6296151688962018	0.4125475408349045	0.626306571868108	0.6196020500061552	0.6197840298852654	0.7099570319025377	0.6160855564598209	0.7107528417453955	0.8231133038841436	0.7121844543547419	0.6113599953575412	0.608933409167673	0.6131668358290775	0.6300571602744122	0.8223456643012099	0.7169164946168042	0.8223763698845273	0.6287810474998472	0.6206919573626214	0.8164769540512073	0.6182445251804094	0.8185725396869664	0.6227796553256018	0.6162692265545265	0.6262299487611143	0.7103719798312207	0.6224269636713511	0.6087263577572304	0.8253632625442872	0.6168157295970554	1.0	0.6260536029339889	0.7061943302844661	0.6906246276243766	0.8206675619175271	0.6130313368788423	0.6209037977172511	0.7099826668390686	0.6196854339755308	0.6277128312435226	0.719674926468579	0.8195362442789723	0.7376805115043116	0.6223328750032043	0.6256189358233589	0.617392093115104	0.7102328187471953	0.7200904378024605	0.6111718180212476	0.8212011066404908	0.6216798883781621	0.7197554934119622	0.6213638180618128	0.6167768546383601	0.6277026899499499	0.6090891907050537	0.7094133458860011	0.7145625876975404	0.8160411601301804	0.8169693701946819	0.6205505426578021	0.8173150192839514	0.6212993081665865	0.8162783537187419	0.5997811734209091	0.7108260844211983	0.617832675980318	0.8263486582364347	0.6125789225044601	0.7105142396438378	0.6840215186981509	0.6936689876143818	0.6136040382631006	0.6192651336974622	0.8209520815427612	0.7195566113768975	0.6213505780396485	0.6196423334778468	0.817720107621661	0.8228611800578223	0.6132657134414113	0.8223648200779584	0.6152680555168214	0.822472712173468	0.7010904425914047
scaffoldsTV4	0.8772345360345565	0.866518523912518	0.8628771868938206	0.8815602941267608	0.8633671657608191	0.8608843479446452	0.8620843119999504	0.862135827564623	0.8605671205200826	0.8800764134631474	0.876046192031433	0.8611117136323354	0.8609916397597903	0.8616838075347517	0.8741505741855118	0.8509875495014223	0.8783461876932802	0.8391641464064601	0.8610388946386629	0.8709628065369766	0.8825592312793212	0.8742969868430023	0.8528746459757436	0.8731241362427878	0.8617969093759877	0.8609447722159904	0.30744295329048893	0.8920005236770183	0.8533072992519785	0.8894286187941175	0.8748961942005095	0.8416628449606157	0.8617608872142242	0.8473032182896523	0.884046985293662	0.5650850742753736	0.9908019540279749	0.8887670504899013	0.8676600003718417	0.8532124021591606	0.8777353602835912	0.8538786184842494	0.8619754708445144	0.8521627241120731	0.8046475560706251	0.8536791409217955	0.8704286714716873	0.883290519896628	0.8634120966292552	0.8659576627272108	0.8617705705910423	0.8897082747166256	0.8790608209024597	0.8606875817277003	0.8647828754516327	0.8619758581795871	0.867355555004679	0.8633408269758737	0.9913693999095186	0.854143555673994	0.8766198352741402	0.8765233888410315	0.861781028638006	0.8730152950873518	0.8602065115673746	1.0	0.845213932907368	0.8484040245663397	0.8613576714035164	0.8701741923289064	0.8680209966596223	0.8515100645145297	0.8710015400442491	0.8705452593285778	0.8627315489064756	0.8618964544896783	0.8700320403572159	0.8586916440979431	0.8651314770170861	0.8607212798790275	0.8521503293897459	0.8638614053136174	0.8901424773331515	0.861267809666644	0.889606018257426	0.8621850191188591	0.8770346711370298	0.8800977168921473	0.8699847854783433	0.8533282153459057	0.852627913534417	0.8559814605940791	0.8603076060213561	0.8611411510978625	0.8912947991745115	0.8614823932969342	0.8775567988150645	0.8606472988801368	0.8342027714599124	0.8550077002212458	0.864287473893616	0.8617593378739333	0.8655823350417392	0.8554453888534262	0.8600368588055206	0.8627470423093847	0.8714899695709567	0.8712606672079029	0.8608386424060634	0.8628585948103298	0.8756708643459615	0.8924707484553077	0.8611016429204444	0.861728738403188	0.8691047601931098	0.8621873431292956	0.8772089719197566	0.861488203323025	0.8384003216430443
scaffoldsARL08983	0.7722590724198155	0.8573982066237171	0.8762366347439476	0.7817049358086501	0.7871399869824206	0.8839924718293652	0.8753351461936287	0.8847308876661966	0.8837658642924409	0.7666298870633216	0.7588186334930175	0.8833214734996252	0.8813081255391636	0.883796219819194	0.7621397399025517	0.7465860621539999	0.7659122965297279	0.8580476737077369	0.8755606948168291	0.7667128353050306	0.772999959055336	0.7615647497504493	0.9308765828995317	0.790754765464729	0.8839592925326816	0.883176755290686	0.30201525400516466	0.7540129300425119	0.9295974151210056	0.7752409734664458	0.7730589052526357	0.8413538988497373	0.8839204656961369	0.8639705311370051	0.7732745706810792	0.5036066601437581	0.7686432350237832	0.775075429954269	0.7562963010025795	0.9290185422852487	0.7604825399245772	0.931595938289332	0.8846094655591841	0.9327332116288494	0.7506893528342885	0.7482171422601173	0.7589810002640225	0.7727744104321357	0.8850824470225463	0.8880918798259992	0.8834171287060215	0.7816156340845973	0.7671071041815797	0.8829727379132057	0.7611037693092918	0.8801768527107485	0.7771632548466482	0.7608535126991993	0.7697070903451071	0.9297251907103616	0.7724673254521914	0.7561882918027371	0.8823458609886301	0.7630292274306658	0.8836027915789533	0.7697748608234396	1.0	0.8730976614949321	0.8842607299727647	0.7566859812529915	0.7654435507212615	0.9302521767736452	0.7673125334440252	0.767082749165929	0.8762383996001541	0.8831326338855215	0.8795100900359042	0.7706855266260326	0.7620366723000876	0.756655272754997	0.929698717867263	0.8774642687212416	0.7527828252665286	0.8836186752848125	0.7624888284602124	0.8761522746172733	0.7659797140368191	0.761138713462182	0.7790195306047244	0.7479149988775514	0.9299567398446644	0.8689968416133327	0.881540380615949	0.8822749137691257	0.77629953421915	0.8809219750011648	0.7665116416974811	0.8823543322984216	0.7517122634916198	0.9332319599928276	0.7584360126674319	0.8860785318655378	0.758439542379845	0.933981670909381	0.8381213882217733	0.8761028586434891	0.7594836313116553	0.7669521498066424	0.8822745607978845	0.8744664839687522	0.765567443626963	0.7750027178785581	0.8838346936844974	0.8845166341227182	0.7587300377114474	0.8839970604555023	0.7591550150859908	0.8831178090933863	0.8391714776646858
scaffoldsARL091074a	0.733286744041654	0.876842580388654	0.8790752581586859	0.7598906365735698	0.755638370877086	0.8365886834996297	0.8782654486732604	0.8359269476275544	0.8356947954337501	0.7400559207659797	0.7303215273844277	0.8366305525903011	0.8351566244390223	0.834810778942094	0.7341353590257506	0.7211855556402771	0.744820487124744	0.8180985441810814	0.877367135418936	0.7335440857696832	0.7420564463422074	0.7332339821794257	0.8396730398457584	0.7579707855866846	0.8359940062524509	0.8355770173412923	0.30935369101564203	0.7254875196069888	0.8400682432138034	0.7582631884231624	0.7402942001437846	0.8360059202213411	0.836280622304039	0.8461344957736047	0.741878417607076	0.4893564005925668	0.7470296773561065	0.7566755669687595	0.7285327300553353	0.8406159453836434	0.7339032068319463	0.8406115201951985	0.8361451434578014	0.8432387205350529	0.7261427878959522	0.7225600872511002	0.7251287389438369	0.7415223601368132	0.8369335077992245	0.8544807415798876	0.8361546746329136	0.7394547759356891	0.7444896191887064	0.8348686467909895	0.7284040591913207	0.8328412296849811	0.7389962583329702	0.7357093645157073	0.7471236275107839	0.8373855578188314	0.73228494945754	0.7264828466079909	0.8367721586205394	0.735472106335236	0.8386099734216375	0.7466259640102828	0.8460252276589255	1.0	0.8354728552132805	0.7272432982222997	0.7317515440503681	0.8393050684066053	0.7329660880789508	0.7397764530957257	0.8779505794954469	0.8346735981003006	0.8593797655875561	0.7292125070803015	0.7335975284301338	0.7254245457714261	0.8408504803712257	0.8778937328438848	0.7262609063875213	0.836500860528953	0.7477928521633044	0.8776820045967496	0.7436290902357195	0.7406220044878219	0.7449236280554224	0.7227272232146748	0.840122026273365	0.8779727054376716	0.8334570116770511	0.8358020211537623	0.7578387107315585	0.8351099897607948	0.7443599271273583	0.8345333536665069	0.7149977805977953	0.8406305825454229	0.7262952866977473	0.8388254460589952	0.72153276273365	0.8410822921659187	0.8642021997952158	0.9796015832643458	0.7250640631127184	0.7324922525162302	0.8351181593394623	0.8767673521850899	0.742959865583199	0.7569066979652302	0.8349316206265522	0.8364113355627206	0.7245871639579975	0.8364484390658359	0.7333054659927672	0.8364926909502854	0.8122913353448652
scaffoldsARL071351	0.7518959257902325	0.852569466299524	0.8682269550789468	0.7625244616400021	0.75707849679951	0.9927853880657784	0.8665004509982116	0.9933495606590895	0.9905303970075742	0.7503713003362604	0.7420310621194809	0.990109306740639	0.9830197643933684	0.9871110352838978	0.7508008871783961	0.7330294504890968	0.7515084819610911	0.9255910727503958	0.8659532715553014	0.7480418792793001	0.7604689701675049	0.750363143624068	0.8557128592606892	0.7607361024918076	0.992866955187703	0.9869570773412653	0.30653944008249157	0.73766042383636	0.8546827344833844	0.7497411943193938	0.753921509318024	0.8179119360568142	0.99045562714581	0.8507600356448323	0.7597940022335797	0.49072072029206465	0.7555977136735724	0.7487929765270215	0.7458766120552128	0.8558872089838028	0.7427508919704645	0.8565489222604152	0.9930215928563515	0.8558012236427741	0.7377158215066671	0.7342753882764935	0.7404306472147207	0.760362253182987	0.9926739129991483	0.8639171522742612	0.9904783979673473	0.758819954852598	0.7510421899140894	0.9855163980502739	0.7444454489284459	0.9825344400179176	0.751523435933444	0.7447557438547671	0.7560395355839968	0.8559031825451797	0.7514727963452491	0.7353694072993058	0.9890778225113022	0.7414628111700736	0.989892474141523	0.7554155471012745	0.849339748134322	0.8306275706388269	1.0	0.7383302938251649	0.7487236444733857	0.8569543788289816	0.7482053533861571	0.7570448503617162	0.8670792377008676	0.9907880131676524	0.8863029090234308	0.7527428644062152	0.7546046339641417	0.7437827160628094	0.8572473407418938	0.8680709579582662	0.736843733028091	0.991943887257924	0.7501966107501389	0.8668743003070323	0.7517800325044981	0.7452346108330654	0.755135839845675	0.7347481377206475	0.855055904066189	0.8607339953411579	0.9856377291441366	0.9879049552706295	0.7500161434928809	0.9852801932597008	0.7514918286736982	0.9847156808033818	0.7231557503801368	0.8573105552613852	0.74372086099535	0.9943711888611938	0.7400214521530661	0.8575158325182286	0.822752604880025	0.8361602005463638	0.7409234485763478	0.7471534773763392	0.9856982247595639	0.8649190684219005	0.7516284536029217	0.7485373995449914	0.9874468199358203	0.9934583168216555	0.7412119922701558	0.9934039387403726	0.7411922802156906	0.9922660773895259	0.841462403334464
scaffoldsTV82	0.9017395945433366	0.8629439755215101	0.8607647310826616	0.9031752668426216	0.8800445509782447	0.8632345942384642	0.860714446917739	0.8637014055018003	0.8634737409755762	0.9755773374415893	0.8970912788252986	0.8634535481219459	0.8629772343392542	0.862219012482351	0.9045606549769841	0.8759172900715302	0.894451162197711	0.8525113970841519	0.8575817830368944	0.8895177708990096	0.9076806488320216	0.9027828919809031	0.8632745840074183	0.8896028976349021	0.863501852595336	0.8637726743969661	0.3109956818968296	0.8961038086889453	0.8638150397957591	0.8949555876001625	0.8976998360023535	0.8561896639513218	0.8628881482202969	0.8677027580270552	0.9060228551428031	0.5506199206064508	0.8919812990419085	0.8933001695407828	0.888469326263459	0.8640296383578696	0.8975232475176648	0.8648337890583241	0.8630730514094216	0.8630781986074058	0.7972649373665193	0.8763706394324462	0.9442708914867721	0.9062833825484649	0.86449486586798	0.8635489692538068	0.8634444415408968	0.9084412463187636	0.8924746381717786	0.8632935890461292	0.8844996488027221	0.8632939849844357	0.875211332071082	0.8984279665479643	0.8914071884975171	0.8641484198498127	0.9009255453852203	0.9017209854429322	0.8635861874546156	0.8966213000555106	0.862748777936417	0.8905297892103644	0.8538924298971432	0.8491110789081289	0.8629190314082021	1.0	0.88734763304121	0.8637671312606755	0.8891297513586623	0.8839742386700274	0.8606158582794263	0.8631019549057944	0.8717821103986861	0.8871849023972481	0.8945984512477204	0.8786251121495253	0.8644865511635439	0.8606004166854737	0.8978079271600217	0.8623674893472799	0.8826355712558293	0.859930489070915	0.8940809598811552	0.8915885282418835	0.9090351537784789	0.8780399153325525	0.8633510001005683	0.8562949835408445	0.8626842399924614	0.8626478136682655	0.8931552561206123	0.8628723106880378	0.8941648988021282	0.8629550617940915	0.8581535179514469	0.8649794943551076	0.888594838706612	0.8624280679081708	0.9379081629016893	0.8656165590902288	0.8528851628454661	0.8570294490993592	0.9439113795044911	0.8890359139800272	0.8632290511021735	0.8603117776600521	0.8936501790037084	0.8960733214393466	0.8624573673428501	0.863964308537301	0.9422884283862426	0.8636439944473612	0.897059207822474	0.8635655986626788	0.844562539643323
scaffoldsTV75	0.8799836014772581	0.8502425389426276	0.860380334446403	0.903836419712539	0.886056928066744	0.8565079028978709	0.8602447104717937	0.8573467622963805	0.8558317149902744	0.8868185088472426	0.8681638368524728	0.8569213435042299	0.8566334806521388	0.8566898940432869	0.8702592465798415	0.8551416169314361	0.8709663459346424	0.8369587308996236	0.8570515579755784	0.9754702210709425	0.8894034786197111	0.8696510638560948	0.857729291455535	0.8978867389118707	0.8563297756833556	0.8569541869168845	0.30888109061768027	0.8676723448419227	0.8588212383280307	0.866860532959717	0.8766169584836081	0.8291045185580738	0.8565662482544693	0.8577099718010323	0.8897214801328265	0.561151729611389	0.8741374740247245	0.8652670478563298	0.9894939718814021	0.8589035400562125	0.8694180688227916	0.8591388534480561	0.856817017369915	0.857266392533649	0.7925919171202278	0.8551980303225841	0.8751977366638357	0.8888250481638986	0.8574997739600423	0.8611963966525994	0.8568900456639353	0.8860507457773031	0.8682925057514611	0.8559356547314994	0.9914618718890527	0.8560307074316529	0.8650317344644862	0.8787042539560856	0.8755389217623544	0.8587868493430159	0.8799403254511718	0.8646461141606112	0.856732397283193	0.8779256718796247	0.8562857268710892	0.8736316854698424	0.8424922663423026	0.8356573589723181	0.8567899698536111	0.86961706126417	1.0	0.8586156772041215	0.9743083370491469	0.8740764239164959	0.8599916229978076	0.856985871150269	0.8574201769834909	0.8660506530429615	0.8594158972936256	0.8854978172654343	0.8598084726731214	0.8608374374719382	0.8864070002063339	0.8561064404773037	0.868726425191593	0.860120678289886	0.8726317001527798	0.8839646094840957	0.8775323237139485	0.8569623011717756	0.858303857980447	0.8550670430650554	0.8567354884279134	0.8558923787054131	0.8664845724830934	0.8555399882072829	0.8699474273561671	0.8560480951207053	0.9156843910328982	0.8610882065873839	0.9344576857063149	0.8564120774115372	0.8697128867505036	0.8605267774275339	0.8440536808192152	0.8426518466884954	0.8745779621473874	0.975143718909846	0.8561033493325833	0.8600727655467192	0.8720667934551193	0.8673806180589311	0.856270271147487	0.8573088957735551	0.8739562556654887	0.8570032588393215	0.8685150681713328	0.8559132439322761	0.8358072794912594
scaffoldsARL081077	0.7224467317904675	0.8447187438536682	0.8485652002884678	0.7451071920277978	0.7469124106733102	0.8304736773093817	0.8476266963875959	0.8314938044974759	0.829632531305317	0.7247872549662362	0.7184180161279748	0.8301147315282239	0.8267157280534977	0.8299452566708189	0.7178414082475578	0.7059099849209991	0.7296617058939225	0.800520225529404	0.8469838720251753	0.7271179440110143	0.7226811119124107	0.7166970432046155	0.9910879826919294	0.7511509211302695	0.8305143250508097	0.8300970300924408	0.28175113092506393	0.7155143250508097	0.9896980921785878	0.7328033829410607	0.7190673965777225	0.7998321641644267	0.8301606241395135	0.8293971677702747	0.7224582049432898	0.4818406215170786	0.7279800694945257	0.7316488559627614	0.7223887104176228	0.9908572084180162	0.7192486723923163	0.9926257129744969	0.8319333901527568	0.9890542844030682	0.7177135645446797	0.7068855307152692	0.7124968858585197	0.7225506457746017	0.8324087064839704	0.8313984134268668	0.8295945059988199	0.7342135973251164	0.7301117812889267	0.8287949911492821	0.7246564610240609	0.8278473087261522	0.7261745230446469	0.7127532288730086	0.7285530715269127	0.9849042811250246	0.7223477348718285	0.7154877728971349	0.8284288336720645	0.7141293516029633	0.8296240083917917	0.7275283550776896	0.8661725562184488	0.8168232478856619	0.8312476234183439	0.7120920474660722	0.7290313380974235	1.0	0.7275680194060185	0.7204300793286567	0.8480141611486265	0.830649708254114	0.8366452501147316	0.7272316921261391	0.7151871762931882	0.713468170196027	0.9928836950108175	0.8496076181734741	0.7157962368058742	0.8300435979807251	0.7278663213794008	0.8488074477152036	0.7283068904477807	0.7175486789484036	0.7329089359470268	0.7072847964334885	0.9908086933717957	0.8421894053628795	0.8286605913590769	0.8294368320986035	0.7318773356061102	0.8287966301711138	0.7285055398937914	0.8291457418212811	0.7016236150265521	0.9887372975808038	0.7236641972071068	0.8310515964072641	0.7115849341113224	0.9887779453222317	0.8173526519373238	0.8222054677768308	0.7124755785747067	0.7266078804169671	0.8273955943093162	0.8465157673900217	0.7281390546122074	0.7309735789680718	0.830482200222907	0.8315675604799055	0.712854520422212	0.8309719399462401	0.7180102274962302	0.8298734675145873	0.7998318363600603
scaffoldsTV12	0.8929223654818357	0.861356742563781	0.8704851667515774	0.9162040992279656	0.8928459458400282	0.8661472743661088	0.8706485872163655	0.8672778931692597	0.866026570521613	0.8980373868401458	0.8804671395540228	0.8667582396049692	0.8663255868636596	0.866655562958028	0.8810604694909276	0.8664415879609672	0.8846083003487871	0.8468076184504448	0.8672457577301407	0.9939977270055257	0.8990088960300976	0.8811819571266215	0.8681592663714387	0.905015479876161	0.8663612493631696	0.8668585648783164	0.3136716698671474	0.881326174707058	0.8690429909472117	0.8783019163694792	0.8865485754594976	0.8405760865305483	0.8660986793118314	0.8686385546890308	0.9000803385977976	0.5716843672845554	0.8908178861151389	0.8774009483873496	0.9804330446369087	0.8694536975349767	0.8828185131480973	0.8696276991809382	0.866749226006192	0.8678030332719363	0.8032676255045655	0.8666477250460477	0.8882196182936866	0.8983712818905044	0.8672802445428538	0.8705239644158796	0.8668330916643806	0.8987506368303484	0.8823815495551985	0.8663016812321198	0.9833499235803582	0.8657918250578046	0.8751604812477956	0.8884335932907473	0.8922498726339303	0.8696896186855821	0.8935043304463691	0.8773123799819728	0.8669436062233021	0.8915562174236783	0.8658267037661167	0.8907351961437473	0.8550001959477995	0.8450303719089235	0.8668248618568013	0.8796265234941412	0.9874040835521417	0.868013481208606	1.0	0.8862358427714857	0.8701849747227338	0.8667359015558256	0.8677959791511541	0.8763165732648822	0.8702704079633186	0.8973860563545871	0.8693925618215308	0.8709726848767488	0.8839765646431791	0.8658862718971666	0.8808731433945997	0.8704201120821413	0.8860520437355488	0.8957663518438688	0.8935207900615276	0.8682795783203354	0.8691119645726378	0.8651906572089195	0.8667217933142611	0.8658937179135479	0.8781486851902653	0.8660704628287025	0.8845177724654152	0.8662413293098719	0.9329509738605636	0.8715138926989849	0.9461268957949602	0.8664893992240467	0.8818579770349179	0.8710142258102441	0.8532625308617784	0.8511427675667202	0.8875306658306227	0.9931696516048125	0.8662248696947134	0.8703076380452247	0.885238468471999	0.8803052866716307	0.8664721558176902	0.8668954030646235	0.8859720970333503	0.866907551828193	0.8820617627464044	0.8658796096719834	0.8459979621428851
scaffoldsTV55	0.8743949907948008	0.836303622606923	0.8354545533801104	0.8740174582278788	0.8638509913830845	0.8413768112371279	0.835951486307053	0.8417717800471006	0.8408412153364645	0.8680542631045686	0.8426974171238311	0.8414613391110473	0.8415163011815329	0.8414935582558147	0.8581307665161969	0.8575902429816279	0.8700294862031936	0.8175535965473206	0.8341271246156919	0.8608409651642817	0.9324713259087789	0.8571031653224965	0.8315897722030655	0.8701913400245548	0.8412085135868134	0.8416436615655548	0.2987867028178106	0.8554721184997401	0.8324214051868275	0.8593729093091722	0.9270490333687996	0.8095810639368081	0.8407502436335917	0.8345577240092897	0.9331911395077597	0.5506839366336603	0.86239733938093	0.8570955843472572	0.8561199128339467	0.8322011778561229	0.8427087885866902	0.8333622042140367	0.8417251570493783	0.8321348443227782	0.7928407544131699	0.8585905526644664	0.8532819747530782	0.9332294234327186	0.8423956943093031	0.8378963855047205	0.8414935582558147	0.8877769282873856	0.8696326221494112	0.8410686445936465	0.8541856270016144	0.8403643719939065	0.855246584486368	0.8581819380990628	0.8630125355216071	0.8326814326375388	0.8747782090931524	0.8473657816762522	0.8422531719748023	0.8558560948956156	0.8411213323715603	0.861767739387298	0.8252077281977785	0.8216454279327856	0.8419370453073195	0.8520538567642957	0.8580310766917989	0.8310443210345908	0.8614766299381051	1.0	0.8352301565130243	0.8423467970190089	0.8404921114266902	0.8524105416493094	0.8412339098538654	0.855588107420903	0.8315662711798234	0.8363305350690229	0.8580015108883652	0.8414082722843714	0.8523722577243504	0.8357320170738725	0.8704218016718325	0.8677123611212717	0.8705514363484261	0.8598436878715389	0.8318054509486263	0.8298014201440916	0.8402999337043715	0.8412198850496725	0.8596052662002598	0.840974261451916	0.8681975435365932	0.8404272940883935	0.8187138648077105	0.8346028308119642	0.854303511166587	0.8419973140604727	0.8492159186834272	0.8336893232956167	0.8268865351645431	0.8308506271172242	0.853422222795007	0.8606431017105334	0.8408150609718886	0.8349091022116358	0.8694362748907107	0.8612067472195826	0.8408840478465671	0.841830153556444	0.8522589221445215	0.8416694368813687	0.8418972451873127	0.8416808083442279	0.8158054236571155
scaffoldsARL081412	0.7384281327363446	0.9625193902201798	0.995703143834284	0.7520841681034411	0.7500318390324925	0.8631639851495437	0.9944718128962213	0.8625405054009972	0.862464690263574	0.7312486387358823	0.7270209472569384	0.8617760360986462	0.8595235284630974	0.8616147626703554	0.7301217198730429	0.7246826488079898	0.7493561532463343	0.8296054786412465	0.9896871461752427	0.7386712067076445	0.746213150268595	0.7294752960697499	0.8613853221228903	0.7533231470597527	0.8617893369999484	0.8621504564703065	0.3141629659679814	0.7239171819380411	0.8609946081471346	0.7581237748622941	0.7439110967756952	0.8437287081665872	0.8618651521373717	0.8606627506596416	0.7457462886328835	0.48944157828494855	0.7429181844934767	0.7554522888357222	0.729884631307329	0.8617244951060996	0.7293007217401569	0.8622731572848205	0.8630898326247832	0.8619559307887601	0.7250687074682898	0.7259379213683967	0.7254820329762596	0.746184553330795	0.8639786653543111	0.9341089975609472	0.8620939276397717	0.7460103115237346	0.7483369716840438	0.8607492065181067	0.7359651383376866	0.8578951656211604	0.7417334067099722	0.7340268644954053	0.7433750704532116	0.8569461463132395	0.7373916600023609	0.7214398890704832	0.8612965386066973	0.7340351775587193	0.8621707403447926	0.742063934107335	0.8328562189195345	0.8599494898273045	0.8616573255545229	0.721690611060032	0.7398426835898467	0.8619459551127834	0.7380527147970865	0.7376646610015911	1.0	0.8609703340022579	0.8832889138650257	0.7377142068589423	0.7315322804561544	0.7242011561808457	0.8608928562521718	0.9961856340290259	0.7241509452784294	0.8620340735839113	0.7466537426242346	0.9943787065871051	0.7486525355674414	0.7410208109227001	0.7424031070905442	0.7263575648044851	0.8601842507352905	0.9886234065935893	0.8601652969509347	0.8619632462844764	0.7571860613204803	0.8601081030753347	0.7486605161082228	0.8593246799886277	0.7159619128691208	0.8596711684675533	0.7263948073281316	0.8631796137085739	0.7228846994744481	0.8598693518969579	0.8891196964734323	0.8656332974763202	0.7257793081203665	0.7373318059465005	0.8610005935527206	0.9921674317455936	0.7483622433965181	0.757467707905557	0.8616390368152322	0.8632610817290507	0.72545609621872	0.8627220627037739	0.7275666167328664	0.8618817782639996	0.8522017148187004
scaffoldsARL08428	0.753251436812551	0.8562213222880024	0.8727312069225429	0.7659180850201972	0.7601602379709571	0.9958015983460717	0.8713443875519202	0.9953220056477766	0.9936405256171893	0.7537050501487148	0.7447192673546412	0.9931503360738142	0.988044024080134	0.9912723016586797	0.7543217181656245	0.735827488831438	0.7520892021908806	0.9288230426003428	0.8693870477155424	0.7480500950468637	0.7614667264191995	0.7537522232010061	0.8587833659613612	0.7638089710155777	0.9945696296471012	0.9911126653150562	0.308590383739107	0.7398074587432347	0.8579400621932256	0.7527865429638829	0.7553790098376324	0.8204631231500387	0.9935037921322869	0.8543860170869	0.7612500038456292	0.49161601545635314	0.7582080256402631	0.7517760825104541	0.7468635902316231	0.8586018522601532	0.7462534170552462	0.8595152319393012	0.9961899214431946	0.8595548846499229	0.7395179255889538	0.7375322135544587	0.7418560681807849	0.7615275728199812	0.9958603937445798	0.8671811947703544	0.9937635857536015	0.7621452663380277	0.7520468148105609	0.9900888733468495	0.7452955989935048	0.9866076388212343	0.7526248556179858	0.7461163417366314	0.7589980033492867	0.8586859433533682	0.7532377634640608	0.7388253704879232	0.9920506570214866	0.7452026202237712	0.9919788719419129	0.7585912212317021	0.8540831524178412	0.8336124405593903	0.9944882732235842	0.7413833121567348	0.7495172453398664	0.8596205167226761	0.7483881685882848	0.759496396901756	0.871257219955295	1.0	0.8899688555304763	0.755498651636922	0.7569866537863724	0.746684469366401	0.860211889044879	0.8725367035402692	0.7386824839962002	0.99518766499886	0.7521486812568132	0.8714893250459168	0.7523011390924793	0.7470587772813213	0.7581181233739398	0.7376125444768389	0.8582675388895669	0.8649192810963564	0.9895562964231546	0.9904259213871338	0.7534746542266542	0.9910008856911484	0.7519887030794774	0.9894670778242558	0.7239012524445383	0.8603305053430318	0.7473968508227424	0.9957086195763382	0.7415853358806782	0.8603342655138666	0.8260982518965789	0.8386435491363742	0.7423103651843731	0.7479051575528671	0.9901339953968672	0.8703728961416887	0.7522778944000459	0.7518420564169196	0.9919245203816641	0.9950444366734247	0.7425226439196841	0.9963064867390738	0.7451588655086024	0.9949747025961245	0.8460579223552069
scaffoldsARL04840	0.7175000048811251	0.8526349289405811	0.8490577150737603	0.7312738890396614	0.7265847548796608	0.8469588312894436	0.8491882038175604	0.8470024360068231	0.8459939955653352	0.720458617496165	0.7104422234240637	0.8450363188246771	0.846407589563764	0.8460258855825232	0.7136087719675034	0.7029802848103943	0.7243404135679657	0.8118586608405558	0.8455045814239999	0.7150327588574523	0.7245050701873246	0.712126211576597	0.8204849104899283	0.7295885992537736	0.8457922423953699	0.8460945467419791	0.29854555488955314	0.7084298982578289	0.8194426275812203	0.731755493380869	0.7215936417813894	0.8339441247849865	0.845542003382945	0.8587418672320962	0.7233544263018449	0.47517882815250717	0.7270081111282493	0.7307447750810104	0.7117721673041416	0.8196723658683098	0.7120715429757031	0.8211083928667889	0.8470600332827649	0.8206352491423863	0.7096765376032114	0.7038335054743445	0.7119303157567274	0.7244549573031719	0.8469188060637891	0.8231949111342368	0.8451733157352503	0.727466936885751	0.725240493032682	0.8453568460382511	0.7117135938031839	0.8462487902945011	0.7251754113649513	0.7144981129570441	0.7273836323510557	0.8202994277368957	0.717017098906563	0.7063886117494538	0.847326868120461	0.7159478071057467	0.8470600332827649	0.7271057336298454	0.8073240956414156	0.8142068074122814	0.8465309193241138	0.7096576639195695	0.7143877995302406	0.819919350797348	0.7142784623284528	0.7175719201239675	0.8479536045807081	0.8460925942919473	1.0	0.7189780095552905	0.7175296170399426	0.7077816848472306	0.8202795778282378	0.8485263232567387	0.7075753759605241	0.8457707654450187	0.7272053085814735	0.8490970894827374	0.7225021818629107	0.7175761504323701	0.7240455936131455	0.7028784320003957	0.8186883310522208	0.8436074508096485	0.8439624713071198	0.8460847844918196	0.7313864803248357	0.8440952379092904	0.7243732798101697	0.8443226983380094	0.6952300344086777	0.8222391868436107	0.7102420972957916	0.8500056295642587	0.7098259000306535	0.823003896439447	0.8127216437546655	0.8216199347751526	0.7122371758200778	0.7137958817622293	0.8475979332665595	0.8462003044520416	0.7221614793323402	0.7312644521978404	0.8459084131722692	0.8466243115173075	0.7110110372000304	0.847276104419631	0.7117321420784872	0.846207463435492	0.8384819440675131
scaffoldsTV83	0.9041277179236044	0.8738946131243879	0.8707200783545543	0.8959196865817826	0.8874789422135162	0.8785245837414299	0.8703804113614104	0.8782993143976494	0.8774276199804114	0.904664054848188	0.8658832517140059	0.8784658178256611	0.8773429970617043	0.8774048971596474	0.8911063663075416	0.8942957884427032	0.8975177277179236	0.8461241919686582	0.8673049951028403	0.882133986287953	0.9008564152791381	0.890211165523996	0.8709057786483839	0.8867267384916748	0.8773367286973556	0.8785363369245838	0.3187917727717924	0.8687047992164545	0.8710209598432909	0.8732462291870715	0.8924889324191969	0.8352203721841333	0.8776779627815867	0.8685465230166504	0.9005269343780608	0.5689672869735554	0.8859224289911851	0.8718820763956905	0.8800622918707149	0.8716595494613124	0.8664011753183154	0.8729759059745348	0.8778405484818805	0.8719091087169442	0.8237363369245837	0.8937093046033301	0.9229747306562194	0.9016274240940255	0.879015083251714	0.8690107737512243	0.8778801175318315	0.9286761998041136	0.8924152791380999	0.8774256611165524	0.8804732615083252	0.8761661116552399	0.8954899118511264	0.8811608227228208	0.8853163565132224	0.8751310479921646	0.9040270323212537	0.8670052889324192	0.8778977473065622	0.8756713026444662	0.8774699314397649	0.8844466209598433	0.8618092066601372	0.8493747306562194	0.8777759059745348	0.8817426052889324	0.8835690499510284	0.873003721841332	0.8813731635651322	0.8890538687561215	0.8702362389813908	0.8783776689520079	0.8792383937316357	1.0	0.8680544564152791	0.8741986287952987	0.8731251714005877	0.8708748285994123	0.8711796278158668	0.8774197845249755	0.8644007835455436	0.8697230166503428	0.8978824681684623	0.8874248775710089	0.9059525954946132	0.8958875612144956	0.8710393731635652	0.8647976493633692	0.8768117531831537	0.8782667972575906	0.8732356513222331	0.876984916748286	0.8967815866797257	0.8772799216454457	0.8291349657198824	0.8754182174338884	0.8963161606268364	0.8781234084231146	0.9217226248775711	0.8744767874632713	0.8593704211557297	0.8612524975514202	0.9227937316356514	0.8815232125367287	0.8778166503428012	0.8698738491674829	0.8978092066601371	0.8733241919686582	0.8772889324191969	0.878813320274241	0.9221512242899118	0.8785230166503428	0.8646852105778648	0.8784325171400588	0.8581034280117532
scaffoldsTV56	0.8965746802263952	0.8821555567690499	0.8823089388848558	0.8981466461514741	0.8923281638474337	0.8890428955973712	0.8813488953275471	0.8895275349004542	0.888333402930803	0.8888457473804583	0.8872761905985597	0.8882711667319813	0.8866233127967261	0.8886136665874326	0.8970255915249555	0.8858021964961421	0.8896925612082978	0.8726406457788599	0.8805619085553492	0.8821684055326776	0.8964730946889635	0.8949866533467817	0.8746755687184	0.8943542532619798	0.8880840566116526	0.8889144079610939	0.3183803169789987	0.8810260701414007	0.8751176464919663	0.8974483961530801	0.890383583777151	0.8663704491285326	0.8884373976114148	0.8727068972163153	0.8968272387364525	0.5700530653937825	0.8958920896586726	0.8961462542641835	0.8817528283340935	0.875687408854083	0.8876158797869675	0.8756516732302434	0.88910954855869	0.8751200556351465	0.8140358287773759	0.8875801441631279	0.8958957033734429	0.8963325613367854	0.8889666060633316	0.8848562062740513	0.8889718258735553	0.899776833036741	0.8866217067012727	0.8883273800728525	0.8776789672163796	0.887272175359926	0.9045091932903756	0.8922032899259269	0.8968910810307278	0.8759339445061899	0.8961486634073637	0.8815564831649074	0.8880439042253159	0.8846084660503543	0.8878567941049873	0.8954279280726212	0.8672445665790809	0.8643648374310182	0.8894632910823156	0.9011127029301605	0.881095533769763	0.8755035109246613	0.8822800291666935	0.8853898314884651	0.8808574301187868	0.8890834495075711	0.887911401350405	0.8821334729565647	1.0	0.8871870523008923	0.8766305884091303	0.8811625882549452	0.8810742530050046	0.8882334234888248	0.8886622509748999	0.8809931451846046	0.8912087153163687	0.8851043480216116	0.8977423116210642	0.8887887309918603	0.8746008852798139	0.8729064545764084	0.8887770867998227	0.8887180627919079	0.8966329011865833	0.8884984292386465	0.8897415471196284	0.8870951033361815	0.8513566688295419	0.8763157937002511	0.8859812761392035	0.8887481770816603	0.892530130350707	0.8767638943317679	0.8741146398812775	0.877152167907643	0.8960498885369755	0.881611893458052	0.8874885967222804	0.8820720398054697	0.890224580327258	0.8976102102700168	0.8886827286919317	0.8892251874313394	0.8961948386516507	0.8888043904225316	0.8860206254778134	0.8884169198943832	0.8572277507596832
scaffoldsTV48	0.8926706332499322	0.8629859699116811	0.8616219061459418	0.89837902506334	0.8833814260838823	0.8622765147046232	0.8621944420221604	0.8622721743223776	0.8617899973129088	0.8843982592699714	0.8832997479816236	0.8619963627596782	0.8617600092173936	0.8623506957830029	0.8800160515227048	0.8774785062298296	0.8849412016308789	0.8519231247279863	0.8590117580955035	0.8990707241612113	0.9013628405671065	0.8788473049580187	0.8615402280436831	0.9076402170348955	0.8614261943646845	0.8616290085896164	0.315790034403448	0.8831056145211829	0.8615611407945031	0.874489166603205	0.8891249355354591	0.8448187081523032	0.8621885233190982	0.8479998137581436	0.9036738968228007	0.5625111715520299	0.8823922135120834	0.8733531701954632	0.9001124159001618	0.8615390443030707	0.8820244647618176	0.8626474200965222	0.8624619674005727	0.8610288520991075	0.8094501169733015	0.877074061520578	0.8848697826139281	0.9017175681706354	0.864133014565139	0.861368980235083	0.8620287183364183	0.8902625102640176	0.8823357885428903	0.8617596146371894	0.8964562357285273	0.8608197245909092	0.8734794358607906	0.8793156716603422	0.8833253956948932	0.8611772142558671	0.89212058844535	0.8812471417596462	0.8623439879195325	0.8882935550453195	0.8615508817091951	0.8816196254723618	0.849614830533721	0.8395112098263098	0.8621920745409355	0.8778000890962101	0.9004860833534898	0.862001097722128	0.900385070821228	0.8836457948206613	0.8608410319219331	0.8628668066900285	0.863660702060774	0.8786342316477788	0.8779512133143987	1.0	0.8619182358792569	0.8630321357955664	0.885189787159492	0.8617876298316839	0.8773652617112391	0.8621222338448014	0.8865984384883001	0.8877056305411392	0.8846117271604154	0.8784807399483653	0.861449080016525	0.8555828561214581	0.8616984547055465	0.8614198810814181	0.8743703979617565	0.8616408459957409	0.8839831608952078	0.8612442928905722	0.859261527364729	0.8629950452563765	0.9043778279070006	0.8622153547729803	0.8822260952461372	0.8631801033721219	0.8565239299083508	0.8505381482114271	0.8844452143142649	0.899150034782245	0.8622986111960554	0.8609886049182844	0.8859351491651275	0.874014486617615	0.861864967551697	0.8622911141721766	0.8841334959529882	0.8620263508551934	0.8822241223451164	0.8613599048903876	0.8464601618015585
scaffoldsARL081215	0.7273068828061493	0.8445178262151518	0.8486296085802764	0.7487559302656963	0.7498268541561413	0.8314366453851496	0.8480244609798132	0.833229078772073	0.8310829578142108	0.7281782822025795	0.7211357578462925	0.8311901159444395	0.8284861810387304	0.8313258714897905	0.720798505571401	0.7098282741657197	0.7321388598440685	0.801043509816638	0.8474229291444804	0.7304292603492237	0.725891475110552	0.7196986555599127	0.9929226328160926	0.753584620244406	0.8325466852801873	0.8312075373582497	0.2837336916666146	0.7182260530340707	0.9908701930457003	0.7359715708823091	0.722321071397227	0.8030002961640348	0.8314944976272363	0.8316897489442787	0.725414851525179	0.48157323913059913	0.7308056286287079	0.7349519251155319	0.7260791661914127	0.9909658464686959	0.7221793991452988	0.9938393936296135	0.8331137029938207	0.9899419275249464	0.7185379949530493	0.7109231935883938	0.7159205097045492	0.7254164950547838	0.8323783878486625	0.831743656715314	0.8309317530905752	0.7384020224617904	0.7329103326405308	0.8305011483341348	0.7289464679398323	0.829924926854715	0.7320090210052944	0.7162548036261522	0.731677356731059	0.9860224381235757	0.7272828872739202	0.719610233667178	0.8309945359214761	0.7186155695503927	0.8307943540156194	0.7307425170918861	0.868484761029152	0.8171593037088217	0.8325627918703137	0.7152962971606711	0.7328501794569975	0.9937411105592504	0.7312096082055517	0.7227806022747107	0.8479754837975921	0.8324290085604883	0.838841732372241	0.7298573120467762	0.720810996396397	0.7163014798669267	1.0	0.849597318811544	0.7183861328175718	0.8320769645191541	0.7305538398932626	0.8487903457756194	0.7312099369114726	0.7208491262832268	0.7362927165670743	0.7113649743461464	0.9922537162669658	0.8423283160757247	0.8304883288032179	0.8307720020129951	0.7358792045185231	0.8302388410092192	0.7313710028127366	0.8308748869662514	0.7055488517809122	0.9898784872822035	0.7269857371213841	0.832047380986269	0.7150435223074629	0.9900651922453014	0.8182233247749269	0.8228229067267365	0.7158905974657431	0.7302418979742841	0.8291163102891856	0.8470636535728855	0.7308621660471107	0.7342849808019307	0.8317081564758518	0.8333493851391396	0.7159727739459798	0.8325493149275549	0.7211038733719607	0.8318721807304043	0.8006868638924106
scaffoldsARL09100	0.736037143926086	0.9590342473175469	0.991986856071263	0.7497434276214042	0.7475042806247343	0.8603686225153405	0.9912836638369973	0.8598586258854937	0.8596057815524377	0.729683891562588	0.7248175494512814	0.859352605837556	0.8573311767004113	0.8595825848246343	0.7290473070753002	0.7233031345075517	0.7478784107060189	0.8277927948975152	0.986672485731527	0.7368881324546412	0.7440082023629513	0.7284968818627104	0.8605495569922063	0.7508919970294933	0.8596233447892031	0.8587398808417231	0.31107905544249914	0.7222861236842899	0.860122074436974	0.7556383789198742	0.7417836361666148	0.8427258541118022	0.859608101225218	0.8580068642431388	0.7434561202412328	0.4878470686129384	0.7417359171837051	0.7543824418002384	0.7278255022837179	0.8604534562627354	0.7261931154100171	0.8611775255520241	0.861312397955109	0.8609538428196352	0.7240328372878784	0.7245497929360661	0.7239698747409837	0.7438252795951309	0.8617395491285155	0.9299989031261567	0.8593426643827832	0.7450020164584098	0.7473024690928456	0.8586374838575628	0.7341303729006547	0.8555947359334214	0.741665332854818	0.7325244965730149	0.7424324817814557	0.8558936423402582	0.7355689014062851	0.7205221782257618	0.8588121220797391	0.7320764683445854	0.8598138893390159	0.7411135821149252	0.8330319415628034	0.8558121224111209	0.8596326234803243	0.7188288170961209	0.7383521773608552	0.861099982204796	0.7370365915125824	0.7359443570148727	0.991986856071263	0.8589377157917026	0.881258601429515	0.7352414961624327	0.7308530066438742	0.723759778663451	0.8607056378321398	1.0	0.7229293358080928	0.8593476351101695	0.7448479239094307	0.9922705189141148	0.7465475812937611	0.7381506972107923	0.7402042703850359	0.7248390892699559	0.8594851585678606	0.9854155544664139	0.8583471933781958	0.858874753244808	0.7558451611791493	0.8575681147058307	0.7468279303183553	0.8560483976528888	0.7144694891782294	0.8594142428571476	0.7244825224254366	0.861515203632475	0.7215259337759932	0.859338687800874	0.8886881819630861	0.8616699589451056	0.7243420165313138	0.7355307924963225	0.8588880085178384	0.9879990071800501	0.746635066095762	0.7555117910624334	0.8596356059167563	0.8605621495015852	0.7240335000515299	0.8596518436262185	0.7254160250286066	0.8588611665899518	0.8512410415065679
scaffoldsTV118	0.8770115960263185	0.8431974889389042	0.8426124871777125	0.8873912207977599	0.86726607759219	0.8365258396399204	0.8412611447088659	0.8374522535327262	0.8368034544875976	0.8831728670538066	0.920873582008702	0.8366963523806247	0.8370319647591536	0.8373857496973496	0.8672451984810833	0.8700816643899414	0.8668508152712912	0.8261512413211528	0.8414884950298049	0.8666141853454159	0.8865757755139838	0.8668187233042198	0.8463154361974963	0.8797119610627777	0.8367555098620935	0.8366070361831129	0.31082732704459665	0.9720142581129846	0.846783669596573	0.8748993259526965	0.8755287924875411	0.825239133485957	0.8368401862571371	0.8441285426341782	0.8841089472017545	0.5559716770991336	0.8886114888468815	0.8750323336234499	0.8807017855893149	0.846391606288015	0.9192836763629516	0.8473048740738278	0.8370323514093594	0.8464391642633134	0.7901270416580798	0.8708669509576745	0.8740572018047285	0.8858063416046834	0.8387135065036497	0.8437148269141022	0.8370574836727285	0.8839678198766818	0.8653386263168823	0.8367412038044834	0.8773707940673939	0.8369411019608192	0.8525679566735246	0.8640708002924622	0.8892950864105212	0.8444660882637357	0.8782059585116596	0.9289398785995684	0.8371413867673607	0.8864845260654436	0.8365463321008214	0.8892923798590815	0.8299334536331007	0.8290650372711466	0.8369538614176065	0.8791296658530258	0.8807837554329188	0.846610450304429	0.8678677053122258	0.8682021577401378	0.842542116840279	0.8366387414999785	0.8455962668149342	0.8601053157830227	0.8554473407552129	0.8669996756004774	0.8472631158516145	0.8433714815314596	1.0	0.8363124087263858	0.8762038837466559	0.8426867240172028	0.8658664038476336	0.8670306076169317	0.8786606591535376	0.8715706543320095	0.8464670030781223	0.8380113497301375	0.8364655222078345	0.836555225055552	0.874917885162569	0.8364454163971392	0.8656467865308081	0.8369132631460103	0.837616193219934	0.846698219901118	0.8690721207029146	0.8371015617961758	0.8693957469250676	0.8459755706667048	0.8345577900930164	0.837776266405085	0.8740730544631613	0.8670994313535425	0.8372125304052056	0.8424094958197313	0.8660396231397776	0.8748274090144402	0.8372017041994465	0.837088029038977	0.8725975972782919	0.8365861570720062	0.9201586657784022	0.8364303370391177	0.8242860407289594
scaffoldsARL071139	0.7517650543748425	0.8527156777958611	0.8692777032502332	0.7621303225718585	0.7564892305806565	0.9940238745394993	0.8678967116328796	0.9947249252643836	0.9919585157744926	0.7510129314747601	0.7404079645354815	0.9917824870106434	0.9845738197220312	0.9865407794294897	0.750965945073578	0.7332473050915553	0.7505185528188436	0.9253505253624422	0.867224601807274	0.745731047115784	0.7588269742800525	0.750280556482421	0.8559478655235578	0.7602416735330368	0.9938417171146264	0.9878989588085882	0.31058011181401557	0.7374202422863991	0.8554442938761058	0.7496424947736141	0.7528545941123996	0.8174963057793273	0.9919534085569727	0.8508998917269885	0.7586216641357566	0.49217642372200393	0.7553928812197397	0.7489264628773382	0.7442707233862895	0.8560323048532186	0.7418975696454229	0.8565699246174694	0.9945727301822936	0.8564054722133319	0.7365809562073121	0.735415829650462	0.7394627888131508	0.7590639491729713	0.994335414808207	0.8645899585293937	0.9918907600220632	0.7587541113101034	0.7502328891189028	0.9863545362306011	0.7427903112678838	0.9827818673349177	0.749593465485424	0.7433269095886307	0.7558120135375312	0.8553768786048443	0.7514511307379589	0.7345850556005747	0.9910279807423852	0.7437188034129832	0.9904828703924385	0.7558351662569543	0.850204288700792	0.8310409871230022	0.9925441433834294	0.738869670618518	0.746923412166073	0.8565260025467991	0.7462747955410586	0.7572628037943221	0.8682760076540167	0.9923173829255504	0.8866674384239808	0.7526581364784714	0.7539577530966762	0.7443435863562387	0.857597496782453	0.8686318104745626	0.7369871502407201	1.0	0.7498195449809671	0.8679818319248762	0.7506050350355122	0.7447266276702236	0.7557643461740131	0.7352786157397634	0.85543680329041	0.8616996138943555	0.9854062961777584	0.9881982417552485	0.750228803344887	0.9861914457511355	0.7505669011446977	0.9860385697067096	0.7224898025890188	0.8574418968886831	0.7441134210866797	0.993979271506493	0.7394004807594092	0.8574378111146672	0.8220618177608596	0.8356732334134599	0.7399524007327155	0.7455070105072489	0.986812483401543	0.8669573240904046	0.7504923357689086	0.7486149226086305	0.9878060074497279	0.9940340889745388	0.7402237642236008	0.9941001423211282	0.7410276402612171	0.9942087558137159	0.8407150785490054
scaffoldsTV57	0.8761520362473431	0.8741892134517848	0.87690823460417	0.899451491580678	0.8811004508965008	0.869967595979173	0.8762896337710581	0.8706230462915703	0.8695712680689853	0.8897835994728173	0.8933156612639058	0.8698323505498805	0.8691914048197551	0.86970220132517	0.8860441613568135	0.8602557981087593	0.8895730870220054	0.8544257400669093	0.874312698408965	0.8831009072028188	0.8938162653601566	0.8846411370338051	0.8666589831582199	0.8926323778341758	0.8692580474950586	0.8702765043799918	0.32853427668000307	0.8874612982463568	0.8673681396265972	0.9097128955144775	0.88492103627008	0.860077430948388	0.869117313845447	0.8713843408529792	0.8923469903775817	0.556770542996678	0.9080793659380663	0.9074807579075455	0.8820789221762518	0.8670545270369334	0.8943494067625851	0.8681408026443813	0.8702949291196346	0.8670666795247829	0.8047193206524083	0.8593612181967433	0.8739520439308516	0.8936496586718977	0.871634054877499	0.8766738091933962	0.8693419388627938	0.8851205722802536	0.8856509695725225	0.8692329584878855	0.8820593213893979	0.8687456829266954	0.8811964947520853	0.8785496044953228	0.9085591932002518	0.8671329301843493	0.8755522521696111	0.88647420262039	0.8699507393024786	0.8759728850554976	0.8694348465924816	0.9068045307610829	0.8518925343738999	0.8602385494163278	0.869667703940307	0.881578318080001	0.8836085675823371	0.8684077653613327	0.8837790944279668	0.8825266041479969	0.876475841246171	0.870139690887751	0.884296555200912	0.8609269290506398	0.8773715972053983	0.8765373877168925	0.8683097614270627	0.8767780853794594	0.8867513577465054	0.8691482830886763	1.0	0.8762175028754354	0.8902030563114925	0.9003139262022535	0.8920804196763675	0.8607454257643719	0.8679589073423764	0.870292185009475	0.869712001718597	0.8689801083374691	0.9085164634849101	0.869294504958607	0.8895581904239964	0.8696700560347295	0.851529527801364	0.868684528471711	0.8769313635326577	0.8698237262036648	0.8705897249539185	0.8698409748960962	0.8675092652919458	0.8664124052595967	0.8741664765390342	0.8833243561729542	0.8690306783675524	0.8761253791772217	0.8900101845688493	0.9100884465906	0.8696943610104284	0.870036198733162	0.8744906735535991	0.8701816365716185	0.8945673675124014	0.8692306063934631	0.8489143908193051
scaffoldsARL081218	0.735761726946994	0.9607972777046648	0.9922833407808016	0.7499956110175715	0.7485792118580037	0.8603607975426998	0.9948418691036506	0.8606662044709322	0.8596959909212656	0.7289662571718457	0.7255663691985519	0.8596890347981714	0.8574647316278023	0.8599338240822969	0.7289947441521364	0.7228922367347561	0.7487226404913275	0.8285378593624283	0.9869966872291873	0.7347640201489074	0.7441335867128774	0.728453160282657	0.8610514411927698	0.7530755173285307	0.8599633047944581	0.8594031712633943	0.3133541332455316	0.7223963645313246	0.8606118804620059	0.7567788247663156	0.7416661504781672	0.8435326108019316	0.8598539942886917	0.8593733593072761	0.7439076783342934	0.48996181750909185	0.7425456031836519	0.7552769646658759	0.7249247496540985	0.8606251302202805	0.7263437987653213	0.8615082266092908	0.8612859619142323	0.8612094445601958	0.7234775448065419	0.7244046966418156	0.7229164175436075	0.7440348760137308	0.8619424874367448	0.9307975062629951	0.8602186938852034	0.7453565394016343	0.7487660334496773	0.8589314798688141	0.7323161273076524	0.8556346087661063	0.740253063758168	0.73315086207896	0.7431560857961598	0.8551172057054784	0.7356706348588553	0.7205910849663937	0.859561837118734	0.7324665120640705	0.8599616485746738	0.7418894089050962	0.83254293004492	0.8572305421502966	0.8597489899543646	0.7178006858737371	0.7366564168744947	0.8606618982994929	0.7353046102865161	0.7368164077056619	0.9923167964204453	0.8590003786118428	0.8838128696889586	0.7322283476590824	0.7304088246040061	0.723005522168005	0.8605721311871817	0.9940829891984658	0.7228928992226699	0.8596658477211906	0.7438692540352967	1.0	0.7482658550748065	0.7385478198682113	0.7410235372018432	0.7251099150259878	0.8601136895508763	0.985227844499512	0.8585356433403568	0.8589785165106895	0.757069325716489	0.8588933868137744	0.747855443812247	0.8571947678029549	0.712355366466783	0.8592077373288421	0.7215546736369228	0.8617188977658589	0.7207845314372046	0.8595528935318987	0.8898839089304365	0.8621988702593607	0.723221161983926	0.7341194194088422	0.8589010054247823	0.9881603472496648	0.7480144409115436	0.7566204901549327	0.86014184528721	0.8605141634947298	0.7234609826086985	0.860320385779962	0.725119521100737	0.8589122677193158	0.8541632231096984
scaffoldsTV42	0.8733597141153641	0.8419560767574423	0.8511284620029393	0.8780915453644383	0.8639761813438249	0.8462420677267083	0.8503389373507062	0.8453853252469401	0.8449531563896812	0.8708810092547935	0.8399334657435925	0.8458281274328486	0.8440895781986382	0.8446831457943287	0.8842478628908222	0.8536857775431694	0.9948234677563297	0.8226763328687582	0.8482240442346471	0.859273591748537	0.8837135381261796	0.8826707123950434	0.8398844764794567	0.8877279994531431	0.8451783551000103	0.8456614120300924	0.3164900141651128	0.8460628201866149	0.8407134963523885	0.8840207653718057	0.8734254128959491	0.8159002441867972	0.8455041906707732	0.8443869316390896	0.8832437728569096	0.5463867569486904	0.8632888125989754	0.8821436031034129	0.8510756751214288	0.8408570462891581	0.8403701917417012	0.8419241767714936	0.8455991311051446	0.8416587233169909	0.7797002160844286	0.8533443717411696	0.8578248007200282	0.8827888182954015	0.8460973785047261	0.8484838012630875	0.8453826669147777	0.8826262802717575	0.9805972133083704	0.8450644265787645	0.8554398970086168	0.8433194213950168	0.8590518108938452	0.881576998591084	0.8636875624233356	0.8411927556650958	0.8730745130505121	0.8374262787527106	0.8441765436365224	0.8611480956847674	0.8447674529000505	0.8627354997474584	0.8289784789023367	0.8342647622881404	0.8453450705027665	0.8568871689901756	0.8566110822070233	0.8409831271860035	0.8578946768797256	0.8702851630886782	0.8507460419332911	0.8450982253734007	0.8542428880120613	0.8645048096824053	0.8447355529141017	0.8539569274237343	0.8407704606130114	0.8510601048901919	0.846384858140003	0.8446808672239037	0.8643977168724343	0.8502120969303859	1.0	0.8819457472381828	0.8842645724072716	0.854978106735834	0.8406637475647779	0.8450496158710026	0.8448703683309092	0.84531734789593	0.8824485517786141	0.8446812469856412	0.980281251542782	0.8442224948067583	0.8180447587183801	0.8426195205128303	0.8718258564576584	0.8452888657656187	0.8530527147267805	0.8435898117521067	0.8341910885110682	0.8364548482282216	0.8584624206772671	0.8572730069154613	0.8453553240696787	0.8503089361734448	0.9979830854122124	0.8849120661696851	0.8452774729134941	0.8462375105858584	0.8574928889614656	0.8457920500677875	0.8383327700200894	0.8453055752820681	0.8238197954603282
scaffoldsTV81	0.8926039448747046	0.8532441095954515	0.8566239266243946	0.9017154511492236	0.8762196120639228	0.852067588541301	0.8558935242596536	0.8518749463799652	0.8518850854410882	0.8985614232122106	0.8634771520157234	0.8522161647831411	0.8512365754931094	0.8517513278270432	0.884731353876631	0.8645499426753083	0.8986292769289563	0.8308703214082376	0.8537615916766107	0.8883049829585781	0.8930949094113885	0.8833610207694768	0.8448228394050711	0.888401304039246	0.8521654694775264	0.8521982264442313	0.3156504207710366	0.8680752162349766	0.8450696865470257	0.884954803185225	0.8800513972406155	0.8314544873144747	0.8524567725028662	0.8398999352659944	0.892843772666651	0.5555448965425801	0.889701053682429	0.8832233635165384	0.885052294157561	0.8451055632248454	0.8669053245669451	0.8452993752778493	0.8523054665138008	0.8443229056989323	0.7896055125295398	0.8664646653719865	0.8810099284806227	0.8926776480497906	0.8527047895364889	0.8591033170328427	0.852027812224588	0.910438553389956	0.8961315582177091	0.8523994478111326	0.8830198023663008	0.8503213302448194	0.8702001294680113	0.8719417081978209	0.8898410507187035	0.8454643300030417	0.8920189990406888	0.8635613842158216	0.8515715544740557	0.8878557445580539	0.8518963943938791	0.8900898476801048	0.8394362682015646	0.8436233104814495	0.8512533439403511	0.883812598953337	0.8869869050125958	0.8453235530389885	0.8884309412948361	0.8838621243672836	0.8558541379068298	0.8518714367049611	0.8608589344626688	0.8741746414282038	0.865492095431963	0.8751405819821084	0.8452311315972141	0.8564437633075177	0.8727832502710249	0.850816584384286	0.8891344361512123	0.8563458823712924	0.8989104408931733	1.0	0.8882616969668609	0.8669107840613959	0.8449881840941529	0.8494926569799637	0.8520558896246208	0.851385931662728	0.8836878105087469	0.8527137587059438	0.8982903983091166	0.8519634681828463	0.8416820702402957	0.8461623653649673	0.8840344884063736	0.8513910011932895	0.8753511624823541	0.8477756459751827	0.8443104268544733	0.8547907063805892	0.8811347169252127	0.888342419491955	0.8503462879337373	0.8556408276593588	0.8988445369958742	0.8854266594913311	0.8518507686188259	0.852398667883354	0.8804288822855003	0.8521459712830591	0.8647624729950006	0.8516218598157811	0.8238817785473065
scaffoldsTV15	0.94849076744249	0.8644466212672273	0.8729893212327442	0.9084041007784386	0.8960474713003962	0.8703597419771941	0.8724471642088489	0.8716358901673037	0.8696018205805474	0.9150771043793499	0.8852353224323941	0.8710309653258806	0.870792839918135	0.87036327266693	0.9041445197614666	0.898817885846524	0.9105178070336831	0.850635347617981	0.8709391673927465	0.894284087926728	0.9085159059534098	0.9033242228461518	0.8723479125973833	0.9094189779280892	0.870870122793466	0.870690449915793	0.3239745209736701	0.8871905399483813	0.8730414969810641	0.9020131600575424	0.8946144035664674	0.8409581193506512	0.8704338864616487	0.8695347374755646	0.9071867974172613	0.5633760769094068	0.8897079217301007	0.9012309161316037	0.8860210970480688	0.8731933166397092	0.8880932196242012	0.8731846860647992	0.8715766530395119	0.8743415754016062	0.8060874583231499	0.8989026224001864	0.9065755957940854	0.9078474286967401	0.8716064677528376	0.8710654876255209	0.8711612085472507	0.9471020294796901	0.904000153781153	0.8707795017569104	0.8871524869590052	0.8694299936800653	0.8975095691499315	0.9019366617799306	0.8902218332361086	0.8733310135394106	0.9488724742328302	0.8824845228292437	0.8720580037401773	0.8936693556138163	0.8725640692689942	0.8895113800014672	0.8660817229138233	0.8580341041090559	0.8709807510718586	0.900452202895401	0.8910017233688899	0.8730603273263224	0.8931550518089489	0.898891638032119	0.8727413883535099	0.8712286839510929	0.8795163896579036	0.9023368066166695	0.8829454739892125	0.8802197815130731	0.8736342605578411	0.8728665316897057	0.8878688246765398	0.8704589935886597	0.8963958326876748	0.8723102519068667	0.9094609539060609	0.8993333665479701	1.0	0.9008664704910836	0.872198839030755	0.8676481722599985	0.8703668033566659	0.8699709738073821	0.9027553894998072	0.8704346710593678	0.9101674841521068	0.8704593858875193	0.8510256849832312	0.874365113333179	0.8900833517386881	0.8723557585745743	0.9009060926758979	0.8751281346149998	0.8617836966086155	0.8618849097143789	0.9070961763807056	0.8928408204224509	0.871356181080446	0.8725695614530279	0.9087999303277225	0.9035427333109199	0.8707853862398036	0.871212991996711	0.9057450991084224	0.8708206931371629	0.8864749868285657	0.8704342787605082	0.845599799456823
scaffolds126VP	0.9160767123547291	0.858981506561029	0.8556976359448205	0.9000324557129556	0.8889209146667446	0.8556068231226818	0.8549466533895689	0.8564399320562155	0.8553122737082666	0.8901472826039748	0.8767847680837941	0.8559159815563107	0.8548811102222861	0.8563199011956495	0.8909807863758655	0.9902032706830151	0.8916599083501205	0.8406669293657869	0.8543907209827368	0.8731143507159604	0.8967505592885329	0.8898629989868447	0.8551835564038438	0.8886121510714728	0.8562401438475102	0.856217243222797	0.3247257255352231	0.887876567212149	0.8546722407313669	0.8805799543724795	0.8853989565211898	0.8462767927438186	0.856135116844515	0.8572323726389653	0.8954420649730207	0.5577024671869584	0.8744544321000426	0.8792596149062535	0.8710256558067693	0.8547212006876505	0.8780723359663787	0.8549770559430675	0.8566831524842045	0.8534312637749232	0.8043718082254306	0.9918987065885098	0.8933553442556152	0.8960240567114229	0.857313314502176	0.8528962578010189	0.8562350109488677	0.9223266087096603	0.8908757593728703	0.8555456231773274	0.8692093993639943	0.8558464900054567	0.8813688414100151	0.8902187483466144	0.8756729032701303	0.8553659717248355	0.9169050832279773	0.8796386597290935	0.8559274318686673	0.8859023754265242	0.855936118312524	0.8750226044959454	0.8404090999185844	0.8404991230640089	0.8564884971741419	0.8816266708572178	0.8737164792105759	0.855158681587345	0.8731285648968169	0.8969732481219513	0.8556601263008937	0.8567171085829173	0.8629413404446353	0.9018230476625174	0.8837122070595519	0.8826682544433134	0.8552404131272698	0.8564438804397868	0.8896671591617108	0.8559124280110966	0.8679850056185499	0.8560332485483768	0.8916034464650516	0.8815717883255774	0.9114294648913681	1.0	0.8541727702096039	0.8482193974608735	0.8556470966351085	0.855891501578169	0.8811564183738819	0.8561236665321584	0.8915126336429129	0.8555045599881864	0.8314573246858469	0.8556944772379635	0.8773110876138418	0.8567992349611993	0.8890093584587406	0.8561047142910164	0.8534095476652813	0.855247125379341	0.8936096201576037	0.8733773130618057	0.8549411256525691	0.855840962268457	0.8922024162528103	0.8796501100414501	0.8565058700618554	0.8567514595199871	0.893013414238345	0.8561410394198719	0.8774923184197622	0.855670392098179	0.837327781379581
scaffoldsARL081189	0.7237771566572514	0.8461679828011529	0.8483605010663955	0.745663943165831	0.7471489222333692	0.8310024904985953	0.8481652386254706	0.83114590173672	0.8300471813128265	0.727256109827411	0.7200435418834654	0.830705166512918	0.8281316403587446	0.8304439414658992	0.7187771254808953	0.7078949363362399	0.7322157758269037	0.8008181988533009	0.8482682846867318	0.7299855177621546	0.7232914618462113	0.7179799952808842	0.9943587204042031	0.7515897480326899	0.830882051312344	0.8305794765719529	0.28168461276176243	0.7178306769437063	0.9933505754991253	0.7340676513800788	0.7194459403625844	0.8017036073669401	0.8303290812065316	0.830242771925921	0.7227680272356647	0.48452290822238653	0.7306047786462307	0.733140236828728	0.7238762646524771	0.9934841415721613	0.7204485063407786	0.9958220401085462	0.8316713053802842	0.9916122475166391	0.7194807266125642	0.7090973591657338	0.7136773299649742	0.7229911843110075	0.8317408778802441	0.8320106354036731	0.8307530796496828	0.7351502913676607	0.7331710850126724	0.8297843154049596	0.7259155265145063	0.8282248412549172	0.7287972063359545	0.716334540022401	0.7311246033629115	0.9867231385336152	0.7239563386618648	0.7167801978287472	0.8299050827633803	0.7164480875930901	0.8299549649331628	0.7300521367125878	0.8684292137552708	0.8185427777345684	0.830598510557791	0.7139766229836692	0.7303845751204145	0.9937066423031647	0.730685180827788	0.7222370446652168	0.8477087511375268	0.8299759679520186	0.8374605906245806	0.7277418046384511	0.7166479444443897	0.7148196972874273	0.9940121705930826	0.84935420639601	0.717229793701129	0.8304685543786208	0.7278967019025125	0.8492580519503108	0.7311062257214127	0.7175592785594291	0.734080450094694	0.7093595687292615	1.0	0.8417379866834297	0.8294925703461659	0.8296668297682349	0.7339321162740251	0.8292546455231902	0.7319118883978339	0.8294587686126949	0.7043060454892571	0.9906969753355642	0.7254879181774893	0.8309657352155976	0.7127889679018082	0.9913451153705671	0.8188571666730661	0.824198168733659	0.7138962208021119	0.7305115777500581	0.82861274075941	0.8471475767274737	0.7309053843536042	0.7320992747066879	0.8305000589069045	0.8313930153804451	0.7138066297998051	0.8304652726569246	0.7188030510822954	0.829861107692651	0.7995235596441432
scaffoldsARL081437	0.7366269540140125	0.9615034867158317	0.9922479894236342	0.7528326326234598	0.7514507219413102	0.860333043149927	0.9909767787501468	0.8602210053768098	0.8595912527595573	0.7310116877136034	0.7285756186408112	0.8593501207165201	0.8578307547366059	0.8591420983437472	0.7293297833523908	0.7232820846918611	0.7489276981789347	0.8272247106499094	0.9858260511567817	0.7383536734844718	0.7448558776186321	0.7283966926449376	0.8599430848112565	0.7542606961793112	0.8594006213247012	0.8596715186268651	0.31358904477932403	0.7260539326428908	0.8591521315771607	0.7572395631797725	0.7416114643738275	0.8455818489443199	0.8586076614439228	0.8633473609084491	0.7442655890528059	0.4895662733527688	0.7428478931714817	0.7554981283003067	0.7296327870014779	0.8593103222239798	0.730607682848154	0.8603828748758805	0.860668153145937	0.8600711757578352	0.7224573529052732	0.7251088020553413	0.7249904099010623	0.7442552213782786	0.8611731592277487	0.9306305586203367	0.8594919237487638	0.7451073773361966	0.7479909286192298	0.8588732076882661	0.7365858177570171	0.8556792950516428	0.7396412717725346	0.7339918924785197	0.742530508554502	0.8552732835395107	0.7355727956233699	0.7230720556724055	0.8588658499837629	0.7359493763174889	0.8590451104207504	0.7419171435518248	0.831199543287215	0.8648065274878823	0.8593313920141482	0.7213001866515856	0.7396389306847381	0.8594012902069288	0.7378660583405767	0.7360584041205821	0.9928008205847167	0.8583645227542028	0.8826305666469235	0.7373931586056882	0.7305521656232661	0.7263699794954153	0.8592410929134269	0.9929232260323612	0.726593386159422	0.859274871465919	0.746535440892048	0.9912353017311006	0.7476635107688366	0.7386667103669722	0.7422191438775705	0.7250034531044998	0.8580759000730085	1.0	0.8575180522952192	0.8599765289226348	0.756788067676166	0.8577207236101714	0.7480839032488613	0.8571207362520455	0.7164160086259052	0.8589645101123288	0.7260194852081712	0.8607149749018667	0.7217406455984372	0.857787611832928	0.8886304402281825	0.8627881753662047	0.7250278673058059	0.7368185887722098	0.858838091371319	0.9887253211721626	0.747572208344774	0.7574014326788432	0.8595036291877463	0.8605875528375154	0.7244854038192506	0.8604497630986371	0.7294545298878318	0.8594792149864401	0.8571113719008596
scaffoldsARL0832	0.7557496561351751	0.8566574181837979	0.8728855780164829	0.7660832349761802	0.7611282258834937	0.9934931906718042	0.8709215166416194	0.994207114654822	0.9926005288858437	0.7543714575588456	0.7470729972720228	0.9928282312593243	0.9895705464754241	0.9944974779822077	0.7551206497290341	0.7378799847559253	0.7531072813740486	0.9328216364507329	0.8707855800366995	0.750617963697051	0.7643242769422414	0.7545231450046379	0.8593110924612024	0.764935820459589	0.9939383231312398	0.9951405231813001	0.30982691537929224	0.7427593213305078	0.8589967604629241	0.7543786481601135	0.7585461152091831	0.822353456402186	0.9927237963361489	0.855146022279222	0.7643092109205374	0.49701298999239507	0.7601181176101591	0.7529415551353048	0.7494739732763016	0.8599031186322518	0.7474291032395713	0.8597538280535487	0.994692651445191	0.8595911835010627	0.7388555096612576	0.7388291441232757	0.7440084314936009	0.7645663605182574	0.9936928154593818	0.8684623310080298	0.9926529175522234	0.7627601499617015	0.7528730732184686	0.9941338390038073	0.7476989219919061	0.9888292297256717	0.7541759416862782	0.748683007136843	0.7609871531348111	0.8588478122938052	0.7556832286758439	0.7405504371029547	0.990894986747037	0.7474633441979894	0.9914435269008953	0.7600410754537184	0.8544245652853522	0.833049304583255	0.9925649182890889	0.7422638546621976	0.7523539802888499	0.8596565837316413	0.7509285291899034	0.760590300426745	0.8710714920394907	0.991971864889287	0.890009481321386	0.7567987991011064	0.7580081897524344	0.7486124707625016	0.8603886554226208	0.8726462337171402	0.7419645886856231	0.9929148608841221	0.7531654910033594	0.8723579248472596	0.7532127435259763	0.7483803170644268	0.7600133402773998	0.7391951799687654	0.8589964180533399	0.864751638344258	1.0	0.9942050601973169	0.7550186116729481	0.9921345094417731	0.7528182876849996	0.9944878905138507	0.7259624191784978	0.8607242168151183	0.7485570004098643	0.992755982837062	0.7438704404311759	0.861194002764615	0.8275779418376232	0.8374133147336448	0.7444494550380263	0.7500803806498866	0.9918551032210812	0.8702627206016548	0.7533171784491517	0.753281910261981	0.9960205158126458	0.9938297792930543	0.744703865359073	0.9930093659293561	0.7458523071044167	0.9926512055043025	0.8451034915847708
scaffoldsARL0846	0.756720608909789	0.8562258714161284	0.8704921076938913	0.7658223151334547	0.7609580405016523	0.9933102544750199	0.86905204438719	0.9928728664509706	0.9902362271504085	0.7534034362489002	0.7447497193227359	0.9898990382593119	0.9875852248342012	0.9930376991543262	0.7531920947329795	0.736783375288158	0.7533504298816385	0.9299491788629758	0.8687979558008971	0.7510855191050336	0.7632745897392668	0.7525590961149069	0.8581994181610757	0.7636856455679667	0.9927052979351113	0.9945239292970296	0.30710247703883864	0.7406429227779303	0.8573762805739872	0.7545890689927457	0.7572571701371018	0.8230247348228237	0.9897506204309794	0.8528717652864378	0.7628105275433054	0.4956857946697481	0.7587851214204886	0.7534454993661465	0.7489526112817384	0.8579053183169145	0.7453625413235929	0.8593149457095107	0.9918370194417095	0.8591969637952832	0.7383359488840792	0.7386950242752063	0.7440154956420216	0.7634777238176759	0.9923229681377016	0.865705119765322	0.990354209064636	0.7617678410027847	0.7522656802238715	0.9924231672706543	0.7475381962172605	0.9865736581609116	0.7536089641632501	0.7475959902564038	0.75868423833441	0.8584490610520499	0.756076667041701	0.738888241033289	0.9881005835146094	0.7452401137140467	0.9887773551327433	0.7586702172953279	0.8528957036458463	0.8333787592201156	0.9923564818408735	0.7417331440607049	0.7512530876208929	0.8589356937011678	0.7506614681669407	0.7595090858043135	0.8701641521699952	0.9901254267440035	0.8890621190167353	0.7571063584728285	0.7574384177154803	0.7474205562795959	0.8589579221777615	0.8700027392322695	0.7399948771910866	0.9927542005836172	0.7524599229116432	0.8687572605899028	0.7533976226473295	0.7480880945305295	0.7589571356316667	0.7385879856109941	0.8567234473152617	0.8630985744023019	0.9911452008548046	1.0	0.7544522783675544	0.9899636718297148	0.753375394170736	0.9919026789418014	0.726681729594344	0.8600252310308165	0.7476277940767607	0.9925596159192825	0.7433879686489566	0.8599612814135396	0.8255471539513511	0.8380846987032591	0.7445985656818995	0.7501621823849924	0.9914187821051872	0.8684593990035487	0.7532769049205982	0.7535453565225361	0.994296856859212	0.9936122197801296	0.7440914144390028	0.9918052156213526	0.7445742853459281	0.9930376991543262	0.843410983671645
scaffoldsTV10	0.8897331799555803	0.8779165432140787	0.878511049619044	0.903015389090324	0.8853148021651328	0.8598113670243503	0.8776024643586254	0.8610669088529237	0.8595924401374211	0.8872913328934167	0.8857244197857301	0.8598817640091934	0.8603497879194133	0.8602944760027509	0.8942196339511507	0.8611458153634071	0.8985718695195754	0.8449289802725988	0.8767081905731475	0.8739425947400301	0.9015347316289012	0.8935063809838404	0.8656036464090963	0.8987695225924037	0.8606015925190439	0.8597653382265684	0.31999374936662056	0.8807738098461401	0.8659413198583705	0.9947960382742992	0.895287579419016	0.8551415714308922	0.860484006346559	0.8638406274150614	0.9022696452069323	0.5561911053796448	0.8958008585337778	0.9950373993651894	0.8667303849632041	0.8651638586521375	0.8853356891826136	0.8656558639527985	0.8607980852020123	0.863880467466923	0.8027004592823066	0.8613608742841361	0.8802450588665776	0.902733801150952	0.8615948862392461	0.8754131954893325	0.8610100497497812	0.8900020036064917	0.8962425802738365	0.8596164215278621	0.8682075612550467	0.8586397600623207	0.8761481090673637	0.8931783774500665	0.8970857969054723	0.8654342294895291	0.8896728396828577	0.8800013769959673	0.8603339292579926	0.882281156274344	0.8594651840494357	0.8957861602622171	0.8531193987014464	0.8660066884871533	0.8602066731700072	0.8830694477859374	0.8728340356270631	0.8648451382372441	0.8738973395354882	0.8790355458357862	0.8780403181324841	0.8600302939112797	0.8795232963736269	0.8591155199049408	0.8747355278110638	0.8670336335132969	0.8657127230559408	0.879030517479726	0.8799077722139232	0.8601509744567248	0.9003797569215322	0.8784433602105411	0.8974130268460062	0.887017094089825	0.8934359839989974	0.8629556367484639	0.8655239663053729	0.8715065496271668	0.8602058995767672	0.8594984485587571	1.0	0.8603509483092733	0.8969303046642257	0.859378154809932	0.8429497419679748	0.8666414217406002	0.8616246695789873	0.8606596120120464	0.875965927859336	0.8671721067032628	0.8703647260048782	0.8735917702056752	0.8818533592126059	0.8749169354258515	0.859941330688676	0.8782956039016948	0.8965930180115714	0.9937296399929139	0.8601502008634848	0.8606205455534247	0.8809250473245664	0.860343985970113	0.8850517804635216	0.8600291335214196	0.8414984810496732
scaffoldsARL08552	0.7562412579129406	0.8589386788728004	0.8757238293585806	0.7691948250277927	0.7631714111694089	0.9950278682457184	0.8743257820927723	0.9952012508265714	0.9941657619872596	0.7570879142384522	0.7481626596407238	0.9934444217845428	0.991477473654431	0.9932545592752128	0.7581031464990109	0.7403086003940076	0.7566920526231583	0.9307578638442042	0.8732940699037366	0.7526194502982524	0.7661611448606314	0.7573715063409958	0.8613210585332727	0.7678283642915656	0.9946786997611097	0.9936140277151198	0.3115084147201468	0.7449593735429855	0.8605650418143852	0.7548116241175513	0.7597288227769091	0.8249910562054827	0.9944078109367672	0.8584508043235093	0.7656598803694525	0.4961732232748777	0.7624775375141538	0.7540878805919315	0.7516461045225731	0.8611226127278607	0.7488585932870385	0.8615541808548551	0.9958175314852467	0.8619290992277093	0.7425797405372594	0.7414302655259809	0.7460055056694387	0.7661697281567131	0.9954302531660346	0.8703929158280787	0.9948520823419627	0.7652441055072488	0.7565378966255286	0.9928216178208453	0.7502473705930783	0.9912896711361606	0.7560386921254095	0.7504286498063265	0.7622560884752427	0.8604325157228817	0.7565736031372291	0.7411631533519144	0.9929534572486622	0.7501893475115652	0.9933359289220685	0.7621084557826352	0.8550470124292994	0.8362787772167736	0.9937208039183777	0.7448704505955778	0.7542842664062838	0.8617248167809618	0.7530166852409194	0.7634333733658263	0.8742032126247239	0.9943013780653526	0.8930274109277032	0.7587499836917374	0.7604683595673195	0.751037720496293	0.8617807798714153	0.8754354306102311	0.7439499779237625	0.9940061126801376	0.7562069247286134	0.8749204328453215	0.7566570327751444	0.7507936115557259	0.7619893196330194	0.7415370417292388	0.8607703542566625	0.8669314441841989	0.9920422545366153	0.9935851878402848	0.7552809587473057	1.0	0.7565451065942373	0.9923467898815986	0.7284269152938543	0.8622092580118202	0.7503428168455082	0.9956383122630581	0.7460367488671766	0.8629934279418561	0.8296366793768115	0.8405577219794866	0.7464425671059254	0.7526304369172371	0.9927186182678633	0.8737726744932593	0.7562237479889338	0.7533586437568194	0.9945403370282706	0.9946642798236922	0.7467065892934025	0.9951864875573107	0.747770574675706	0.994608660065082	0.848792879572236
scaffolds129VP	0.8791463124681981	0.8485356654564222	0.8572026391828993	0.8852067236143926	0.8706091308561035	0.8500250203972711	0.8565578901545216	0.8493913745291207	0.8488687602632444	0.8755760721536953	0.8489457166496482	0.8492546907980454	0.8486103246372617	0.8484897213451363	0.8880273091797483	0.8616844872388316	0.9959255230641353	0.8271819911335523	0.8547829159885124	0.8630264381559718	0.8888259709809335	0.8870203674074006	0.846333793923049	0.8941930089143062	0.8491061381715546	0.8497148976460918	0.3216133734119131	0.851270488680711	0.8469084781817159	0.8896927832138595	0.8799495686805119	0.8245677712013887	0.8492240613905215	0.8495173379675627	0.888332454652205	0.5524400343202511	0.8699092488941826	0.888206874081357	0.8538705425118948	0.8470662196304638	0.8492466505785704	0.847847652389917	0.8497126004405274	0.847926905981885	0.7845963943827198	0.8614065253655524	0.8625103326391944	0.8890308051437495	0.850151366703307	0.8542273751095479	0.8493427503446765	0.8872470250230774	0.9817127122378649	0.8491612711050975	0.8588573929243771	0.8471986918180047	0.8638564950998691	0.8832636705745962	0.8701619415062547	0.8465305878663899	0.8788798366227403	0.8441070359960626	0.8486784750690023	0.8661935188939415	0.8485605518500353	0.8695103008611841	0.835451931165001	0.8396500743337434	0.8488794805558778	0.8618713266247273	0.8600293506297597	0.8471872057901833	0.8622488340724592	0.87670093714501	0.8565165404543643	0.8492592852091739	0.8593600980753628	0.8695658166623211	0.8490349247990615	0.8576069473622145	0.8469203470771314	0.8567244375579327	0.8506904442757275	0.8489545226043114	0.8696810598081297	0.856120272494524	0.9864974085606897	0.886605338935452	0.8910868041237903	0.8625742715274005	0.8469793086866149	0.8506751295719656	0.8487374366784858	0.8497145147784977	0.8880686588799055	0.849133704638326	1.0	0.8484759381117506	0.8305125563341806	0.8481413118345522	0.8782063725248088	0.84940171195416	0.859131526121716	0.8489977866424389	0.8401550766902934	0.8424863574704551	0.8631056917479399	0.8612583556066556	0.8494836456192865	0.8564441784790892	0.9852350941031116	0.8906066881608534	0.8495437558315521	0.8502283230897109	0.8621056415922851	0.8497914711649015	0.8468192700323025	0.8495456701695223	0.8295592160249997
scaffoldsARL0839	0.7518866489963443	0.8537247807518502	0.8696382993667188	0.7630074279452488	0.7574949420009287	0.9885938455726568	0.8673518860352857	0.9903609914564651	0.987548491669559	0.7516370733091077	0.7440246738979972	0.9872242478463868	0.985110355413508	0.9894332654387452	0.7508801634379801	0.7339826619906457	0.7508845957930813	0.9286124887401133	0.8685851036045957	0.7484150921009295	0.7605184900807302	0.750329187603862	0.8560725651539153	0.7620974313479337	0.9891581184720786	0.9907547891596868	0.30633608571220106	0.7410290837503725	0.8552123473138905	0.7510305225610284	0.7546773279581368	0.8202240180458223	0.9892904072243297	0.8516313453425154	0.7602310688999372	0.4942314603109877	0.7568007670020027	0.7502477004600785	0.7468528574029536	0.8563702148464802	0.7445995162595833	0.8560722242035228	0.9892051696262297	0.8565025035987314	0.735819020804111	0.7352479288968413	0.7407818947158826	0.7603418777774671	0.9880912846942596	0.8648949975076526	0.9884015495513434	0.7585955298675954	0.7507117339441346	0.9896637479040075	0.744933647644135	0.9835713053422153	0.75113587623228	0.7456844204081995	0.7566377927144357	0.8553535007763441	0.7517799315235232	0.7383648973841604	0.9858133951226364	0.7427406547202196	0.9865143891294105	0.7565927872626389	0.8512607322659768	0.831728707136569	0.9878052273150362	0.7399223587766427	0.7494969276960141	0.8562174690706852	0.748491464988827	0.7565675569336012	0.868692843928594	0.9866835005240407	0.8863281620250817	0.7529882597141881	0.7544683253675957	0.7444679094081169	0.8567237804033989	0.8691428984465618	0.74041639589523	0.9891189091769526	0.7510087017359148	0.8685036164608122	0.7507182120015902	0.7453431290654072	0.7568471362553691	0.7353062314139417	0.8549832286501978	0.8623552580346665	0.9899262797061553	0.9898734323953333	0.7517540192937008	0.9871734462379192	0.7506418391136926	1.0	0.724070893133191	0.8574789855225644	0.7452708475822185	0.9884680348778614	0.7410021486693729	0.8574670522588305	0.8244269135329347	0.835281410225375	0.7412367225393439	0.7480686865022513	0.9868894345610503	0.8678019405532534	0.7502886145071664	0.7499670982871334	0.9915887538194967	0.9890166240592326	0.741421858602417	0.9881642480782331	0.7435262044243087	0.9881939107623718	0.8414134030326855
scaffoldsTV54	0.8981044688286789	0.8807847873120881	0.8891694656374582	0.9130689921590112	0.9001461035796828	0.8807702723382337	0.8872725659114595	0.8821985457655052	0.8813678745474957	0.8990209857491986	0.9039071406621233	0.882208498890434	0.8812235542360293	0.8804592371842112	0.8873343582287253	0.8699101689003829	0.8978261960442134	0.8827152788347213	0.8855195717833885	0.9862613698900553	0.9086539518260459	0.8864526772454561	0.8866616928689592	0.9114155292802273	0.8817087690763044	0.8821193354796142	0.3235424996360889	0.8996625475935625	0.887449648592483	0.8964393939708116	0.9038163183971487	0.8826136740177406	0.8810526922580861	0.8895920587333902	0.9085569088579909	0.5774794789373214	0.9005906764931657	0.894231873804329	0.9706532111476658	0.8882566811387868	0.9048066543275565	0.8885250007983235	0.8820994292297567	0.8871904526307975	0.8209358176886107	0.8706284527494056	0.905902742210332	0.9087360651067079	0.8822437495412232	0.8897931947996581	0.8822719500618545	0.9002045781886391	0.8896932488368322	0.8804973908297713	0.9741911323462875	0.8814035399118236	0.8839863758308267	0.9037267402727903	0.9014557689348871	0.8876964031480076	0.897617595134249	0.8975242845880422	0.8817303341803167	0.9040070866249492	0.8815130242860395	0.899173600331439	0.8820185600897108	0.8710987379022876	0.8817377990240132	0.8986780176526965	0.9762294493889818	0.8872986928643973	0.9836300124870246	0.891581854292057	0.8885432481940262	0.8818261330077556	0.8887477019686036	0.8807093094480453	0.8839453191904958	0.9027612871547043	0.8877279213769484	0.8887763172027737	0.8990939753320093	0.8804152775491093	0.8948535293988354	0.8880464213746676	0.8884681850435221	0.8970270430551449	0.8962867793885713	0.8710891994908977	0.887702623851088	0.8835413882038051	0.8814338140001484	0.8804687755956012	0.8957816582984387	0.8812496811889672	0.897097959070262	0.8811920360070883	1.0	0.8885643985844998	0.9507357640246787	0.8811683973353825	0.8999926595703651	0.8891031114712667	0.8800221291144249	0.8780713166283955	0.9065073945497517	0.9840024252447743	0.8820144129543238	0.8878564825739444	0.8874923640869687	0.8979182624498041	0.8813521154330252	0.8823465984988199	0.905140913439746	0.8817382137375519	0.9048410755512684	0.8812513400431219	0.8674948772510133
scaffoldsARL081309	0.729090586036336	0.8434261868578331	0.8463193601401853	0.7472394249785014	0.7492779474616408	0.8317489371459428	0.8453151537229919	0.8327677020746209	0.8310990981333011	0.7273180872630561	0.7247667081253368	0.8313449384522383	0.8280027674406831	0.8316936809773526	0.7218023966618656	0.7110797220780157	0.7320529122482411	0.8058553009691005	0.8449485439337826	0.7306893752975809	0.7285671413734036	0.7205401075410773	0.9928838657612596	0.7529791181314018	0.8321251423177216	0.8315656322513382	0.28225049441035877	0.7206258042336813	0.9903480377608083	0.7396541096196357	0.7249698655356027	0.8076122486051126	0.8312886896578651	0.8309174476150015	0.7280774459870952	0.4798101570102376	0.7309851777809321	0.739090959925381	0.7244857950287316	0.990481049615738	0.7253970254975785	0.9941190231106444	0.8332054500449494	0.9895552606354062	0.7193595446097607	0.7126394680584603	0.7187808437782381	0.7283891304829753	0.8332223246832614	0.8292627404346443	0.8307281869656985	0.7374845605331327	0.732892673660708	0.8313108583003533	0.726730452799486	0.8290000254773952	0.7307803659943612	0.7209619734988768	0.7317359337481847	0.992546703870281	0.7290919095373801	0.7227020464965769	0.8302755496086242	0.7200656324167758	0.8306176746285181	0.7311572329166621	0.8719671559980902	0.8165640787919877	0.8324245844289441	0.718605810765159	0.730913708724552	0.9919842159265483	0.7309544063816573	0.722806603079059	0.845851171645843	0.8324103567927202	0.8396452752501665	0.7277604674870388	0.7217630225058044	0.7196814862387324	0.9925688725127693	0.8471190856460686	0.7212365999655228	0.8318190827012789	0.7292282301449201	0.8463600577972906	0.7309269437349928	0.7195696504005079	0.7350833987639162	0.7128469268471194	0.9912460332192145	0.8405459177106608	0.8298023979853667	0.8314832443113443	0.7395935594468692	0.8298738670417468	0.7312856125179376	0.8306911289364644	0.7100808096649988	1.0	0.7253639379714766	0.8325906838099757	0.7179645745093037	0.9963564016256563	0.8168099191109249	0.823594185462863	0.7187510650047464	0.730431954344508	0.8288749546287298	0.8448506048565209	0.7304008520699722	0.7379282642581595	0.8320136373547582	0.8328103849832924	0.71884635707992	0.8324527088261306	0.7245685138439864	0.8316582773244235	0.8011330492438342
scaffoldsTV49	0.894203656127138	0.8562225484987096	0.8566539257476783	0.9113326511977258	0.8909056697024433	0.8577071889311331	0.8557634537975447	0.8578746648042621	0.857124341661712	0.8998650433348702	0.879207733715704	0.8575447880844624	0.8556553166953146	0.8565563290850157	0.8800685362803882	0.8691529351415522	0.9032941996741833	0.8343019476780388	0.8541335895310793	0.9487625328754358	0.8964667275409584	0.8797917521450771	0.8568323324470255	0.9157666627758131	0.8566445564680627	0.8581030409948925	0.30577541914838713	0.8809484677909541	0.8590735422084095	0.8751523971887476	0.8851623012980746	0.8331249319263277	0.8567991495817202	0.857389023810853	0.8972334469228358	0.5631366474297138	0.8850592392223029	0.872301013092397	0.9488269466727931	0.8594252805806455	0.8798089291577057	0.8594264517405974	0.8570083968264688	0.8593136299985594	0.7987154717646999	0.8695015504205831	0.8852388170816021	0.8963058882408904	0.8579781172666845	0.8558056155558149	0.8576845465053954	0.8973919439029998	0.8984768284051573	0.8559254642575647	0.9446587884037988	0.856413057184227	0.8703693799449789	0.8829324127495596	0.8857287523281684	0.8596716145572059	0.8941415846496846	0.8780588258028399	0.8563908051451399	0.886075415673946	0.85714112828769	0.8831928006455434	0.8439027265774841	0.8380172574322786	0.8577294409702201	0.8826275207754016	0.9462667910178277	0.8597738958596763	0.9483225671201528	0.8826579709341523	0.8556713225479912	0.8577954163141801	0.862063513565741	0.8871111114581215	0.8747502989385777	0.9039133529021148	0.8594401152733702	0.855868077419919	0.882201608939542	0.8565075307536844	0.8788821512490617	0.8548936723398955	0.9045625659021465	0.8931656180230586	0.893579427872748	0.872167110471224	0.8583400056918373	0.8515628934365463	0.8564692728619206	0.8572344306971954	0.8730322072890653	0.8564333572900608	0.9030228809519812	0.8554577810500854	0.9023627371257315	0.8611621107893891	1.0	0.857500674392939	0.8781985842237727	0.8609637943708587	0.8467818281260309	0.8427081434264939	0.8844955208987637	0.9479107092037167	0.856923292536627	0.8561183152629859	0.9041756927313519	0.8757551541773518	0.8564755190483311	0.8582943304537113	0.8821477355817522	0.8580487772504521	0.8791776739436039	0.8578606108848387	0.8394324090408863
scaffoldsARL071345	0.750081114975774	0.8519354185787029	0.867303697520645	0.7604377259056313	0.7576440481611058	0.9906652512936864	0.8656054533674497	0.990904612517914	0.9881567049791542	0.7481272357474122	0.7385151534980134	0.9881085615034597	0.9850778958046351	0.9836834302023009	0.748818874412319	0.7314760348897803	0.7483120117632819	0.9221831913496346	0.8666513873288406	0.7447921134206041	0.7570175048999548	0.7481275747859735	0.8540483068922811	0.7616647064587185	0.9910063240862826	0.9841424884142048	0.3065108626259825	0.7358913340726634	0.8533305622581595	0.7473264266657896	0.750903283486754	0.8158613766253933	0.988932764245807	0.8519347405015805	0.7573029753685094	0.4896201649286985	0.7518671701163275	0.7468477042173346	0.7434590137978523	0.8537886033543797	0.7398499483135713	0.8545619503125427	0.9906499945584311	0.8561737396326246	0.734795900481333	0.7334346606579992	0.7383018982430004	0.7570500526018328	0.990682542260309	0.8620519902072102	0.9892640049201276	0.7576284523872892	0.7482937036809756	0.9824917096595815	0.7420113191414052	0.9838139600483741	0.7501706211559385	0.7422133861238975	0.752390984693426	0.8542266411754874	0.7499105785794759	0.7326643650468874	0.9916955894812608	0.7398763933213471	0.992624894177589	0.7523492829503949	0.8502771809757327	0.8299874182789928	0.9903611337042642	0.7360249152657876	0.7466836095536998	0.8548226709661276	0.7453128766506516	0.7547157721077722	0.8659502555842193	0.9878908987471509	0.8877772191175708	0.7498139525895257	0.753257567255927	0.7412467871858341	0.8547348599787694	0.867025346861876	0.735557381089853	0.9897898537285935	0.74764105445061	0.8658909238360043	0.748563917414275	0.743708885217478	0.7555145469580273	0.7334617837428976	0.8530806908385339	0.8598882461094477	0.981578339775631	0.9845930706620779	0.7479058435669298	0.9833064193222144	0.748352018313507	0.9820258706764531	0.7205508562927422	0.8557038321867614	0.7416919448167276	1.0	0.738484979066064	0.8554115809469822	0.8229462654393923	0.834014518309269	0.7387894356940475	0.7445303756513355	0.9886934030215795	0.8644825576526597	0.7481401192127389	0.7460516416755693	0.9850633171465023	0.9916616856251379	0.738881993221263	0.9905415022188379	0.7389416640080393	0.9904221606452853	0.8423355417175084
scaffoldsTV138	0.9139675956208663	0.8625650474297333	0.8593797089840398	0.8968178863063889	0.8742310857342144	0.8648936369271536	0.8595568712897933	0.8649724642002754	0.8649362355040426	0.9207988945072121	0.8904969741076295	0.8648976181025638	0.8647045310951696	0.8654052179673631	0.8991086546374124	0.8869350164681321	0.8846195648495653	0.8548634635987198	0.8561306717317835	0.8890733057809453	0.9073449103260145	0.898827583653453	0.8621760865921576	0.8849165605351655	0.8648749254027257	0.8650843352293017	0.3204663071134448	0.890758139214538	0.86232936184545	0.8899125375574135	0.8970790514132974	0.8549355228736443	0.8649043861007611	0.8588474258316974	0.9077398429267054	0.5463514318894539	0.8912912186019625	0.8900323709372603	0.8873801118789914	0.8620351529826369	0.8884255685417074	0.8628644318205796	0.8651416641552085	0.8604267581169199	0.8090317741590662	0.8880927422774154	0.9967983387351248	0.9073417253856864	0.8666290312884557	0.8596149964507821	0.8648546214081337	0.9193099349038009	0.8822973452328012	0.8641571194762684	0.8864704132977629	0.8634261756709575	0.884071356995582	0.9005315267290145	0.8915718914683809	0.8628584600574642	0.9143629263390982	0.8876496374542613	0.8652427860106273	0.8951732627444392	0.8637745285193491	0.8916650509729793	0.8518063190012346	0.8407868235833684	0.8647769884876351	0.9377463601108519	0.8897409488972343	0.8624842295689064	0.8909926304461981	0.8853166686638897	0.858879275234979	0.8651922250829179	0.8695910257936373	0.9319326496593507	0.8862741413500405	0.8873705570580069	0.8634918650652256	0.860971781030575	0.8921893717745014	0.8643736954185828	0.8776047337768097	0.8602010254711622	0.8837433081417824	0.8891521330540672	0.9022792627340881	0.889691582322148	0.8628572657048412	0.8525185512821176	0.8646667099287728	0.8646392398184425	0.8908680196558593	0.8643008399085763	0.8843914434985614	0.8648633799940362	0.860220533230672	0.8634628024847312	0.8863836236738207	0.8647320012054999	1.0	0.8634914669476845	0.8556322285704276	0.8537646591855073	0.9971821240446672	0.8906239736032145	0.8642172352249623	0.8589708422694133	0.8831091068989391	0.8906980234658441	0.8644995005615448	0.8654740923019594	0.9967879876790583	0.8650588557066765	0.8896577423311613	0.8645691711312231	0.8453675640103335
scaffoldsARL08902	0.7294016319459248	0.8433926152282123	0.8469107942491572	0.7476545197776524	0.7492438972235635	0.8311624400595826	0.8457692451332959	0.8322015339855432	0.830661401130907	0.7278760411182422	0.7260589487502616	0.8306551216192679	0.8272972353954258	0.8305222603730096	0.7227159350539856	0.712537838188883	0.7334482814463896	0.8052277264895911	0.8452916717481136	0.7298742478219183	0.7289432275962724	0.7214957267923297	0.9915956999226299	0.7530509337799057	0.8315613542989702	0.8306666891407083	0.28329620158950963	0.7214544142157567	0.9900066529773313	0.7391312394797523	0.725442895608407	0.8080730062633171	0.8311168309750462	0.8325396361122155	0.7284735862257921	0.48123301846539973	0.7315730209705944	0.7375550820583446	0.7242534239037212	0.9900724225992353	0.7267470510256591	0.9932439064775807	0.8325597966495831	0.9899792214264869	0.7204325063216505	0.7133835892564827	0.7197067269764185	0.7291216979270672	0.8325151790668844	0.8297826000020491	0.8307671613269335	0.7366012572904304	0.7338055526085917	0.8298576236411054	0.726633028314318	0.8286251868567839	0.7297688181265044	0.7220268412767503	0.7325893103542868	0.9919886651509908	0.7293755223975308	0.7225328377146147	0.8295396820518007	0.7212379363145149	0.8303249515072976	0.731051160503326	0.871457074745688	0.8170745209476246	0.8318905329091028	0.7189396350546136	0.7302149939534913	0.9910956524957919	0.7297721231326302	0.7233799107846647	0.8463132491416073	0.8312721662629602	0.8406273166027314	0.7283608855169013	0.7227698066538366	0.7206245271775611	0.9918482023906431	0.8477925698835282	0.7214064916269323	0.8306656976388705	0.7295972883085738	0.8467085278742564	0.732498753186439	0.7197394465370641	0.7362013515492051	0.7134215968269297	0.9910863984786396	0.840416787712516	0.8295955366553271	0.8302591818853936	0.7386500305878317	0.8294147528202443	0.7325453537728133	0.8294428453723139	0.7089661180686998	0.9946789401374155	0.7258206578085893	0.8315967178645166	0.7182783033288352	1.0	0.8169178636572603	0.8234726823066166	0.7196756599188356	0.7295715092607924	0.8280920893686876	0.845239122150713	0.7323814254689721	0.7369558844477319	0.8308957260652282	0.8326186257586229	0.719499503092329	0.8316571994766192	0.7259241045003277	0.83054407341344	0.8030018048638453
scaffoldsARL05425	0.7545690327347303	0.9543402534466302	0.922456193449559	0.7817904827676353	0.7814305031361914	0.8421730467522672	0.9229839305791513	0.8419762811867305	0.8416309803363747	0.7571829042527575	0.7464946546519678	0.841403109734723	0.8413824895422423	0.8424865435769323	0.7541206309219708	0.7488090091368422	0.7651492884460868	0.8333007720689357	0.9184226741034498	0.7475420905310328	0.7571682254716694	0.7530039950749194	0.8586926168876581	0.784326067453193	0.8413199299752243	0.8415090066554293	0.3027914498197131	0.7437588094529952	0.8576277062692026	0.778644680182562	0.755646525165547	0.8762515845219943	0.8418899559741416	0.8395794459319331	0.7564639934742333	0.504632029170233	0.7691069674232414	0.7782092096769515	0.7465453313962003	0.858351509974756	0.7484731446457573	0.859009958154989	0.8424603314678466	0.8604212181081637	0.7416401720492941	0.7498001763550699	0.7468249272264478	0.7569725083904961	0.843374959327544	0.8753013081939403	0.8419996973375138	0.7575680475089235	0.7644642786619802	0.8415250834156685	0.7459442003611679	0.8404091465581928	0.7600407231326756	0.7521746439434476	0.7693177127802905	0.857017837864475	0.7542691662067897	0.741836588120043	0.8434088603219616	0.7505072043108085	0.8429038403535769	0.7694456278726287	0.8249726607702236	0.8761366007368049	0.8419780286606696	0.7457100388533355	0.7498941904529907	0.8582735726370745	0.7476591712849491	0.7557251614928041	0.9214954322778707	0.8417005297991489	0.8750314982177513	0.7488579384071355	0.7577959181105752	0.7472569027841803	0.8587922229021837	0.9244940975572761	0.7443613384671788	0.8414880369681607	0.7645698260878986	0.9231625224157219	0.7643017635856487	0.7535303342253605	0.7607089571669673	0.7490536554883088	0.8580851949464452	0.9166961698516709	0.841522287457366	0.8416522995184311	0.7789773992205568	0.8410805260455748	0.7641375010353784	0.8414391076978673	0.7354586577373078	0.8573697791157991	0.7444008313782012	0.8433092543074359	0.7449271705286423	0.857393894256158	1.0	0.8844923221237541	0.7473736340433087	0.7472862603463564	0.8416966853564829	0.9206503538809474	0.7641221232647147	0.7784307893724227	0.8410787785716358	0.8421031477947054	0.7473732845485209	0.8419591559421279	0.748253661919013	0.841707519694905	0.8626911867549863
scaffoldsARL091265	0.7142784776799571	0.8526971382773394	0.8506424953586623	0.7378204007198994	0.7330800091116703	0.8116710687047038	0.8507547779804744	0.8116313826056151	0.8111025572689768	0.7193966938575598	0.7007151886767493	0.8115571728268312	0.8105243662968868	0.8105492104402189	0.7124761480091453	0.7014305064139834	0.7219185357313632	0.7865849369636327	0.8479057677775979	0.7112220027476978	0.7200700669372204	0.711909572480691	0.819264987632779	0.7354250381212407	0.8104140195823474	0.8111812841647302	0.30336441324909125	0.6983443475702105	0.8202816616021181	0.734465473416444	0.7171297464413184	0.8012762146043554	0.8094741366014889	0.8131688156312897	0.7194609014487685	0.4843946514753872	0.7312254099444976	0.7331319559568189	0.7069949492179257	0.8186196852085714	0.7031773400763135	0.8204162071575655	0.8115220038447118	0.8225924895832056	0.7074276244933569	0.702218743325153	0.7028853407293595	0.720115238106915	0.8124286537507236	0.8297072714613067	0.8105656656520361	0.7262327050884032	0.7244316660224398	0.8099161687620712	0.7068697605476294	0.8084613344466951	0.7246410666590951	0.7091257378226593	0.731839092549919	0.8178701664428543	0.7133992531269743	0.7001402242167803	0.8116526775856139	0.710054328011094	0.8131088025058384	0.7304875066224161	0.8201813170751538	0.9448301918935819	0.8113493854462364	0.7004819118503982	0.7100659434547297	0.8202681102512098	0.7106128372592457	0.7215649100028974	0.850526663573517	0.8104498338668908	0.8366842812718395	0.7158617271777505	0.7100249667507926	0.7004754588261561	0.8206643259396733	0.8504056693689781	0.6987896062429138	0.8109773685986806	0.7204085280587174	0.8498471601208264	0.7209489688389913	0.7224086429225489	0.7225906182061754	0.7026398031569485	0.8192824107982326	0.8445853641538376	0.8093689523063431	0.8110086657662546	0.7338179124337516	0.8100320005472165	0.7211841815726149	0.8098477667051052	0.684977553155174	0.8206823944075511	0.704462782505335	0.8139754436615492	0.6997714338813457	0.8209598744499603	0.8385127456908318	1.0	0.7031937952881308	0.7100139966095811	0.8107089227902102	0.8485788182060463	0.7204027203368994	0.7327483236656275	0.8104401543305277	0.8118198109134837	0.7026923953045214	0.8123189523386083	0.7034535295138743	0.8114897387235015	0.7843980070479931
scaffoldsTV139	0.9139803269510649	0.8597618184384522	0.8564976058091598	0.8945638761259774	0.8734496868040171	0.8579494213099789	0.8564205077637732	0.858047474208727	0.8584634082792231	0.9198255449151467	0.8881987405737756	0.8584080558363814	0.8579466536878367	0.8581099433942198	0.8991051486865458	0.8859526175181783	0.8841287545265448	0.848679073257772	0.8534781300521459	0.8895196870847332	0.906797556743173	0.8975556756615705	0.8572507944063984	0.8833720075579807	0.8573646622888156	0.8585571120574622	0.3207195659419582	0.8909244530091367	0.8570147557751379	0.8896371133384758	0.8957567212692157	0.8512177735112466	0.8579778882805831	0.8533990551338007	0.9061309551815224	0.5433526262954943	0.8897667962045621	0.8890831935354673	0.8849796006479399	0.8571321820288805	0.8881781810950058	0.8590794018931326	0.858326213295894	0.8563722720635826	0.8047055111659716	0.8867607631836669	0.9967219492599971	0.9071308575239982	0.8598946643012723	0.8561176508265108	0.8577774333625778	0.9171211827077387	0.8800745834629833	0.8572365609210962	0.8854042329594539	0.8565699593594457	0.8821866745319852	0.8987267752022637	0.8897272587453895	0.8584819908850342	0.9131579478002742	0.8856825766720292	0.8580534048276028	0.8953265537134175	0.8573187988361753	0.8904709583524266	0.845716136067375	0.8377366860571546	0.8576188881512956	0.9376423101421095	0.8877108483275853	0.8576568441121013	0.8894160989417008	0.8846387877498718	0.8560820671132554	0.858518365347473	0.865951012297336	0.9270470618330278	0.8838650396738634	0.8832051594802722	0.8583222595499768	0.8573531964256556	0.8918263024528644	0.8574223869792077	0.8769538918104874	0.8558484007295452	0.8833043985027955	0.8899391795265548	0.9020301299161371	0.8876297965362814	0.8572772845040441	0.8495809227014997	0.8569507050912781	0.8582159037848024	0.8902301752260653	0.8574255499759414	0.8830078675590007	0.8575916073044665	0.8598104495132346	0.858914135313791	0.8836036970687323	0.8574824839171501	0.990282087909959	0.8584025205920972	0.8535659032115092	0.8511430477134103	1.0	0.8897664008299704	0.8572401192924218	0.8562240065916852	0.8824412957690569	0.8898814548361627	0.8575809321904899	0.8588829007210447	0.9945074561717381	0.8585895327739838	0.8893658863685516	0.8581510623517592	0.8399238982985845
scaffoldsTV47	0.8923945246020623	0.8581897118079888	0.8678565953799179	0.9150022055511062	0.8913402398888778	0.8648317837120832	0.8671335343878266	0.8658450076333968	0.8641927995795375	0.9008780752577835	0.8807453824206627	0.8649162516267894	0.8646655852687957	0.8646542446691361	0.8814543654269696	0.8651856886324958	0.8844388984132546	0.8451233857242967	0.8645216769696666	0.9954000181449595	0.90177163629993	0.881051187556312	0.8650507746020623	0.903391386775453	0.8650257470717789	0.8650492103814196	0.31501683101411554	0.8798803684052457	0.8668938175743318	0.8787013370958053	0.8877085106116729	0.8381993630493543	0.8649995463760136	0.8675296732655922	0.9014697417158875	0.5708024921163279	0.8902073530883973	0.8775555454750226	0.9809215918760636	0.8678014566022625	0.881856761187306	0.867188673165482	0.8653053515116629	0.8657081383271599	0.8028295969316248	0.8649612229702673	0.888954412353589	0.9008827679197117	0.866141036390029	0.8683000519321253	0.8653968584192612	0.8996826196315948	0.8813049823555912	0.8645674304234658	0.9846307500750826	0.8646577641655822	0.8766033261587747	0.8863996489888878	0.8917191723395735	0.8675292822104315	0.8918810691760937	0.8785797189408349	0.8649584855841426	0.8913175586895585	0.8650343502853138	0.8894463597457203	0.8521357868655521	0.8448328317399139	0.8658262369856843	0.8832098120432476	0.9880556111722896	0.8660147255731304	0.9931745232255481	0.8873991859795776	0.8670619712934228	0.8657965167934728	0.8661887451196316	0.8766299179097007	0.8697512576333968	0.8973761762939233	0.8663373460806888	0.8678640254279708	0.8818102256231855	0.8641165438232056	0.8831902592852138	0.8666724803533887	0.8864848990139154	0.8978524814796276	0.8925196622534788	0.8669090687255981	0.8670643176243868	0.861548875638202	0.8648880956552207	0.8641138064370808	0.8793540081589749	0.8645322354590049	0.883872259485434	0.8640266011362498	0.9324854996746421	0.869021548703574	0.947331517794574	0.8650234007408149	0.8838355003003303	0.8690817711983182	0.8499755981579737	0.8518608750875963	0.8900693106166784	1.0	0.865325686380018	0.8668308576934628	0.8846582803583942	0.8801936035889478	0.8645556987686455	0.8659900890980078	0.8885547539793773	0.865387473095405	0.8816201728150966	0.8645834636850536	0.844348705450996
scaffoldsARL08394	0.7532002980533264	0.8557061803700932	0.8717045103968476	0.7658460406294104	0.762140531255114	0.9892189697754659	0.8701500140246321	0.9916460340014479	0.9886289444491326	0.754430912544034	0.7450092979381912	0.9882391245896386	0.9926620938280344	0.9878609207469918	0.7521463153482089	0.7349320616755831	0.7512399243865633	0.9277490585047522	0.8714756065354444	0.7490257065869307	0.7602706941902492	0.7513489099563955	0.855090531477185	0.7665723833299225	0.9909357487359894	0.9901667000911857	0.3078801350054476	0.7399105498373245	0.854629990573944	0.7518709474194164	0.7540680828413324	0.8214611377615184	0.9889900659140627	0.8566422946689657	0.7593311634158333	0.49402373015582884	0.756704918665675	0.7509689978759772	0.7491832061094782	0.8553529167989128	0.745667652775391	0.8561151324926298	0.9907314434984983	0.8578961411933681	0.7382316937553318	0.7364236948978012	0.7414889615383433	0.7604521090416	0.9888985043695014	0.8662593316758872	0.9893682697567093	0.7593301384731702	0.7505952354515368	0.9894536816452926	0.7468620526253393	0.9916098193606886	0.7538501117016679	0.746986753982671	0.7572741034911938	0.8552336818024505	0.7531780909622947	0.7390745382718715	0.9933464138793635	0.7419372031296283	0.9920170632454536	0.7570892721642997	0.8535466261791538	0.8330211244099319	0.9896385129721869	0.7421141765627728	0.7509228754561422	0.8559644659211689	0.7493680374363724	0.7573810391757001	0.8703727682300573	0.9885141508708767	0.8901111140340957	0.753704569843522	0.7551012250456356	0.7464121027962828	0.8565678155021211	0.8714769731256617	0.7391421844876295	0.9896381713246325	0.7524780551234663	0.8700369286841478	0.7513680422194382	0.7443594842898497	0.7591097758006254	0.7365589873293171	0.8545162219383511	0.8638380754583287	0.9876115180323287	0.9898370102012544	0.7518975959286545	0.987368606621198	0.7510185367713554	0.9880088541380181	0.72484970069966	0.8572521355534503	0.7469105665780547	0.9953365108833536	0.741358452172588	0.8571052271050871	0.8269093913104678	0.8368496269037883	0.7419983580418539	0.748678251024174	1.0	0.8695794626088958	0.7510161452384752	0.7506717645037074	0.990719827481651	0.9915920536878633	0.741885614348924	0.9887867856192345	0.7447011318441827	0.9905004897517692	0.8455066342830339
scaffoldsARL09193	0.7356124879842856	0.9594311666238778	0.9895008030378114	0.7509355506597116	0.7493337870944758	0.8567494648073074	0.9877766433749214	0.8568884457420421	0.8557935147979867	0.7293719454876307	0.7256695464577774	0.8559003211487852	0.8546949351897737	0.8554230095376081	0.7295490715476506	0.7222600356507658	0.7463123614751482	0.823367504731654	0.9852885861161031	0.734649572343391	0.7435818338982129	0.7290435657134365	0.8581051093902684	0.7517873478921667	0.8555828873670642	0.8560963539230769	0.30959280244606446	0.7234315885421331	0.8570486552682398	0.7584295751429115	0.7407680504391333	0.8409437833728384	0.8559013162390101	0.8563902372361435	0.7430156275602843	0.4849436215048285	0.7424597038213455	0.7562360645906431	0.7266397594269872	0.8572566291252295	0.7271187295218724	0.8587724832343882	0.8568423398949583	0.8589068204147403	0.7208765285415095	0.7239327823187062	0.722711806612839	0.7433012184548107	0.8572715554786019	0.9292029791674544	0.8560731351511641	0.7438684198829641	0.7453398266287471	0.8554286483822154	0.733286298735373	0.8531475698901619	0.7394634871543803	0.7329333734022997	0.7424782788388756	0.8526649511311191	0.7345036257770825	0.7207889606017244	0.8561869071335365	0.7328836188910581	0.8566516142685324	0.7419054385661148	0.8310456209064476	0.8563630381033315	0.8555543614472858	0.7195112647530418	0.7359693936782581	0.8571859777192665	0.734389190401227	0.7361027357683855	0.9885249512239942	0.8550501824000382	0.8779624665235064	0.7352330269118834	0.7309504902809538	0.7233476692665057	0.8573342461627662	0.9887060576449134	0.7243885336416787	0.856142128073419	0.7442910015317755	0.9879109805552736	0.7451083023031032	0.7340614740205161	0.7398094468558798	0.7239410747372464	0.8565398324666097	0.9820409433189974	0.8548849974227163	0.8559195595597986	0.7581081610002912	0.8553175299737761	0.7456207737688909	0.8542481396788246	0.7138309580529667	0.8559868939983455	0.7234219693366264	0.8568376961405757	0.7194721245375318	0.8558097679383256	0.8846425072027947	0.8610472594883511	0.7230093385900633	0.7336355754042886	0.8551135364776857	1.0	0.7449099476516202	0.7591002659544475	0.8561500887952177	0.8568924261029415	0.7224587219989903	0.8569760136818272	0.7255335507937172	0.8559361443968792	0.847767448741244
scaffoldsTV77	0.870666453193635	0.8425069827686289	0.8517118690752697	0.8765288678012606	0.8627541663283727	0.845762193571983	0.8507925945092409	0.8448816173162039	0.8443318736735396	0.8699217004189281	0.8375816743013628	0.8452731531610829	0.84343081007704	0.8442301957603345	0.8832399894679893	0.8525359154464685	0.9932114817127721	0.8220135717250416	0.8486865717622224	0.8567730010236082	0.8826648263470237	0.8817133031891201	0.8391091193706289	0.8867402895695913	0.8443174566559956	0.8452135881149142	0.3157027119927581	0.8440283575147186	0.8398785328332399	0.8831235151420418	0.8728699805066747	0.8142439374544251	0.8446949548785291	0.8437605045045592	0.8823666217209821	0.5456848728305234	0.8622074578472965	0.8804635754051751	0.8491938231426518	0.8400162532903048	0.8382239903724674	0.8412212124408238	0.8448592329994908	0.8408702718821872	0.7797398411244667	0.8523405269192276	0.8571637780780902	0.8816002434199594	0.8453353739736411	0.8487283052340603	0.8446076939828681	0.881144969181728	0.9789758150736747	0.8443292179071499	0.853429770534196	0.8425813442275399	0.8582014239460591	0.8802898124042501	0.8627776888306813	0.8403645380825518	0.8707715456636267	0.8362575850585066	0.8431826856172039	0.8591593968223376	0.8442024999108422	0.861126181531497	0.8279340337980419	0.832880967791624	0.8447438968591389	0.8559838590106739	0.8547288196939494	0.8400492606725767	0.856508183175037	0.8701531314900292	0.8512907404049057	0.8444859081241411	0.8520085561205172	0.8641097453727065	0.8438542151185952	0.8520400459219948	0.8397962040751598	0.8516204348324249	0.8444145818268183	0.844244992173077	0.8631502549156339	0.8509356264990853	0.9964124390027369	0.880186616910251	0.8826098140432374	0.8540018984935734	0.8399866604648198	0.845506860603375	0.8441152390151812	0.8447325150031831	0.8812716871780357	0.8437259795414933	0.9790577644365563	0.8435772566236711	0.8161955463556435	0.8416533435719451	0.8706581064992673	0.8446266637427944	0.8523382505480364	0.842478907523938	0.8345400629947788	0.8343746466882214	0.8577006222840047	0.8552990506773342	0.8444783202201707	0.8508825111712917	1.0	0.8835943445834127	0.844630078299581	0.8457523292968213	0.8566030319746686	0.8452052414205466	0.8365899352524154	0.8446171788628312	0.823397605409265
scaffoldsTV14	0.8875732636850158	0.8768535330097339	0.8763786229310738	0.9010534333831208	0.8844308065304587	0.8555356052897319	0.874943829400843	0.8566402453585958	0.8554926427642786	0.8867383973120166	0.8825950294293299	0.8560047096217092	0.8563588601693652	0.8548427861855741	0.8934839008579732	0.8582735954253813	0.8997308842887592	0.8404189891266106	0.8736139263606831	0.8726846198416425	0.8962857542071343	0.8924152564185432	0.8627277642804919	0.8959765014338259	0.8556788137079098	0.8557980250397984	0.324551689917392	0.8777418122522156	0.8630846241765999	0.9925508399560776	0.8883133028621945	0.8543527811655385	0.8560809584281444	0.8610773840234366	0.8949043735463862	0.5574151577208496	0.8954640475266165	0.9898747777850457	0.8662909445446688	0.8620268171309781	0.8838215901785345	0.8640634730673347	0.855876209095128	0.8627598894121372	0.800029183553326	0.8581961854696094	0.879930191701885	0.8967428599959669	0.8560856030254907	0.8731510148251677	0.8562795149646991	0.886679952795409	0.8954984949569349	0.8544158702794925	0.8675109254476328	0.8545060528779667	0.8734049194800992	0.892652130883205	0.8956080300443521	0.8634914134941809	0.8866965959358999	0.8781818878507783	0.8556532684225051	0.8790852620346356	0.8557709315552783	0.8941144049477348	0.8523478633110483	0.8625760407671791	0.8557620294103645	0.8826871472766984	0.8703747067614113	0.8626797701079133	0.8713380736609916	0.8763267582607067	0.8758773934674512	0.8553258243095903	0.8756486470481455	0.8598597254191459	0.8729021418173613	0.8643595661481619	0.8634271632308903	0.8758069504076988	0.8761212348281325	0.8554163939578433	0.899163082263173	0.8746906988454692	0.8990740608140354	0.8838587469573049	0.890776100605075	0.8597912176082878	0.862178153594512	0.8696834358563689	0.8548683314709788	0.8551210749765739	0.9914245250995976	0.8555967591547916	0.8977967965438003	0.8548261430450832	0.8419911853283363	0.8645987629114968	0.8612074327491333	0.8558193127776357	0.8740168451804755	0.8649037581372377	0.8669624759109894	0.8703952203996909	0.8809287801313415	0.8719929618868212	0.8552817006348004	0.8759319674862703	0.8979620667993732	1.0	0.8552902157299352	0.8569452405843367	0.8795292081309869	0.8565554814570256	0.8831357379703961	0.8561595295332528	0.8396325039759689
scaffoldsARL0835	0.7537425946442879	0.8571189474084121	0.8722464261425614	0.7647283108515821	0.7592000282027297	0.9929780679281912	0.8710221401696202	0.9938316796744913	0.9912167663859057	0.7533038094563342	0.7449877691195854	0.9911291462547699	0.98873875955222	0.9933538761468911	0.7534273675318812	0.735304033298388	0.7523755836921138	0.9316422648024115	0.8698762331421093	0.7496165763597463	0.7624193834896976	0.7526401554162077	0.8588833293459328	0.763335287672977	0.9925902803946877	0.9947499797207313	0.3071263574702836	0.7414069807916821	0.8580259526721231	0.7542512021242406	0.7561309277500143	0.8219846438874862	0.9916812215341532	0.8546371756472168	0.7623461385363263	0.4936100623506222	0.7583197196977243	0.7535830986243297	0.7485281700432932	0.8589100261046383	0.7449949567084676	0.859488798142727	0.9939675593309792	0.8596335767187835	0.7369705271206554	0.7368675050133432	0.7428208822046594	0.7623475076008752	0.992490680948748	0.8672869898138175	0.9917318769224661	0.7609760471889169	0.7524861356544453	0.9932902146453626	0.7468435361157517	0.9874658717877896	0.7532370675595705	0.7460042995472161	0.7589416172691064	0.8586013020488393	0.7532750591008053	0.7387684511396264	0.989593740363069	0.7447687187917458	0.9897207210999887	0.7588906196146562	0.8550780144319939	0.8342531735771911	0.9924622728593563	0.7409384184497877	0.7509565482870778	0.85989780617674	0.7498674574383501	0.7593875900459424	0.8710371998796592	0.9909265247015182	0.8894925322662844	0.7554611129194172	0.7563605883281086	0.7466908854185385	0.8599583872830332	0.8720622869607212	0.7411827964717838	0.9922507523865363	0.7528831643736547	0.8710337772182868	0.752576151648542	0.7470985243880025	0.7590333445938893	0.7369274015873619	0.8577808901178525	0.8646429839035659	0.9924331802376901	0.9936985381471012	0.7545417860747653	0.9909977160580661	0.7525388446395818	0.9935821676604364	0.7255983924444066	0.8606922058812959	0.7477248714191689	0.9933590101389498	0.7428499748263256	0.8604906111264561	0.8265867543689417	0.8381029830889725	0.7432565869973778	0.7491565706712832	0.9915443150792534	0.8702540949576326	0.7524505399761714	0.7531371258474937	1.0	0.9933679090585182	0.7435653110531769	0.992253148249497	0.7440831597188352	0.9915426037485672	0.8446532724236515
scaffoldsARL071384	0.7520355784376452	0.854932717771187	0.8703825595573079	0.7638101815224324	0.7580154256401586	0.9949977622016255	0.8684880152517975	0.9959249231427892	0.9933073978239669	0.7521518144232837	0.7415695675782726	0.9930660632848699	0.9854132359723446	0.9868336328994879	0.751616310806163	0.7338846986743984	0.7505770042952776	0.9261090225371691	0.8671770369504314	0.7488798225577575	0.7599205368534544	0.7504975820528911	0.8560088380253245	0.761906774649102	0.9960783137396729	0.9892030063193518	0.3065473583241839	0.7372521335779857	0.8555732087301747	0.7501273994124118	0.7538033198497317	0.819689012495198	0.993958114822747	0.8524092720184532	0.759500587485986	0.4955112798331928	0.7555366335945177	0.7483480684885606	0.7483913587236811	0.8564274239208205	0.7438400892801448	0.8572117611728859	0.9952817052398569	0.8568650984239287	0.7378367221861092	0.7351097782415097	0.740106221284002	0.7601114229295763	0.9941343435751667	0.8654508814334999	0.9936063390538936	0.7590172366718059	0.7495700802437343	0.9874015189759507	0.7467248551055379	0.9843224583945049	0.7508537891056544	0.746020280963852	0.7560561164159639	0.8568156725649329	0.751670849685055	0.7353903125998104	0.9915522685276241	0.7416827357519735	0.9919452893236395	0.755533224914587	0.8516201626144848	0.8331686372813459	0.9938756247684228	0.740210867757876	0.7500939943490904	0.8568790740116448	0.7487417710205622	0.7571840486050488	0.8689420514185733	0.9912441238618844	0.8877269456489394	0.7518061742783058	0.7552111046611312	0.7446540820476076	0.857503203306965	0.8697628615458977	0.7364841579895879	0.994409083177585	0.7509904771708774	0.8679218335153001	0.7508878759049619	0.7451190259901619	0.7559419256382839	0.7352652140463519	0.8553519854026691	0.8626636038541262	0.9866669484508743	0.9891661925760996	0.7498022113470183	0.9864187965519158	0.7505718912753815	0.9865179891379006	0.7244341335663962	0.8578045306128431	0.7458982502223311	0.9955148589471201	0.7394660711930073	0.8580823380271992	0.8247314727167554	0.8384122096188176	0.7406280901813997	0.7481142330453112	0.9887469249446175	0.8679105848715286	0.7506704021253802	0.7489844690316315	0.9890509791944403	1.0	0.7402071182099522	0.9939635687106362	0.7424363948846622	0.9955162224190924	0.8432937801476436
scaffoldsTV137	0.9133954233915543	0.8614936357032311	0.8580023530526515	0.89370242569723	0.8710061274122738	0.8603084236126465	0.8580402545718707	0.8608366760367645	0.859719370834781	0.9200388490571997	0.8878359811755788	0.8603652758914753	0.8598741353715929	0.8593549635197878	0.8970938220523673	0.8832029152585199	0.8838298695556047	0.8498389185433183	0.8548509996525694	0.8862453017908468	0.9054317614731057	0.8957305517829506	0.858728009222703	0.8825376646347242	0.8597126591074192	0.8603822526136256	0.32027573355231986	0.8892991377404378	0.8583174094311614	0.8899884716212375	0.8956310602950002	0.8481791478475096	0.8595156501689776	0.855448738195256	0.9061151732415275	0.5422507185496352	0.8901862701746628	0.8886946874703895	0.8839360727709169	0.8588452670477875	0.8873416821957614	0.8599223018856006	0.8606408515207985	0.8580169609298506	0.803223208363602	0.8841784845709232	0.9954379994314773	0.9064215438552162	0.8612149016139731	0.8577504658728404	0.8601204952465178	0.9180150658538896	0.8804969047092638	0.8595503932282619	0.8828400871734942	0.8587820978490888	0.8808593379867976	0.8979008085657434	0.8899943937336154	0.8590596475158713	0.9127317519977259	0.885745870313635	0.8606021603865955	0.8941781687249297	0.8595859259025299	0.8896489371782319	0.8467187549350936	0.8397093427244875	0.8604683206468526	0.9388352389374941	0.8857004674520703	0.859502621521746	0.8865240358801049	0.8841441363191308	0.8574843656233221	0.861022235557942	0.8672649316193424	0.9265275101860333	0.8849748112820189	0.8828973342598149	0.8605062221660719	0.8583410978806734	0.8904436846593601	0.8596648874009033	0.8770751081772528	0.8579308928966236	0.88280534411421	0.8891202899466221	0.9011374403840687	0.8859180063800891	0.859544076308392	0.8511192792394429	0.8591457155490982	0.8599072992009097	0.8888553741195793	0.8595507880357538	0.8828223208363601	0.8595278892012255	0.8568720192034364	0.8611059347462178	0.8862993904172326	0.8600202141435835	0.9916087615678595	0.8604868765989704	0.8537376425255045	0.8520340481980986	0.9965541202109851	0.8865449606771738	0.8595555257256562	0.8576178105555731	0.8827094058936862	0.8896588073655286	0.8598488676921133	0.8612500394807492	1.0	0.8609902561511007	0.8872919364517861	0.8604339723950601	0.840547913837213
scaffoldsARL071195	0.7526195410604966	0.8544936122056638	0.8715514773052643	0.7636485417831286	0.75769739443437	0.9960821073585755	0.8699494157588318	0.996456035340796	0.9940011316690073	0.7514340155161365	0.7414477182553209	0.9936895818278499	0.9859321953015284	0.9885640074717423	0.7521910748128656	0.7343332015325252	0.7507205868317358	0.9265471824168632	0.8681571520117802	0.7477179144567307	0.7608265274122956	0.7511490530793669	0.8573633475587309	0.7611898886055929	0.9947943225665707	0.9895566039022129	0.3091661780947057	0.7387893186807194	0.8562136127510465	0.7501571383772139	0.7546210954010608	0.818898190693045	0.9931929427484559	0.8521869844429598	0.7605160001636148	0.49308863831585836	0.7564307432202119	0.748745960759718	0.7462341327734071	0.8573541442264428	0.7432287334851315	0.8581057496966309	0.9959331497211731	0.8577856782515032	0.7372138445386744	0.7359032218480291	0.7401875434601802	0.760731767176145	0.9960786987169873	0.8664841907203141	0.9935982302332874	0.7597163328470338	0.7501854301023956	0.9876433333787819	0.7448890828027215	0.9845758968136018	0.7514483318108067	0.7443188170650232	0.7567218412118403	0.8573899349631185	0.7519364492862305	0.734786209999591	0.9922698826063837	0.743857627858146	0.9925725699794118	0.756517322716551	0.8523281022047093	0.8323200578105613	0.9949238509469206	0.7397549868426435	0.7482223934117775	0.8577045525817052	0.7474520404128546	0.7581763085775057	0.8700397447609178	0.9940297642583478	0.8890545109962777	0.75338682628199	0.7544786141826759	0.7449760031632194	0.8584462729912875	0.870386744474592	0.7375826595585128	0.9950438351308236	0.7500398811065814	0.8694824318612546	0.7509598734712243	0.7451556385749152	0.7568984088461066	0.7354321475805462	0.8565854955483141	0.8637562548573142	0.987464038831245	0.989244372332738	0.7499127387753433	0.9885016293306791	0.7508289816342392	0.9873474632889301	0.7236273400324502	0.858504560762445	0.7458864513314154	0.9962954883219939	0.73950274736512	0.8586180685273305	0.823312040685546	0.8373454181039772	0.7406613446409337	0.7470126665121416	0.9876484463411641	0.8685978893691286	0.7508797703939026	0.7487401660690182	0.9897839602961428	0.9954988887828423	0.740319117025483	1.0	0.7421996645896677	0.9950387221684415	0.8439639774756964
scaffoldsTV58	0.8902647029751902	0.8642890184837403	0.8668059701492538	0.9087856083819315	0.888297716714441	0.8667450825343481	0.8661468814866067	0.866877532865474	0.867068103192646	0.8957714737570426	0.989759810220421	0.8674330335079569	0.8661184145497677	0.8664473658199071	0.8917307502223979	0.8750479391123851	0.8825881190076109	0.8573521794998518	0.8631321538005338	0.8861452999901156	0.9029127211624	0.8895684491450034	0.870654937234358	0.8980005930611842	0.86561945240684	0.8674413363645349	0.3163459523574182	0.9423635465058812	0.8713227241277058	0.9038169417811605	0.8929520608876149	0.8541709993080953	0.8658108134822576	0.8708763467431057	0.9024513195611347	0.5597406345754671	0.8993073045369181	0.9027569437580311	0.8844475635069685	0.8710317287733518	0.9861785114164278	0.8730979539389147	0.8666486112483938	0.8715283186715429	0.8116410002965306	0.8758288030048433	0.8931473757042602	0.9029925867351982	0.8674057526934862	0.8680703765938519	0.8663228229712365	0.893932193337946	0.8749190471483641	0.8663931995650884	0.880859938717011	0.8644886824157358	0.8659804289809232	0.8787984580409213	0.8992234852228922	0.8714140555500642	0.8896285460116635	0.95662231886923	0.8670938025106257	0.8974209745972126	0.8666347731540971	0.8992752792329742	0.8562803202530395	0.8550076109518632	0.8662809133142236	0.8948249481071464	0.8836647227438964	0.8716750024710883	0.8869079766729268	0.8774427201739646	0.8662053968567758	0.8664540871799941	0.8751372936641297	0.871976672926757	0.8825636058119996	0.8851707027775032	0.8717702876346743	0.8669182564001187	0.942184837402392	0.8656858752594643	0.9021634871997628	0.865683107640605	0.878683404171197	0.8777451813778788	0.8955472966294356	0.8764772165661757	0.8705810022734012	0.8608907778985866	0.8660693881585451	0.8666122368290995	0.9026426806365523	0.8656020559454384	0.8818021152515568	0.8659638232677671	0.8645657803696748	0.8727124641692201	0.8837362854601166	0.866089552238806	0.8873065137886725	0.8717564495403776	0.8561245428486706	0.8621484629830978	0.892854798853415	0.8851964020954829	0.865851932391025	0.8663825244637738	0.8786308194128695	0.9039592764653553	0.866720173964614	0.8675828803004844	0.8903524760304438	0.8667423149154888	1.0	0.866047642581793	0.852714441039834
scaffoldsARL071205	0.7510491038829865	0.853768178254554	0.8691066948946845	0.7639304348891764	0.7578770025058663	0.9934635049380308	0.8680190379120799	0.9928238468878542	0.9913429993528526	0.7504754882286238	0.7401698106591746	0.991183340158849	0.9841103357370723	0.9857001191826947	0.7504860413949652	0.7318923835755966	0.7504312330149341	0.92491217893268	0.867409337237324	0.747004858201189	0.7578746195328215	0.7497786388253713	0.8549548988308794	0.7614586109922461	0.9937314191932138	0.9877950929138212	0.3067693115284491	0.7377388377287271	0.8545041765006858	0.749570298896309	0.7519988888537117	0.8191367714187575	0.9918505726114014	0.850869802182599	0.7573585356562554	0.49128938245934395	0.7539243310739344	0.7484308973561595	0.745690137929884	0.8555826420158318	0.7423100608781528	0.8563751507655982	0.9925235922842056	0.8564973632403259	0.7355417365813937	0.7334161246254052	0.7395624929574636	0.7579941086097838	0.9919836786771913	0.8644108762974863	0.9918342322248083	0.7578572578720664	0.7491965125529914	0.9863333091631782	0.7442021414757479	0.9820320428172596	0.7489769386081463	0.7443703112877689	0.7537033954302066	0.8553950679947316	0.7500962550897751	0.734186165343606	0.9891516854257709	0.740915000372765	0.9907428305702761	0.7534235663097995	0.8498161876720635	0.8314308697817571	0.991713721873684	0.7388322819315835	0.7476203460961965	0.8556623014004733	0.7468291990453129	0.7560407515624643	0.8681732503105525	0.9902536402466445	0.8861994201205308	0.7519481655703288	0.7550684985601737	0.7430695484300123	0.856362214626212	0.8680534208088696	0.7369732225318952	0.9934042710366308	0.7493735334077501	0.8672190398184583	0.7502845099603167	0.7442743115165342	0.7550562432702288	0.7333146780586395	0.8543390705111511	0.8619935203558664	0.9851336524474665	0.988323432080332	0.7491835764136051	0.9861920329040919	0.7501650208833545	0.9858546720058879	0.7232449148206285	0.8570546385080955	0.744498651407469	0.993660951276031	0.7387264098434488	0.8567870646776331	0.8238186326024074	0.8354203070835236	0.7400322790720159	0.7462848599169296	0.9870417330069341	0.867665336627283	0.7498640854302645	0.7485514077072838	0.9871030094566583	0.9946260553591872	0.7395696418765981	0.9920616359382293	0.7412397655563033	1.0	0.8409093152799295
scaffoldsAR98565	0.7497414321657333	0.889459311583102	0.8819372425069727	0.7734517603845651	0.769626676128477	0.8676174803437557	0.883473733824814	0.8669822475239081	0.8662462899420184	0.7503205118081359	0.7484621925920623	0.866098887851225	0.8677448778650843	0.8660641430726808	0.7522662194066083	0.7347471299584571	0.7565910669419577	0.837722932501424	0.8814202823171188	0.7484404332358023	0.7602841912310496	0.7516001023391659	0.846618999638163	0.7748145278096856	0.8659002459860129	0.866618304742592	0.30278635576056145	0.7443394964955153	0.8456482515830809	0.7553307790656743	0.7567640889199603	0.8419975931344318	0.866275068445459	0.8771670300830119	0.7591793774648175	0.5090197796057977	0.7545976291426568	0.754523577139901	0.7480919325782837	0.8465484572089975	0.7502499693789704	0.8472521267138564	0.8673205704180148	0.8487556280399488	0.7612637132201074	0.7354251795761066	0.7410383915764619	0.7599339357867358	0.8668801189324298	0.8577124107998002	0.8658433908938498	0.7567468920093677	0.7573621202597506	0.8652671189103195	0.7454323777115405	0.8678606937935648	0.7493030864243025	0.7493350235439744	0.7553374472554959	0.8459823629888792	0.7488380679235853	0.7423892264513754	0.8696870758899664	0.7479912078162415	0.8691623946382139	0.7545934176543484	0.8341080717033961	0.8296996963165972	0.8665993530452044	0.7405817960523614	0.7486653969029416	0.846266287492336	0.7480062989826799	0.749252548564602	0.8805004230790963	0.8662389198374787	0.9019361966540427	0.7538876424053353	0.7471439967515386	0.7487966549552196	0.8471580701416359	0.8809366630763729	0.743894833521622	0.866573031243277	0.7488180633541205	0.8824608708866482	0.7556557655801378	0.7371561012708517	0.7528045879953632	0.7350278958456826	0.8451997280782382	0.8803147666361685	0.8654134681290357	0.8659616635238435	0.754599734886811	0.8654225930203706	0.7565036785595587	0.8641163297300541	0.729960071581263	0.8484092331265843	0.7458995019564117	0.8701043641898553	0.7406909437910203	0.8485008329972916	0.8635470768937045	0.8294792950951252	0.7414683143412758	0.7478897811394813	0.8680449464070565	0.8810788008067808	0.755437119145461	0.7542403545511623	0.8662020693147803	0.8677276809544917	0.7411801783495107	0.8675083326050969	0.7498382963968261	0.8665460075266315	1.0
