	scaffolds102A	scaffoldsARL0567	scaffoldsARL09146	scaffolds123VP	scaffoldsTV44	scaffoldsARL071163	scaffoldsARL081256	scaffoldsARL071328	scaffoldsARL071286	scaffoldsTV123	scaffoldsVV11	scaffoldsARL071166	scaffoldsARL08391	scaffoldsARL0867	scaffoldsTV125	scaffolds128VP	scaffolds118A	scaffoldsARL08477	scaffoldsARL091374	scaffoldsTV20	scaffoldsTV71	scaffoldsTV98	scaffoldsARL08804	scaffoldsTV21	scaffoldsARL071198	scaffoldsARL0843	scaffoldsARL09542	scaffoldsTV97	scaffoldsARL081292	scaffolds071107	scaffoldsTV92	E_faecium_reference_sequence	scaffoldsARL071300	scaffoldsAR01139	scaffoldsTV43	scaffoldsVV15	scaffoldsTV18	scaffolds070381	scaffoldsTV78	scaffoldsARL081249	scaffoldsVV6	scaffoldsARL08781	scaffoldsARL07973	scaffoldsARL08712	scaffoldsARL09409	scaffolds125VP	scaffoldsTV162	scaffoldsTV73	scaffoldsARL071348	scaffoldsARL091209	scaffoldsARL071169	scaffoldsTV104	scaffolds127VP	scaffoldsARL08105	scaffoldsTV76	scaffoldsARL08339	scaffoldsIV28	scaffoldsTV111	scaffoldsTV52	scaffoldsARL081074	scaffolds109A	scaffoldsTV41	scaffoldsARL08484	scaffoldsTV45	scaffoldsARL08288	scaffoldsTV4	scaffoldsARL08983	scaffoldsARL091074a	scaffoldsARL071351	scaffoldsTV82	scaffoldsTV75	scaffoldsARL081077	scaffoldsTV12	scaffoldsTV55	scaffoldsARL081412	scaffoldsARL08428	scaffoldsARL04840	scaffoldsTV83	scaffoldsTV56	scaffoldsTV48	scaffoldsARL081215	scaffoldsARL09100	scaffoldsTV118	scaffoldsARL071139	scaffoldsTV57	scaffoldsARL081218	scaffoldsTV42	scaffoldsTV81	scaffoldsTV15	scaffolds126VP	scaffoldsARL081189	scaffoldsARL081437	scaffoldsARL0832	scaffoldsARL0846	scaffoldsTV10	scaffoldsARL08552	scaffolds129VP	scaffoldsARL0839	scaffoldsTV54	scaffoldsARL081309	scaffoldsTV49	scaffoldsARL071345	scaffoldsTV138	scaffoldsARL08902	scaffoldsARL05425	scaffoldsARL091265	scaffoldsTV139	scaffoldsTV47	scaffoldsARL08394	scaffoldsARL09193	scaffoldsTV77	scaffoldsTV14	scaffoldsARL0835	scaffoldsARL071384	scaffoldsTV137	scaffoldsARL071195	scaffoldsTV58	scaffoldsARL071205	scaffoldsAR98565
scaffolds102A	1.0	0.9872973799126638	0.9873030735930737	0.9935108423686404	0.9937088916982723	0.9891301829268292	0.987454813529922	0.9892283224400872	0.9891480819529207	0.9949479630407393	0.9943947278182599	0.9891314596949892	0.9893938811188813	0.9891588389349629	0.9950911456147712	0.9954475553698287	0.993757347972973	0.9892221578243425	0.9872653078924545	0.993521978021978	0.9947396845163968	0.9950684033613446	0.9885419047619047	0.9934399166666666	0.9890376906318084	0.9893647315582714	0.7528486956521739	0.9946880577985551	0.9885281818181818	0.9940924504428512	0.9944019847972974	0.988026981981982	0.9890498256320837	0.9891300570425625	0.9947036544850499	0.7887411725955206	0.9933036032217041	0.9941380811496197	0.9945205944798302	0.9885481401384083	0.9943686535162951	0.9885205017301039	0.9890676688453158	0.9887072664359862	0.9514898368298369	0.9954809166666667	0.995221140241365	0.9947624428749481	0.9890532868959511	0.9877399652476108	0.9890562908141053	0.996766984884646	0.9931567613395507	0.9892916557448668	0.9935847724372607	0.9893712849650349	0.9940899497487438	0.9950828177257525	0.9932879661016949	0.9884909602076124	0.9999169981238274	0.9932379768538363	0.9891442215438292	0.9947159628378378	0.9891458424031345	0.9933463817181548	0.9897528943879806	0.9885262192393736	0.989094814814815	0.9947102542372882	0.9935589406779661	0.9885415224913494	0.9934852306390183	0.9949490121899958	0.9874239497618017	0.9889819250871081	0.9887782439446368	0.9961285353535353	0.9950518185708173	0.993224198375374	0.9884657439446366	0.9873243722943723	0.994698556876061	0.9891869167030092	0.993154736390913	0.98746273318872	0.9936508245243129	0.9945976842105263	0.9973862760834671	0.9954658607753232	0.9884142424242424	0.9873049781659389	0.9892165719282904	0.9892628434365459	0.9940236586396282	0.9892168122270742	0.9935190274841438	0.9893447552447552	0.9930576580587712	0.9885743190661478	0.9951833970276007	0.9890447735191638	0.9949727805695143	0.9884204663212436	0.9870604322893692	0.9884738556338029	0.9953117255717255	0.9935052475666525	0.9891874836458788	0.9873537895192724	0.9937926395939086	0.9940414171235766	0.9892925796595372	0.989116318537859	0.9953901208837017	0.9891716898954704	0.994284305317324	0.9891073138876796	0.9826574156305508
scaffoldsARL0567	0.9877246897163121	1.0	0.9985342007434944	0.9853241143832694	0.9849973504273504	0.9921720169361047	0.9987111975642762	0.9922992292870905	0.9921474759152217	0.9890652863436122	0.9889648007165249	0.9919685592893008	0.9923284606436604	0.9922222693940563	0.9883271714922051	0.9866305803571429	0.9854069808027923	0.9925203539823008	0.9981237478705282	0.986600354295837	0.987064504820333	0.9879311971517578	0.9928857142857144	0.9849100639658848	0.9922662037037037	0.9921985708767862	0.7640098098098098	0.9875611334225792	0.9924211047619046	0.9882720770877944	0.9874476943346508	0.9967758780393671	0.9921957208943717	0.9920395057034221	0.9875215789473685	0.7877600249843848	0.9883921875	0.9886891856958208	0.987739012455516	0.9924889227255423	0.9885427487728693	0.9924367579908676	0.9922904120138621	0.9925140898705255	0.9506363150867823	0.986801295221081	0.9877565042467591	0.9871667543859648	0.9920860715659869	0.9961125987078248	0.9921608947165446	0.9862127855887522	0.9855653997378768	0.9921821028218014	0.9866250779510023	0.992001197836167	0.9870383639545057	0.9867432060390765	0.987816089965398	0.9920262150784539	0.9877755989352263	0.9878362573099415	0.9922801934235977	0.9874415584415586	0.9918916056988833	0.9885992184107687	0.9903377238360526	0.9937291192103266	0.9922117579028528	0.989363668903803	0.986958458813109	0.9923849695585998	0.986849046563193	0.9877052189296771	0.9985854773188898	0.9921733898958734	0.9939516808274843	0.9873319064430714	0.9885609637488948	0.988807206803939	0.9923912861491628	0.9986304803788906	0.9876792595896521	0.9922955649826456	0.9876545494313211	0.9987207304700709	0.9849595290013083	0.986245947136564	0.9869753189617245	0.9864269042316258	0.9923566526877621	0.9986864147088866	0.9921746228239845	0.9923403556242752	0.9881758265349936	0.9924519968980225	0.9858020997375327	0.9925611888111888	0.988542857142857	0.9920922519083969	0.9887232827832293	0.9919263279445727	0.9881636077372921	0.9919299809523809	0.9971659203980099	0.9942708599324069	0.9878974095578383	0.9872575177935943	0.9919163833075733	0.9983833051134439	0.9847556669572799	0.9882222888984141	0.9925448876839659	0.9921939545629573	0.9878305357142858	0.9922042741624952	0.988910403587444	0.9923115399459669	0.9884678056188306
scaffoldsARL09146	0.9859452474813841	0.997412907563025	1.0	0.9836619700214133	0.983551372212693	0.9920609847071988	0.9994890406504066	0.9920808208955225	0.9919999626587004	0.9890725143614671	0.9882226322810139	0.9920090127150336	0.9919994750656169	0.9919862752430816	0.9881696942844483	0.9840561387900357	0.9838504959034066	0.9921838206627682	0.9989045871559635	0.9855239565217392	0.9859371911573471	0.9877364643331856	0.9920118107302532	0.983508294142796	0.9920401942472918	0.9919943198804185	0.7670643062200958	0.9877467885816235	0.9916531819873464	0.9866531661708458	0.9861381573229031	0.9946381888246627	0.9920237186681631	0.991408049419693	0.986068560277537	0.7881336495888678	0.9878285714285716	0.9869950875694147	0.9873674746584398	0.9916193380438826	0.9880333776595746	0.9916143122676581	0.9920553691275168	0.9915516177017479	0.9497836210712705	0.9842034682080925	0.9862872605790645	0.9859487435008666	0.991993147113594	0.9971394254067153	0.9920068436798803	0.9841904761904762	0.983807047124946	0.9919221182634729	0.9856823144104805	0.9918624999999999	0.9850059336823734	0.9848395787626152	0.9874299912816042	0.9912474354174466	0.9860414473684211	0.9875289932885906	0.9919168724279835	0.9857756398940866	0.9918042974588938	0.9880771553610502	0.9911550886661528	0.992826432047922	0.992098878504673	0.9895805381165919	0.9858429192006951	0.9918059918124302	0.9856761531766755	0.986263047285464	0.9994965584415585	0.9920542024654464	0.9923616168973053	0.9857267309377737	0.9884364560318162	0.9877774308652988	0.9917364719017493	0.9995301880674449	0.9877165775401069	0.9920668533034713	0.9861227331887201	0.9995348504551368	0.9836906735751295	0.9854363160192056	0.9855653913043478	0.9838489352262645	0.9915605067064083	0.9995321767594111	0.9919772199325589	0.9920683246073299	0.9866138782460621	0.9922337462462463	0.9841331317494602	0.992286433671552	0.9870200812274368	0.9912746552366755	0.9886989777777778	0.9918152068579947	0.9865561379928315	0.9911863263785397	0.9948998183799493	0.9932129739776951	0.9863334372217275	0.9860984716157205	0.9917703814510098	0.9993320508640366	0.9834246120689656	0.9865894602634935	0.9922757485029939	0.9920711940298506	0.9864106951871658	0.9920337933606864	0.9880817534490431	0.9921270280373832	0.9872375471698114
scaffolds123VP	0.993537169256615	0.9868157483731019	0.9867719145224597	1.0	0.9993349571317225	0.9884625054371466	0.9867933275185347	0.9885689895470384	0.9884518276762403	0.9955107589658048	0.9940122388059702	0.9884760557248586	0.988600392841554	0.9882228260869567	0.994210293492131	0.9929380025940338	0.9946915744680851	0.9880506034868127	0.9868172278093573	0.9943083752093803	0.994507624633431	0.9939661420672055	0.9884208242950109	0.9991396073903002	0.9884774390243903	0.9882432608695652	0.747723093922652	0.9938332622601279	0.9883834416991765	0.9940712648556876	0.9939708936170212	0.9880071013845466	0.9884027874564459	0.9897731121780882	0.9942974466303893	0.7904702426564495	0.993819182795699	0.9942180620484488	0.9949225630252102	0.9882938474870017	0.9937275307073274	0.9882137602769365	0.988451000870322	0.9883840849956634	0.9507968209443665	0.9929658757549612	0.9936860465116278	0.994252616157388	0.9880877604166667	0.9868144483362521	0.9884231404958678	0.9929443518132556	0.9945425032037593	0.9883224640835873	0.9942547829751369	0.9885282788671024	0.9932232204861111	0.9933068103448275	0.9935974688974689	0.9879237765266348	0.9936222643097644	0.9926064337452065	0.9882617058311575	0.9921821715251374	0.9883614447345519	0.9939275698924731	0.9880296771340116	0.9877056362835755	0.9884380165289255	0.9953338468121523	0.9943608312342569	0.9882877869207449	0.9943460184409052	0.993572170212766	0.986777423580786	0.9883388526727509	0.9876425853869434	0.9942107081174438	0.9933600173460537	0.9953208030756088	0.9882132091814638	0.986836665211698	0.9942184680851065	0.9884683362369339	0.993671588463194	0.9869168921868179	0.9946294468085105	0.9931228499156829	0.9931318834459459	0.9928008189655172	0.9881568516912402	0.9869895732512097	0.9882901218450827	0.9883688153310104	0.994025636672326	0.9884251306620209	0.9947436301661696	0.9882425708061001	0.9937953436807095	0.9878746326707001	0.9948881012658227	0.988516724738676	0.9936422577854671	0.9879671712802768	0.986721674662015	0.987595111305107	0.9937094623655915	0.9945528547439126	0.9884106318082789	0.9867383238760367	0.9945325957446808	0.9939722763883002	0.9885245858761986	0.9884181818181818	0.9936702842377261	0.9885138381201044	0.9940548236294092	0.9884758380496301	0.9843958149779737
scaffoldsTV44	0.993217394993636	0.9859401973401974	0.9860317083692839	0.9981546014632268	1.0	0.9872637856525497	0.9857301464254953	0.987269922212619	0.9873704584775087	0.9940516142735768	0.9928201479547433	0.9872444444444445	0.9872056489866321	0.9873205017301038	0.9930265692175408	0.9917206390328153	0.9943266695205479	0.9871346920691183	0.9859987910189982	0.9934971962616824	0.9930896362098139	0.9927203528399312	0.9879346895074947	0.9991525788497216	0.9872840761575076	0.9872336069114471	0.750788329764454	0.9928559965487489	0.9869462457337885	0.9931421614694574	0.9933177872340426	0.9877189525077674	0.9872920847750866	0.988164025974026	0.99312982678496	0.7899232425585814	0.9928178401727862	0.9936992277992278	0.9939321050402373	0.9870423208191126	0.993029215431296	0.9870076300085251	0.9873025485961122	0.9871807002561913	0.9505691701437181	0.9922957594115102	0.992683173076923	0.993150021141649	0.9870847347994826	0.9858843290043291	0.9873271941201902	0.9919984974958265	0.993913107004727	0.987305276816609	0.9932561120543295	0.9873093965517241	0.9923920237590157	0.9924254389721628	0.992477782571182	0.9869257240204428	0.9932657883552912	0.9915351875808537	0.9875331463098834	0.9906469257045261	0.9870994401378123	0.9935450130095403	0.987735754675946	0.9865394112478032	0.9873676903114187	0.9936712862711131	0.9935588334742183	0.9871077678190353	0.9934556972789116	0.9926995746490854	0.985670288917637	0.9871360691144709	0.9867846517626828	0.9925242332613391	0.9927257304840821	0.9945273860705072	0.9871141332194705	0.9856557949159845	0.9929528804815134	0.9872912591951537	0.9929121792083515	0.9858758516601984	0.9936400768245838	0.9918647512864495	0.9921943524416136	0.9914377260981913	0.9870439982913286	0.9858088975694445	0.9872491137051448	0.9872693471681797	0.9931197604790419	0.9879260624457936	0.9940170522707799	0.9878414242292662	0.992974588340009	0.9869500639113763	0.9940818452380953	0.9871073212747631	0.9917717734855136	0.9868166453810132	0.9856102630444157	0.9864915004336514	0.9926469842657344	0.9936708386547466	0.9871996984058595	0.9859076856649395	0.9936186006825939	0.9931007261853908	0.9879355439965322	0.9872261226252159	0.9925668561434192	0.987356179775281	0.9932030829353018	0.9872950692041522	0.9833649498035791
scaffoldsARL071163	0.9887129175946548	0.9927259375	0.9939874904067536	0.9874522975929978	0.9875716806352007	1.0	0.9940922722029989	0.9998049514887923	0.9997667781866847	0.9895373054690975	0.9877678878335594	0.9996337466487937	0.999669350473613	0.9996513631773813	0.9886232589285715	0.9873856555504797	0.9880480571683786	0.998726063446287	0.9941797929447853	0.987493669193045	0.9885682658450704	0.9883868749999999	0.9945709161793373	0.9877254721124287	0.9997387830157137	0.9995993615591399	0.7689214778325123	0.9881781958295557	0.994388893219018	0.9885116599910992	0.9885485777777778	0.9937178571428571	0.9996964512889187	0.9935262455865044	0.988713914575077	0.7843463144161775	0.9869612118531623	0.9886831771530565	0.9882227983907019	0.9943995714842229	0.9873072555205046	0.9943573929961089	0.999778602474089	0.9943866433021806	0.9485391147244806	0.9876182937956205	0.9894863862505653	0.9885159190853123	0.9996994988306048	0.9943500577145057	0.9997087742799734	0.9879060432289368	0.9881813870246084	0.9996800269905535	0.98741541218638	0.9995966835871404	0.9882169415960768	0.9881953279424979	0.9868491158267021	0.9940348773841962	0.9887444692239074	0.9874544874715262	0.9996796501849984	0.9887445647271088	0.9996579141515761	0.9871485840707966	0.9950608951707891	0.9946915166066427	0.9997657859531773	0.9896640561339972	0.9875347593582887	0.9943287825748737	0.9874650156180278	0.9882124503311258	0.9940143296196696	0.9995211319490959	0.9945670441676101	0.9891581032947461	0.9888273772666962	0.9878945266935845	0.9943261867704279	0.9939845238095238	0.9882399909214707	0.9998015384615384	0.9865785046728972	0.9940635384615385	0.9879870089285714	0.9870572710951525	0.9883103723404255	0.987389288969918	0.9942382307092751	0.9939196131528047	0.9996397034041118	0.9996742857142858	0.9883148708815673	0.9997844182124789	0.9882665326184092	0.9998439271255061	0.9880691951896392	0.9941474708171206	0.9887940886699508	0.9996969605878424	0.9896433363553945	0.9940711232024875	0.9917190805532954	0.9947181096108022	0.9895457749661094	0.9876961126005361	0.9995094403236682	0.993921285604311	0.9878078055307761	0.9885180561747658	0.9998313699091216	0.9997566611018364	0.989517992766727	0.9997809555629802	0.9876599729241877	0.9997973921765296	0.9893283901665345
scaffoldsARL081256	0.9858901223776223	0.9976489611260054	0.9995878856771678	0.9837750640478224	0.9836709746672392	0.9918572706935124	1.0	0.9918379992534528	0.9918601343784993	0.9894052399823866	0.9885602398933806	0.9917667164736643	0.9917012345679013	0.9918816005983545	0.9884582708425231	0.9839335108743896	0.9838914555603263	0.9920005460218408	0.9991367647058823	0.9858969485614647	0.9857411510168756	0.9884471731448764	0.9921135296310101	0.9837974775545104	0.9918085852930199	0.9917373786407768	0.7681788625592416	0.9880873773416593	0.9918698732289336	0.9868274036425243	0.9857127114967462	0.9948312956555171	0.9918542771759432	0.9913996261682244	0.985745541125541	0.7886406962025317	0.9882091304347825	0.9869705057373566	0.9880097701149425	0.9918168715083797	0.98844368630926	0.9918776208178437	0.9918152068579948	0.9918027509293683	0.9501853798586574	0.9841044769503546	0.9862230324588706	0.9856314446366782	0.9917395530726255	0.9970572120373574	0.9918721329846844	0.9837400086132644	0.984010603448276	0.991741906542056	0.9858773840769903	0.9916917885264342	0.9848586492374728	0.9851397284275076	0.988191605045672	0.9915105657549644	0.985880823117338	0.9877330058061634	0.9916947329099736	0.9855481790258885	0.9916448918717375	0.988590532286213	0.9911077337437476	0.9931534328358208	0.9918897234678624	0.9899672629695886	0.9860545731707318	0.9919261922503725	0.9859408198866114	0.9857928883071553	0.9995896428571429	0.9918324243556217	0.9926515448927661	0.9855462011418533	0.9886515030946066	0.9880396790013375	0.9918758004467608	0.999631343283582	0.9878795545657014	0.9919305078416728	0.9859733362143475	0.9997855386606276	0.9840020232458028	0.9855090117544623	0.9853019497400345	0.9838883576803895	0.9917836377189716	0.9996050736497546	0.9917195131086142	0.9917789316398953	0.9868006361323155	0.9919964406144622	0.9843198966408268	0.9919073573573574	0.9871246389891697	0.9915356210369265	0.9890084074733096	0.9915939619828552	0.9862748995087093	0.9914716417910446	0.9951289597680318	0.9933050721954829	0.9861965348733897	0.9862935723655443	0.9916606649234218	0.9994396804695141	0.9837059759243337	0.986806316235693	0.9919845175766644	0.991897055534849	0.9861352	0.9918788059701494	0.9881710864745011	0.9918951793721974	0.987626073850791
scaffoldsARL071328	0.9887145648312611	0.9929807195932733	0.9940706379707916	0.987571578487101	0.9877208718626155	0.9998545637583894	0.9940705044281863	1.0	0.999796542463914	0.9893940000000001	0.9877243011722273	0.9996605581708137	0.9997292005420054	0.9996881378844203	0.9883095640569394	0.9876677140255009	0.9880955882352942	0.9987482845792706	0.9941490797546013	0.9873236947791165	0.9886285714285714	0.9881945260347129	0.9946154056162247	0.9877649583880859	0.9997626130653267	0.999735018537243	0.7686717391304347	0.988258951175407	0.9945208349590324	0.9883636647347303	0.9885632770870337	0.9937891991786447	0.9996770882254277	0.9934959607843137	0.9886421538461536	0.7842837254901962	0.9872766400709219	0.9884820982142857	0.9880418490397499	0.9945094310210445	0.9874346534653465	0.9944828916601715	0.9997558646112602	0.994482593457944	0.9490743935309973	0.9879282727272728	0.9894747401717127	0.9886408172231985	0.9998625628983564	0.9944710445468511	0.9997749916079223	0.9878035588752198	0.9881609277430865	0.9996881338742394	0.9871129306487696	0.9996173279077654	0.9880719181130396	0.988348631673396	0.9871937555358724	0.9941712003117692	0.9887169182948491	0.9875903680145388	0.9996095190043727	0.9885757329724854	0.999707402422611	0.9873901196278244	0.9951733438485805	0.9949692802573381	0.9997397517611541	0.9894738934056007	0.9872623497997328	0.9944316199376948	0.987300624442462	0.9881871252204586	0.9940662432640492	0.9996627985200135	0.9945574178935448	0.9893718165627783	0.9892334661354584	0.9880286738351255	0.9944401712728689	0.9940656670511341	0.9881753616636527	0.9997501173315455	0.986551975144252	0.9941884822804313	0.9881064587973275	0.9872277205553068	0.9880901103752759	0.9877025885558582	0.9943973858759266	0.9940057729562185	0.9996766058147397	0.999680944350759	0.9882357111012039	0.999768798646362	0.988270441373161	0.9998005403579872	0.987886262719704	0.994225	0.9886457718120805	0.9997037508372404	0.9895867933061964	0.9942042023346304	0.9921430081300813	0.9949996407185628	0.9895146275395034	0.9874565877623939	0.9995879432624114	0.993937966884867	0.9880046770601336	0.9883286416443254	0.9998349409780776	0.9998407233757536	0.9894981055480377	0.9997844399731725	0.9875931531531531	0.9998458053691275	0.9897452702702703
scaffoldsARL071286	0.9885352601156069	0.992553325554259	0.9937324169530355	0.9873231271777004	0.9873501755926251	0.9995560975609756	0.9937894032134659	0.9996068850267381	1.0	0.9893961862527717	0.9876750337381915	0.9994052561098091	0.9995241728561784	0.9994638533960994	0.9882933244325767	0.9876075170842825	0.9881366234926305	0.9984777777777779	0.993811475409836	0.9872709504685407	0.9884921225382932	0.9880052069425901	0.9943762738234149	0.9876203412073491	0.9995894684052158	0.9994622857142857	0.7693722879684418	0.9880850045167118	0.9941217779503108	0.9883891410769916	0.9884912063632346	0.9936189598689599	0.9994390170511533	0.9933852228303363	0.988625755584757	0.7838809462086844	0.9869227433628318	0.9886186160714285	0.9878434763181412	0.9941406601941747	0.987253656348138	0.9941070985259891	0.9995866399465598	0.9941628782001551	0.9484978933213806	0.9877740100136551	0.989363611738149	0.988337735024049	0.9995032721202003	0.9943512437810945	0.999522508361204	0.9876527655838454	0.9882735004476275	0.9994544994944389	0.9870703222918532	0.9993891782211701	0.9880646666666667	0.9880329896907216	0.9867825740822644	0.9938280728964715	0.9885644701691898	0.9874745801180208	0.9995032236400269	0.9888002701485816	0.999463328868051	0.987201949490474	0.9949655158885838	0.9946345614737685	0.9995467714954837	0.9896594130925508	0.9872172905525847	0.9941721661490683	0.9872941517857143	0.9882794532627865	0.9937886337543055	0.9992832495812395	0.9944719608581107	0.9892422083704364	0.9888074514991181	0.9878261083743843	0.9940984860248447	0.9937460244648318	0.988175113122172	0.9996226314027453	0.9864317516629711	0.9938391121316493	0.9881006252791426	0.9868488610987047	0.9882543286219081	0.9874863574351979	0.9940559394409938	0.9936717257318952	0.9994361157859306	0.9994384123780694	0.9882316399286987	0.9995693319838056	0.9883589628967367	0.9996284412955465	0.987958611111111	0.9936297559085625	0.9886506487695749	0.9994795522886736	0.9895519674355495	0.9938256390395043	0.9917390056588521	0.9947453280318093	0.9893967072620659	0.987612343470483	0.9993412260020208	0.9935704214559387	0.9879135653726014	0.9883480820695808	0.9996420255720054	0.999568559973271	0.9893431859205777	0.9995692179144385	0.9875474865350091	0.999613549682168	0.989520419469727
scaffoldsTV123	0.9951767117497887	0.9896209333333333	0.9898935584184806	0.9956608187134502	0.9954052677029361	0.9910750442477877	0.9899592444444444	0.99125203539823	0.991048030101815	1.0	0.9945192092823377	0.9911609831709477	0.9913143489813995	0.9910788844621514	0.9948671024884016	0.9938248038360941	0.9954729602733875	0.9911109945255474	0.9898488444444445	0.9948696634000852	0.9952973861720067	0.9948499156118144	0.9910145777777777	0.9948868622448979	0.9912276228419655	0.9911007971656334	0.7458322285714284	0.9947375053579083	0.990864330079858	0.9955051160791059	0.9951530244530244	0.9902359126081021	0.9913433628318583	0.9908482182138143	0.9952554756871035	0.7882352131147542	0.9931658984208278	0.9956415159345393	0.994614047822374	0.990900666370502	0.9947226746678096	0.9906691046099292	0.991335135135135	0.9907957295373666	0.9495362159579551	0.9938371241830065	0.9957562969140951	0.9950894003378378	0.9909598939929329	0.9899167258207631	0.991141371681416	0.9947785089546023	0.9947741976893453	0.9912719414893617	0.9947304161304161	0.9912988918439716	0.9946327947598254	0.9942027765912004	0.9929745516652433	0.9903480905861457	0.9950888091216216	0.9938484421681604	0.9911441345728199	0.9943219335604769	0.9911719414893617	0.9935228961982059	0.9905768953068591	0.9896555056179774	0.9912070004430659	0.9994560348239019	0.9946993589743589	0.9907417850799288	0.9946578610992758	0.9949452309020285	0.9898321047957371	0.9910990265486725	0.989993615147512	0.9956628693790149	0.9943047493403695	0.9941631097560975	0.9906979148181012	0.9899102086107412	0.9948570452604613	0.9913048294195835	0.994587061877975	0.9898922701021767	0.9951820119352089	0.9951627709307268	0.9954828870292888	0.9936947368421052	0.9907191300488237	0.990173056300268	0.9911159875996457	0.9911932594235034	0.9955035283993116	0.9913867346938774	0.9950966695132365	0.9912987151085512	0.9948525362318842	0.9904287234042554	0.9953287302265925	0.9910676705048717	0.9951022212908632	0.9903871453900708	0.9895679928475636	0.9899422905525846	0.9957080799666806	0.9947136460554371	0.9910085398230087	0.9898614323843417	0.9954640905209223	0.995486248388483	0.9913641241685143	0.991075055285272	0.9957515429524604	0.991301550044287	0.994553347639485	0.991203454384411	0.9844054925102134
scaffoldsVV11	0.9950291308089501	0.9889187388987567	0.9884437361664453	0.9940607203389832	0.9937032481593764	0.988533524988943	0.9883854424778761	0.9884336572438163	0.9886470562195662	0.9944430341880341	1.0	0.9885157894736841	0.9888989818503761	0.9886755644090306	0.9930387720051524	0.9935115485564304	0.9930767795138888	0.988144897045658	0.987950488454707	0.994111452031115	0.9940891663140076	0.9928393978494624	0.9891515030946066	0.9934614627887084	0.9886706324635117	0.9886488711819389	0.7474616574585636	0.9954413625304136	0.9888811287477954	0.9952743644067796	0.9939192817443351	0.988973261065944	0.988704162976085	0.9895614159292037	0.993860498521335	0.7840549267643142	0.9942621379897786	0.9955684367034835	0.9940316017316018	0.9888118659020734	0.9994605458089669	0.9886255394099516	0.9886289124668435	0.989099293598234	0.9513114637612506	0.9937104111986003	0.994076794155565	0.9938919238900634	0.9884334069818824	0.9884802207505519	0.9887175143741708	0.9935713613013699	0.9929071397284276	0.9886956175298806	0.994226121027427	0.9889031042128603	0.9941537885462555	0.992845075921909	0.9939814200680271	0.9886746242263484	0.9948809810671256	0.9975709728867626	0.9887040671971705	0.9930936994465729	0.9884497569597879	0.9947190354246692	0.9893659641255604	0.9878733903647006	0.9886636604774536	0.9941839163822525	0.9941812635222848	0.9888188712522046	0.9940578515962035	0.9941020104895104	0.9883214696768481	0.9885866931918657	0.9885422584913984	0.993851881014873	0.9940477450130095	0.9926507121277512	0.9888297356828193	0.9882099513489607	0.9955648516863065	0.9887245792736935	0.9950257021276595	0.9884542035398229	0.9927842906875545	0.9936712418300653	0.9938835904027421	0.9935344240837697	0.988551166886834	0.9887195274186357	0.9887767936226749	0.988784898139947	0.9953935114503816	0.989008865248227	0.9929124401913875	0.9889125942350333	0.9931408099688472	0.988742536327609	0.9942155939524838	0.9885621299160405	0.9931882910030134	0.9888730599647266	0.9884146768402154	0.9879628290941542	0.9940651052857757	0.9939533707865168	0.9887309018567639	0.9886762411347517	0.9929932926829268	0.9948842016094873	0.9890073548958794	0.9885321996466431	0.9941769527896994	0.9887166814159293	0.9994553018575851	0.9887429203539823	0.9854338308457711
scaffoldsARL071166	0.988524988903684	0.992848416112632	0.9939926380368098	0.9874954545454546	0.9874895292564893	0.9996387323943663	0.9939664875239923	0.9996636668905304	0.9996414372061786	0.9893914704575744	0.98764763619991	1.0	0.9997666779776043	0.9995838851351352	0.9881653914590747	0.9875364132908512	0.9880370701205895	0.9986808164739884	0.9941059139784946	0.9874697809566384	0.988417974572556	0.988177782724844	0.9944687768659632	0.9874715973741794	0.9995991946308724	0.9995279501011463	0.7701923913043478	0.9881732458125848	0.99434125	0.9882978134761268	0.9883458130261409	0.9936932266009852	0.9997033277310924	0.9935484491558696	0.9884964881474979	0.7845328784925276	0.9868730735163862	0.9885861683079677	0.9880585420393562	0.994337587822014	0.9873190754039497	0.9942520857699805	0.9995947368421052	0.9942272620904836	0.9485693519351935	0.9878094502498864	0.9892782746160795	0.9885048245614035	0.9996533869885983	0.9943738745671413	0.9996226845637584	0.987414298245614	0.9883585759068517	0.9996176470588235	0.9871517025089606	0.9995324507807196	0.9879681069042316	0.9884271499324627	0.9869035429583702	0.9939567472698909	0.9885200355397601	0.9873759418974126	0.9996855697909642	0.9884186203787196	0.9996754279959719	0.9871917073170733	0.9950373228346456	0.9948712394705175	0.9996463349024883	0.989463775971093	0.9873079875055778	0.9942057332293291	0.9873826475849731	0.9882097130242826	0.9939556879323597	0.9995725345001684	0.9946703633610902	0.989145818505338	0.9890285334514843	0.9879925527142216	0.9942813962558502	0.9939011123897199	0.9881715775158658	0.9996616392341284	0.9865472444444444	0.9940226277372264	0.9880891469405984	0.9871681022880214	0.9878803003533569	0.9874575124829779	0.9942575556423272	0.9938367749419953	0.9995557880526493	0.9995316002700878	0.9882459374999999	0.9998246612466125	0.9884434704830054	0.9998171795738925	0.9878322057460612	0.9939904873294347	0.9887756841633017	0.9996839597315436	0.9893899140660334	0.9939815594541911	0.9918185109845402	0.9950538738019169	0.9893183664259928	0.9875477170993732	0.9994741630030437	0.9938229823212913	0.9881274229566771	0.9882721054984355	0.9998603983794735	0.9996725595437773	0.9893417155756208	0.9997095701813298	0.9874198113207547	0.9996553020134229	0.9897364902506963
scaffoldsARL08391	0.9888060444444444	0.9927063746578021	0.9938039200614912	0.9875126039387309	0.987501230228471	0.9997134842852314	0.9938205848403232	0.999678718381113	0.9996818519770193	0.989513487133984	0.9877173873873875	0.9996758037225041	1.0	0.9996793640054128	0.9881257690592955	0.987718889394629	0.988257754010695	0.9987314915131816	0.9941088539670372	0.9874293647267881	0.988552101576182	0.9880734611953612	0.9945864221615296	0.9876662002623525	0.9997110209601082	0.9996148936170213	0.767482527147088	0.9881954832881661	0.9945163345056662	0.9883387082405345	0.988318708536046	0.9939293032786886	0.9996920243325448	0.9933857699805069	0.9886932017543859	0.7844764705882352	0.9872681838267785	0.9884407853636771	0.9879828215398309	0.9945124512099922	0.9874443744374438	0.9944449552006234	0.999719642254472	0.9943763219284604	0.949106972559604	0.9877557875624148	0.9895339059674503	0.9885653088042049	0.9997219108710331	0.9943740669488266	0.9996570365358592	0.9879966519823787	0.9882402765388046	0.9996132183908045	0.9870939839572193	0.9996810356422328	0.9881254327563248	0.9884447935368043	0.9871542642509943	0.9942909800859039	0.9888219306049821	0.9876707139608912	0.9998111521666105	0.9885586966292135	0.9995886531986533	0.9873355152587351	0.9952336734693878	0.9950181672669066	0.9997353040540542	0.9896764652840396	0.9871829268292683	0.9944950896336711	0.9872789426921368	0.9883056778169014	0.9938001539645882	0.9997202971968929	0.9945954904171366	0.9894097637093178	0.9896391207815275	0.9882518137035379	0.9944139018691588	0.9938143021914648	0.9882931705110809	0.9996736237757514	0.9866319733924612	0.9938813174114022	0.9882099777282851	0.9877057553956836	0.9880273207215133	0.9876970027247957	0.9944309523809524	0.9936533540131834	0.999674458728011	0.9996991207304702	0.9882978600089166	0.999766452268111	0.9883483727151137	0.9997927918781727	0.9876439024390246	0.9941898014791747	0.9886948568872987	0.9998012773109244	0.9896795022624434	0.9941773452705331	0.9919588974462911	0.9951393794749404	0.9895518970189702	0.9873728444444446	0.9997180476350218	0.9937664227955334	0.9881533630289532	0.9883308619919607	0.9997861870989533	0.9997171505739367	0.9895580135440182	0.9997413711583926	0.9874131922557406	0.9997718728870859	0.9896910200866483
scaffoldsARL0867	0.9887072824156306	0.9926071956437185	0.993774205893609	0.9874727510917031	0.9874078646748683	0.9995314008042897	0.9938173829623945	0.9996982196842459	0.9995166778523489	0.9893555801594331	0.9877140807174888	0.9994205387205388	0.999802837837838	1.0	0.9884907152376723	0.9878902903811253	0.9878562778272485	0.9986489956958393	0.9939871608712266	0.9868153914590747	0.9883964912280704	0.988068811002662	0.9947896498054475	0.9874205161854768	0.9996915994623657	0.9995709601873537	0.7712993110236223	0.98799084761046	0.994344142746315	0.9881965379494009	0.9881736632788334	0.9937108473188703	0.9994484553391538	0.9933351815696995	0.9884438458169076	0.784590206185567	0.9869841780520052	0.9885626059794734	0.9872684187082407	0.9943466847615355	0.9869820948970457	0.9943369868319133	0.9996430536912752	0.9945296972049689	0.9488897032374101	0.9880971882086168	0.9891921242124212	0.9878531700918235	0.9995174087713424	0.9940219073152049	0.999456619623656	0.9879043516483517	0.9882003122212311	0.9995692307692308	0.9868613220187584	0.9993826644182124	0.9879354009747452	0.9875344796784278	0.9863745606326889	0.9941584561675717	0.9886703506435863	0.9873677812923632	0.9997313069908813	0.98864209344115	0.9992968392737055	0.9873336716681377	0.995194014084507	0.9945081297557069	0.9995037173476224	0.9890106804867057	0.9869482498892335	0.9944117829457365	0.9872094432071269	0.9881957671957672	0.9937868249712754	0.9994124161073825	0.9947270566037736	0.9891524189968931	0.9889047766475011	0.987501607860652	0.9945248738843617	0.9937420972062764	0.9879084348218312	0.9996817265703729	0.9865540336879433	0.9938629118773946	0.9874842081850532	0.9863973672467649	0.9883634598411297	0.9877354138398914	0.9943370686312524	0.9938811992263056	0.9995710932260228	0.9997990945674043	0.9876250221827861	0.999831176272329	0.9883290941543953	0.9999232503364737	0.988052712100139	0.994113942680093	0.9883429464285715	0.9995577606436474	0.9896078519855596	0.994180758807588	0.9916145799676898	0.9946263325377883	0.9892510561797753	0.9876550692273337	0.9993450789385289	0.9937087907869483	0.987058100310697	0.9880097333333333	0.9999305471634777	0.9995534251175286	0.9892371569950517	0.9996789261744966	0.9877803595505619	0.9996814055144587	0.9890714398734177
scaffoldsTV125	0.995660204516404	0.9880520675855937	0.987878210806023	0.9937639677829588	0.9936425467188178	0.9891661640798225	0.9878393173758865	0.9891763064658992	0.9891319592198581	0.9951353065539112	0.9929689416846652	0.9891703145768719	0.9890649511978704	0.9890861074123392	1.0	0.9960140052356021	0.994766694595727	0.9891739936680235	0.9875490239574091	0.9950334926151174	0.9960149978696208	0.999774640217814	0.9889995976754583	0.9931982876712329	0.9891378989361701	0.9890747671840356	0.7449727876106194	0.9946112320417936	0.9889744975435462	0.9953692600422833	0.9957649785407725	0.9889525160109791	0.989109889135255	0.9904079982126899	0.996020153387303	0.7878045931758529	0.9932971970677017	0.9955189830508474	0.9946774586597041	0.9889166145600714	0.9932078219533276	0.9888341061078911	0.9891483613817538	0.9889031724754245	0.951352147239264	0.996177163984341	0.995152069995732	0.9959222837665104	0.9889507085916741	0.9880844858156027	0.9891443262411348	0.9951656591099917	0.9942352842105264	0.9891413854351688	0.9946442450765863	0.9891067879325642	0.995074550241334	0.9958870393900889	0.9932711762171478	0.9887577747989278	0.9956365343576612	0.9929202271734383	0.9890349712262064	0.9955582245430811	0.9891544085068676	0.9934120155038759	0.9892452370203161	0.988448502722323	0.989148670212766	0.9949741357234315	0.9947663327526133	0.9889068780705672	0.9950147761842676	0.9942338674750975	0.9879262295081966	0.9890907883082375	0.9887643586329339	0.9952212922810061	0.9949002601908066	0.9931810834425513	0.9888024520731163	0.9879397254207263	0.9946917790343628	0.9891558562555456	0.9935942299349241	0.987830585106383	0.9946129924559933	0.9951217167381974	0.9949192047377327	0.9959796175575835	0.9887354781054514	0.9879645693886657	0.9890132268086995	0.9891203374777975	0.9954078746824725	0.9892525988449579	0.9944203688181056	0.9891608444444445	0.9943184713375797	0.9886973719376393	0.9954605206073754	0.9891503102836879	0.9946488182208851	0.9887492197949175	0.9875231871083259	0.9885258194881006	0.995325491033305	0.9949670147954742	0.98906066518847	0.9878318705673759	0.9946986146095718	0.9954078547297297	0.9892614906832298	0.989144842850819	0.9952318376068376	0.9890456155890168	0.9930067012537831	0.989032476739034	0.9833030895047706
scaffolds128VP	0.9960951706910908	0.9870632379248658	0.986592025089606	0.9922281065088757	0.992112623443538	0.9887781418312389	0.9866128584229391	0.9886829892280072	0.9886899955136833	0.9936554841473865	0.993684696108439	0.9887214253697892	0.9889173033707865	0.988595736086176	0.995860996563574	1.0	0.9918023595023595	0.9878362929061786	0.9863556303275011	0.9928883963494133	0.9942097955706984	0.9956854810996565	0.9885910882221226	0.9921396559139786	0.9884887342908438	0.9886038565022424	0.7500697598253275	0.9941988347000431	0.9885705776981639	0.9932542645778939	0.9939268282128949	0.9881909753874203	0.9886506505159264	0.9890383788625168	0.9942176972281449	0.7865464309539694	0.992435804622765	0.9932690030474531	0.9932375000000001	0.9885130201342281	0.9935481045751634	0.9885420393559929	0.9886776132794975	0.9885395161290322	0.9508437142857143	0.9998784283513098	0.9933139674378748	0.9942398806987643	0.9884729390681003	0.9869521133093524	0.9887458258527828	0.9963773553719009	0.9917804301075269	0.9885798922800718	0.9928503490401396	0.9889008535489668	0.9932146013864818	0.9928738382099829	0.9924334496293065	0.9883039767649688	0.9961432319866722	0.9929625924314919	0.9883962730130219	0.9954167814113596	0.9887862270076266	0.9926256656481884	0.9893412437128487	0.9883734824281151	0.988846361185984	0.993286678200692	0.9928531711555171	0.9885459060402686	0.9929088299260548	0.9945411187019642	0.9865772849462365	0.9886355635383925	0.9881376056964842	0.9942242154368108	0.9945027598102631	0.9921708225108224	0.9885347358997315	0.9865279569892472	0.994375817555938	0.9887193707865168	0.9923236331569665	0.9866351121076234	0.9919976824034334	0.9940073961937717	0.9955475451112042	0.9998040722243565	0.9885047939068102	0.9866954339963835	0.9884761327949754	0.9885587522441652	0.9931406956521738	0.9886357880556803	0.9919450407900386	0.9886028751123092	0.9918149954001839	0.9883387298747764	0.9942347372991751	0.9885758310871517	0.9932909521757863	0.9882623771224307	0.9869296480144404	0.9881363188535602	0.9933514346895075	0.9929361304347826	0.9887960863697706	0.9864946708463949	0.9919332761578045	0.9930536585365853	0.9886583221175416	0.988635127860027	0.9934354907843979	0.9887441202872532	0.9936611451048951	0.9887030534351144	0.98207752293578
scaffolds118A	0.993430959488273	0.9860108072342304	0.9860656181738751	0.9935741007194244	0.9937323694432455	0.9889289682539683	0.9862490813648295	0.9889519417475728	0.9888511915269197	0.9962341745081266	0.9939734070796461	0.9889548984995586	0.9889099381625442	0.9886107583774251	0.9958001684210527	0.9916487815491732	1.0	0.9889006808896958	0.9858407975460122	0.991510981409425	0.9944564631578946	0.9957865879375791	0.9863691934773027	0.9940988674496645	0.9888278145695364	0.9888299823633157	0.7518369281045751	0.9948409150901892	0.986459489211801	0.992874135021097	0.9943414644529587	0.9874622995877235	0.9887313656387664	0.9877076379690948	0.9943356631578947	0.788022840314136	0.9923164012053378	0.9929221097046412	0.994179632867133	0.9862720633523978	0.9941107032286598	0.9862650702987698	0.9887875330396477	0.986464698104892	0.9516557088487155	0.9917112222705525	0.9938454348766768	0.9941430193439865	0.9888072278536799	0.9865204126426689	0.9888616674018527	0.993147701391818	0.9997951674277019	0.9889487428319365	0.9912923577941816	0.9889865103936312	0.9936738208567719	0.9943026237833265	0.9923112354713731	0.9859859850154251	0.9934539249146757	0.9935866607381059	0.98878430335097	0.992759169550173	0.9887455026455026	0.9922707705553164	0.9886270392068499	0.9866977191413238	0.9889219522968198	0.9961261398176291	0.991353466204506	0.9862757268722467	0.9914432713111206	0.9942978614200171	0.9860012237762239	0.9888277140335393	0.9869783653846154	0.9940532327586206	0.9944153303964757	0.994634831951113	0.986276685764654	0.9859286337843736	0.9946168351648352	0.988740634640811	0.9925741684665227	0.9860901617839966	0.9998846356123217	0.9927917194761301	0.9942571548821549	0.9917157688966117	0.986312989872303	0.986222619047619	0.9888556095406361	0.988757470251212	0.9928603797468355	0.9889061810154526	0.9998002267573697	0.9888873619089704	0.9914596110357303	0.9860503078276166	0.9958030303030303	0.9889309050772628	0.9936514782608694	0.9861424615384615	0.9855728851291184	0.9869638061360604	0.9937575129533679	0.9914861844954526	0.9888653574580758	0.9859225961538463	0.999898420458819	0.9927378367003368	0.9889515887025596	0.9889233348037053	0.993925443530939	0.9889501102779004	0.9938008414526128	0.9889338189845475	0.9839185352622061
scaffoldsARL08477	0.9895193119266057	0.9938357873210634	0.9950498794212217	0.9884020045558086	0.9887491509866912	0.9995029433139534	0.9951892295280356	0.9997070934885415	0.9994972373682298	0.9903644937586685	0.9884514970059881	0.999629647144416	0.9997819510412862	0.9995321830730112	0.989797144173192	0.9881573708920187	0.9894517225325885	1.0	0.9952064632677639	0.9882668674698795	0.9891446914700543	0.9896769585253457	0.995763851489188	0.9885630930656935	0.999614124499454	0.9995862119013061	0.7608094496365524	0.98926713091922	0.9955334148329259	0.9890718792866942	0.9892465031789283	0.9948847555923778	0.9994814612868048	0.9945506995884774	0.9892857467090331	0.7812539430086151	0.9886224264705882	0.9894172794117648	0.9885132993512511	0.995488802931596	0.9882790322580646	0.995532016293279	0.9996271174118502	0.9956410925397474	0.9487117289719627	0.9885402066697979	0.990224548402038	0.9891640653357532	0.9995155466763531	0.9954255028157684	0.9996256186317323	0.9888135864592863	0.9895453146853147	0.9997541090909091	0.9881440930232558	0.9996317634173056	0.9890556276053728	0.9891236001850995	0.9880739688359303	0.9954371381981247	0.9895623794212219	0.9885240353324036	0.9997821298322392	0.9889875922509225	0.9995793668122273	0.9888339310344827	0.9965535523613963	0.9957518656716416	0.9995668122270743	0.990323875753361	0.9879812009237875	0.9954296989422295	0.9881799814643187	0.9894462954440865	0.9951365431103948	0.9995059701492539	0.9956392203659508	0.990088801480796	0.9901617069831127	0.9885339466421341	0.9955445802770987	0.9950974245472837	0.9890651205936921	0.999626509090909	0.9875151376146789	0.9952026580749095	0.989199906846763	0.9878039197386841	0.9892932811780948	0.988270966228893	0.9953817848410758	0.9951364227642276	0.9995556442831217	0.999693995633188	0.9893212023864157	0.9998619117110544	0.9896322610722611	0.9998790029112081	0.9889491826249418	0.9956079022403259	0.989755260707635	0.9996017109574079	0.9904106728538284	0.9954148901545974	0.9934407438016529	0.9956702958093674	0.9901444238778342	0.988316102088167	0.9995713609898108	0.9951283582089553	0.9890166201117317	0.989159128440367	0.9997970556161397	0.9994869912790698	0.9901427382053654	0.999638136826783	0.9885532071988924	0.9996258005822416	0.9902552139592854
scaffoldsARL091374	0.9863994729907772	0.996560288687479	0.9986058651026393	0.9834981686541738	0.983125821596244	0.9922940104166666	0.9985707857841538	0.9924166108007448	0.9922341527001862	0.9890679153812252	0.9877442477876107	0.9919756061171202	0.9926079970104635	0.992358289768484	0.9882161732213877	0.9839661483784983	0.9837402664374731	0.9927362752721618	1.0	0.9854073170731709	0.9855219965427829	0.9876436893203884	0.9921323220973784	0.9831433617021277	0.992393922445936	0.992272323759791	0.7681505714285715	0.9871461983103602	0.9915638733705774	0.985886112283664	0.9855444348202685	0.9946604552469136	0.9922302940081877	0.9914017903767252	0.985747514051016	0.7877848045397225	0.9875430121527778	0.9864671768707483	0.9864327904929577	0.9915878121505778	0.986858774250441	0.9915550260610573	0.9923922590249347	0.9917397020484171	0.949598943661972	0.9843512466607302	0.9866196881959911	0.9850844262295083	0.9922808035714284	0.9963950553250347	0.9921969843633656	0.9841805110437419	0.9841313793103447	0.9923511011571482	0.985373875054609	0.9922085447761195	0.9851856086956522	0.9842306684141545	0.986803937689312	0.9911367354596624	0.9863317362637364	0.986879111111111	0.9926534849049571	0.9856907448215073	0.9920987008166295	0.9879921167247386	0.9912588415803606	0.9931181308411214	0.9922025335320419	0.9893953384132675	0.9855819721980885	0.9916056983240223	0.9856203397212544	0.9861505902929603	0.9986252851091559	0.9921637481371088	0.9927419225146197	0.9857305531167689	0.9874171503957784	0.9874315531820205	0.9917460276016411	0.9985859095346569	0.9872755891507337	0.992483165735568	0.9854371453138435	0.9986731834473771	0.9833359845227859	0.9845638852672751	0.9852969512195122	0.9837765957446809	0.9915091417910447	0.9986933355219961	0.9922315651849085	0.9924537369207772	0.9857068614993648	0.9928835272045029	0.9844294523501509	0.9929035714285717	0.9872105834464044	0.9911769604182226	0.9877310924369748	0.9921477163015224	0.9869199013895116	0.9912091417910448	0.9941397165697674	0.9932960667903526	0.9866182384341637	0.9860996939221689	0.992212156133829	0.998490929853181	0.9827499571183533	0.9857704987320373	0.9928910078681153	0.9923080357142858	0.9866392348754448	0.992311889675736	0.9874629153743908	0.9924139283047051	0.9867547645951037
scaffoldsTV20	0.993020828052387	0.9867877192982455	0.9871993503681246	0.9932773251028807	0.9931198563582594	0.9872557835006547	0.9871292407809109	0.9871076285963382	0.9873192576419213	0.9932251672240804	0.9927866923406076	0.9871673638344227	0.987860559685177	0.9873286774334352	0.9935363713798978	0.9924070305676855	0.991743397027601	0.987019946332737	0.9867920434782609	1.0	0.9936867334167709	0.9935005541346974	0.9889165719282903	0.9924809424520433	0.9873385857704059	0.9873076352530541	0.7525428256070639	0.992745641025641	0.9883519180470793	0.9925327194860813	0.9930650275540482	0.9879371480472297	0.9874028820960699	0.9887446623093681	0.9933783479349185	0.7909951188182403	0.9922176445757704	0.9934221075268816	0.9983770849273146	0.9881745319982587	0.9933096581196583	0.9880131796433231	0.9873243891797557	0.9883351940689055	0.9506920671955204	0.9929681679055531	0.9920545031712474	0.9936524864187212	0.986662385720505	0.9873946273830155	0.9874081151832461	0.9920494574290484	0.9917919829424306	0.9873834570056744	0.9984868601986249	0.9873633187772926	0.9928610395189003	0.9922028704094554	0.9920739679865206	0.9878514795474327	0.9931446088794925	0.9918275610801542	0.9878513998250219	0.9908975210084033	0.9874875600174597	0.9931465027554047	0.9882314222222224	0.9862755366726298	0.9874089044085552	0.9934337308347531	0.9986475628332063	0.9877669425087108	0.9986504535147391	0.9923493220338984	0.9872236008676789	0.9873228621291449	0.9864457604895104	0.9922823225806453	0.9930911370514484	0.9937744974874372	0.9880773757628597	0.9872567403554399	0.992875021312873	0.9874307389593354	0.9917645257337303	0.987352124891587	0.9912191039729501	0.9926284453781513	0.9921454163162321	0.9923451851851851	0.9881412891986062	0.9875680767553423	0.9872593627237015	0.9875704108391609	0.9922176294394524	0.9880842819614712	0.9917903911564626	0.9878736542669585	0.9976460669624849	0.9878839774207555	0.9959257834192782	0.9872379746835444	0.9915996165317427	0.9880133913043478	0.9865102575488455	0.9864792661361627	0.9923643974630021	0.9988870992078459	0.9872972076788831	0.9872925476603119	0.9911206342494715	0.9922610755441741	0.9880518146042852	0.9873231239092495	0.9922331215586616	0.9874398689956331	0.9928882152006833	0.9874579545454546	0.9826965594280607
scaffoldsTV71	0.9943035537190084	0.9866070213693852	0.9863916919082648	0.9927137222678718	0.9928980956411342	0.9878977086035451	0.9865646040675031	0.9881158874458875	0.9877835859679515	0.9937370476973685	0.9930479613282891	0.98807914322804	0.988505117085863	0.9880115151515151	0.9943829521829521	0.9929417269247128	0.9935948111249481	0.9877694247787612	0.9863821846553967	0.9932116279069767	1.0	0.994323896752706	0.9880426754385964	0.9926493549729505	0.9879372294372294	0.9879760173160175	0.7527557628979143	0.9933527340513669	0.987399300087489	0.9946065811258279	0.9984399404983265	0.9890652569349705	0.9880199826614652	0.9885175575836594	0.9988722100656456	0.7877748382923673	0.9921386788533444	0.9951437525944374	0.9937571667363143	0.9871297332750328	0.9931136325503356	0.9869561709550807	0.9882366392377654	0.9874152059596846	0.9500303181818183	0.9937051467460655	0.9934391666666667	0.9987948727272726	0.9876171773845491	0.9869977479428325	0.9880801645734084	0.9935123270951995	0.9934563439065108	0.9881625487646294	0.9929543933054393	0.9882109422492401	0.9941118600682595	0.9945263617463617	0.9920913657119137	0.9870006996064714	0.9942370554177007	0.9918680200920887	0.9885947071583513	0.993425010351967	0.987925562283737	0.9931462885738115	0.9880125166444741	0.9868385682326621	0.9880796624837733	0.9935390183028286	0.9931899541475615	0.9873064685314685	0.9933304619225968	0.9954964229559748	0.98635482475119	0.9881357142857142	0.9883659120592075	0.994121259509721	0.993863687150838	0.9924809345014601	0.9872976419213975	0.9865501947209001	0.993667704441677	0.9882599913307325	0.9921737753378379	0.9866600692940667	0.9929044269755894	0.9927601755119098	0.9940939784053155	0.9933566878980892	0.9869309471846356	0.9869150959860384	0.9880446273830157	0.9883022963604853	0.9944591549295776	0.9888913553431797	0.993563606148733	0.9886288753799393	0.9927211759504865	0.9872017459624617	0.9946323973176864	0.9879691341991342	0.9928008382229674	0.9870860759493671	0.9863426360017692	0.9867588883987648	0.9937250521050437	0.9933352867830424	0.9879226643598615	0.9866502817511921	0.993125869205298	0.9944137759336098	0.9887995657837603	0.987930017301038	0.9934687603993345	0.988149567099567	0.992972712006717	0.9880836363636364	0.9821467792092403
scaffoldsTV98	0.9956166169578186	0.9872124003542959	0.9870320704845815	0.9927675527426161	0.9927107220060528	0.98809832081308	0.9870636524040584	0.988059585720582	0.9880567579505299	0.9941463926174496	0.9919253756977243	0.9880741835834068	0.9888213463241806	0.988004328621908	0.9989802702702703	0.9951518904823989	0.9945754488517744	0.9882445344129555	0.9868976631393299	0.9941463561880122	0.9951410918324165	1.0	0.9890891323792488	0.9923835884353741	0.9880500661667402	0.9879779593639576	0.7463397826086956	0.9935897879705755	0.9881170525378451	0.9944539983164981	0.9947449936088625	0.989050823421775	0.9880702869757174	0.9892731588287488	0.9950611675126904	0.7880675291073739	0.9923472828412494	0.9954677378435518	0.993809692773691	0.9880450133570792	0.9921227956989248	0.9879761565836299	0.9881518976169461	0.9881587605884975	0.9506511954992969	0.9961141677531508	0.9942626802374895	0.9949254653130288	0.9878388447971781	0.9873656663724625	0.988133495145631	0.9942639549436797	0.9942949706621961	0.9882130857648099	0.9938139130434783	0.9884025198938992	0.9941202702702703	0.9948862010938158	0.9923656971770742	0.9879444493981275	0.9955491691521091	0.9918953084274543	0.9889009734513274	0.994638610871441	0.9880879911699779	0.9933577253218883	0.9882983805668016	0.9877165990076681	0.9881804328621908	0.9939425063505504	0.9939014705882354	0.988063891362422	0.9940595258620689	0.9933097455799913	0.987101718818863	0.9880291133656814	0.988606033717835	0.9943078777442961	0.9940954780361757	0.992286018237082	0.9881005782918149	0.9871067841409692	0.9936110246433204	0.9884950884955751	0.992772	0.9871268314210062	0.9939500624739692	0.9941174691095015	0.9940740243390684	0.9953313827481577	0.9879067260579065	0.9874592707870165	0.9880676834659592	0.9882965044247789	0.9944520421052632	0.9891151797603196	0.9944920634920635	0.9891366015971608	0.9934295341474446	0.9879410666666667	0.994509306333477	0.9881521182700795	0.9936261184490839	0.9881848242100578	0.9869435577351762	0.9877198480107287	0.9943350847457627	0.9941867875647666	0.9881533774834437	0.9873689183222958	0.9938146371976647	0.9945431693989072	0.9891010638297872	0.9881065725628584	0.9943023738872404	0.9882204505300353	0.991991261300043	0.9882677861246134	0.982279592760181
scaffoldsARL08804	0.9885688829787235	0.9897664406779662	0.9909185462720119	0.9862873287671233	0.9854524904214559	0.9931871215024914	0.9908292244286249	0.9931118345461508	0.9930991557943207	0.9892893879348305	0.9884734493529674	0.9930318879508825	0.9931505973025049	0.9930004988488105	0.988553962600178	0.9868758698599187	0.9852800261096605	0.9934880208333333	0.9907719489297785	0.9880527328377788	0.9879989342806395	0.9885464763603925	1.0	0.9853953813559322	0.9930949042145594	0.9929926323867997	0.7581100310237849	0.988882602862254	0.999751188182402	0.9874275349650349	0.9881251785714286	0.9914897312474931	0.9930972786508241	0.9913489272030651	0.9880641651865009	0.7878580910240202	0.9879078705728027	0.987436176727909	0.9876543286219083	0.9997785553772072	0.9884584409799554	0.999820493115594	0.9931147396630935	0.9997505787781349	0.9495916371681418	0.9871125451263539	0.9888341430499326	0.9881227898711684	0.9931681348142475	0.9924134174311927	0.993056062931696	0.9869636876355748	0.9850810082572794	0.9929614823348694	0.9874567841409692	0.9931709006928406	0.9872115199299168	0.9873587131367293	0.9878406646261477	0.9993536451612903	0.9886328603104212	0.988361369740376	0.9929965437788018	0.9869720179372198	0.99305443378119	0.9878668271334792	0.996185045703839	0.9903945893343713	0.9931830268199235	0.9904203953279427	0.9874384581690757	0.9997701731879408	0.98798552055993	0.9870427437141597	0.9907153240914199	0.9931088922958988	0.9921336886181956	0.9878313544415127	0.9898896999552171	0.9889262000897262	0.9996635022450288	0.9906736448598131	0.9883936884512088	0.9931212423312883	0.9865804300131636	0.9906886270108493	0.9853160924552987	0.9857676888888888	0.9876334930313589	0.9870409111411818	0.9997643017656503	0.9905845516201958	0.9930210142143681	0.9930562547966233	0.9873853082641013	0.992980676142912	0.9854694989106755	0.9929532437619962	0.9892756843065693	0.9993246465295633	0.9880001321003963	0.99316091954023	0.9889031545741326	0.9993149646756584	0.9895877782116361	0.9909887003470883	0.9888235717498874	0.9880622047244094	0.9930788217173663	0.9904975966954562	0.9853602094240838	0.9874078843626807	0.9930167497125336	0.9930948315467074	0.9888181818181816	0.9931812643678162	0.9883509593931281	0.993144035289605	0.9868494431185362
scaffoldsTV21	0.9929166526845639	0.9855411006018916	0.9855977086035452	0.9978950931913275	0.9988263744427937	0.9871019913419913	0.985713976633492	0.9873134025075659	0.9871419662191424	0.9938264842105262	0.9922990979381443	0.9872147249891728	0.9874383052313013	0.9869752055387276	0.9925418614534636	0.9914710697271545	0.9946112734864301	0.9872230529595015	0.9856061065396275	0.9932606765327695	0.9930147899159663	0.9922901360544217	0.9877622698072804	1.0	0.9873233333333332	0.9869782345305061	0.7469260822510824	0.9924885126446635	0.9869983340452797	0.992427084214981	0.9924809179770505	0.987688903683977	0.9870037629757786	0.9878653096578606	0.992833949579832	0.7892433312061263	0.9926903350515464	0.9931675457252233	0.9937137552742615	0.9871129004698846	0.9924428326914847	0.986960290350128	0.9871236591695501	0.9870294997862336	0.9503441312384474	0.9920130321459599	0.9919845191893056	0.9927897522049558	0.9869578901859059	0.9857223958333333	0.9872772825616616	0.9918703611457036	0.994224685138539	0.9871249566724437	0.9930372781065089	0.9873967170626348	0.9922513835674756	0.9924172325976232	0.9924908622908624	0.9867746262281076	0.9930723949579833	0.991192083868207	0.9875022481625594	0.9904813242784379	0.9868754952627046	0.9931939276485788	0.9874751625487648	0.9863005694261935	0.9871976190476189	0.9933969982847342	0.9932466329966331	0.9869348847139197	0.9932142434488589	0.9925899277518062	0.9855208658008658	0.9871381055363323	0.9867717428817947	0.9928190125595496	0.9925166377816291	0.9948083333333334	0.9870699273814608	0.9852851899827288	0.9926723813595554	0.9874367258553487	0.9923075666380051	0.9855755190311419	0.9940014987510406	0.9921126598465473	0.9916946638655464	0.9914362889273356	0.9869881044073598	0.985762445604874	0.9870098268398269	0.9871006060606061	0.9924410071942447	0.9878507819287576	0.9944174895397488	0.9876354600694446	0.9923702690780766	0.9869367904396072	0.9944277454242928	0.9871468332615251	0.9914745454545454	0.9868492320819112	0.9852787656452309	0.9863511759581881	0.991802281532501	0.9932600253807107	0.9872385843763488	0.9855420847750864	0.9940212411495211	0.992434839527027	0.9877282740676496	0.9870558149589279	0.991862198275862	0.9873538328280641	0.9924027408993575	0.9872094413165873	0.982862614379085
scaffoldsARL071198	0.9884492920353982	0.9926316959064327	0.9938052853312906	0.9872464782608695	0.987385582822086	0.9996013666666665	0.993925153609831	0.9996295469686877	0.9996271786310519	0.9895726063829787	0.9878733363309351	0.9993970607882433	0.9996882849426065	0.9995244959677418	0.9884030585106381	0.9869463768115943	0.9877873339238264	0.9986030204962244	0.9940481099656358	0.987234415295687	0.9885007002188183	0.9882029255319149	0.9946170295489891	0.9875422590492804	1.0	0.999587923515599	0.7704008840864439	0.988429512635379	0.9943890788962301	0.9884214127054641	0.9884555015466197	0.9936263718263719	0.9995693897965988	0.9932903943771964	0.9884894138232722	0.7847417852522638	0.9871249889624725	0.9887388319215336	0.9877239217429968	0.9943367093519596	0.9873470192738683	0.9942977493209156	0.9996808269423142	0.9943371605896043	0.9490923214285714	0.9872325339366514	0.9892030139451192	0.9884803235679931	0.9996416416416417	0.9943633371603521	0.9996356141522028	0.9876087127845884	0.9881359395824078	0.9996396632996633	0.9868122549019607	0.9995549966239028	0.987906743566992	0.987944073083779	0.9870886584289497	0.9940098176173845	0.9884526548672566	0.9876788853647485	0.9996034840871022	0.9884620782726046	0.9995080240722166	0.9873128476821192	0.9950066300510004	0.9946304556354916	0.9996463797130464	0.9895910400720397	0.987129286663713	0.9943256012412723	0.9872047978676143	0.9884433597185576	0.9938192174913695	0.999390602006689	0.9944845457972108	0.9892932000000001	0.9887045814977974	0.9877865625	0.9943604344453064	0.9937106855610877	0.988403884372177	0.9996634634634636	0.986485846970367	0.9939338709677419	0.9881796271637816	0.9870896874999998	0.9880618502202644	0.9868508803611739	0.9943337222870479	0.9937852180625241	0.9995030577956989	0.9996054008721906	0.9883328291814946	0.9997899629504885	0.9882447158081705	0.9998190235690235	0.9878587367450438	0.993984534883721	0.9886044563279858	0.9995832889480695	0.9895570848375451	0.9940754746222394	0.9916565305297209	0.9945656336909018	0.9892175730337077	0.987557371937639	0.9994768145161292	0.9937006525911709	0.9876923349579088	0.9884389309576836	0.9998124663978495	0.9997066245006657	0.9891317160826596	0.9997069425901203	0.9877720575022463	0.9996922307435813	0.9892909702970296
scaffoldsARL0843	0.9886305062166963	0.9930673189823875	0.9941446669233731	0.9877772567922875	0.9877577092511013	0.9997019153225806	0.9941545524691359	0.9997957018132977	0.999758686868687	0.9896363352652698	0.9879074774774776	0.9996249831649832	0.9999068650659452	0.9997710446758481	0.9885223907225691	0.9879415525114156	0.9882810437109723	0.9987879812882332	0.9943315870570107	0.9874077540106951	0.9886968323801145	0.9884063364569389	0.9947761048103246	0.987800745614035	0.999765512605042	1.0	0.7708463220675944	0.9885591217745586	0.9947450880626224	0.9885041870824054	0.9885408525754883	0.993830459770115	0.9995528282828281	0.9937350098231827	0.9887904887714661	0.7843215314136126	0.9872781665190435	0.9885869196428572	0.9881541759714157	0.9947170054730258	0.9878056705670567	0.9946516191962543	0.9997356063150825	0.9947036718750001	0.9490107949412827	0.9881452348381212	0.9894632386107353	0.9886281318681319	0.9998077647058824	0.9944623892100193	0.9996282440175261	0.9880227753303964	0.9883881984801073	0.999816257152474	0.9871744186046512	0.9996608857336038	0.9879875555555556	0.9884802607913671	0.9872712134632419	0.9943924609374999	0.9886247665629168	0.987577006802721	0.9995366306549629	0.9885919333032898	0.9996535425101215	0.9873731178033657	0.9954648776637729	0.9951132554391618	0.999710487394958	0.9897272850678732	0.9873045393858477	0.9946423497267759	0.9873680196253344	0.9884065841802915	0.9941321896684656	0.9997974065341865	0.994802193645991	0.9893215459795646	0.9895610222222223	0.9881354288280197	0.9947141351034752	0.993984090909091	0.9885629814227457	0.9996457142857142	0.9869914069456812	0.9942817374517375	0.9883107987505578	0.987496817570596	0.9883886625332153	0.9879662870159454	0.9947039108330075	0.9940718058252427	0.9998309115371679	0.9998538900067071	0.9883754901960784	0.9998282630691401	0.9884862946428571	0.9999076405250759	0.9878878871937125	0.9944465678627143	0.9888513670999551	0.9996729593550555	0.9895885727190605	0.9944413187670699	0.9921195926680244	0.9952150120096076	0.9894089189189189	0.9874965194109772	0.9996719865319866	0.9939693168660749	0.9883248214285715	0.9884560410164959	0.9999032193158955	0.9998669912693083	0.989460279531109	0.999841512605042	0.9878101801801802	0.9998960606060606	0.9898164541832669
scaffoldsARL09542	0.7441164936562861	0.7560383975026015	0.7622687436159347	0.744230596175478	0.741279519450801	0.7666840478564307	0.761991717791411	0.7667047904191618	0.7666246261216351	0.7411955451348183	0.740962308598351	0.7661248502994014	0.7651760847628658	0.7668123629112662	0.7415127314814816	0.7438505202312138	0.7470370660694289	0.7599668377823409	0.761485128205128	0.7414101969872537	0.7433985159817352	0.7417006952491311	0.7501732683982685	0.7414897025171625	0.7664508999999999	0.7669284577114428	1.0	0.7393605847953216	0.7515255364806868	0.7470282997762864	0.7440597949886106	0.7504881606765327	0.7669832835820897	0.7563674250258532	0.7437570938215105	0.740320022497188	0.7407635722679201	0.7460678692220969	0.7415341176470588	0.7513905781584583	0.741220186697783	0.7518226495726497	0.7667301397205588	0.7516761241970022	0.74383197740113	0.7436178861788618	0.7505897406989853	0.7434044520547946	0.7666820359281438	0.7585512041884814	0.7664169	0.7446535836177475	0.7461099322799098	0.766770488534397	0.741359512761021	0.7644890010090818	0.7434145785876993	0.7411547126436783	0.7409899297423889	0.7516633155080212	0.7436597222222223	0.7391111111111112	0.7655677386934676	0.7428871645274212	0.766954328358209	0.7402983451536643	0.7540474703982778	0.7611419222903885	0.7667196410767698	0.7447262180974478	0.7415368176538908	0.751519164882227	0.741543023255814	0.7417641355140187	0.7622577119509704	0.7667178464606182	0.7621195761856712	0.7444619428571428	0.7410185399768251	0.7414204200700116	0.7513989281886388	0.7621405515832482	0.7399487747957992	0.7668584247258226	0.7439615384615383	0.7619324795081966	0.7464204927211647	0.7451335233751425	0.7450752577319588	0.7442938728323699	0.7512020408163265	0.7622905544147845	0.7665338661338662	0.7666349301397206	0.7459428251121076	0.7657059356136823	0.7468450561797753	0.7658257286432161	0.7380104513064133	0.7515441113490364	0.7426646783625731	0.7660162162162163	0.7497748863636364	0.751425267665953	0.7527959745762712	0.7621107396149949	0.7507894024802707	0.7408216374269005	0.7658246492985973	0.7617262026612079	0.7465881564245808	0.7466916201117317	0.7662183550651956	0.7669290836653386	0.7506068771138671	0.7667093718843471	0.7405577647058824	0.7664347000000001	0.7557317796610168
scaffoldsTV97	0.9947812820512821	0.9870839024390243	0.9870195555555558	0.9933844463229078	0.9928441367373432	0.988912342908438	0.9871516459074734	0.9888095109914761	0.9890841561938958	0.993527751806205	0.9952869849041208	0.9890183041722747	0.9891947037701975	0.9890644973070019	0.9934320689655173	0.9935034081104401	0.993574609375	0.9882914051841746	0.9870293724966622	0.9934398356401383	0.994429052631579	0.9934278137128072	0.9894132711939636	0.9925328492097394	0.9889304582210242	0.9889740574506283	0.7453330406147091	1.0	0.9888159805223552	0.9949183996576808	0.9942530516431924	0.9883085962505714	0.9887076233183857	0.9888453979546467	0.9945460759493671	0.7883530678851175	0.9941895578947368	0.9958693298969072	0.9930703430308293	0.988743160690571	0.9955380971825234	0.9886655918727917	0.9889333482944344	0.9888872783687943	0.9482855655466161	0.9942194480379474	0.9942672229353874	0.9944843170320405	0.9884948075201432	0.987281898846495	0.9889794791198924	0.993921130952381	0.9932311575282856	0.9889235426008968	0.99318587003925	0.9889282637954239	0.9937078878177037	0.9928560731388768	0.9941715368421052	0.9884338209219858	0.9947796834901625	0.9960259154929578	0.9895040935672514	0.993534181509754	0.9887137219730942	0.995076897133221	0.9890971467391306	0.9875349048050771	0.9888646609788954	0.9937648464163822	0.9932509991311903	0.988503050397878	0.9934961038961039	0.9931426655127651	0.9869272444444446	0.9890215280898877	0.988553395472703	0.9934594925634297	0.9933172747252748	0.9917236842105263	0.9886742705570292	0.987179911111111	0.9990600539291217	0.9891467386414755	0.993910835117773	0.9873001335113485	0.993115344603381	0.9927877826086957	0.9939561912894962	0.9936090439276487	0.988570442477876	0.9873824529991048	0.9889986516853934	0.9891737078651686	0.9950526338329764	0.9897287387387388	0.9934530230535016	0.9896638125281659	0.9923517303370786	0.9885100398053959	0.9934761884183233	0.9890555006735519	0.9936980189491817	0.9885820274457724	0.986980845323741	0.9875663978494624	0.9942976027397259	0.9934773593073594	0.9887306278026905	0.9871176313446127	0.9931061985262245	0.9950892597347025	0.9896529702970297	0.9889648114901256	0.994306217838765	0.9891110062893081	0.9952666394779772	0.9891695280898876	0.9825223230490018
scaffoldsARL081292	0.9882875996457041	0.9902625755287008	0.9912489673300787	0.9861526293287729	0.9856848976109214	0.9929745301112389	0.991097483095417	0.9929278374233128	0.9928150747986191	0.9889825362000878	0.9884488879003559	0.9929239723396082	0.992893138010794	0.9927308135072909	0.9881462666666667	0.9871179765130984	0.9852140174672489	0.9934281074578989	0.9912236733157697	0.9877017513134851	0.9873515057573075	0.9879284252669039	0.9997679833012203	0.985550466893039	0.992900920598389	0.9927520937379946	0.7578132716049385	0.9886684069611781	1.0	0.9872761115954666	0.9876833333333334	0.9915379407051282	0.9928761411584196	0.9914059884836853	0.9875734160389898	0.7875859848484847	0.9878536745406825	0.9874266463148713	0.98710119205298	0.9996357096981374	0.9882680728241563	0.9996718549422337	0.9928890804597701	0.9995899097356543	0.9493247901016351	0.9873240306582506	0.9883219282511211	0.9875470744680851	0.9929964395099541	0.992804674329502	0.9929165387567153	0.9866180320762896	0.9850116826503923	0.992841621829362	0.9871661971830985	0.992996687211094	0.9870153374233129	0.9869997321428572	0.9875998688811188	0.9991712067292139	0.9883430026572186	0.9883641357748996	0.9928249230769229	0.9867565860215054	0.9929216589861751	0.987892782152231	0.9959713396778916	0.9907721962616822	0.9930680475642499	0.9900928218932257	0.9871278458844134	0.9995592473464135	0.9876793163891323	0.9867967741935484	0.9912096543951917	0.9929985034535688	0.9920787185354693	0.9876613186813188	0.9895294275491949	0.9885928379588184	0.9995052750080412	0.9912158605174354	0.9882102632753236	0.9930119001919385	0.985971097507652	0.99114336084021	0.985115872321819	0.985136802480071	0.987214986967854	0.9871922001803427	0.999542880102861	0.991171417769376	0.992783660130719	0.9929187091817134	0.9873163683980795	0.9929844290657439	0.9853836466987319	0.9928202614379085	0.9892436870997254	0.9991867869803417	0.987741831792162	0.9929833205521472	0.9885358490566037	0.9991283182989693	0.9898466042154567	0.9910069830246913	0.988327521290901	0.987727726675427	0.9928778890600926	0.9910249999999999	0.9851149103629209	0.9872738199300699	0.992877534562212	0.9928622077424301	0.9883872139973082	0.9930612049117421	0.98831072541166	0.9930313364055299	0.9864935111464967
scaffolds071107	0.9933254194630871	0.9880059752454118	0.9876044757033249	0.9926458745874587	0.9920766990291262	0.9884747040771592	0.9877277777777778	0.9883936049058256	0.9882936952714536	0.9948910310142498	0.994842293154137	0.9882488616462347	0.9882902802101575	0.9885730583589293	0.9950761606022585	0.9921697299651568	0.9916964389233955	0.9883702992407324	0.987152094017094	0.9920160919540232	0.9947926232905097	0.994964085391377	0.9884558605664487	0.991789921194525	0.9882520595968448	0.9883645359019265	0.7520766595289078	0.9952882228788518	0.9883213043478262	1.0	0.9947093906510851	0.9889109783089863	0.9882838074398249	0.9888373140857393	0.9947436130632492	0.7891632506527415	0.9952910796165069	0.999888725490196	0.9932370497427101	0.9883307959982601	0.9949454240134341	0.9882329570125923	0.9883265440210249	0.9883230100043497	0.9494458801498128	0.9922730920191888	0.9934604896580835	0.9944748138957817	0.9881810940919037	0.987695508982036	0.9883474168126094	0.9923221943048577	0.9915914166666667	0.9884159579131959	0.9917845758354755	0.9885132572431958	0.9936076198630137	0.9927609003751564	0.9950950853810911	0.9882827466318992	0.9933193534844668	0.9942125844594594	0.9882889570552148	0.9930313002964846	0.9882695271453591	0.9953496871088863	0.9885774734982333	0.9883350564726324	0.9884561842105264	0.9948083824768325	0.9917901023890785	0.9881636837532581	0.9919064763527908	0.9937083794130156	0.9875073347547974	0.9882779141104294	0.9887619335347432	0.9941142047930284	0.9942546888320547	0.9922438626609443	0.988258061712299	0.9875036247334754	0.9952389780405406	0.9884538596491227	0.9949301941346551	0.9876182671788306	0.9917646887966803	0.9935099072512646	0.9941422706325932	0.9921427205562797	0.9881126631853785	0.9876622422680411	0.9883368536371605	0.9885272487933304	0.999653822975518	0.9886845342706502	0.9918861596009976	0.9884042543859649	0.9915561752988048	0.9882460537727665	0.9947388433318947	0.988291794646775	0.9932642401021711	0.9881162185602774	0.9880756581786794	0.9886229974160208	0.9935179746835444	0.9920663539445629	0.9883309377738826	0.9875749680170577	0.9915657818332644	0.999639253393665	0.9885765686704696	0.9883450087565675	0.9936036739864864	0.9884655852696186	0.9951714165615805	0.9884435087719298	0.9819143878462913
scaffoldsTV92	0.9942756426464391	0.9868715408118724	0.9867758680555556	0.992670402656704	0.9928442056468605	0.9881883660130718	0.9867715835140998	0.9880543118466899	0.9883625054561326	0.9938967445742906	0.9937760153911929	0.9880300087108015	0.9883493891797557	0.9880996512641674	0.9947434855467112	0.9928664095972579	0.9936403934700713	0.9879999557522123	0.9867952588081774	0.9932111251580278	0.9987755208333335	0.9946801593959732	0.9881915127528583	0.9925163537755528	0.9882749236807676	0.9880233115468409	0.753934273318872	0.9938641572563781	0.9877604385964912	0.9951769102296452	1.0	0.9892040797824118	0.9880819886611427	0.9891394335511983	0.9989609293680297	0.7882243208279432	0.9924928033472803	0.9956621180410214	0.9938625158831005	0.9875749232792634	0.993463953983809	0.987543482064742	0.9881609925990422	0.9877194029850747	0.9504020880617341	0.9934323453608247	0.9940653389830507	0.998749443620178	0.9880529360591561	0.9873519339417645	0.9882502179598954	0.9935659277504105	0.9934591862416108	0.9882642545771578	0.9930633545647559	0.9881756438236577	0.9946178479931682	0.9947247791333615	0.9922838493723849	0.9874003945637878	0.9943071609098567	0.9923473305084746	0.9884259711916196	0.9935881150959133	0.9879226283724978	0.9932367912641747	0.988645385980479	0.9880804044943822	0.9882273638344227	0.9937275252525251	0.9932674408783784	0.9874507665352605	0.9933504428511178	0.9957908481262326	0.9868289622231872	0.9880903310104528	0.9883496518711924	0.9940478873239437	0.9942827645788337	0.992620659062104	0.9874550350262696	0.986627383015598	0.9943416910841356	0.988162788671024	0.9927589787234042	0.9866241648590021	0.9932806276150628	0.9926897370653096	0.9941684254959898	0.9927266894781864	0.9874912795793165	0.9870440314822913	0.9880025730484081	0.9883236807675535	0.9948179390905298	0.9888431569742019	0.9935795978215333	0.9885963692038496	0.9930723893805309	0.9875871010056843	0.9949737600678253	0.9881750109027475	0.9930911451681566	0.9875432195975503	0.9868822045152723	0.9874969122187913	0.9939106265876376	0.9933752951096122	0.9881197993894462	0.986643967013889	0.9934561557788945	0.9944903629536921	0.9887331583552056	0.988130792682927	0.9940237288135593	0.9882938126361656	0.993475565031983	0.9882748148148148	0.9825475512021372
E_faecium_reference_sequence	0.9880157869934025	0.9973650058846606	0.9968500991669973	0.9863117247623359	0.9866884282460135	0.9944499793473771	0.9970407832278482	0.9944495659363374	0.9943720545680033	0.9909203366058905	0.9878644631973745	0.9946343840729988	0.9944518396031419	0.9943574855252274	0.9901312264150944	0.9867952155376601	0.9873450303313113	0.9946549423393739	0.9968725536992841	0.988932454074423	0.9889572980632971	0.9900710240679567	0.995130831973899	0.9866327098540147	0.9944418662262594	0.994353159851301	0.7629206	0.9887033633349124	0.9951500611995104	0.9902508683729433	0.9890016090866067	1.0	0.9944169975186103	0.9944401948842874	0.9890848914069876	0.7833424603174604	0.9892345454545455	0.9901789377289378	0.9898009943181819	0.9950953061224489	0.9880594746716697	0.9951273727087576	0.9942991742361684	0.9951447432762837	0.949345612343298	0.9873248464808692	0.9881580357142857	0.9892922311700617	0.9944024783147458	0.9953383692052981	0.994625404732254	0.9867536101934876	0.9873099766899767	0.9943446280991736	0.9886775510204081	0.9943907927332784	0.9895935694315003	0.9873121268656716	0.9893984134391041	0.9952010183299389	0.9879426685525696	0.9865571025399811	0.9943138372573316	0.9879998596162843	0.9944262180016514	0.9894617757009347	0.9941841534612177	0.9956192260692465	0.9944310743801653	0.9909230084348641	0.9888235822306238	0.9951116782360145	0.9888449575871819	0.9887105463182898	0.9968501984126984	0.9942988829127017	0.996672653534183	0.9881327479829142	0.9905315176908752	0.9902966493629071	0.9951446617766911	0.9969441842000794	0.9887043168880456	0.9942750517170045	0.9871600824931257	0.9970466138613862	0.9870518449322748	0.9862119887165021	0.9879360849056604	0.9872517469310671	0.9951368721927317	0.9968628537265843	0.9943248036378668	0.9944875155022738	0.9901697482837528	0.994266804293972	0.9873535198135198	0.9943511570247934	0.9888934433962264	0.9951975928192575	0.9905421202082347	0.9943218595041323	0.9882196420160149	0.9951195112016294	0.9970852987421384	0.9953968799999998	0.9881674495068107	0.9889031117397454	0.9942966969446738	0.996893492063492	0.9873177268475211	0.9902456124314444	0.994288755684167	0.9943075970272502	0.988148094117647	0.9944382328654006	0.9878361423220973	0.994326537350392	0.9905302931596092
scaffoldsARL071300	0.9886487305122493	0.9928067578124999	0.9939509593246355	0.9871177010489511	0.9873980158730159	0.9995957610146863	0.993903844675125	0.9996016355140188	0.9994892785571142	0.9893060807811805	0.9875772501130711	0.9993970214190092	0.9996266711681295	0.9993941512605042	0.9882563976816764	0.9875023298309731	0.9878701472556896	0.9985940754039498	0.9940401298205421	0.9867408726625111	0.9880671353251319	0.9878193318485523	0.9944647815912636	0.9872257117827421	0.9995910153640617	0.9994556340396905	0.7683150097465887	0.9877736865942031	0.9942901051811452	0.988124699599466	0.9881795303500223	0.9940575881870385	1.0	0.9932562157935888	0.988245542380325	0.7844492566257273	0.9868812056737589	0.9883863839285714	0.9874122549019607	0.9942087159533074	0.9869994133574008	0.9941258654220149	0.9995347449149716	0.9942168351477451	0.9488590075994635	0.9876626368613138	0.9892214737793852	0.988009433962264	0.9996030394121577	0.9943417624521074	0.9995206815903777	0.9878276970497578	0.9880662047384889	0.9994930060524547	0.9865589285714286	0.9993693787981093	0.9880032085561498	0.9878510991475998	0.9865181335692172	0.9939882055274426	0.9886802584670232	0.9874894160583942	0.9994767013074087	0.9882660054102796	0.9994036813922357	0.9870994680851065	0.9950341194968553	0.9948319855884706	0.9994934826203209	0.9891343721770549	0.9869387383385163	0.9942703775788245	0.9868612199465717	0.9883092396109637	0.9939011904761905	0.9994010040160644	0.9945835409588525	0.9888467677218011	0.9888653982300887	0.987708561183326	0.9942290272373541	0.9938107320812571	0.987945763479837	0.9994977303070762	0.9862322981366459	0.994015526518063	0.9876115573404731	0.9867575852782764	0.988013590084108	0.9873342284934	0.9940965692007798	0.9937978344934262	0.999501447811448	0.9995278170198453	0.9876890124555161	0.9996643266959164	0.9881374441465594	0.9997013823331085	0.987783757519667	0.9939510687912941	0.9881732916480571	0.9995259098497496	0.9895121884911643	0.9939977855477855	0.9920192868719611	0.9949212241653418	0.9892310158013545	0.9871504239178936	0.9993415405314496	0.9937168267383788	0.9874955842997325	0.9879495539696699	0.9996908540685945	0.9995294764921642	0.989332746160795	0.9994877046441698	0.9873395212285455	0.9996010360962568	0.9894280965571826
scaffoldsAR01139	0.9880988418708241	0.9909697212676595	0.9916173650434127	0.9868757314974183	0.9865677922077923	0.9921618752421542	0.991580173716012	0.9922937669376694	0.9920547250193649	0.9901835010940918	0.9889220293724965	0.9920319363601087	0.9924057364341086	0.9920464963221061	0.9898652542372881	0.9868391577060932	0.9866975535168195	0.9927163183279742	0.9918526018099547	0.9874721073471183	0.9873805905340859	0.9896441071428572	0.9934237781225757	0.9862454976303318	0.9922675067855758	0.992210275300504	0.7649861867704278	0.9888358195623046	0.9930658291457287	0.9873784782608696	0.9879943429068755	0.9929555157307846	0.9921047582205028	1.0	0.9879381138635376	0.7859276391554703	0.9883800089047197	0.9878342507645259	0.9883167037861914	0.9928945152568559	0.9884139555555557	0.9928683275395905	0.9920900232018562	0.9929867232728675	0.9485857402361489	0.9872920934411501	0.9875517673378076	0.9873271781534461	0.9923216582719876	0.9908243023255814	0.992293369523071	0.9865748902546093	0.9869453987730061	0.9923662524271845	0.9871829580573952	0.9925824758220503	0.9878369156837047	0.9868977562692476	0.9880846666666666	0.9926712127082525	0.9881600445434299	0.9886030913978495	0.9924444874274662	0.9868576632607728	0.9921119212962962	0.9886940231935772	0.9916203952569171	0.991921161340608	0.9923493415956623	0.9900691622103387	0.987422178304787	0.9930093230174081	0.9875733391992961	0.9882114311032345	0.9915056959637872	0.9921853100775194	0.9938086510263929	0.9874178793256433	0.990485994647636	0.989296152105025	0.9931365957446809	0.9915096421845574	0.988836042876284	0.9921628969790861	0.9856608562691132	0.9915315233785823	0.9862043744531934	0.9850676391382405	0.9875705778561976	0.9870111856823266	0.9928093338497288	0.9917016981132076	0.9922300232738558	0.9922782389449186	0.9868900521285838	0.9926893567251464	0.9870509855453351	0.9926153367068898	0.9888457350272234	0.992905450328566	0.9893777333333332	0.9921087929039721	0.9880036036036036	0.9927587577160495	0.9908101796407185	0.9915215762777995	0.9876362701252235	0.9878288045875606	0.9922601004248747	0.9915402872260015	0.9861385826771654	0.9872283413147582	0.9926579766536965	0.9921984514130856	0.9875992844364937	0.9922278574196048	0.9890441674087267	0.9923247770453664	0.9881578906851424
scaffoldsTV43	0.994368353909465	0.9863861785095321	0.9865046611998274	0.992940139116203	0.9928442105263158	0.988102671262387	0.9866513385146806	0.9879380275624462	0.9881996978851963	0.9935574066475176	0.9931123845507976	0.987930706287683	0.9886885430177258	0.9878996122361052	0.9944365975103735	0.9932157872340425	0.9937662949194548	0.9873722393312804	0.986258815903198	0.9932864931846344	0.9985673936750273	0.9945308970099668	0.9883924858016602	0.9925715113871634	0.9881247844827585	0.9879624568965517	0.7541562231759658	0.9935992957746479	0.9871046066927422	0.9942781623403378	0.9985961053412463	0.9889912964641885	0.9878189818809319	0.9885604157644001	1.0	0.7886714743589743	0.9924800997091815	0.9952806879403232	0.9936110788381742	0.9869826597131681	0.993183410138249	0.9874233376792698	0.9881581285036655	0.9876887096774194	0.9502678296329858	0.9939179454390451	0.9932746367787464	0.9987355401964352	0.9877089931153186	0.9869545650301464	0.9879880172413792	0.9936520698051947	0.9934411203319502	0.9881356063875703	0.9932298377028714	0.9881453955901427	0.9942439677145284	0.9945140786749481	0.9918329192546582	0.986976749239461	0.9943435337726524	0.9917635564853556	0.9887691742325985	0.993348699958729	0.9878278208440999	0.9931713869221157	0.9879544812362031	0.9864629003558719	0.987919939707149	0.9934316334991707	0.9933054221854305	0.9871050847457628	0.9933028099173554	0.9956486454652533	0.9865626943005181	0.9878920723825937	0.9886104211897525	0.9940084738617201	0.9938917094017093	0.9924876507276507	0.9870902301346071	0.9861888410168032	0.9938557213930348	0.9881694000863185	0.9923423693086002	0.9867231765213639	0.9930085220255249	0.9924663057059557	0.9942588893493576	0.9930494062765055	0.9868242726877986	0.9869616789908656	0.98773165374677	0.9880920655454938	0.9943921520033044	0.9889402164502166	0.993687928896238	0.98883012987013	0.992650065934066	0.9873868432479376	0.9943344712739385	0.9878564599483205	0.9927833333333332	0.9873631784628745	0.9866235112483458	0.9865809314586996	0.9933755500207555	0.9931914049586777	0.9878502586206896	0.9866994382022471	0.9928409539473684	0.9940901693515076	0.9889221981826049	0.987961369509044	0.9932981727574752	0.9879994398965964	0.9932829063418731	0.9879483412322274	0.9820439575033202
scaffoldsVV15	0.7881101131071191	0.7855338254172017	0.7847601159793814	0.7897193673337637	0.7881228775113415	0.7829694155844156	0.7851125806451613	0.7828052597402598	0.7828598961713173	0.7884913072329132	0.784840576794098	0.7829231968810916	0.7827757654723128	0.782806562703054	0.7876091149273448	0.7875819879919947	0.7887609385327164	0.7803379947229552	0.7844998064516129	0.7891975769482646	0.7868908432147562	0.7875393117140966	0.7839336828309306	0.7881562621674237	0.7826646944083225	0.7828057792207792	0.742030580357143	0.78920363516193	0.7836985006518906	0.788355818540434	0.786762401055409	0.7810059214903526	0.7828174561972746	0.783855976485957	0.7867393539881344	1.0	0.7878537049180327	0.7884837301587301	0.7886094117647059	0.7836188396349414	0.7861149333333333	0.7841349185667753	0.7828210663198961	0.7842746414602347	0.7860413504823152	0.7880168336673348	0.7860586558044806	0.7869218708827405	0.7829189241736876	0.7847737113402061	0.7827037061118336	0.7901284217419777	0.7875135728542916	0.7828319688109161	0.7887115942028986	0.782771521456437	0.7901819489862656	0.7861415887850467	0.7878008513425018	0.7840994808565865	0.7878512666666667	0.7880228362183754	0.7830172099087354	0.7867604111405835	0.7828661478599221	0.7881755760368664	0.7830561426684279	0.7841448726322665	0.7828844603381014	0.786196963562753	0.7884930537352557	0.7834438562091502	0.7886875902823374	0.7876115183246073	0.7846545454545455	0.7828278933680103	0.7842936129032259	0.7880530040053404	0.7847074966532798	0.7848370718603088	0.7839450750163078	0.7847533161622665	0.789243102310231	0.7828475911458334	0.7874359229747677	0.7843950936087798	0.7885636842105264	0.789179813457695	0.7876851091992059	0.7875708556149733	0.7834138943248533	0.7849665369649806	0.7825923376623376	0.7830052734375	0.7881868421052631	0.7827673842139596	0.7887542384105961	0.7827677988242978	0.7840968960863698	0.7841015635179153	0.7888451866404715	0.7827623292127521	0.784309419795222	0.7839778283485046	0.7858313229571985	0.7845315379623621	0.7859720488466758	0.7888592786885245	0.7828432098765433	0.7849245319561007	0.7885364473684211	0.7885900723208416	0.7829015645371579	0.7828498377676834	0.7858830163043479	0.7829905721716516	0.7857885026737969	0.7829713914174252	0.7848912361020274
scaffoldsTV18	0.9937539456662354	0.9880110480349344	0.9877850569675722	0.9934084120171673	0.9931785901926445	0.9883765279007972	0.9877314335817623	0.9881806808134393	0.9881992474546258	0.993072543972544	0.9941631055363321	0.9883737494466579	0.9885184922394677	0.9883799645390071	0.9926734517106972	0.9927194949047408	0.9914546787408364	0.9881859026830379	0.9875677646025471	0.9929560933448573	0.9937579148936171	0.9927627544391512	0.9891892252894035	0.9927857451403886	0.9883841965471447	0.9883325952170062	0.7452738255033559	0.9947948326980094	0.9888380168963984	0.9949525201185938	0.9935882631126397	0.9890830915684496	0.9883033171163202	0.9885662186379928	0.9937504040833688	0.7871387662337662	1.0	0.9956440851063829	0.9929512407488028	0.9885968472468918	0.9943751397849462	0.9887600532623168	0.9885914526129318	0.9887016007114272	0.949338193791157	0.9930077945084145	0.9940185201211597	0.9934418792517007	0.9878569346289753	0.9878879212253828	0.9882929203539824	0.9924179313268333	0.9909906465517243	0.9884520833333332	0.9927285028371889	0.9885838723969872	0.9932006971677559	0.9926339433551198	0.9994725990853658	0.9883271960958296	0.9937979723899913	0.993111440860215	0.9887569530558017	0.9930701550387596	0.9882453297919433	0.9997267557251909	0.9889428635749664	0.9880941413237925	0.9883437306158618	0.9934235930735932	0.9929231909328685	0.9884743875278396	0.9930082108902333	0.9929387586805554	0.9877890837352038	0.9883090788308238	0.9884136860515959	0.9938327912087913	0.993297343205575	0.9933365907099035	0.988515346975089	0.9876920718353044	0.9946277730736666	0.988509844789357	0.9951961799660439	0.9879352347520843	0.9911794650560829	0.9937826980728052	0.9922421895283426	0.9925159893992933	0.9887321476211649	0.9881524988942946	0.9883590687361418	0.9888288376220052	0.9949123357354812	0.9889033288948069	0.9913062553925798	0.9888008884940028	0.9925755434782609	0.9884819432120675	0.9928218641114984	0.9882186808322265	0.9935071989528796	0.988315810451727	0.9879018976169462	0.9882571553610504	0.9939291648636954	0.9930263726761781	0.9882436918990705	0.9876542068361087	0.9912374082073434	0.9948860278598565	0.9889530875166591	0.9882354995579133	0.9940708586296617	0.9883684070796461	0.994292672413793	0.9884519698981851	0.9833169614512471
scaffolds070381	0.9930769456066947	0.9877635976129583	0.9871767105822354	0.9927023573200991	0.9921377909437155	0.9881919755778455	0.9872422978723404	0.9881922038327526	0.9881756544502618	0.9949631556861099	0.9945318621269441	0.9882197207678884	0.988160844947735	0.9882542121344391	0.9949441433930803	0.9922523291249455	0.9917604718543048	0.9882691555555556	0.986780332056194	0.992048362398979	0.9948529776674938	0.9948822129436324	0.9878391003460208	0.991765587380656	0.9881674083769633	0.9882592059336824	0.7523104925053532	0.994994345991561	0.9878980561555075	0.9998364626361247	0.9948390742285237	0.9889347326557666	0.9881909803921569	0.9887454387489141	0.9948711157024793	0.7898262849707223	0.9947660833333334	1.0	0.9934476435304198	0.9879980544747082	0.9948074915824917	0.9878531749460043	0.9881842197035745	0.9878970600951147	0.9493417910447761	0.992111994784876	0.9934666103127643	0.9949689797604296	0.9879111014366565	0.9874565402641671	0.9882293246187364	0.9921814273789649	0.991430686070686	0.9883141735717401	0.9917886655260907	0.9882859013531209	0.9931819769919045	0.9928039215686273	0.9948689009159034	0.987813223854797	0.9930689019279128	0.9940928541226215	0.9880486498257838	0.9925570702794241	0.9881041394335511	0.9948816743023738	0.9883465993856955	0.9884079913606911	0.9882116877453119	0.9948625790139065	0.9918481686541738	0.9880173800259404	0.9920549595572584	0.9935108843537416	0.9871585708209273	0.988177312390925	0.9887565868263474	0.9941006977758394	0.994456679470764	0.992353948497854	0.9880111927398444	0.9872166949872557	0.9950790118243243	0.9881802442215438	0.9945401239669421	0.9872948510638296	0.9917737038573207	0.9936108256107835	0.9940358302122347	0.992167652173913	0.9878123269896194	0.9872670235546038	0.9883043668122271	0.9882539301310044	0.9998188345864663	0.9883348167539266	0.9916759336099585	0.9881837696335077	0.9913852538631346	0.9879182484900777	0.994620292977165	0.9879831808278868	0.9931015312632921	0.9878185424752048	0.9882542241379311	0.9886116209262436	0.993555513307985	0.991939931885909	0.9881613240418119	0.9871747023809522	0.9918158921161826	0.9995891066716923	0.9882916303400175	0.9881775501307759	0.9937339949324323	0.9881465329262974	0.9947025231286796	0.9881861692844678	0.982358307349666
scaffoldsTV78	0.9942581602373888	0.9876382210479965	0.9873922368421053	0.9940739184177997	0.9939335576114381	0.9882729267222466	0.9874584797891036	0.9882344298245613	0.9885919525065963	0.993542665549036	0.993100948275862	0.9883248136782113	0.988659420289855	0.988349934065934	0.9938500856164385	0.9930902716914985	0.9930060463121784	0.987997212230216	0.9870185380889477	0.9989843977055449	0.9946535069298613	0.9938798027444254	0.9885037802197801	0.9934711801242238	0.9886398681318681	0.9883698726394379	0.7509020134228186	0.9927993559467584	0.9878301357862461	0.9936309780267126	0.9942975641025641	0.9889809306569344	0.9883189201053557	0.9879093503072871	0.9945495801847186	0.7919837403598973	0.9926154929577464	0.9943744155844155	1.0	0.9875954028021015	0.9934155469422912	0.987851509846827	0.988583032967033	0.9878669443226656	0.9508927392739274	0.9934558333333334	0.9933567336468576	0.9948217171717173	0.9878933829973707	0.9874515959772627	0.9885127416520212	0.9930780117944398	0.9928306632213609	0.9883698021978021	0.9990555890101619	0.9884264499121266	0.9941032957502168	0.9932751163774863	0.9924515332197615	0.9874436077057793	0.994341154009334	0.9918648427401983	0.9887812225153912	0.9920205932203391	0.9885724440544098	0.9934283269148482	0.9884072424651372	0.9872319531953195	0.9886346069389548	0.9934980761008977	0.9992788822205552	0.9877549912434326	0.998876026083621	0.9932806934931507	0.9873450197455025	0.9881460289600703	0.9871869089316988	0.9935909484625378	0.993702479338843	0.9943232	0.9878429759299782	0.9873192628345766	0.993411452631579	0.9885013632365874	0.9930912243150686	0.9875393233743409	0.992272471190781	0.9936830587241232	0.9931596260093497	0.9930152164407521	0.987931096491228	0.9878237969094923	0.9882630052724076	0.9887634843818742	0.9935163071613461	0.9890431968295906	0.9929509660798627	0.988874559859155	0.9977310118803768	0.9878466112811544	0.9962659126984127	0.988380316344464	0.9926731298366294	0.987490472027972	0.9874579181494662	0.9872136505113384	0.9934941427960666	0.9988550325296593	0.9884864615384615	0.9874716666666666	0.9923467321657411	0.9935072289156627	0.9890478873239437	0.9885118034225537	0.9932926829268292	0.9883897762176393	0.9933784144765189	0.988652923076923	0.9836666069027343
scaffoldsARL081249	0.9883691182986265	0.9900030577576445	0.9911303987960872	0.9862114627887083	0.9856889031156637	0.993079408374952	0.9910412052730698	0.9931157834101383	0.9931450000000002	0.9894679137323944	0.9889334823424228	0.9930229615384616	0.993319088098918	0.9930639476721816	0.9885693404634581	0.9869913535536442	0.9857031017911752	0.9934370385232746	0.9910601356443104	0.9876174770039423	0.9874676574977816	0.9884373327386263	0.9998791438686834	0.9856090522736932	0.9930925441967717	0.9930680261639093	0.756813603322949	0.9891682326621922	0.9998267719072165	0.9880292031523642	0.9876844196428571	0.9919131536604988	0.9930901267767959	0.9916098618572525	0.9875356984478936	0.7871830681094844	0.9880578762615181	0.9881465381244522	0.9871971277065842	1.0	0.9889392489941888	0.9997462082262212	0.9931078280890253	0.9997359264041318	0.9490973439575033	0.9872576401446655	0.9884712808988764	0.9876160674656014	0.9931262854950115	0.9924458764863829	0.9930707804690504	0.9866178897090752	0.9855666230366492	0.9930427416249519	0.9868888595332453	0.9932195601851852	0.9870359525899912	0.9874465888689407	0.9878873301183689	0.9993107003891052	0.9884374113475177	0.9888597757847534	0.9931133230650752	0.9870443100358423	0.9930691923076923	0.9880974100087797	0.9958638695492854	0.9906348538011696	0.9932306036139946	0.9906552205220521	0.9868131728665208	0.9996982286634462	0.987540385457731	0.9869773993808049	0.9911540459164472	0.9931811850711811	0.99239118993135	0.9877945886493622	0.990100716845878	0.9889977987421382	0.9995919432806961	0.9910392039053698	0.9886048747763863	0.9931246254321937	0.9861969736842106	0.9911943211733736	0.9858207530647985	0.9852923179396093	0.9871808529155787	0.9871349299593313	0.9997636509980683	0.9910256720939039	0.9930390065460146	0.9931157692307693	0.98801310254163	0.9931361464354528	0.9859644638949672	0.9929939592150828	0.9889225776965265	0.9991627824402841	0.9880961657117674	0.9931265180630285	0.9887508779828906	0.999202129032258	0.9900611741682975	0.9910744384198296	0.9884669811320755	0.9875451160753395	0.9931696373456791	0.9909089332830759	0.9858096760070052	0.9880159789288849	0.9931045367166474	0.9930317850287907	0.9884864779874214	0.9931196771714066	0.9889562919838782	0.9931895729126587	0.9868617471080973
scaffoldsVV6	0.9939062580368625	0.9872720353982302	0.9869531016278047	0.9929639613120269	0.9929144458818457	0.9872154693697663	0.9870466079295155	0.9872586419753087	0.9872102247686206	0.9932443500424809	0.998667341377968	0.9873313958608542	0.9874562224183585	0.9873174028268551	0.9915898890784983	0.9921013032145959	0.9916891144708423	0.9866744528807502	0.9864080866106938	0.9932369144821658	0.9930942242833052	0.9917192208904109	0.9883061701189952	0.9924009795570699	0.9872145125716807	0.9872217276333187	0.7468053551912569	0.9948225060827249	0.9879984615384615	0.9944855696202531	0.9929082267689684	0.9876988713318283	0.9872302869757175	0.9882590207322453	0.9931575221238939	0.7847304147465438	0.9934451694915254	0.9948756985605418	0.9929421007318123	0.9878826449912127	1.0	0.9878460964912281	0.9873264991181658	0.9879414580588494	0.949918744098206	0.992587304347826	0.9929745827984596	0.9928878634639696	0.9869594451783356	0.9872218708827404	0.9872790656676951	0.992638645078824	0.9915993469743143	0.9873880847308033	0.9929906182447037	0.9873923927465722	0.992874243089074	0.9915337651122624	0.9933024152542373	0.9877597802197801	0.9938220935220935	0.9970029976019186	0.9874667401852669	0.992267838983051	0.9873007929515417	0.9938097281223449	0.9883109123434706	0.9866859507829978	0.9873844728716366	0.9933296343537416	0.9931369987063389	0.9879251318101931	0.9931843938091145	0.9931311140121843	0.9869565830030824	0.9873411998235554	0.9871426064063186	0.9929503710170231	0.9929786516853933	0.9915414655172414	0.9878859903381643	0.9869974878801233	0.994929197080292	0.9873914714980115	0.9943271766694843	0.9871020713970912	0.991667994802945	0.9930456003467707	0.992499149659864	0.9920972246313963	0.9877866930171278	0.9872442819148937	0.9872212615791796	0.9874695364238412	0.9944495986480776	0.9878797434763378	0.9913930855661193	0.987672028281043	0.9920272606382979	0.9878351469942958	0.9933423955191728	0.9873583149536833	0.9924548275862068	0.9879111550285464	0.9869898259705489	0.9867359201773837	0.9929662815575523	0.9932327022375214	0.9873105913503973	0.9869151034786436	0.9916302557433896	0.9943339797639122	0.9877549071618037	0.9872274768824306	0.9932464010282775	0.9873491846628472	0.9986144241954247	0.9873010577346848	0.9841587230215828
scaffoldsARL08781	0.9886598305840393	0.9897556856819041	0.9909186440677966	0.98597823479006	0.9848923699914748	0.9929928406466512	0.9908495668549905	0.9929622786759045	0.9928531947652041	0.989044748455428	0.9884475828111012	0.9927048498845266	0.9931572480620156	0.99284187211094	0.9885531571876399	0.9865851952770208	0.9851768020969854	0.9934076489533012	0.9908279728199321	0.9875558771929825	0.9874971033868092	0.9882137096774193	0.9999434460547503	0.9848299915038233	0.992903194765204	0.9928250288794763	0.756841170323929	0.9884299551569506	0.9996420103092785	0.9873028421512898	0.9876902821316614	0.9918543294401932	0.9928609314857583	0.9910681153846153	0.9876531403118041	0.7863203164556962	0.9876504164839983	0.9875591308165058	0.9869426106194691	0.9995967471819646	0.9878788487282464	1.0	0.9928405301575106	0.9996268387096773	0.9491537882144441	0.9870432530667878	0.9885189725101396	0.9873719946571683	0.9928956571867795	0.9922828209069945	0.9928823959938367	0.9870205329838357	0.9850781810231745	0.9928437114197531	0.986751124834583	0.9930445303440278	0.9872589766210851	0.986532138054684	0.9873786246167323	0.9991601099967649	0.988601651048639	0.9882417602155366	0.9930890649149923	0.9870902075812275	0.992729088110812	0.9880399207746479	0.9960240924092411	0.9901676424668229	0.9929959568733153	0.989869175304191	0.987036523266023	0.9996011583011584	0.9875307726075505	0.9871015117830146	0.9906721009036146	0.9929353869849827	0.9922288667687597	0.9878403268551236	0.9892572392086331	0.9882207470747075	0.9994709231264072	0.9906441729323308	0.9878291797400269	0.9929807010785825	0.9862393045774649	0.9906978170869403	0.984967658643326	0.9850685077951002	0.9877280455740579	0.9867107838695062	0.9995506272113222	0.9906212201591512	0.9928049420849421	0.9928959152215799	0.9869087489063866	0.9931328046421664	0.9854723609286028	0.9929674526478546	0.9893522257916475	0.9990717139175257	0.9873397000441112	0.9928681818181818	0.9890027186225647	0.9991000644122383	0.9897201252936568	0.9907121715610511	0.9885936457863902	0.9880515404929578	0.9929741012756088	0.9904750943396228	0.9844893403232853	0.9871031975470872	0.9930843243243243	0.9929210607225212	0.9885739620938628	0.9929832243170451	0.9883102598566308	0.9929868644067797	0.9864195929768557
scaffoldsARL07973	0.9885672160356349	0.9930182955433934	0.994127178502879	0.9875335814360771	0.9876221340388007	0.9997926845637584	0.9941164041490588	0.9998031879194631	0.9998195162915688	0.9897106458797328	0.9880040632054176	0.9996704201680673	0.9997483378561737	0.9996953716216216	0.9886143875278397	0.9874010938924339	0.9882320535714285	0.9987951916124368	0.9942739731285989	0.9875674418604651	0.9888385292822546	0.9885034313725491	0.9944961044020256	0.9877070614035087	0.999808288590604	0.9997275582573455	0.7687006923837783	0.9884912511332727	0.9944740350877191	0.9885343582887701	0.9886050222222222	0.9937614878750514	0.9996976830087306	0.9936796550372402	0.9887178697183099	0.7851935081967214	0.986985505319149	0.9885678714859438	0.9882690103000448	0.9944533099688474	0.9876167567567566	0.9943870817120621	1.0	0.9944124610591901	0.9488916629112213	0.987556616643929	0.9895747625508818	0.9886884293884733	0.99979993290842	0.9945454405540592	0.9997279327731093	0.9877416446789797	0.9883129133154603	0.9997681341009144	0.9873561686855092	0.9996216977928694	0.9881498886414254	0.9884012589928058	0.9870183872396987	0.9941023772408418	0.9886032085561497	0.9877133363677743	0.9996127315594477	0.9885638738738739	0.9996887394957982	0.9870682321665928	0.995225334382376	0.9950511665325824	0.9998235551075269	0.9898016757246377	0.9874916108879964	0.994383223043986	0.9875284756370138	0.9883746578366446	0.9941468846153846	0.9996880551816959	0.9946458490566036	0.9893693713776192	0.9892167922020382	0.9880791105121294	0.9943456242707118	0.9940387332053743	0.988366681776972	0.9998160174613836	0.9868120658949243	0.9942295541890852	0.9883572577043324	0.9874219030520646	0.9880966386554623	0.9874416552978627	0.9943397585669783	0.9940482384823848	0.9997517567567569	0.9995899696048633	0.9883869100623329	0.9997480704129994	0.9884187220732797	0.9998044993234099	0.987971640407785	0.9941850583657588	0.9888223766816142	0.9998089201877934	0.9896208691715708	0.9941750291715287	0.9920874390243902	0.9950300478850759	0.9895909173068232	0.9876808415398388	0.999635656292287	0.9939630100076983	0.9882591964285715	0.9884477465417224	0.99985413153457	0.9998657267539443	0.989582647989155	0.9998854936198792	0.9877571879224877	0.9998277460530735	0.9899834990059642
scaffoldsARL08712	0.9885520572450804	0.9900163010590015	0.9910602863602112	0.986132601205857	0.9851095115681234	0.9930211479198766	0.9909674952919021	0.9929687451886064	0.9929504813246053	0.9895512227656736	0.9891023830935253	0.9929129429892143	0.9929249130938587	0.9928297453703703	0.9888318651685393	0.9866917539863326	0.98558349471831	0.9935249296340972	0.991086548605878	0.9879076550813903	0.9877079428826416	0.9887258325832583	0.9998651765468093	0.9851622174840085	0.9929334489402698	0.9928352873119939	0.7542764033264036	0.9893692792792794	0.9997160777957862	0.9876561703996487	0.9877606550022431	0.9921251509054326	0.9929429892141757	0.9915080446497306	0.9877348660714286	0.7862436432637572	0.9882112626484822	0.987722471416007	0.9873715111111111	0.99969471636953	0.9889375953342306	0.9997429495472188	0.9929366679492112	1.0	0.9490133452754143	0.9869652708238507	0.9887840217884702	0.9876656849620706	0.9929098114659485	0.9923852534562212	0.9929597842835131	0.9865405346187555	0.9854355350066051	0.9928533384793515	0.9872095217006199	0.993045272095716	0.9871340079190497	0.9870649099099099	0.9881428508578971	0.9993079282218598	0.988600716204118	0.9889332732191163	0.9928778590681556	0.9871513134057972	0.9928830834294503	0.9881866197183099	0.9963367511944138	0.99063484375	0.9930475713184272	0.9906860782529572	0.9872923687692986	0.9997573791761272	0.9879096077567211	0.986833644030182	0.9909516955538809	0.992954107211724	0.9919616736721437	0.987838198757764	0.989950360685302	0.9887792837715322	0.9996328691709845	0.9909339480617235	0.9887069400630916	0.99296033153431	0.9866133333333333	0.9909324171686745	0.9857398499558694	0.9855918870461676	0.9872737142857143	0.9868731907146108	0.9997011017498381	0.9908522546419098	0.9928424101969873	0.9928996143463169	0.987545934065934	0.9929455950540959	0.9858433671220802	0.992950308880309	0.9893185151237397	0.9993099804941483	0.9882828672880604	0.9928755384615385	0.9889353825136611	0.9992699480181938	0.990179373776908	0.9910026356589147	0.9887812613430128	0.9880183700440529	0.9928572695719244	0.9907721070486241	0.9855998235553594	0.9876141725352113	0.9929092978395062	0.9929520969603693	0.988730395274875	0.9930002311248073	0.9890095238095238	0.9929851637764933	0.9866983220135838
scaffoldsARL09409	0.9512353771289537	0.9500671076642337	0.9492726440988106	0.9508910705712914	0.9507045454545455	0.9488330291970803	0.9493009136592053	0.9488116681859617	0.9487446118721462	0.9497634928465714	0.95076552734375	0.9486653582838888	0.9489291990846684	0.9488019186843307	0.9518052682926831	0.9505938957816377	0.9505166585721224	0.9481257156264665	0.9496193607305935	0.9509434358223524	0.9511525519848771	0.951583276450512	0.9492082191780823	0.9509428503336511	0.9487521004566212	0.9487959817351599	0.7494123873873875	0.9485391091532059	0.948909995435874	0.9498381388621021	0.9509770142180095	0.9481718432510886	0.9488670319634703	0.9486706617306802	0.9512155880963628	0.785774283895608	0.9501511025886866	0.9499294629898403	0.9506152343750001	0.9489772665148064	0.9506538461538462	0.9490082385070551	0.94880602189781	0.9491788706739526	1.0	0.9510325881768507	0.9492502716049382	0.9511076523382144	0.9487495442114859	0.9495933853927423	0.9488125057051575	0.9514501199040767	0.9504397666504619	0.948918493150685	0.9507618021547503	0.9488894568690096	0.9505298449612403	0.9494389380530974	0.9499992816091952	0.9486953839122486	0.9511492195121951	0.9495645002461841	0.9489765782250686	0.9511571358267717	0.9487466697080292	0.95026469740634	0.9485992115027828	0.948370511627907	0.9487806289881495	0.9496398101898104	0.9507407425500733	0.9489133272478323	0.9510260019550342	0.9496713118692935	0.9493120658135284	0.9487752167959836	0.9487678861788618	0.9494705509507557	0.9493008403361344	0.9515660801564028	0.9489599817684595	0.9493031550068587	0.9486567302985806	0.9488653881278539	0.9492554257907543	0.949279761904762	0.9506273346303502	0.95039921182266	0.9501429687500001	0.9508079900744417	0.9489254893035959	0.9494133179723503	0.9487947416552355	0.948866818804199	0.9495113043478262	0.9488537545787544	0.9508662122687439	0.9489149404216315	0.9509854187689203	0.9489251251706874	0.9500689486552567	0.9485733911455957	0.9492156901688182	0.9489659400544959	0.9487944029850747	0.9486598334104582	0.9492540967423494	0.9512417523250123	0.948880173595249	0.9493448717948718	0.9503489310009718	0.9497444980694981	0.9489430530164533	0.948816187870497	0.9492749259624875	0.9487702690378477	0.9508578460038986	0.9488391602008214	0.953728336380256
scaffolds125VP	0.9959606666666667	0.9871977748108589	0.9866804008908686	0.9924704959728697	0.9925681759379041	0.9889916666666666	0.986785414808207	0.9889747884187082	0.9888919448153093	0.9936873179091689	0.9932443668122273	0.9889599287622438	0.989069436997319	0.9885971008028547	0.9956726261762191	0.9998558130552337	0.9921637339055793	0.988129890809827	0.9863602501116571	0.9930349717268377	0.9944817406143345	0.9956883411915988	0.9885652988403212	0.9923993962915049	0.9888994206773619	0.9886665180561748	0.7485553376906319	0.9941965650493774	0.9885690592955862	0.9927658726721525	0.9939987018606662	0.9879365576748411	0.9888144256455921	0.9888854845913355	0.9945218562874253	0.7860090240641711	0.992581687062937	0.9927949761801645	0.9933471689895471	0.9885784917447568	0.993345755333043	0.988587834224599	0.9888841121495329	0.988712198391421	0.9511291825095057	1.0	0.9938094727818261	0.9945207941929975	0.9886726222222221	0.9871011175681718	0.9889189309576837	0.9965131296449216	0.9919871134020618	0.9886270414993307	0.9929892482517483	0.9889724107142857	0.9934742634315424	0.99299008583691	0.9925117467248908	0.9885575122603655	0.9960792326939115	0.9928897648083623	0.9885146993318484	0.995634705372617	0.9889894080996884	0.9926573112178089	0.9895562728937728	0.9885582612653618	0.9889874777183602	0.9933964532871973	0.9930309399477807	0.9885926437806509	0.9931132519616392	0.9947264756201882	0.9866150044523597	0.9889149220489977	0.9880472984942428	0.9945201609487505	0.9951717682663208	0.9924329432162982	0.9885550847457627	0.9866479964381122	0.9943144020574367	0.9889099018733274	0.9918902278702892	0.9867398573339279	0.9921615615615614	0.9940020302375808	0.9954335012594459	0.9998383966244725	0.988559401518535	0.9867131235955056	0.9886004464285715	0.9887281445138268	0.992857842287695	0.988636099955377	0.9921954037800685	0.9885967857142858	0.9920505979760809	0.9885353571428571	0.9942541395752059	0.9889673351158643	0.9936463624623332	0.9884415329768271	0.9870737455197132	0.988420972780009	0.9938518185708172	0.9930553571428573	0.9890349709691826	0.9865837934105076	0.9921563036020584	0.9927470281995662	0.9886550601872494	0.9889458629893237	0.9938370338619802	0.9889753674832962	0.9932625326370758	0.9890124331550801	0.982246371519854
scaffoldsTV162	0.9956342205323193	0.9882382854578097	0.9881857142857143	0.9933493747304871	0.9930717122683141	0.9897394772420008	0.9883094382022471	0.9898091809180919	0.9897225574065737	0.9954369275603664	0.9938188067444875	0.9898858044164038	0.990349819657349	0.9897643693693694	0.994645170940171	0.9934179721496955	0.9945143856580674	0.9893172963131543	0.9880392342342341	0.993801993067591	0.9945016956337432	0.9947022250748822	0.9898011770031689	0.9928879302832244	0.9896655855855856	0.9898506306306307	0.7547441144114412	0.9946915232358003	0.989155194218609	0.9944696197061368	0.9944656934306569	0.989155727978092	0.9897376746282109	0.9895653079710147	0.9945503606279169	0.7854925698704841	0.9940655709342561	0.9951951431049436	0.9941550478677109	0.989057091237579	0.9939496321938555	0.9887407924358398	0.9901325214253496	0.98906821880651	0.9486681644359465	0.9939936383442265	1.0	0.994377259227832	0.9895293800539083	0.9886264719101123	0.9896620549797207	0.9947027638190954	0.9943213280562886	0.990029544429409	0.9934696163905841	0.9902151693002257	0.9933078602620087	0.9939132051282051	0.9940699697100823	0.9887174109156517	0.9957369556025369	0.993331704152249	0.9904492773261067	0.993877094972067	0.9896825890843483	0.9949618861364624	0.9899316727605119	0.9895902720147534	0.9898206399278955	0.9960702283849919	0.9935352430555555	0.9889703068592058	0.9937673301601039	0.9938273990447242	0.988068808988764	0.9898614588023412	0.9902409050179212	0.9977645954962467	0.9939890631808278	0.9937383543752722	0.9890246729815065	0.9882961400359066	0.9945488402061855	0.9901471119133575	0.992915907099036	0.9884742574257425	0.9940230903535574	0.9937444971946482	0.9950003851091143	0.9931074218750001	0.9886586829048264	0.9886860707803992	0.9900174717832957	0.9900342805593142	0.994208120950324	0.9906844343891403	0.9944514022787029	0.9906387708992318	0.993885020242915	0.9886941044104411	0.9944976034858388	0.9897534925642181	0.9985088854247858	0.9888273095989185	0.9878967844202898	0.989387454710145	0.9989933049535604	0.9938594454072789	0.9896172600270393	0.9884230873087309	0.9941036633231575	0.994335911840968	0.9907643600180914	0.9896926192619263	0.9990407751937985	0.9902317403065826	0.9939687986171133	0.9897721045515998	0.9828987557603687
scaffoldsTV73	0.994347501032631	0.987104321257093	0.9871629661751952	0.9931292111750206	0.9935934266327395	0.9884194625054182	0.9871053315994799	0.9886690403821102	0.9884935245545414	0.994059901193907	0.9936340765671013	0.9885575954861111	0.9886742187500001	0.9884627331887201	0.9948430769230769	0.9934220281210056	0.9937918840579709	0.9881494676131322	0.986715661605206	0.9937289331672894	0.999471766848816	0.9947451290591174	0.9884335824175824	0.992849459234609	0.9889993040452371	0.9885546244029527	0.7529819581958195	0.9939718438538205	0.9880781483106627	0.9949725806451614	0.9988276413690476	0.9891177272727272	0.9883954407294833	0.9889889178617992	0.9994126873857404	0.7873576998050682	0.9928274166666667	0.9953707660455485	0.9943740910990387	0.9877653947368421	0.9935713565728684	0.9877419693654268	0.9888324793747286	0.9881485927880387	0.9505354062641853	0.9938912265758093	0.9941041370664437	1.0	0.9882863636363638	0.9874419592544429	0.988671416159861	0.9940629222629223	0.9934522481265612	0.9889052631578947	0.9936194979079498	0.9888654331737048	0.9947618111917983	0.9951994176372712	0.9926085310029131	0.987566213251426	0.9943360330578513	0.9923285594639866	0.9888338835794962	0.9937121991701245	0.9887691706469821	0.993247851481018	0.9885430734966592	0.9875714349775784	0.9885966160520608	0.9937296589018303	0.9936038301415487	0.9876611038107754	0.993754159733777	0.9962154785348563	0.9869356306892066	0.9885127982646421	0.9886635928664638	0.9947425910245553	0.9943691845493562	0.9929361355081555	0.9877165499124343	0.9869974447812907	0.9943808316008316	0.9887752823631626	0.9927211903756858	0.9871670281995661	0.9932351239669421	0.9931394319131163	0.9943127182044887	0.9934954506802721	0.9875150175131349	0.9875329108391608	0.9885493918331887	0.9887691706469821	0.9949417218543046	0.9890820434782609	0.9937005801906341	0.9889417754569191	0.9931241821396993	0.9879392638036809	0.9953007540846251	0.9884957917570497	0.9932015946286193	0.9877001750547045	0.9868891054030116	0.9872201146890163	0.9941262411347518	0.9937332779393435	0.9884624565972223	0.9872917968749999	0.9935084745762712	0.9945401574803149	0.9890704782608696	0.9885044685466378	0.994106002501042	0.9887398437499999	0.9934270780856423	0.9888095134665509	0.9826766903914592
scaffoldsARL071348	0.9884771859742564	0.9926520841449161	0.9937727654698243	0.9868713164777679	0.9871393939393939	0.9995163950781509	0.9937203214695752	0.9996039627039628	0.9995456391478028	0.9890426926483613	0.9872726495726495	0.9994292430810271	0.9997040795684423	0.9994735077129444	0.9880697602131439	0.987254821186057	0.9878547438752784	0.9984802517985613	0.9939108530083778	0.9867778666666668	0.9882091228070174	0.9879440444444444	0.9943744755244756	0.9870194140795802	0.999464459234609	0.9994164599396581	0.7689345508390918	0.9876942792792793	0.9941427629026	0.9878432636727433	0.9881281222320638	0.993794262295082	0.9995434666666668	0.9932843175596402	0.9881807894736843	0.7844718484650557	0.9868704113224237	0.9881941596076683	0.9874971912617031	0.994112330360605	0.9868987876066457	0.9940719488570321	0.9995175864361703	0.9941260566110895	0.9486969602145732	0.9875070104025327	0.9890301980198021	0.9880500000000001	1.0	0.9940970565749235	0.9995565043362242	0.987439658194566	0.988079214986619	0.9995145791245791	0.9867312192943278	0.9993854061341424	0.987585341009743	0.9879720555306761	0.9866417844522968	0.9938142912470952	0.9885099023090587	0.9871301587301586	0.9995999665215937	0.9878313172043011	0.999421101836394	0.9871213274336283	0.9950540243423636	0.9945229751403367	0.9996012654012654	0.9890428120775123	0.9867336884154462	0.9940356037151702	0.9866654068474877	0.9877585494505495	0.9937697514340343	0.9994355570380254	0.9944207894736842	0.9888196095829637	0.9887302028218696	0.9875108627626286	0.9941325968992248	0.9937938884644767	0.9878802257336343	0.9995956695536309	0.986159458259325	0.993871450440107	0.9876869158878505	0.9865580544399822	0.9876615757042255	0.9870234869015357	0.9940583462732918	0.9936833076329993	0.9994191803829359	0.9995679624664879	0.987707962633452	0.9997408142664871	0.9881975914362175	0.9997611111111111	0.9873835180055401	0.9938588144130184	0.9880415102770331	0.9995967420212765	0.9892440036068532	0.9938904337722696	0.991479660331581	0.9945123957091775	0.9890473021582734	0.9869565004452359	0.9992452165156094	0.9936623177283193	0.9876611927013795	0.9877238752783966	0.9997128523489934	0.9995172046589019	0.9890986061151078	0.9995703592814371	0.9870941996402879	0.9995954681772742	0.9893458316870802
scaffoldsARL091209	0.9879866990720284	0.9960919486996794	0.998225650815689	0.9853502396514162	0.9854401571366215	0.9937466440422322	0.9982126173096977	0.9938651698113208	0.9938400906002265	0.9897352941176469	0.9889339126559715	0.9937208475217556	0.9937303787878788	0.9936786525359576	0.9890165483584739	0.9856774514234072	0.9860513785557987	0.994255958958169	0.9976497041420119	0.9875920334507042	0.987451454624403	0.9886454303460515	0.9926847502859322	0.985193257938234	0.9938098224404986	0.9936109180204007	0.7626616314199396	0.9882357781753129	0.9923815519208824	0.9885051657339647	0.9874911149825785	0.9943263518966908	0.9938299358248395	0.991767672080433	0.9874589843749999	0.7868658195679796	0.9878599912739965	0.9888951145698228	0.9880059502664298	0.9924449942900648	0.9883182624113473	0.9923449429657794	0.9937884615384615	0.9924689261233816	0.9497766164747564	0.9859396388261851	0.9884821764442455	0.9871880260303688	0.9936535795026374	1.0	0.9937718277945621	0.985809241499564	0.9863178743961354	0.9938065225635191	0.9875612803532009	0.993703260045489	0.9866866403854577	0.9866970731707317	0.9875623693379791	0.9918381553769614	0.9879196728558798	0.9882043556353839	0.993732588947767	0.9874870222222222	0.9936245375613441	0.9882750218722659	0.9932599770642202	0.9929333847935161	0.9938568568190403	0.9902187528039478	0.9876533186813187	0.9922629756468797	0.987797754293263	0.9875934505494506	0.9982017367141367	0.9937450773293097	0.9930638836418588	0.9878955604395604	0.9886943780433821	0.9886785554060116	0.9923830159939071	0.9981789583333336	0.9882498659517427	0.9939528145069889	0.9873273321708808	0.9982288247566063	0.9859453508771929	0.9870089558759284	0.98726	0.9855610810810811	0.99237190240183	0.9982963222416813	0.993733131389625	0.9937746025738078	0.9886645077720208	0.994045568181818	0.9866311813790074	0.9940054648956357	0.9892519835841312	0.9918724532621137	0.9892085229808122	0.9936294828237071	0.9886909131803868	0.9919311737804879	0.9933983186855178	0.9932495791889824	0.9885268456375839	0.9882472148541114	0.9936351648351649	0.9981487660757735	0.9856396581945661	0.9885060318828092	0.9940877937831691	0.9938735770825483	0.9885440017905103	0.9938702111613877	0.988582554517134	0.9939525122780506	0.9871791666666667
scaffoldsARL071169	0.9886316725978647	0.9928583887368011	0.9939754224270354	0.9874020104895105	0.9874322609078889	0.9996220174262735	0.9938417755572637	0.9997455063715627	0.9996937206178644	0.9895912483340737	0.9877009905447995	0.9995406239516941	0.9996366904035265	0.999548918918919	0.9882925479696563	0.9874235401459853	0.9882443252904379	0.9987096785843264	0.9940388888888889	0.9872092005359535	0.9882576434515988	0.9879809991079394	0.994507145646232	0.9875195356986421	0.9995621186724775	0.9996198650927487	0.7696704142011835	0.9880654471544716	0.9943911466458658	0.9883647190008921	0.9884094774136404	0.9939090759753593	0.9996120053655267	0.9935965056929722	0.9886067543859649	0.7843439922480621	0.9868841009743136	0.988633497316637	0.9877132767098794	0.9943533541341653	0.9871787061994609	0.9942524941543258	0.9996387939698493	0.994326684846124	0.9489377189043556	0.9875598543468367	0.9893412375790424	0.9882857330415754	0.9997061703554662	0.9944468485780169	1.0	0.9879552422907487	0.9882861806797852	0.9997470250169034	0.9869999103942653	0.9995904988123516	0.9883089652096342	0.9880943845462713	0.9866123839009288	0.9939370081807557	0.9887211298932385	0.9876003181818181	0.9996961952861954	0.9887636856368562	0.9995762751677851	0.9872451441241685	0.9950447068083432	0.994846615939127	0.9995508394895903	0.989307133182844	0.9872534759358288	0.9943257888585898	0.9871972755694505	0.9884410075121521	0.9939954615384615	0.9994829522528581	0.9948228787878788	0.9893264705882352	0.9888807538802661	0.9877917003140421	0.9942718238503507	0.9939313748079878	0.9881988692899141	0.9997360952700437	0.9862016851441241	0.9939814302191465	0.9878868808567605	0.9869545984746523	0.9880770013268465	0.9872839090909092	0.994203744149766	0.9939	0.9996375253549696	0.9996170097873777	0.9880436217662802	0.999853893026405	0.9883914132379249	0.999752996952252	0.9879408077994429	0.9939927987543792	0.9884843189964159	0.9995982908847185	0.989696240942029	0.994036833916764	0.9920339983713357	0.994964114832536	0.9893800090252707	0.9874580500894454	0.9995639311043567	0.9938100384615385	0.9878164065983058	0.9882180151989272	0.9998437879810937	0.9996619430485763	0.9894611186287775	0.9997076251259657	0.9874961746174619	0.9997094295302015	0.9897799602385685
scaffoldsTV104	0.9969438589540413	0.9858501305483028	0.9858342906875543	0.9929269690721648	0.9930050398992021	0.9882492381367	0.9857979139504562	0.9882819408181027	0.9881213321723986	0.9942721063394683	0.9933638115631692	0.9882561411149826	0.9887516157205241	0.9880189647672901	0.9944931392931393	0.9959071576334299	0.9933297863426895	0.9882565801253358	0.9855968995633189	0.9928218265605362	0.9946769951140065	0.99457425	0.9887653007846556	0.9926207883817426	0.9883646469049695	0.9881037004788854	0.7527571741511502	0.9941616490486258	0.9881144594007816	0.9929578144853874	0.9941044831880449	0.987960245343026	0.9881088376142795	0.9877952506596307	0.9946637474541753	0.7919002610966057	0.9917217590662776	0.9937044567062819	0.9932601345668629	0.9881083913043479	0.9935218228498074	0.9881257602085143	0.9884833551198257	0.9884059721011333	0.9504849220898258	0.9962871168185583	0.9943726897689769	0.9945895850284784	0.9878663048198003	0.9861673771204872	0.9882729847494554	1.0	0.9930954240134342	0.988238431372549	0.9929903797468355	0.9884824017467249	0.9930780457380458	0.9935219400499583	0.9917467970049917	0.9878161528441165	0.996922820919176	0.9924470412941677	0.9885423714036616	0.9944662761506277	0.9882202614379085	0.9923687134502924	0.9890117568766637	0.987640071716719	0.9883036149825783	0.9938414196242172	0.9929143096936635	0.9882307525010875	0.9929721008403362	0.9943503719008265	0.9857829777971268	0.9882180869565218	0.9881800174140183	0.9950524549918167	0.9941062580368624	0.9919906196943973	0.9882946110386789	0.9857792788879236	0.9943268518518518	0.9884406535947713	0.9921008517887565	0.9857580869565218	0.9931611134365844	0.9937299049979348	0.9961255897640945	0.995805323978539	0.9880758590691606	0.9861773087071241	0.9881407488027862	0.9883069747166522	0.9931715374841169	0.9887777632153778	0.993350629722922	0.9886311082024434	0.9918512064343163	0.9880190889370932	0.9940042348008387	0.9881851480836237	0.9940159072079535	0.9878520607375271	0.9861064658990257	0.9877400527009224	0.9945016075845011	0.9927437316561846	0.9882785963382738	0.9859262309368192	0.9931345332775219	0.9931801610852057	0.988733987783595	0.988252720940357	0.9944450680973997	0.9884745644599302	0.9931440170940171	0.9884557784561708	0.9815067260579065
scaffolds127VP	0.9933256659619452	0.9856482969432314	0.9858421895283427	0.993735807676086	0.9936955756013747	0.9888805774278214	0.9860371044646727	0.988921784776903	0.9888728427507666	0.9960305697278912	0.9939423451327435	0.9888726357267952	0.9888079351161772	0.9888685501533071	0.9956789915966385	0.9917137246439361	0.999702825923135	0.9890325236167341	0.9856555796786799	0.9917636559139784	0.9942736687631027	0.995741841883936	0.9863581222707424	0.9940329426538301	0.9888640262582057	0.9888847702407003	0.7553153191489362	0.9945661142607938	0.9864516157205239	0.9927693248945147	0.9942892614601019	0.9871766818181819	0.988889360770578	0.9877137297770004	0.9941738364779874	0.7895617742987606	0.9919033004714959	0.9927709159983116	0.9939760680034873	0.9863000436681223	0.9941634794156705	0.986365837696335	0.9888764113785559	0.9863922741161063	0.9518217966903073	0.9916809051724138	0.9938559601213698	0.9942708823529411	0.9886387576552931	0.9861601216333622	0.9889094133099824	0.9930680868838764	1.0	0.9889276511831726	0.9914597661325248	0.9890420105355575	0.9936314297981967	0.9941962041332771	0.9920610183996577	0.9860442501093135	0.9933659898477156	0.9932108072342304	0.9888494086727989	0.9924601116358952	0.9888974605954465	0.992059435173299	0.9883601075750785	0.9861930284191829	0.988897943107221	0.9959357019064125	0.9915708981001727	0.9862640768223483	0.9917368217054263	0.9941695008460236	0.9858320623916811	0.9888440262582056	0.9866310047434239	0.9939853595890411	0.9944125772285967	0.9942740051903113	0.9862910917030568	0.9857672868887928	0.9942946358482337	0.988927308533917	0.9919589577950043	0.9859283795493934	0.9997248111782477	0.9923954871362294	0.9941354419773775	0.9916386138613861	0.986312756662298	0.9858979493891797	0.9888829172141919	0.9889320928196148	0.992810253164557	0.9888596229723805	0.9996616875712657	0.9889365629110038	0.9917061307901908	0.9861244764397905	0.9956179694137638	0.9888444444444444	0.9937629726205996	0.9861211857018308	0.9854185707984121	0.9864144870101277	0.9939187878787878	0.9917558861578267	0.9889327057793343	0.9857485281385282	0.999721882086168	0.992614195450716	0.9888986433260394	0.9888867016622921	0.9939285404937203	0.9889194310722101	0.9940126829268292	0.9888874781085814	0.9836024586499776
scaffoldsARL08105	0.988621012883163	0.992910027311744	0.9939411358403684	0.9872971615720524	0.9874850286217525	0.9996619352663519	0.9940297422085418	0.999629942741664	0.9996231003039513	0.9893720940550134	0.9876442998204668	0.9995555104800542	0.9995923181049071	0.9996031323678009	0.9882699421965317	0.9876037761601455	0.9881082442067737	0.9988928083423229	0.9941640199462984	0.9868370337477798	0.988469696969697	0.9880952846975087	0.9946927706135209	0.9877781770376862	0.9996106239460371	0.9996313257065949	0.7692621407333995	0.9878949122017109	0.9945834439672004	0.988191296625222	0.9883888495575223	0.9939229192291923	0.9996865138233312	0.9933729231974922	0.9884493859649122	0.7838318062827225	0.9869762284196547	0.9884453452115814	0.9874754784156653	0.9945784543325528	0.9872812387791743	0.9945437158469944	0.999646493594066	0.9945125975039001	0.9490964801444044	0.987859872611465	0.9893003603603603	0.9883130263157895	0.9996501518731015	0.9944307692307693	0.9997406682416471	0.9879332893579594	0.9882365298840321	1.0	0.9866927775300937	0.9996770925110131	0.9880723678365171	0.9880549283154122	0.9869425729442971	0.9942412338930104	0.9886641618497111	0.9874838841104573	0.999802879403794	0.9886557362240289	0.9996278472456912	0.9873288308237378	0.9951220911949686	0.9949560740144812	0.9995777327935221	0.9894448712155446	0.986929223946785	0.9945496487119438	0.9868677476677032	0.9883598147331274	0.9939784698193002	0.9996261735900034	0.9947037429111533	0.9890138236597252	0.989351662971175	0.9877072068039392	0.9945306942277691	0.9939579493087557	0.9880327174402883	0.999665452091768	0.9863272727272727	0.9940888033859175	0.9880401960784313	0.9872086878638602	0.9881739072847681	0.9875418974126191	0.994504884720594	0.9938104529616725	0.9996583277140931	0.9996455892255892	0.9880196531791907	0.9998825042301185	0.9883152988403212	0.9998075987841947	0.9877914167051224	0.9942976635514019	0.9883651048639	0.9994692852326367	0.9895832054176071	0.9942649922118381	0.9922118506493507	0.99518244	0.9892718848403059	0.9873580213903743	0.9996684991568295	0.9938397692307692	0.9877888245770258	0.9881695903829031	0.9998154208754209	0.999616453135536	0.9892791816546763	0.9995975016880485	0.9876949594959498	0.9995637314439947	0.9895056768558952
scaffoldsTV76	0.9934631690739167	0.986955035335689	0.9871013519406892	0.9935762634631317	0.9935027061310783	0.9877158541941151	0.9873622814685313	0.9876253731343283	0.9876591648351649	0.9937039223956137	0.9933430862592111	0.9877284774023696	0.9880534710017574	0.9876148880105402	0.9938769561478934	0.992139605263158	0.9920391267123287	0.987276767221972	0.9868815431828145	0.9988935139259825	0.9942526759376316	0.9938858864027539	0.9883820771253287	0.9929753338898165	0.9879364835164834	0.9877036890645587	0.7504363534675615	0.9930142733564015	0.9879287898645697	0.9929134948096885	0.9938726843910806	0.9880655408489274	0.9877078138718175	0.9881918304936653	0.9941879426644182	0.7911860948667968	0.9923874143835617	0.9935879617557585	0.9989456873822977	0.9877600873362445	0.9932401384083045	0.9876665939816834	0.9878727472527472	0.98782000873744	0.9508776253547775	0.9927790677220756	0.9928846120874409	0.9941078514140987	0.9874829385964913	0.9874896777003486	0.9877419850680721	0.9926745247148289	0.991827569892473	0.9878537818821461	1.0	0.9877214850615115	0.9934337527114967	0.9928193548387096	0.9925358272766139	0.98748623853211	0.9935735857082092	0.992075748373102	0.9880725153913809	0.9914059923501914	0.987883230904302	0.9931826964362388	0.9884631767337807	0.9865821782178218	0.9878572056239016	0.9937209892473119	0.9990186046511628	0.9877344391095592	0.9990435799156764	0.9926875214408233	0.9870588389349629	0.9876001755155771	0.9866462889767238	0.9931993920972645	0.993451548190144	0.9940830788804071	0.9876731792411687	0.9870888743455497	0.9933811520542143	0.9877347692307692	0.9927362972508591	0.987306462882096	0.9913791471215352	0.9935440425531915	0.9929369833830421	0.9920482049036778	0.987792875874126	0.9873683933274804	0.9876146684233641	0.9879704485488127	0.9927993500866551	0.9884381329810655	0.9919460351478783	0.9882172459304883	0.9981078904333606	0.9877748038360941	0.9964268292682927	0.987909410729991	0.9923855665661353	0.9875210549258937	0.9865677232142857	0.9868098353360035	0.9929210616438355	0.9990354517611025	0.9879131428571428	0.9872273996509598	0.9915402048655569	0.9927933448573899	0.98844911971831	0.9878030289727832	0.9930041131105399	0.9876630654369786	0.9930771193771627	0.9880785745710516	0.9829664568345323
scaffoldsARL08339	0.9889289355992845	0.9924386301369863	0.9936925597532767	0.9879364995602462	0.9878222516556291	0.999711028164235	0.9936031660231659	0.9997349475110058	0.9996721072276892	0.9901574363555158	0.9882021739130434	0.9996152617267163	0.9999433400946585	0.9996151391717584	0.9889971326164873	0.9880232314011868	0.9888782120395326	0.9987619825708061	0.9938893200153669	0.9879356053811659	0.989191238938053	0.9887780564263322	0.9948471394984325	0.9879633889376647	0.999780169779287	0.9997118385345997	0.7651390219560879	0.9886930517711171	0.9948343921568628	0.9890076853932585	0.988882284694333	0.9935970406905056	0.9995913530010172	0.9936514677103719	0.9889904024767802	0.7835924983692106	0.9875211717709721	0.9891685894547092	0.9883621076233184	0.99483934169279	0.9879441176470589	0.9946573103987489	0.9997073170731707	0.9947272159312769	0.9491026636568849	0.9880892027334853	0.9899600181735575	0.9888601766004417	0.9997637720488466	0.9941897376543211	0.9997795246179965	0.9881277236492472	0.9889623201438847	0.9997646519524618	0.9876664573991032	1.0	0.9884469642857142	0.9888654783393501	0.9874584553928096	0.9945239121912975	0.9889343917710197	0.987884874715262	0.9997354272205335	0.9886710216998192	0.9996172075726844	0.9875386151797603	0.9952255428345835	0.9951729259409146	0.99973007799254	0.990393909090909	0.987895885509839	0.9947870109546166	0.9879041255605381	0.9888843833185448	0.993695867130166	0.9997201358234294	0.994802763058289	0.9897729838709677	0.9899403211418377	0.9884401624548736	0.9947389127884239	0.9935782357473036	0.9887438692098093	0.999635900916186	0.9873241163310962	0.9936886486486486	0.9889911989223168	0.9879073137697516	0.9886588809946713	0.9878779799818017	0.9947616379310346	0.9936017133956386	0.9997785520054384	0.9996694161575016	0.9888045372866127	0.9998777966678	0.9890492584269663	0.999773231292517	0.9885112197392925	0.9945265545561205	0.9891335881294964	0.999733434650456	0.990138062755798	0.9945223221266615	0.9919452138492871	0.9951984356197353	0.9899816159782114	0.9882122641509433	0.9997819224283305	0.9936478748068006	0.9887107222969941	0.9888338281601441	0.9998422463522226	0.9997331976941337	0.9900577324263039	0.999720393620631	0.9878573110004527	0.9997694293478262	0.9898004356435643
scaffoldsIV28	0.9936717765644687	0.9860626464208244	0.9858555989583334	0.9916816135881105	0.9925360489658083	0.9876639824945295	0.9860821816601478	0.987538188976378	0.987554772329247	0.9924549271636675	0.9927948154657292	0.9873733479212254	0.9876754807692308	0.9878016199649738	0.9933415629025334	0.9920264273356402	0.9929585824081981	0.9874130395683451	0.9860408695652175	0.9933724093264249	0.9942288020390824	0.9933180447889751	0.987719035202086	0.9925030443974628	0.987520245398773	0.9874340481400438	0.7504158185840707	0.993283499350368	0.9873022087483758	0.9937358061749572	0.99415677061085	0.9885363472784526	0.98738170678337	0.9876652723311548	0.9941817062818337	0.789710291262136	0.9923568259385666	0.9940391080617496	0.9940783289817232	0.9872342720970536	0.9930767003071523	0.9875123537061117	0.9875477461706784	0.9874009961022087	0.9496566573556797	0.992273941227312	0.9928817357512952	0.9941600254885302	0.9877201574114561	0.986268576388889	0.9875422689443714	0.992885493955815	0.9929003423192128	0.9876158563293912	0.992997435897436	0.9875420891608392	1.0	0.9934574568965517	0.9922566496163683	0.9871175453759723	0.9936413025210084	0.9916232446576537	0.9877757880910683	0.9927236237537927	0.9873203930131004	0.9928134130713371	0.988140326134861	0.9866552503322996	0.987774332019273	0.9926951219512195	0.9931201818969251	0.9872633087277464	0.9930834557235422	0.9930726144629867	0.9860076455256298	0.9877953131844065	0.9867931837791198	0.9928910371318821	0.995223499142367	0.9927456644880175	0.9874493703864525	0.9860842013888889	0.9933899783080261	0.9877930823117338	0.9928614561027835	0.9861386254893433	0.9927691584792824	0.9917424752048298	0.9932308573853991	0.9918739111686071	0.9872640780911063	0.9861833552343409	0.9875327926348093	0.9878248248686515	0.9935781156316916	0.9881509881422925	0.9929661393758017	0.9878558526961858	0.9924151046405824	0.9872272373540857	0.9943821272885789	0.9875813537117903	0.9922865626354573	0.9872990916955017	0.9860178148310662	0.9870337407245744	0.9928234253666953	0.9933028485110056	0.9874585408475318	0.9861878260869565	0.9927739204788371	0.993586118251928	0.9878909250328802	0.9875329978118161	0.9927377749029755	0.9878018818380743	0.9929429261862918	0.9877882120946538	0.9817083296014331
scaffoldsTV111	0.994855155071249	0.9877140714600795	0.9869684233640755	0.9923806876061122	0.9923271757679181	0.9882535777385159	0.986805753184014	0.9882507488986784	0.9884563796909491	0.9936877334465194	0.992398610508033	0.9884711827007943	0.9888532950022113	0.9884958001768347	0.9950592824363789	0.9922175634954798	0.9941441373534339	0.9884008996851101	0.986768	0.9923859335038363	0.9948525395503747	0.9947700876095118	0.9882407818747224	0.9919495787700084	0.9883621359223301	0.9885237295625277	0.7511468176914778	0.9929213608957795	0.9880011086474499	0.993161499364676	0.9945944209636518	0.9883273097826085	0.9885869257950529	0.9884055531070957	0.9948062942892872	0.7883127068166778	0.9928250322580645	0.9936305437553101	0.9936928632478632	0.9875453781512605	0.9926335937499999	0.987429778761062	0.9886659752868491	0.9878471606033717	0.9498020764511561	0.9928815789473684	0.9934793657505285	0.9948162083333333	0.9882366240634641	0.9870362357080035	0.9885776797529775	0.9929214999999999	0.9937579612468409	0.9888181415929204	0.9920890166028096	0.9888883576803896	0.993531422413793	1.0	0.9929720499569337	0.9875319751992914	0.9946791544579321	0.9925120659722222	0.9889778858911986	0.9922788912579958	0.9885537306843267	0.9938391097666379	0.98894230248307	0.987758762886598	0.9887144940344675	0.9934828498293514	0.9921324829931973	0.987621472937001	0.9922971855010662	0.9942005119453924	0.9869400879120879	0.9884223399558498	0.9887110229276896	0.9936759139784946	0.9936768796175575	0.9919362505362505	0.987630629432624	0.9870243634767341	0.9931355917667238	0.9886467727674624	0.9922628326180256	0.9870518909410728	0.9934283744254073	0.9922517404383325	0.9941784693019343	0.9924717110920034	0.9875734720992029	0.9870652654867257	0.9886148804251549	0.9886797966401415	0.9927182549767047	0.9892398049645391	0.9938743708053691	0.9891408869179601	0.9919898841354723	0.9875992031872509	0.9939187928082192	0.9883385430463577	0.9930919745222929	0.9877879203539824	0.9864676718403549	0.9877624223602485	0.9936284748626953	0.9922770051194539	0.9884117439293598	0.9871723516483516	0.9936747804265998	0.9925003799071338	0.989139344262295	0.9886162472406181	0.9937532374100719	0.9886084363957597	0.9924841511072515	0.9885792844522968	0.9827564981949459
scaffoldsTV52	0.9936032313657905	0.9881369641294838	0.9875031113058721	0.9924506831767721	0.9918503700478885	0.9877408550022037	0.9871145796847636	0.9876027264731749	0.9879357458075905	0.9914927505330491	0.992832660944206	0.9877243278977522	0.9883983635559487	0.9878686810763122	0.9918439517864829	0.991710447100487	0.9911218723037101	0.9879913082842915	0.9871014918824045	0.9918278519156263	0.992796602972399	0.9912734334763948	0.9897060687193218	0.9915549011177988	0.9879147136563876	0.9877120370370369	0.7447845132743364	0.9932837130801687	0.9886143428063945	0.9947817950889077	0.9924050985432733	0.9896991814461117	0.9876655066079296	0.9876256925826631	0.9923894157493649	0.7864098265895954	0.998396976568405	0.9958096088435373	0.991306401384083	0.9883384649511979	0.9935146404109589	0.9885484915705413	0.9880863255403617	0.9890853452115812	0.9492963866729235	0.992810509977827	0.9929774471755068	0.9925076694915254	0.986728565160158	0.9876296636085627	0.9879373897707231	0.9910014743049704	0.990945623113411	0.9880811837455831	0.9916147391304346	0.9876695288419198	0.9918128305158213	0.9916568201563857	1.0	0.9882991126885537	0.9935102155172413	0.9918318784766794	0.988814765694076	0.9917819974282039	0.987371466314399	0.9997968821292774	0.9888953728661275	0.9878752346893162	0.9878781842221243	0.9921225528244932	0.9916025563258232	0.9884260792167333	0.9917253557567917	0.991435476909797	0.9874868536371604	0.9877372082782916	0.9890460359176523	0.9927247923043289	0.9919281751192024	0.9928388864533099	0.9885915925266905	0.9872959737417943	0.9937365368331921	0.9880685789938215	0.9936894648124737	0.9878038191395961	0.9900536742587022	0.9921568928723857	0.9908598533850799	0.9920083517454705	0.9881847690941384	0.9880283879539415	0.9875373621526247	0.9886640265486726	0.9941124894514768	0.9889899424014176	0.9911903281519863	0.9889149002217295	0.9914101534296029	0.988632165039929	0.9914539462272332	0.9875887323943662	0.992189934924078	0.9879582300884956	0.9875370811287476	0.9880921964050855	0.9931166091458153	0.9914303225806451	0.9875633318642574	0.9878595258999121	0.9901158211521925	0.9939671434581405	0.9890007975188303	0.9877495158450704	0.993049546436285	0.9880608638166594	0.9930296486718081	0.9882280670785525	0.9826010845006777
scaffoldsARL081074	0.9884859883980367	0.9892434782608696	0.9903831875237732	0.9860313606911446	0.985252147766323	0.9929898528272656	0.9903695089455653	0.9930282558139534	0.9929880278961644	0.9887913043478261	0.9879160267857144	0.9927112834431951	0.9935687548942835	0.9929781698332687	0.9888835140018067	0.9860598821396193	0.9849629629629628	0.9931083500602168	0.9903332952380951	0.9872892572944296	0.986623001776199	0.9876376237623763	0.9999187765783449	0.9850019329896906	0.993026958882855	0.9927753488372092	0.7589319258496398	0.987504620906236	0.9991833659491194	0.9868459624618069	0.987257786702365	0.9914845906902087	0.9930355702094645	0.9911730023273857	0.9871762982689748	0.7852540089801155	0.9877209034543843	0.9876313518273889	0.9863959910913139	0.9991877977161502	0.9870907308377896	0.9992477413064674	0.9930790085205267	0.9993351519111401	0.9488415956969969	0.9871077448747153	0.9880886987843315	0.9864054964539009	0.9930003091190108	0.9917684803731053	0.9929592319627618	0.9872594439541041	0.9856869353410097	0.9930423405909798	0.9865968416370108	0.9932503115264797	0.987598401420959	0.9858865564984367	0.9870784988962473	1.0	0.988536936132202	0.9876850111856824	0.9936823759280969	0.9869706359945872	0.9929205197827773	0.9883152	0.9961829394387001	0.990248009459992	0.9931393645873694	0.9890835283528353	0.9869871794871794	0.9991466471354166	0.9875410619469027	0.9875366816143497	0.9902424933485368	0.992999844840962	0.9927400386847197	0.9874184855233854	0.9884033512064343	0.9873171903052065	0.9991650700553928	0.9901565250379364	0.9868594534050179	0.9932327378640777	0.9856733244562805	0.9902196503230709	0.9848972148541114	0.9843182144459399	0.9880336879432625	0.9863733816206428	0.9991073965461063	0.9901728768171385	0.9929120046620047	0.992990259992239	0.9863600262697021	0.9936812206572769	0.9859531263858092	0.9935318999218137	0.9893766406608535	0.9993217391304348	0.9872837633451959	0.9928062039550214	0.9887414512471655	0.9992973113054747	0.9889399212598425	0.9905509176103086	0.9882574966231427	0.9884430160142348	0.9930495327102804	0.9901020213577421	0.9841414977973568	0.9867097240473062	0.993655364806867	0.9930040232108317	0.9881693105002255	0.9931167506785576	0.98853460502693	0.9931496118012423	0.9866357890499194
scaffolds109A	0.999916766467066	0.9872634934497816	0.9873459834997828	0.9936075291181363	0.9938517473684211	0.9891752289576973	0.9874910869565217	0.9892892763731473	0.9891763422086425	0.9950658577405858	0.9943741136266552	0.9891744875708679	0.9893996943231441	0.9891685863874347	0.9950632285115303	0.9954362312811981	0.9937830736842105	0.9893257791629565	0.9872971304347826	0.993589991554054	0.994751927061749	0.9950027696181285	0.9885611979166667	0.9934797257997509	0.9891199477351917	0.9894027947598254	0.7530106681034482	0.9946983502538072	0.9885342745438748	0.9941138584667227	0.9944135021097047	0.988144700045106	0.989120174291939	0.9891627968337732	0.9947921227197347	0.7888642249836494	0.9932693119459687	0.9941835229667088	0.9945443548387097	0.9885416919739696	0.9944492735042735	0.9884888454861113	0.9891319389978211	0.9886841511072514	0.9516210330386226	0.9955426556016598	0.9952715470759022	0.9947658374792703	0.989167160924553	0.9878208786428883	0.9891762962962962	0.9968026555687673	0.9931774915540541	0.9894117852466172	0.9935869214437368	0.9894247161572053	0.9940579298831387	0.9950852977925864	0.9933205571971297	0.9884989139878367	1.0	0.9933030716723549	0.9892000435729847	0.9946970513900592	0.9891443572984749	0.9933220582032898	0.9898440371024735	0.988569041218638	0.9891238116005235	0.9948348689771767	0.9936440118493439	0.988566377440347	0.9935662167861662	0.9950100671140939	0.9874135909683021	0.9891105928509153	0.9887201822916667	0.9961815932914045	0.9951128358208956	0.9931340289608177	0.9884716268980477	0.9872682863340564	0.9946347128378379	0.9891973833406019	0.9931473886986301	0.9875081304347825	0.9938143338954468	0.994505919395466	0.9973496408619315	0.9954739220563847	0.988438818931828	0.9873490367775831	0.9893295454545453	0.9892593804537522	0.9940616842105264	0.98932874617737	0.9934925832279814	0.9894682692307692	0.993087950200089	0.9886102775368601	0.9952041049513329	0.9891311982570805	0.9949370416666667	0.9885135123430056	0.9869202470224966	0.9884798237885463	0.9952353355426677	0.9935208860759493	0.9893081952920662	0.9873286707211121	0.9937755162241888	0.9940214827295702	0.9893280977312391	0.9891579520697168	0.9954556662515566	0.9892298865619545	0.9942699829205809	0.9891551679023113	0.9826050666666666
scaffoldsTV41	0.9934075536480687	0.9874632163482896	0.9875588888888889	0.992128	0.9920336492890997	0.988590093708166	0.9875952402135232	0.9885524085637825	0.9886823371989296	0.9938967372881357	0.9976180478087651	0.9885796700847079	0.9888446875	0.9886584560464079	0.9924755939524839	0.9927209241499564	0.9921561388286334	0.9885949344188149	0.9868660284951024	0.9926445881845624	0.9929859552931253	0.9923562607944731	0.9891532507739939	0.9916509562260943	0.988677847253238	0.988660865684962	0.7472921962095873	0.9964436947791165	0.9888383156966489	0.9945980818414322	0.99313125	0.9874229478458051	0.9885794288264168	0.988561518093557	0.9932273150105709	0.7869012450851901	0.9931701227253491	0.9950748610517315	0.9922404833836858	0.9887608561341573	0.9977394736842105	0.9888787918871252	0.9886760374832665	0.9889037086092715	0.9497572916666667	0.9929438290449193	0.9934317303563762	0.9929845278246205	0.9885208203299152	0.9875866637128933	0.9887159375000001	0.9927679333902647	0.9917246080139372	0.9887990624999999	0.9924199479618386	0.9888182142857143	0.9927903112669881	0.992192677642981	0.9930014786649767	0.9885377591530657	0.9934767052767052	1.0	0.988780669642857	0.9920863945578231	0.9886970115967886	0.9935264094955489	0.9890437725631769	0.9868659296028881	0.9887148214285715	0.9934641525423729	0.9924490932642488	0.9888882119205298	0.9926598965071151	0.9926652928416485	0.9875261004891063	0.98864	0.9875535777385159	0.9932583260297985	0.9933370644599303	0.991195725388601	0.9888213498014997	0.9874957371225578	0.996520796460177	0.9886382484361036	0.9935829289059175	0.9877164962205425	0.9917045060658579	0.9924118954248365	0.9934712147134304	0.9926653043478263	0.9886874283193648	0.9875428954423592	0.9886696564033913	0.9887567024128687	0.9946129527055816	0.9891386475593372	0.9920507384882712	0.9890206618962434	0.9918456938866578	0.9886413656387666	0.9928362580645161	0.9886239732142856	0.9930395168248489	0.9885787130894668	0.9873600538599641	0.986845146927872	0.993648712446352	0.9926160483175152	0.9885744424620875	0.9875516674077368	0.9917614483954901	0.9944595735607676	0.9891107733571748	0.9886794826048171	0.9937983655913979	0.9886613392857143	0.9977573535273018	0.9886456453774006	0.9839728584310189
scaffoldsARL08484	0.9887448780487803	0.9927159233176839	0.9938352015355086	0.987428134556575	0.9875715789473685	0.9999025891055818	0.9937684736639755	0.9998769540422677	0.9998748065926674	0.9898803111111112	0.9878245266005409	0.9998891019172554	0.9999390161725069	0.9998258970886933	0.9885417259786476	0.9873669241253975	0.9884221033868091	0.9989369808595161	0.9942536576024512	0.9877217449664429	0.988765455341506	0.9885333036509351	0.9944740234375	0.9876274989087737	0.9999019495798319	0.9998519756838907	0.7680971315529179	0.9884456315074696	0.9945457925636008	0.9885880463871545	0.9886174259177354	0.9938285949055053	0.999829522528581	0.9935582095387021	0.9887504382120947	0.7838169579288027	0.9870548272807794	0.9885898615453329	0.9884470904207701	0.9945547907704341	0.9876539153915391	0.9944900468384076	0.9998819677635997	0.994462874951305	0.9487314939434723	0.9873849773755657	0.9897880307136405	0.9887457330415754	0.999896438172043	0.9945132872503841	0.9998717983193277	0.9879794646774902	0.9884066964285714	0.9998880920162381	0.98747157564906	0.9998520390967306	0.9881678793256434	0.9884405478221823	0.9871009738822487	0.9942071484375	0.9887401508429459	0.9877128753412193	1.0	0.9883741340530813	0.9998895687061183	0.9870898627711376	0.9951959937156324	0.995211731619124	0.9998220242098185	0.9900494128274616	0.9876004908522981	0.994524609375	0.9876658765652953	0.9885227312775331	0.993915819861432	0.9997831986531986	0.9947825056433409	0.9895173855046687	0.9892653368794326	0.9882958295964126	0.9944643386656261	0.9937535124760077	0.9882945224083297	0.9998791330645161	0.9869850155624722	0.9937672818146867	0.9884556397681675	0.9877925809352518	0.9880346696035243	0.9872941602535085	0.994448494329292	0.9937554048818287	0.9998581049069374	0.9998554127198918	0.9885389210878287	0.9998339763113365	0.9885208742194469	0.9997483587140441	0.9880477999073645	0.9942603044496486	0.9890099506947557	0.9998560013373454	0.9897771906052394	0.9942001949317738	0.9921921919479464	0.995234131736527	0.9897514208389717	0.9877563310961968	0.9998827725437417	0.9938523882896765	0.9884647347302721	0.9885865564984369	0.9998356321839081	0.9998989247311828	0.9897888588182228	0.9998740094022834	0.9874609438202248	0.9999258238063214	0.9897160396039604
scaffoldsTV45	0.9946477891156462	0.9862359840071078	0.9862279664755184	0.9906478097622027	0.9902828339041096	0.9877224137931034	0.9863169237549582	0.9876052492280546	0.9877699248120301	0.9922058110367894	0.9914391433418152	0.9877500662836943	0.9885899778270509	0.9878572944297083	0.994137648556876	0.9941240932642488	0.9917496362858366	0.9872108277404921	0.9859750771945303	0.9913335174171621	0.993300664727877	0.9940979210861265	0.9875168435013262	0.989769847972973	0.988072634836428	0.9878597701149425	0.7513172949002217	0.9925181856540084	0.986409238891333	0.9927272610921503	0.9930595798319328	0.9877139429606158	0.9876650905877153	0.9869116564417177	0.9932985043622767	0.7859156311314586	0.9920851253718658	0.9940650773195877	0.9918588737201366	0.9861557117750439	0.9916498095641133	0.9863620386643234	0.9879578691423518	0.9864942731277533	0.9497993905297704	0.9950457935819601	0.9925388185654009	0.9933746677740863	0.9873257495590828	0.9863690989010989	0.9877740282685511	0.9933970428987923	0.9917931271477664	0.9879802829354553	0.9910023941855493	0.988243578387954	0.9922168475900999	0.9917628134296643	0.9915246819338424	0.9859401671799386	0.9947107705406556	0.9905662854722576	0.9888055481580117	1.0	0.9876541961130741	0.9931367791542077	0.9877065362383282	0.9868840909090909	0.9875454344949272	0.9920302787162162	0.9910464285714286	0.9860063241106718	0.9913826105442177	0.9920300771208227	0.9861568281938325	0.9877723573639984	0.9883261060008761	0.9928608714408972	0.9932599567099567	0.9911947504302926	0.9865923449186097	0.9865996467991169	0.9929581405132519	0.9881413640389726	0.9911477547495683	0.9862575396825396	0.9911472245943638	0.9927207912457914	0.9927455239711498	0.9942832614322691	0.9862169305189095	0.9868412444444444	0.9877135660627486	0.9880996905393457	0.992664218616567	0.9889951089373056	0.9921627896995707	0.9888828229027964	0.9904680194089103	0.9864211961301671	0.9928786780383796	0.9877345117101193	0.9918764755838642	0.9860752523036419	0.9857664288898796	0.9870786754966888	0.9926352320675105	0.9913923959218351	0.9877251103265665	0.9867916408668731	0.9912477573686458	0.9926150276713496	0.9889656152820969	0.9874668871252205	0.9926078092021949	0.9881178761061946	0.9916240458015269	0.9880447391688771	0.9803653518601525
scaffoldsARL08288	0.9871923449186097	0.9913096012388696	0.9924769201520913	0.985908776480761	0.9858465884398088	0.998650448356028	0.9924420571428572	0.9986596281540506	0.9985582530720691	0.9880362357080036	0.986308080357143	0.9986535524568393	0.9985646646646648	0.9984821894877804	0.986630542089026	0.9862763193504737	0.9865123233215549	0.9975240528949249	0.9926833206974981	0.9857766210851345	0.986823250760539	0.9865252315835907	0.9930810737736577	0.9858517077388673	0.9986159906914894	0.9985210631895689	0.7681676555023923	0.9868552171965965	0.9932102088167054	0.9869466431095405	0.9867418533157664	0.9923370325203252	0.9986063787375415	0.9919703789636504	0.9869015230635334	0.784653388746803	0.9860618421052632	0.9870320938468349	0.9863756947507719	0.9931367567567568	0.9860587894971073	0.9930217642526965	0.9986033510285337	0.9930311658330127	0.9477758021390374	0.9863516884286359	0.9878425950782999	0.9868591481964365	0.9986664563268016	0.9930857796416318	0.9986725822532401	0.9864098432055749	0.9865784955752213	0.9985560951105157	0.9855131183745584	0.9984603937270605	0.9866066432028157	0.9870496441281138	0.9860168421052632	0.9928086839058279	0.987167577092511	0.9862894997746733	0.9984932164129717	0.9870331700801424	1.0	0.9861074155331286	0.9938231218372907	0.9935804761904763	0.9986642049234864	0.9880992850759607	0.9856243838028169	0.9930613662678504	0.985691968225949	0.9865891361256545	0.9924381624094548	0.9985036642238508	0.9930900186219741	0.9880266136162688	0.9877211403508771	0.9865448291167331	0.9930724537037037	0.9924346915460777	0.9868713901345292	0.998481090063144	0.9849767810026384	0.9925025533536587	0.9866244807777287	0.9855237122557726	0.9863771853146854	0.9861930243024304	0.9930288914638857	0.9923213737528781	0.9985654271356783	0.9985210227272727	0.9868698188245693	0.998611788345613	0.9866932360742706	0.9986420241286864	0.986211401098901	0.9927990358657924	0.9872194505981391	0.9986252725470763	0.9878603942652331	0.992722290782877	0.9905358118971062	0.9936603312302841	0.9878257372654158	0.9858464664310954	0.9984457723035952	0.9922669965740388	0.9865707597173146	0.9868784860557769	0.9986000668672687	0.9986347826086958	0.9878902548055432	0.998648953835935	0.986043118040089	0.9986198072449317	0.988291542678152
scaffoldsTV4	0.9933445064377684	0.9886228920926169	0.9882116666666666	0.9932525192143468	0.9933330856643356	0.9882704975781593	0.9881851624231783	0.9882555848724716	0.988268193832599	0.9930417987152034	0.9943156626506026	0.9883221145374449	0.9883369929453264	0.9883938766519823	0.9928321259163433	0.9924232743362831	0.9910328755364806	0.9886300135808059	0.9880878681318681	0.9930185664939551	0.9941137798634813	0.992825894011202	0.9892215459795647	0.9929623488773749	0.9882987681478222	0.9883651675485008	0.7459548642533937	0.9945458719460826	0.9891763321492008	0.9954986434930055	0.9939019801980198	0.9893010854816824	0.9881991648351648	0.9886141897940912	0.9939454235845041	0.7873213914174252	0.9993352337514253	0.9956301486199576	0.9929051259774109	0.9891166962699822	0.9946137827393732	0.9889937527691626	0.9882287725472942	0.9892138728323698	0.949541635338346	0.9925873183619552	0.9941887110726643	0.9940533873029401	0.9878044795783928	0.9881131498470948	0.9882996036988112	0.9924845243128962	0.9908073851438386	0.9884014991181659	0.9928292193632795	0.9881674142480212	0.9931897914856646	0.9929569868995632	0.9995040668947169	0.9889381100266192	0.99325864144454	0.9932403260403261	0.9882524626209321	0.9930494827586208	0.9883117232260908	1.0	0.9894964446444644	0.9885570469798658	0.988409691629956	0.9937358596795148	0.9927263774403471	0.9891198041833557	0.9929456822107081	0.99290579835569	0.9882329385964912	0.9880886103781882	0.9886474901789611	0.9939482197802196	0.9934324607329842	0.9937426567295046	0.9890652734548687	0.9880755691768827	0.9945155761924862	0.9880796304443468	0.9954325275657336	0.9883000438981562	0.9912438468158348	0.9936679229122055	0.9920487001733101	0.992454537444934	0.9890818141396176	0.9881479452054795	0.988308557565064	0.988388497135302	0.9954123890063424	0.9884906484340538	0.9909143717728056	0.9883456991618879	0.9929134571816947	0.9888807266282676	0.9928847258485638	0.9882798326728314	0.9936535916412712	0.9888938856889675	0.9884675628029971	0.9889272049144363	0.9942826781857451	0.9930426349892009	0.9882219039224327	0.9880822884699694	0.9912870202673566	0.9954186919831224	0.988467857142857	0.988335767707875	0.9943509956709956	0.988188967032967	0.994318755364807	0.9883272567151035	0.9837095840867993
scaffoldsARL08983	0.9898521505376344	0.98998496	0.9921435174304739	0.987646822594881	0.9872774278215224	0.9945954296875	0.9920544884359075	0.9946601327606404	0.9945907031250001	0.9909821009918847	0.9897710118505014	0.9946528560250392	0.994526802507837	0.9945510546875	0.9898533363595098	0.9880155627605374	0.9881601080594328	0.9950786951268625	0.9923433947471579	0.9886871011235955	0.9889204910714285	0.9898485688323488	0.9961463126843658	0.9871121080139373	0.9946431418522861	0.9946023064894448	0.7631329509906152	0.9901210815765352	0.9959769656699888	0.9887633496223902	0.988909460062472	0.9925126029654037	0.9945775478328779	0.9921435734182252	0.9889752342704149	0.7845400395778365	0.989783303330333	0.9888899510893729	0.9893266757865936	0.9959574381690661	0.989425749318801	0.9960124125230202	0.9946758297540024	0.9962249539933751	0.9494558352402745	0.9882533980582525	0.9900947200728265	0.9888135207496653	0.9945090058479532	0.9933904061895551	0.9946021900664842	0.9885676963812887	0.9880609810981098	0.994668180039139	0.9887576347983688	0.9945817432273263	0.9889845026642984	0.9887043123014071	0.9894738544474394	0.9961062753783685	0.9898718763994626	0.9895192870201097	0.9945554249902075	0.9887481649297688	0.9946193901485536	0.9898080449438201	1.0	0.992954427390791	0.9946697501951601	0.991692602739726	0.9887324921135647	0.9960017323995578	0.9888207284172661	0.9887935164340387	0.9919698903680501	0.9945899530883503	0.9928985086342229	0.9895172661870503	0.9910485714285713	0.9903447392497712	0.9960593796159528	0.9919462470680217	0.990233256775379	0.9946783815480843	0.9881544755877034	0.9919143416927899	0.98791893837157	0.9871058850158443	0.9895187222715174	0.9881202127659574	0.9960008487084872	0.9919235084946663	0.9946207990599295	0.9946842599843383	0.9888411190053288	0.9946826462504907	0.988155600539811	0.9947230015673981	0.9895064768029397	0.9961513791835234	0.9895194633924511	0.9946149201402414	0.9901811673506613	0.9961240264511387	0.9897989733059548	0.9935261074088594	0.9901622838944495	0.9887714928057554	0.9945643444227007	0.9919479780133492	0.9878834082733812	0.9888411738550466	0.9947055903049257	0.9945950429352068	0.9901192255125284	0.9947099999999999	0.9896467697907189	0.9946616979655711	0.9868353158326497
scaffoldsARL091074a	0.9880347272727272	0.9932679003021149	0.9938896914973665	0.9853604549431322	0.985592784865816	0.9941188514851486	0.9938818524096387	0.9941339278636544	0.994164894882983	0.989420900900901	0.9878300456621004	0.9942015061434799	0.9942365476190476	0.9939714682539683	0.9887596818181819	0.9862844660194174	0.9858042524619517	0.994325284090909	0.9943103734439837	0.986558740942029	0.987220269058296	0.9886466333030027	0.9930044952681386	0.9855512066695918	0.9940964314036479	0.9940407378024594	0.7688890764647468	0.9878058850574712	0.9928741821048482	0.988347389205792	0.9872504719101123	0.9944705414012739	0.99402706022187	0.9926068101761252	0.9873017921146954	0.7846710922171355	0.9873830948121645	0.988446963028169	0.9881670625856555	0.992758369436786	0.9870742389822809	0.9928957480314963	0.9941134813639968	0.9930134222919939	0.9473710118505014	0.9866428637413396	0.9885778545119704	0.9871904484304933	0.9940790577988915	0.9930686244204018	0.9942835051546393	0.9869342484248423	0.9857396953405017	0.9941659253375695	0.9865636073059361	0.9943920079522862	0.9867123367852318	0.9863158586316266	0.9872176496872207	0.9926932411067193	0.9881378587699315	0.9870483708122991	0.994261648177496	0.9874277375565609	0.9941114883537308	0.9874321700223715	0.9931445575567736	1.0	0.9941598968663229	0.9899502985760221	0.9866644706951385	0.9928956641702799	0.9866215775158657	0.9869290279027904	0.9939816503391107	0.9941001190476191	0.9941650309119011	0.9880595052679797	0.9894212038303692	0.9881840293712713	0.9928003147128246	0.9939493217784476	0.98759288664525	0.9940395643564357	0.9865797423367393	0.9938894498869631	0.9859344688480502	0.9864038582323912	0.9875091152815013	0.9864056273062731	0.9926282283464568	0.9940052770448549	0.9940169781312128	0.994044171292625	0.9884272967032967	0.99422519872814	0.9860110663082436	0.9941665208747515	0.9872772600186395	0.992728256591893	0.9887556625401192	0.9940689301223846	0.9888899027327468	0.9925577498033045	0.9935391705069125	0.9992439541933312	0.9886363887609397	0.9868636858828869	0.9942073354480572	0.9939173207547168	0.9858556053811658	0.9884271447426309	0.9941452343129467	0.9941164486722156	0.9886047004608295	0.9941368858954042	0.9873983181818181	0.9941484344034879	0.9870778504290969
scaffoldsARL071351	0.9882785240830755	0.9923727555382822	0.993713854961832	0.9870459165942659	0.9872049474605956	0.9995566533599467	0.9937124760811328	0.9995032290279627	0.9995078359453152	0.989170980565371	0.987419436997319	0.9992323765020028	0.9994910377358492	0.9993927735028437	0.9880063716814159	0.9870627938517178	0.9875824933687003	0.9984783590111072	0.993723320610687	0.986530728476821	0.9876067449956485	0.9876096332302254	0.9945565284773343	0.9874038377671174	0.999508885191348	0.9994121485943775	0.7703919052319842	0.9878567385444744	0.9943236159504453	0.9880970809376382	0.9880312802463703	0.9934574346405229	0.9994572906239573	0.9929888152766952	0.9880387195121952	0.78465266579974	0.986747913921827	0.9884253439857967	0.9872941515285777	0.9942718870842999	0.9868012940651494	0.9941736476043278	0.999539534109817	0.9942481825212685	0.9485781347612673	0.987379068716094	0.9890452796420581	0.9877681462140993	0.9995300066533601	0.9940991972477063	0.9994831775700936	0.987570441626585	0.9877518830305715	0.9994481369587109	0.9865902839396629	0.9993265567149109	0.9877190455148034	0.98769243772242	0.986520184291356	0.9940159319412221	0.9883797082228116	0.9873946798917945	0.9994994304857622	0.9884064573991032	0.9992816088117491	0.987233289299868	0.9950107632093933	0.9943918196328809	1.0	0.9890541535698248	0.9868439541041482	0.9941556541875722	0.9866912985865725	0.9877621988611476	0.9937165200764818	0.9993280426808936	0.9942585494175122	0.9887417218543046	0.9884698594024605	0.9873395193591455	0.9942362162162163	0.9937596792668959	0.9879012584269663	0.999538540972685	0.9860768959435626	0.9938275057383321	0.9875591250552365	0.9865489125610297	0.987997492300924	0.986998873873874	0.9942014705882354	0.9935153194765205	0.9995078109285956	0.9995032775919732	0.987755683325962	0.9996449747899161	0.9879413457281985	0.99977138533961	0.9876891544117646	0.9939776061776062	0.9882162738995109	0.9993642311524409	0.9894201077199283	0.9940128521806252	0.9912926494345718	0.99433432304038	0.9891272239606616	0.9870910943730618	0.9992763837638375	0.9935643788343558	0.9872893645189761	0.9880331856446611	0.9997354676500168	0.9995061543579509	0.9891040643144261	0.9995217159960094	0.9875615315718764	0.9995325449700201	0.9888458415451321
scaffoldsTV82	0.9951002987622707	0.9895722644037517	0.9901721575649062	0.9947974840085289	0.9947841506129597	0.9910887544802869	0.9901953020134228	0.9912474697716077	0.9910361397223466	0.9993255537974683	0.9943390149892933	0.9913259973106232	0.9915345136709995	0.9913092459605026	0.9947620748299321	0.9932143483984203	0.9952627155172414	0.9907890199637025	0.990312353998203	0.9949794816414687	0.9950799745439117	0.9946647209203238	0.9910450760966876	0.9946159602076126	0.9912003136200717	0.9911871025526199	0.7498942242355606	0.9945607020547945	0.9906556945064762	0.9952157781599312	0.9949759020618558	0.9902330312641594	0.9911782511210763	0.990646639964397	0.9950326253186066	0.7846013550135501	0.9939526747195858	0.9956078448275862	0.9946232266435986	0.9906058508262617	0.9948111777301928	0.9906896428571428	0.9912920179372198	0.9907570661896241	0.9498034749034748	0.9934682037768994	0.9961397639397639	0.9948786655333617	0.9907677996422183	0.9903132530120482	0.9913469744509189	0.994478450465707	0.9947169403630077	0.9912266457680251	0.9946402693310166	0.9913186296462159	0.9939918573943662	0.9939079331046312	0.9939786084701815	0.9905027244305494	0.995063135412217	0.9935015325670498	0.9913597222222222	0.9941100042936882	0.9912273094170404	0.9944330303030302	0.9912064882032666	0.9906886663632226	0.9911908154121863	1.0	0.9947801126516465	0.9907224854716138	0.9950022039757995	0.9947619712167466	0.9901863473589974	0.9911405913978495	0.9904591111111111	0.9952173686495875	0.9943387068965517	0.9940693251533742	0.9908188923626619	0.9900726621923939	0.9945758650149509	0.9913302826379544	0.9942762549105193	0.9902069444444445	0.9950536837570012	0.9949560933448574	0.9951817450232953	0.9932589316987741	0.9905719713902549	0.9904565452091768	0.9910656207978487	0.9913400628084343	0.9953055148642825	0.9915460951526032	0.9950057783527383	0.9914702557200539	0.9949506960035923	0.9908611160714287	0.9950320501730103	0.9911701659937191	0.995568921689217	0.990542220240749	0.9900609424558225	0.990684625788999	0.9961874083129584	0.9949247084233261	0.9911807347670251	0.9902076096687555	0.9951185775862069	0.9952534564190642	0.9915510552312528	0.9911985221674877	0.9961275397796817	0.9912852150537634	0.9945571734475374	0.9912193548387097	0.9845768315018315
scaffoldsTV75	0.9935312632023658	0.9872218325295923	0.9872195849546045	0.9935108418891172	0.9932897274633125	0.9875189106753811	0.987324513618677	0.9874235959947758	0.9876023560209425	0.9936645999162128	0.9932468066866694	0.9875777003484321	0.9877254252071522	0.9873744773519164	0.9938094017094017	0.9924747276688453	0.9921464133219471	0.9871406068719322	0.9869181423611112	0.9990752377329785	0.9941194734642709	0.9937700726806328	0.9885860243055555	0.9925978108219744	0.9878589620584387	0.9873039198606273	0.7516706725468578	0.9926616766467065	0.9878037613488975	0.9928879347359382	0.9934985138004246	0.9884312613430127	0.9874907229965157	0.9881463711429812	0.9941059339740911	0.790164424320828	0.9927023464163823	0.9937004314063848	0.9989901725431356	0.9877108038029385	0.9933818648417452	0.9877973650107991	0.9874421350762527	0.9880379878577624	0.9505688116486615	0.9929463989524225	0.9928819804504887	0.9940013801756586	0.9871181897302002	0.9875611231101512	0.9874328976034857	0.9927911456147713	0.9920395797598629	0.987684672489083	0.9990443944506937	0.987550021805495	0.9933661352865144	0.9926250422297297	0.992614005959983	0.9876299740484429	0.9935572273879967	0.9921069587628866	0.9879222270742358	0.9917030443974629	0.9875349738675958	0.9936055650684932	0.9882010208610741	0.986163118040089	0.9876412636165579	0.9936269658119657	1.0	0.9877987894509295	0.9991662476190477	0.9926578969774371	0.9871770860354517	0.9873003047453199	0.9868892280854774	0.9930705983641842	0.9934699740034663	0.9939090757005437	0.9878873002159827	0.9870996112311015	0.9932170373478808	0.9874666375926734	0.9926236628155753	0.9873196884465598	0.991461649659864	0.9933390223345974	0.9927536016949152	0.9922511516731856	0.9876978797057551	0.9875100565955595	0.9874290631808279	0.9877281536446968	0.9926137398024903	0.9883167761717039	0.9921620615911034	0.9880956293706293	0.997947903947904	0.9878457488131206	0.9962335847558556	0.9876668992586133	0.9920789226165029	0.9875482952093225	0.9865284958094398	0.986616798941799	0.9927652488302848	0.999107873716242	0.9876218927169648	0.9872551038062284	0.9914361548277331	0.9927011578044598	0.9883132050721468	0.9875220287331301	0.9929728279386713	0.9875625708061001	0.9934238217652098	0.9877573298429319	0.9829586607142856
scaffoldsARL081077	0.9883632071269489	0.9896885122410547	0.9909195652173913	0.9861766066838047	0.985554161331626	0.992777816091954	0.9907712035995503	0.9927060490045942	0.9928091676256233	0.9890315557514324	0.9882450446428572	0.9925620636747219	0.9930479536679536	0.9927277330264671	0.9882555853440572	0.9869836206896553	0.9847738636363635	0.9932177270908363	0.9908617205108939	0.9873632572431957	0.9873625333333332	0.9879753687974966	0.9998597101449275	0.9854748406289843	0.9927456880030663	0.9926360429447852	0.7562390625	0.988328840125392	0.9994511590470059	0.9872650502402794	0.987634642857143	0.9920196780684105	0.9928451897278651	0.99130333716916	0.9875597956463794	0.7870404822335024	0.987738927943761	0.9877044317683195	0.986752871024735	0.9994855994856958	0.9876454585930543	0.9995086328626446	0.9928120168388825	0.9995735009671178	0.948722831858407	0.9875391185824625	0.9882858685868587	0.9872595026642984	0.992771761559037	0.9923327850038256	0.9927497697620874	0.9868047515257193	0.9850247264770239	0.9927512495194155	0.9867530837004407	0.992994108586831	0.9871730361871137	0.9865360125729682	0.9872600175361684	0.9990012277867528	0.9884224498886413	0.9881264336917563	0.9930835838150288	0.9869821090581344	0.9927616270145818	0.9878641725352112	0.9958551155115509	0.9904148695990658	0.9928359494640121	0.9899633783783784	0.9869588183807441	1.0	0.9874516893374287	0.9868696269982239	0.9908362443778111	0.9928154082023763	0.992221759082218	0.9875864376926464	0.9893376010781672	0.9884169140800719	0.9993955085017646	0.9907248224299067	0.987830917225951	0.99290333716916	0.9861406057945565	0.9908262822912768	0.9849085488820692	0.9848988449577967	0.9875689277899343	0.9871873188405796	0.9994506910961106	0.9907887966804979	0.9925725422427034	0.9927582725527831	0.98740201665936	0.9930719845857418	0.9854607989464441	0.9929215165511933	0.9892853994490358	0.9990708950418546	0.9873713089466725	0.992841180981595	0.9887207862629913	0.9990223366591567	0.9898139116842516	0.990778030888031	0.9883611611161115	0.9880881938325989	0.9928204772902233	0.9906498496240602	0.9844199475065617	0.9872974145486416	0.9930524596464259	0.9928429938744258	0.988278947368421	0.9929224607129169	0.9883829006266786	0.9929467178502879	0.9864142515923567
scaffoldsTV12	0.9934173215040136	0.9869967558088557	0.9872075324675325	0.9936171534348005	0.9934369464361029	0.9877335951134381	0.987242257785467	0.9877684967320263	0.9876730366492147	0.9939881612090679	0.9935703910614525	0.9877780200610553	0.9880147598253275	0.9875811600523332	0.9942867066895369	0.9927885789014822	0.9924589940323957	0.9872886952636283	0.986912206776716	0.9993992424242426	0.9946011349306432	0.9942054864980712	0.9889369518019975	0.9930555093555092	0.9881017896115233	0.987707064980375	0.7526631463146315	0.9933184582441114	0.9884359618717503	0.9931135483870969	0.9941265445249254	0.9882980507706255	0.987775479930192	0.9888001739886906	0.9945155266470834	0.7913089159717768	0.9932971974522293	0.9936668391548081	0.9990591625048021	0.9882964517524881	0.9937327054794521	0.9884723496321938	0.9877936327954646	0.9888245438748914	0.9510239568682607	0.9930048013967699	0.9932133078231293	0.9945047498949139	0.9874115518744551	0.9873092640692641	0.9877204535542957	0.9930184951660361	0.9922155327342748	0.9875910558464223	0.9989137164750959	0.9879664192139739	0.9939473866090714	0.9927879237288135	0.9929548919949174	0.988113587191692	0.9934935361216729	0.9923807907176623	0.9879779135748581	0.9920384452893959	0.9876410815525511	0.9933831704207395	0.9884632255206026	0.9867470219435738	0.987940252943742	0.9943608508809626	0.9991414503816793	0.9883286209887251	1.0	0.9932614401363442	0.9872322943722942	0.9876888404533567	0.9868780392156863	0.9932827080638207	0.9937972198088619	0.9945950461796809	0.9883249458640103	0.9870026805015131	0.9936099060631939	0.9879200873362445	0.9927375643224698	0.9873388479861411	0.9919462192013595	0.993715787252005	0.9930525316455696	0.9927586597040906	0.9885295493934142	0.9875668265039232	0.9875845180985608	0.9882041083916083	0.9931554838709677	0.9882489938757655	0.9922112153518122	0.9880421950153039	0.9983151318458419	0.9881298791018999	0.9967453386454183	0.9878519843000436	0.9927759005145798	0.9882742758322525	0.986809658839167	0.9872624500665778	0.9934887989778534	0.999269685486927	0.9877320540776277	0.9874110485268631	0.9920410289115645	0.992870411663808	0.9882196241258739	0.9878387532693984	0.9933342430703624	0.9879004797208897	0.9937565124250215	0.9881923547400611	0.9831002233139795
scaffoldsTV55	0.99524718013468	0.9874015371102328	0.9873694505494506	0.993033445237096	0.9924933050847458	0.9887327926348094	0.9870949978060555	0.9889127631578947	0.9889738691260429	0.9946310155920776	0.9939973466724662	0.9888616228070176	0.988715819456617	0.9888432456140351	0.9941735962280325	0.9945271715875054	0.9944572995780591	0.9888751808318265	0.9871257255936676	0.9933253712346202	0.9962511792452832	0.9942355793991418	0.9886375717439293	0.9921586032814471	0.9889838015803336	0.9890068042142229	0.7511918827508456	0.9936031249999999	0.9880852863436123	0.9939067205444492	0.9961228944246737	0.9896765918460836	0.9887413520632133	0.9890230938739533	0.99638457008245	0.7872731612903227	0.9920319626960578	0.9945858914065839	0.9939350427350426	0.9881750991626267	0.9942069656073139	0.9879173262972735	0.9889781483106626	0.9882298059964728	0.9494229166666667	0.9950110920770879	0.9940583655913979	0.9962780439905735	0.9886746935201401	0.9874076653526062	0.9890132572431958	0.9948436596447751	0.9945021097046415	0.9890935002195872	0.9931256102783725	0.9888363317244405	0.9941498289136014	0.9949278632478632	0.9919626853028379	0.9876905809859154	0.9952232744107744	0.9924669685209142	0.9889047347654538	0.9936720462328766	0.9884337127845885	0.9928471513605441	0.988845837063563	0.9881243497757847	0.9889992108724244	0.9945878592878593	0.9932449510012781	0.9880614942528736	0.9932963559322034	1.0	0.9873020219780222	0.9889242331288344	0.9877614404918752	0.993979110919292	0.994660245183888	0.993319202743249	0.9881509725906278	0.987397146619842	0.993607725138711	0.9889086880210619	0.9938762580645161	0.9871772607550482	0.9941573114201431	0.9929672734970365	0.9955019376579612	0.9944222269624574	0.9880057293962098	0.9875197432492252	0.9890786813186813	0.9891150636802811	0.9937790055248619	0.9895884242957746	0.9946355630821337	0.9894841549295774	0.9934656053811659	0.9878510105448156	0.9950795542220316	0.9884997812773404	0.9937069978401728	0.9878755829300484	0.9875657320872274	0.987572827525364	0.9940717849462365	0.9934749681798897	0.9886496711968435	0.9872681178540019	0.9942681856540084	0.9939606536502547	0.9895816901408451	0.98887	0.9941664082687339	0.9890748573935936	0.9939200435729848	0.9890559017112768	0.9827554803788904
scaffoldsARL081412	0.9861261174408413	0.9975640965471003	0.9996666666666666	0.9841372801372801	0.9838960877042132	0.992258472998138	0.9996272874756652	0.9923512122342409	0.9922538175046554	0.9894218390804598	0.9886956888888889	0.9921574150168099	0.9923476957662045	0.9921591349739002	0.9885673170731707	0.9846203027604631	0.9842018119068162	0.9925065758754865	0.9990437989556137	0.9861594417793285	0.9858693939393941	0.9880141338059372	0.9923886109036596	0.9835087719298246	0.9923036207540128	0.992181760537113	0.7672386944181646	0.9877926948775057	0.9920893736017896	0.986767715865589	0.9860447288503253	0.9949577769201081	0.9921981364144615	0.9917510654205609	0.9861349501948895	0.7881237824161923	0.9884132141299606	0.9871091103507271	0.9875792144748455	0.9921404247391952	0.9883424645390071	0.9920366716306778	0.9923462914647783	0.9922071188967576	0.9502434878587197	0.9846584074733096	0.9865187249219796	0.9857565931690445	0.9921814498141264	0.9973981360027615	0.9921950018649757	0.9843289610389611	0.9841799307958478	0.9921855646970832	0.9861593695271456	0.9920832395950505	0.9853335951134381	0.9854362197802198	0.9880057901610796	0.9916314349943797	0.9862267778753292	0.9880055480984339	0.9921479267837131	0.9858947043248014	0.9919401789042115	0.9887093531468533	0.9918271147161066	0.9930715087982028	0.9922876119402986	0.9897676378305691	0.9862303307223672	0.9920940037243948	0.9863745851528384	0.9864301795882611	1.0	0.9921803284807764	0.9927431594308648	0.9859372807017545	0.9885761715296199	0.988010683951721	0.992061380597015	0.9996618369987061	0.9878756455921638	0.992382923191648	0.9862549588566478	0.9996704184236134	0.983612812769629	0.9853467362924282	0.9859305616020898	0.9843958277851753	0.99197226577081	0.9997007182500816	0.9921988406881076	0.9924103396789846	0.9865825734980826	0.992373210940427	0.9844990488543018	0.9924738559639912	0.9876864191942055	0.9917060515502429	0.9888956869719876	0.9921599255121044	0.986825235320484	0.9916659947741695	0.9950199927431059	0.9934765862708719	0.9866131907308378	0.9863937062937064	0.9919952576549662	0.9995757398373983	0.9835497197067702	0.9867198551342139	0.9924669158878505	0.9922854003724395	0.9865789215686275	0.9923199478001492	0.9885310804802135	0.9924022031366692	0.9878160120845921
scaffoldsARL08428	0.9885573463935886	0.9927097341673182	0.9938929420790181	0.9872877729257643	0.9874241956809167	0.9997054026845636	0.9940150326797386	0.9997942501681241	0.9995655798319328	0.989509058614565	0.9878502474134052	0.9995942760942761	0.9998107421213149	0.9995572439353099	0.9882553285968029	0.9877146630236796	0.9879431818181819	0.9986435018050541	0.9940195693963859	0.9873511389012951	0.9884121758241758	0.9880351243339253	0.994410608424337	0.9872707584392809	0.9997838937457968	0.9996295784148397	0.7692435897435899	0.9880812754409769	0.9942784405458089	0.9884267912772586	0.9884837477797512	0.9937209120788825	0.9996585743106926	0.993529411764706	0.9885549890109891	0.7850323298429319	0.9870638938053098	0.9886431950022312	0.9881505145413871	0.9942194855806703	0.9872688200986989	0.9942073569482288	0.9997305033557045	0.9941565758754863	0.9486406573615489	0.9878556818181818	0.9892436823104693	0.9883789982425307	0.9997421476510069	0.9943777820562187	0.9996738647830476	0.9876605887521969	0.9881454707719769	0.9996508279824265	0.9874858295964125	0.9995604540833616	0.9879516473731077	0.9880871691341409	0.9869242049469965	0.9939877240841777	0.9885266251113088	0.987488672405981	0.9997253121835976	0.9885485353762955	0.9995663409703504	0.987255	0.9950567610062894	0.9944628514056225	0.999678904937857	0.9893297065462754	0.9875376114081996	0.9942022568093386	0.9874261277355963	0.9880915747684164	0.9938568408916219	1.0	0.9945748394408763	0.9890843041351712	0.9890949512843225	0.9879426200089725	0.9942703501945525	0.9939312476007676	0.9885249433106575	0.999667248908297	0.9865849644128113	0.9940141813989238	0.9879549465240642	0.9869760071620413	0.9881743918620078	0.9875692691783932	0.994222408417771	0.9938585365853659	0.9996017218095883	0.9997146860229574	0.9880875555555556	0.9998257007767647	0.9883541517857143	0.9997988163679405	0.9880839517625232	0.9938819136522753	0.9885412343470483	0.9997403155421283	0.9895513342379013	0.9939362115908208	0.9914908204711615	0.9946111199681148	0.9892777276825969	0.9875550089445437	0.9995019918973667	0.9936349999999999	0.9878069902048086	0.9883524721603564	0.9998514844804318	0.9996986227746054	0.9893683949504056	0.9997918093319906	0.9876679262258209	0.9998118319327732	0.9893369608231105
scaffoldsARL04840	0.9889550601872492	0.9939543892416886	0.9935450693663291	0.9868791593695272	0.9867198768689533	0.9939844385832705	0.9937823772028498	0.9939303578154425	0.9939295737457563	0.9898570413149712	0.9882883333333333	0.9938905553456745	0.9940186204297022	0.9938620286576171	0.9894450179533215	0.9871766636280767	0.9866695057369814	0.9940752751572327	0.9937148984198645	0.9866653571428572	0.988297837599294	0.9894290148448042	0.9940114830673413	0.9866316527838668	0.9939646792452831	0.9939219917012447	0.7701112077294685	0.9882875	0.9939820732657834	0.989414167031045	0.98855952170062	0.9959285824049174	0.9939275849056604	0.9944487217487958	0.9884250441696114	0.7864832369942196	0.988632921992067	0.9894749890494963	0.9877816344858554	0.9939080218068536	0.9881065647482015	0.9939311430793155	0.9939487189148455	0.9940223474543334	0.9485459229390683	0.9873249544626594	0.9893598198198198	0.9884412621359222	0.9940255743879475	0.9933590221187427	0.9939931998488856	0.9873889815627742	0.9866181737979709	0.9939402190332327	0.9864775684163303	0.9940442140972482	0.9873018892794376	0.9879059587813619	0.9886148898678414	0.993667925262748	0.988956543099598	0.9873867633726201	0.993901204819277	0.9882637946428571	0.9939113328313252	0.9886591009255179	0.9934657957244656	0.994599215993728	0.9939468903128534	0.9902147947677041	0.9865216711349419	0.993958699883223	0.9865651027703308	0.9874147884187082	0.993506421329328	0.9939241327300151	1.0	0.9886866011612326	0.9897614904060689	0.9888260849909586	0.9939814324639937	0.9935730682670666	0.9885646181653863	0.9939520935496038	0.9879400614304519	0.9936818215892053	0.9868123615418697	0.9875750111358573	0.9882282119205299	0.9873376025524156	0.9939193762183236	0.9935837797057714	0.9939806732223904	0.9938923802338739	0.9894105562855892	0.9939378265808405	0.9867330534688467	0.9939627221172024	0.9875698988970588	0.9937915372670807	0.9884049504950494	0.9938876594148538	0.9894263443289651	0.9937940240589833	0.9944417093343836	0.9947417377812257	0.9893515533543449	0.9867477191413236	0.9939771546857357	0.9934478539156626	0.9867230837394773	0.9893473960612691	0.9939297735849058	0.9939605729362986	0.989394003606853	0.9938827871939736	0.987968570143885	0.9939851754055075	0.9904471325484238
scaffoldsTV83	0.9963700754400671	0.9871776669557676	0.9874301607996523	0.9932580194667796	0.9923964179104477	0.9887382657463331	0.9874225021720243	0.9886444779982745	0.9890646193771626	0.9941897457273864	0.993651710526316	0.9886102243313201	0.9892630190311418	0.9889610030263727	0.9942149152542372	0.9936654499151104	0.9939773839662447	0.9897117673579803	0.9872374618403837	0.9927216516902011	0.9940389425094418	0.9941055979643766	0.9888003050108932	0.9925629803586677	0.9889886294855167	0.9889977537796977	0.7520680479825519	0.9938406535947713	0.9884446040034813	0.994450130548303	0.9937102760084926	0.9885856422018349	0.9889388072601556	0.9878849171752397	0.9940278220730173	0.79050513478819	0.992520741056218	0.9947880890052356	0.9936233576642336	0.9884286086956522	0.9939654960491658	0.9882318142361111	0.9889912235192391	0.98847812092214	0.9490670620437957	0.9939534211644708	0.9978155876288659	0.993959974853311	0.98841034037053	0.9879062690465825	0.9889809338521401	0.9948292107404395	0.9938220195163343	0.9890048833189282	0.9928676824034334	0.9890858935525746	0.9927790628957365	0.9940631601545729	0.9924153452685422	0.9879109618717503	0.9963549455155071	0.9925094240837697	0.9891755728491137	0.9939685553633218	0.9888956766104626	0.9934086007702182	0.9891090467784642	0.9880111309789897	0.9890851771823682	0.9948480000000001	0.992554082941428	0.988147852494577	0.9926909168808912	0.9927624574829932	0.9875249565217391	0.9889407167530226	0.98837583081571	1.0	0.9941100306614105	0.9939069414316702	0.9883351996527777	0.9876348544111256	0.9941514795474327	0.989126124567474	0.9923454704595186	0.9876883812010444	0.9931028595458368	0.9930699744463373	0.9942252398831873	0.9935337425910246	0.9883583986074848	0.9880318002628121	0.9889532439446366	0.9892389105058365	0.9939318991742719	0.9894185875216639	0.9940305743243244	0.9893271428571428	0.9926110446387483	0.9877096969696969	0.994402313840976	0.9886028916702633	0.9976345852249278	0.9875381117366826	0.9867961606354811	0.9887426308842939	0.9978354372937294	0.9926708779443254	0.9888313471502591	0.9875926457789383	0.993098402018503	0.9939322762814942	0.9895051970550022	0.9890487910189983	0.9976233498349835	0.9890661771058317	0.9939485701715794	0.9889826349892008	0.9815528451698281
scaffoldsTV56	0.9954103810775295	0.9885561582925745	0.9880102928127774	0.9926179677278674	0.9922754493643139	0.9891859726510807	0.9878521526853085	0.9888819823788546	0.9889682399647111	0.9930175176056338	0.9926801499779444	0.9890709179170344	0.9899568705673758	0.9892926236749117	0.9937737897950283	0.9940359575409111	0.993310777385159	0.9889518001800179	0.9874387655417405	0.9938031471631206	0.9942034904013961	0.9936062035823504	0.9903917752808988	0.9922919037199125	0.9891666519434629	0.9892783127208481	0.7428379077615298	0.9927763426542388	0.9896722994173015	0.9947503051438535	0.9943912489006157	0.9899346733668343	0.9891599116997791	0.9902636527215474	0.9942173135630179	0.7841265521796565	0.9931486226497594	0.9954841575492341	0.9934358758314855	0.9897515463917524	0.9926009691629955	0.9895647849462366	0.9894683885209713	0.9898447982062781	0.948905232837254	0.9950824258521469	0.9934349040139615	0.9941542557835007	0.988867650947554	0.9883223352498894	0.9890778120864578	0.9936405475880052	0.9929238031914893	0.9893891294741494	0.9936935800267498	0.9897699867197876	0.9946396365209865	0.9931886403508773	0.9927684118673648	0.9894575649059982	0.9954419552827708	0.9923160460992908	0.9899867523260966	0.9939478742249779	0.989058233995585	0.9941882069267866	0.9903463105477591	0.9893900635208712	0.989166049382716	0.9933596788194444	0.9937584738243121	0.9895135752688172	0.9935409574468084	0.9935828028293545	0.9880980444444444	0.9892670489633877	0.9899877659574468	0.9935118117229129	1.0	0.9924455467372134	0.9895523489932886	0.9883399733214762	0.993090359840071	0.9896827509951349	0.9924741197183099	0.988064888888889	0.9920876152832674	0.9941131625441695	0.993497165285652	0.9944372298191442	0.9895269506726457	0.9884643466546925	0.9889977062196736	0.9894068904593638	0.9942481917211329	0.9899875110717449	0.9931267431597529	0.9899055432372507	0.9928986642100414	0.9894872483221476	0.994602164310954	0.98939293598234	0.9932421560035057	0.9893050044682753	0.9886611136057478	0.9893494638069704	0.9937357641921398	0.9935561419068737	0.989137737516571	0.9883085663559698	0.9923186895338612	0.9942364547038328	0.9900800796812748	0.9893019417475729	0.9935452401746724	0.9895830388692579	0.9927041519434628	0.9893870083959345	0.9833162174508909
scaffoldsTV48	0.9929261730520879	0.9879273576512456	0.9878509585376728	0.994822170012815	0.9945963913043478	0.9882775546630969	0.9876947462154942	0.9884262617239838	0.9884989271345552	0.9932603381014303	0.9916473478260871	0.9882846875000002	0.9888504028648164	0.9883538839285716	0.9924876419213974	0.991795309074967	0.9936467538126361	0.9878258823529411	0.9878870809119356	0.9946127179923437	0.9931787388155091	0.9924144293834718	0.9889035730236714	0.9945392297926365	0.9885100581135449	0.9883610639248994	0.7506799112097668	0.9916297918473547	0.9882917557932264	0.9928126704795425	0.9928517092167893	0.9886836088154268	0.9885110763733811	0.9893151887221463	0.9931416914577135	0.787181459566075	0.9928197471665213	0.9934624889673432	0.994295881104034	0.988120320855615	0.9916791213571117	0.9883650934995548	0.9884540866458241	0.9883971008028546	0.9508677740863789	0.99238612209047	0.9930615117289314	0.9929445295870583	0.9880995102404275	0.987735950044603	0.9885167560321716	0.991723395088324	0.993406558810669	0.9884683199285077	0.9943801536491677	0.988498612354521	0.9927446248354542	0.9918082824760245	0.9927814976055725	0.9881521176995095	0.9929265833692376	0.9906490434782608	0.9890506040268457	0.9915346137246439	0.988269986601161	0.9936072115384615	0.9889393815370623	0.9878998161764706	0.9883486824475212	0.9931304766069086	0.994533998302207	0.9881289532293986	0.9945794055201698	0.9925244666956899	0.9878608210620259	0.9882059768064229	0.9887579794367456	0.9936148861646236	0.9923274441034633	1.0	0.9883879625501559	0.9877005338078293	0.9918721091381553	0.9884753687974965	0.9921492125984251	0.9878995543672013	0.9928945746527776	0.9923797490263957	0.9914837017771997	0.9918573304157549	0.988179759251003	0.9881305168539325	0.9883786863270777	0.9886211185682328	0.9924521528998242	0.9890558243727599	0.9936574356737897	0.9889789426523298	0.99320757507844	0.9884149154051648	0.9945820762711864	0.9882253571428571	0.9928159912854031	0.9882093861209964	0.987815874439462	0.9879951517897598	0.9930142546718816	0.9947610046828438	0.9882409375000001	0.9879301651048639	0.9927654513888888	0.9924188214599824	0.9890678459471564	0.9883668155426528	0.9929304215558452	0.9885820295037996	0.9916520887728458	0.9885016994633273	0.9854996352029184
scaffoldsARL081215	0.9886044670499777	0.9899113756613757	0.991117030075188	0.9862831767719896	0.9860591141396934	0.993033077218594	0.9910529323308269	0.9928864647239263	0.9928904725316943	0.9890882301273607	0.9885583259127337	0.992818946963874	0.9930079150579151	0.9928971966205837	0.9886233985765124	0.9871062274368231	0.9849515904139433	0.9934429775280899	0.9911749905838041	0.9878914735461304	0.9876177226406735	0.9884233303650937	0.9998274339136041	0.9862727928692699	0.992868776371308	0.9928242121445042	0.758071855670103	0.9886480786416444	0.9996184575669571	0.987538377671173	0.987752870493992	0.9917357458785686	0.9928619961612285	0.9913268685320046	0.9877242800177226	0.7872641401273885	0.9877533742331289	0.9878225284339458	0.9873644082710076	0.9995672474991933	0.988223688888889	0.9995736892891606	0.9928397087006516	0.9995936025848141	0.9490877713779352	0.9875216350496839	0.9884526669654864	0.9876053634751775	0.993074597083653	0.9926015726889144	0.9929415065334358	0.9869158282740677	0.9852039267015706	0.9928546574287913	0.9871193166885677	0.9929728532922603	0.9871595623632385	0.9868582102908278	0.98760590809628	0.9992067725210627	0.9885507739938081	0.9882209188224799	0.9930286099345398	0.987044982078853	0.9928482520169035	0.9880512291483758	0.9960483492296406	0.9905197424892704	0.993119531849578	0.9901555655296228	0.9873382570806101	0.9996317889317891	0.9877425513324596	0.9871646876384581	0.9909691237307259	0.9930113584036839	0.9922715214067277	0.987507912087912	0.9898255575379126	0.9885569569120287	1.0	0.9909630157539384	0.988108125	0.9929885648503454	0.9862591943957969	0.990991212917762	0.9852315996503497	0.9852867405764966	0.987713850174216	0.9871596396396397	0.999575636480825	0.9909135779122541	0.9928276153846155	0.9928975787855496	0.9873070244328099	0.9931651754724257	0.9855977252843395	0.9929899499422411	0.989444997715852	0.9991523240800517	0.9878318401405358	0.9928996543778803	0.9887155056179775	0.9991493221433183	0.9898591620986688	0.9909522278186751	0.9885465262214252	0.9882407358738502	0.9929285659213569	0.9907319397363467	0.9849798253275109	0.9875086538461539	0.9929828076923077	0.9928719816021464	0.98850551322277	0.9930503453568688	0.9884909455842997	0.9930061059907834	0.9866527511961724
scaffoldsARL09100	0.9858716346153845	0.9974546581769437	0.9995284234380057	0.9837040633019676	0.9835832976445397	0.9917989606533038	0.9994972447325771	0.9918682527881041	0.9918594946116686	0.9891815222173339	0.9882947275143997	0.9915441428040163	0.9918934628315279	0.9917810037174721	0.9881665489849957	0.984110972900933	0.9837180102915951	0.991976696393951	0.9988438253502772	0.9856580155979202	0.9853615816767501	0.9875149339207048	0.9921723483438778	0.9836956874466268	0.9917787068004461	0.9917895011169026	0.7680527065527066	0.9874359680284193	0.9917355497771173	0.9866846055979644	0.9857049350649351	0.9947086087624903	0.9918205871423262	0.9913384787472035	0.9856776145203111	0.7878616940581543	0.9875604943625327	0.9870908432708688	0.9872705572619572	0.9918028221314519	0.9880156194690265	0.9916244155844157	0.9918502039302929	0.9916590942835933	0.9499282062582636	0.9844216540684748	0.9862997333333334	0.9854265226781856	0.9918451074870274	0.9971898345968297	0.9918158795091114	0.9840717915590007	0.983951290877797	0.9917128443782577	0.9856362766420184	0.9917125280478684	0.984955724197745	0.984959029296021	0.987186568457539	0.9914038820455393	0.985995886214442	0.987536375779163	0.9918782916822079	0.9856820298769771	0.9915852952098034	0.9879844212358573	0.9913904067536455	0.9928238967838443	0.991890371747212	0.9893711538461538	0.9859738754325258	0.9916902077151335	0.9857756065857887	0.9860957130358706	0.9995104496926561	0.9917797322424692	0.9923705882352941	0.9858978993435449	0.9880760879120879	0.9878825467497774	0.9916113214550853	1.0	0.9874797692990239	0.991876059479554	0.9857654741379311	0.999603561022985	0.9838501290877797	0.9851680989583333	0.9857282485875706	0.9839431103234381	0.9916085161770175	0.9995494949494949	0.9916692479523456	0.9918177149237069	0.9863813401187447	0.9920495138369485	0.984259190701679	0.9920475299401197	0.9872756185335132	0.9913714604236346	0.9884791777188329	0.9915644419725621	0.9866388466696467	0.9912505204460967	0.994767895878525	0.9932251854599408	0.9863214476021314	0.9862807223672759	0.9916494603647189	0.999333810143043	0.9833819235723487	0.9865200593723494	0.9921211251862889	0.9918230883444693	0.986334029320302	0.9918253159851301	0.9882420585625553	0.9919630540037243	0.9873731304021044
scaffoldsTV118	0.9946684615384617	0.9876124888888889	0.9875024010671409	0.9938857865879377	0.993638747300216	0.9894206292134832	0.9876393763919822	0.9893597665020206	0.9893248876909253	0.9944354784081285	0.9954855808285946	0.9893692722371966	0.9895966276978416	0.9893977109515261	0.9941768965517241	0.9941239793725828	0.9934615616911131	0.9889776207839563	0.9874758236865538	0.993934812580784	0.9949736819907213	0.9941374730487279	0.9890896230598669	0.9933210638297872	0.9893404761904762	0.9893403146067415	0.7463546460176993	0.9994955701078583	0.9889998229305001	0.9955598206660973	0.9948700171086398	0.988201919561243	0.9893520880107768	0.9896704231625836	0.9952548687552921	0.7888704142011835	0.9947413080168777	0.9957331340734414	0.9937471513605443	0.988957421355782	0.9958154065040651	0.9888991596638654	0.9893154537286613	0.9889298937112488	0.948616682464455	0.9943170605930384	0.9950368736616702	0.9950909244406922	0.9890506947557149	0.9879156305506216	0.9893927672955974	0.9943872033898304	0.9929459541324103	0.9894514375561545	0.9938196329492104	0.9893967191011236	0.9942101538461539	0.9933472932005196	0.9946452360876896	0.9888038188277086	0.994638241570636	0.996563464630225	0.989363971248877	0.9938935361216729	0.9893519982038618	0.9948480809784901	0.9896681179138322	0.9881681139755767	0.9894658580413298	0.9943325403568395	0.9937966822628669	0.9889195748449955	0.993975322997416	0.9936581676750217	0.9874602666666666	0.9893979325842697	0.9886560302625722	0.9942982999128162	0.9935908453788873	0.9920904186447992	0.9888543362831859	0.9875671257219013	1.0	0.9894098426966292	0.9946038494439692	0.9876642507781236	0.9933717062634989	0.9934488994389297	0.9943114091102596	0.9940713856713856	0.9888721434898139	0.9876460438086723	0.9894066516853931	0.9895308625336927	0.9954779010238906	0.9896479297929793	0.9932708477508649	0.9894789662921349	0.9930559785042543	0.9888902125775022	0.9939569462365592	0.9893601706331387	0.9944626345243219	0.9888582890070922	0.9874810166441745	0.9881468903803132	0.995050106974754	0.9938230603448276	0.9893548025134651	0.987496574733096	0.9934376241900649	0.9955129487179485	0.9895695730337077	0.9893618598382748	0.9951943849121303	0.9894837679856116	0.9956679122664501	0.989486786516854	0.9827703416856493
scaffoldsARL071139	0.9884655875831486	0.992729324482624	0.9939408812260537	0.9873253385757973	0.9872350923482849	0.9998541471571908	0.9940512279355334	0.9998036776997661	0.9998240120562626	0.9894956927175844	0.9877445446348061	0.9996702548625085	0.9996664075701251	0.999728807277628	0.9884110617503332	0.987387175989086	0.988042641173855	0.9987597332372025	0.9942492343032159	0.9873203835860838	0.9885941589811155	0.9882732444444444	0.9944946692607005	0.9874399562363239	0.9997832441471571	0.9997249410972738	0.7681930460333009	0.9883937584803256	0.9944821720513819	0.9883112594570538	0.9883922429078016	0.9937177941779417	0.9997482908847185	0.9936356695379795	0.9885478700043916	0.784683648208469	0.9871965959328028	0.9883369710467704	0.9881772016092981	0.9944701556420233	0.9873212679856116	0.994443934681182	0.9998335005015045	0.9944076594090203	0.9489316689158795	0.9873962845491618	0.989407664562669	0.988447894736842	0.9998175133689841	0.9945019577735126	0.9997630908481394	0.9874879000438403	0.9881267141585041	0.9996760040499494	0.9872351992834751	0.9995537732656514	0.9879665777777777	0.9883242709735306	0.9871110865724383	0.9941777561355669	0.9885034161490682	0.9874171207992735	0.9995466286481046	0.988166846119336	0.9996058014755198	0.9871484768211921	0.9950540062843676	0.9947191259021652	0.9997555741546702	0.9896697968397291	0.9873909171861087	0.9944638024883361	0.9872572893446276	0.9880808538732394	0.9939626006904487	0.9995114199598125	0.9945618455743879	0.9890364685004437	0.9893383628318583	0.9879066666666667	0.9943810873786408	0.9939525306748466	0.9883601537765716	1.0	0.9866328159645233	0.9940803914044511	0.9881522241992883	0.9871044702726866	0.988057646540326	0.9872639782510195	0.9943762553522772	0.9938712132921176	0.9996584345479083	0.9997385935397038	0.9882581591818586	0.99968657219973	0.9882092081850533	0.9996953103913631	0.9877000461893765	0.9942051690633501	0.9885745080500894	0.9997871323529413	0.9895095216606499	0.9941679098679099	0.991710804224208	0.9948446656050954	0.9894336036036037	0.9874105357142857	0.9995086590296495	0.9937655913978494	0.9880678968430415	0.9883109131403117	0.9997899629504885	0.9998197592778334	0.9894066636650156	0.9998211969241058	0.9874398381294964	0.9998460200668895	0.9896826000792708
scaffoldsTV57	0.9936752492414391	0.9874763533997403	0.987730626349892	0.9925082947368421	0.9923197164948454	0.9867303664921466	0.9878643196544276	0.9869621892716964	0.9871595456531238	0.9931615809604759	0.994006652542373	0.9872826200873362	0.9875251531058618	0.9872058592041976	0.9928234415029888	0.9910735915492958	0.9926950896669513	0.9870912811387901	0.9876018197573656	0.9924963581833761	0.992863282571912	0.9924588637334472	0.9883299561403509	0.9919543874523101	0.9874781181619257	0.9871307557885538	0.7487963196635121	0.9936464392324094	0.9876316870629371	0.9952350103950104	0.9929423931623932	0.9891924545051043	0.9870615384615384	0.9878262173913044	0.9928014412886816	0.7869792875989445	0.994644203502919	0.9962603426661094	0.9929055698371894	0.9875671184958461	0.9945894625476089	0.9874116928446772	0.9874191786806467	0.9878258756567425	0.9480490840770314	0.9915803973509933	0.9920209865858935	0.9928792301184431	0.9866484109708316	0.9875118790496761	0.9874860454943132	0.9915773697694278	0.9924095749248605	0.9874207786526685	0.9921612682090831	0.9874837636761487	0.9926660385438971	0.9917220740103269	0.994120732722731	0.9872589597902098	0.9935932321041214	0.9926493174061434	0.9876884076990377	0.9912961604831751	0.9870933187772926	0.9955812735651445	0.9878113291703835	0.9882302161446844	0.9870877238968981	0.9931304329189885	0.9922062901155327	0.9874311654299431	0.9921385109114249	0.9927671673819742	0.9876456587473003	0.9869935807860262	0.9885385775862069	0.992197100175747	0.9920521570319241	0.9916462101636521	0.987592405063291	0.9877197322970639	0.9941070879590095	0.9874561242344707	1.0	0.9877540423692175	0.9913211824755424	0.9938651661758519	0.9924503184713376	0.991096876374835	0.9873954148471615	0.9883690196078432	0.9868597027972028	0.9874477670753065	0.9951665418227215	0.9879931110136024	0.9923826569841947	0.9878470201577564	0.9910433081369499	0.9873138367525097	0.9932043029259897	0.9871093490607252	0.9914068142361111	0.9868189377448846	0.9879151594582786	0.9881867512024486	0.9923997401472499	0.9920768078733418	0.9873132050721468	0.9880605103806229	0.9917001701403657	0.9948777408637873	0.9880153003068829	0.987233639143731	0.9922724913494808	0.9874410839160841	0.9944783749471011	0.9873790901137358	0.980754330357143
scaffoldsARL081218	0.9858317190226876	0.9974786310517528	0.9994013565891474	0.9838848187633262	0.983560400682012	0.9919861595547309	0.9995405927835053	0.9920463079777365	0.991885115070527	0.9892566461267605	0.98837197875166	0.9919795167286245	0.9921044386422975	0.991846028210839	0.9881365198237886	0.9840968957871397	0.9837924592973436	0.9919812064965199	0.9987702535760729	0.9856955652173912	0.9857191745485812	0.9880123348017621	0.9920928836174946	0.9832268106734433	0.9920256686478455	0.9918661218424962	0.7705794392523364	0.9877191659272404	0.9917300406955235	0.9865482233502539	0.9859093103448275	0.9947442868098159	0.9919629918337044	0.991351784386617	0.9859254084264832	0.7887620689655173	0.9877992207792208	0.9868350743099786	0.9875664609960336	0.9918408367271382	0.9880716431095405	0.9917409393491124	0.9920297848664689	0.9917438193930425	0.9501011847301447	0.9842079273693535	0.9863711239449134	0.9856619415807559	0.991937689744539	0.9967894465452045	0.9919186270871984	0.984109562607204	0.9837872586872587	0.9919374860542952	0.985789092495637	0.9919766243465271	0.9851543836805555	0.9848246288209606	0.9873725464764376	0.9913899403874814	0.9859497162811001	0.9876479519145147	0.9920079955373745	0.98564633611233	0.9918050482553825	0.9880335503472222	0.9909137878207583	0.9929399553571429	0.9919687337541775	0.9895628916741273	0.9857353272648459	0.9917368985936343	0.9857790525858322	0.9861964751958224	0.9994061369509045	0.991956447417317	0.9924949060693641	0.9860164984642386	0.9881547566856641	0.988132725655847	0.991725148148148	0.9994674725983237	0.9878101063829787	0.9920715347454477	0.9861672258064517	1.0	0.9833006423982869	0.9853788927335638	0.9856138541217091	0.983941095890411	0.9916967407407407	0.9994365027678279	0.991823242841205	0.9920224702380953	0.9864731696995344	0.992127635009311	0.9840807213396308	0.9921237686567166	0.9869869251577997	0.9914063403781981	0.988850333185251	0.9918816833518724	0.9865533244087462	0.9912995553908855	0.9951613112391933	0.9933072431633407	0.9863509325044405	0.9860820479302831	0.9918308921933084	0.9993073701298701	0.9832401969178082	0.986396826068557	0.992154312267658	0.9919654302670624	0.9863390590324013	0.991951187824796	0.9883849756959789	0.9919883928571429	0.9873216529543755
scaffoldsTV42	0.9935891535516801	0.9855424095322153	0.9852506102877071	0.9929908629441624	0.9931043478260869	0.9882064175824176	0.9854397905759161	0.9883895640686922	0.988204579480405	0.9956865360034087	0.9934847173144877	0.9882246262093227	0.9887435512367491	0.9882375495813134	0.9950772364552708	0.9916136343899262	0.9997944215649571	0.9883088848594741	0.9849187062937064	0.9911669535283992	0.9937715546218486	0.9950859907446361	0.9864443166740381	0.9936215932914046	0.9881919418758257	0.9882586966094232	0.7529095032397409	0.9941747589833478	0.9858395061728393	0.9921236875262495	0.9938160272804776	0.9875706476802938	0.9881814342278928	0.9873925827814568	0.9937010092514718	0.7883973856209151	0.9916891229578676	0.992826464391066	0.9936131361461505	0.9857399029982363	0.9936259390190013	0.9857739762219287	0.9885305286343612	0.9860858844287604	0.9507834679334916	0.9921786242925555	0.9934026372676177	0.9937172907025662	0.9881132747252745	0.9854293706293706	0.9883443857331572	0.9927081761006291	0.9997713036868112	0.988397531952402	0.9909805363321801	0.9884861184792219	0.9933341968911918	0.9940239157894736	0.9916673109965638	0.9854204144620811	0.9936017872340425	0.9928363757199823	0.9888672261484099	0.9922003452740613	0.9881586343612335	0.9922806201550388	0.9876654831460675	0.9857779411764707	0.9882036107441655	0.9954942881869322	0.9910844127806562	0.985640520282187	0.9911265086206896	0.9937312846777636	0.9851863933711295	0.9881826948480844	0.9867259178321679	0.9934799399914274	0.9939374119718309	0.9939743801652893	0.9857899823477493	0.9851664341761115	0.9937949627682874	0.9886861490957212	0.9917972103004291	0.9855050655021833	1.0	0.9918599159663865	0.9938315988250105	0.9915845253576072	0.9857373897707231	0.9855121372031664	0.9882699118942729	0.9886294221438024	0.9924398569023569	0.9889471939902784	0.9997924714828896	0.988934953601414	0.9910221464301955	0.985607394366197	0.9952705657167162	0.9883518061674008	0.993156342311034	0.9855349890109889	0.9853987973273941	0.9860315299334811	0.9934372354211662	0.9912830457290767	0.9882616740088106	0.9852593190746398	0.9994322520507083	0.992259605704698	0.9889915710503089	0.9882099868015839	0.9934015564202335	0.9884423601937473	0.9935498006202924	0.9884313353900396	0.9833385101580135
scaffoldsTV81	0.9951154433602036	0.9881539866369711	0.9886322394678493	0.9932362068965518	0.9931788036410923	0.9887098886414254	0.9887121171770972	0.988756754346857	0.9886462121212121	0.9951662584459459	0.9943641318681317	0.9888989309576838	0.9889847321428572	0.9887219349086046	0.9951554366438355	0.9936136962247587	0.9930814955640049	0.9884666971637696	0.9880766014234875	0.9943988912579957	0.9942234620280016	0.9951260403260404	0.9877115850920521	0.9928287361229718	0.9888390276538804	0.9887470798038343	0.7513060639470783	0.993311426079372	0.9876112208258527	0.9947606177606177	0.9939382061233291	0.9888367673992674	0.988618699910953	0.9879996831145315	0.9941380568519305	0.7892780794701986	0.9939303069053708	0.9950455717970765	0.9948623020967052	0.9874073126962764	0.9943612253829323	0.9875947958725887	0.9887199197860963	0.9877028314606742	0.9506778417266186	0.9937499781372978	0.9943223225806452	0.994250636672326	0.9886365538735531	0.988827731092437	0.9888821221578245	0.9946828547648773	0.9924720220432387	0.9888005793226381	0.9941891845493563	0.9888696604110814	0.9930146969036198	0.9934123859191657	0.9938741467576792	0.9871419282511211	0.9951448173322005	0.9928613796133569	0.9887820249776985	0.9940943186672361	0.9887749108734403	0.9940393435635124	0.9887353233830847	0.9887632386107352	0.9888591517857143	0.9946603603603603	0.9942512809564474	0.9873977119784657	0.9942411764705882	0.9937619191049915	0.9886300044385264	0.9887978609625668	0.9881717631462661	0.9944600173837462	0.9953875383940326	0.9934561578490894	0.9876113554757631	0.9886831854480923	0.9935153579175706	0.9888365624999998	0.9953525032092425	0.9886385980479148	0.99278125	1.0	0.9947415811965812	0.9936174388111887	0.987390709156194	0.9888621476510068	0.9886803921568629	0.9888525446428571	0.9949192175408427	0.9888720142602496	0.9927075264270614	0.9889353544360232	0.9933740974729243	0.9873448878923766	0.9957024421593831	0.9887869254796965	0.9936725659887493	0.9871293381037568	0.9880987364620939	0.9882694185530403	0.994236269875376	0.9942078891257995	0.9887884718498658	0.9887419369169258	0.9929374999999999	0.9948981123981124	0.9889117752007137	0.9887736959429336	0.9943242801890846	0.9887897504456328	0.9943067982456141	0.9888212756467439	0.9817402394106813
scaffoldsTV15	0.9972501199999999	0.9865140343158822	0.9863359687228496	0.9924111296373489	0.9925027542372881	0.9889521225382931	0.9864992173913042	0.9888656618610746	0.9889816031537452	0.9952024450891007	0.9933465355004276	0.988699825174825	0.9892224024550634	0.9888207183530443	0.9943772613065326	0.9943401179941003	0.9941343906510852	0.9885269058295965	0.9858607484769364	0.992089291736931	0.9943974604496254	0.9945485534591194	0.9878173211169283	0.9915387016229713	0.9890639824945295	0.9888348664038545	0.7547964592274679	0.9944524765157985	0.9873036102653328	0.9942509861519093	0.9942060067681895	0.98802075729927	0.9889373304157549	0.987996148796499	0.9944376823676531	0.7867822338340953	0.991694602634934	0.994919772822886	0.9934831628303495	0.9872100043497173	0.9936689978678038	0.9872292301000435	0.9890590730214254	0.9872894828335507	0.9490600563909775	0.9949894803548798	0.9945623382045929	0.9943361666666667	0.9886733624454149	0.9866634422657953	0.9890011368605159	0.9954839392728725	0.9941286315789474	0.988949299474606	0.9920142492556359	0.9891542142230025	0.9931039306846999	0.9944065098698026	0.9918306417339566	0.9868986950848193	0.9972783913565426	0.9934355765109303	0.9892277899343545	0.9932356025369978	0.9886169646750982	0.9926184995737426	0.9887991626267078	0.9884447309915518	0.9889445756780402	0.9950726315789474	0.9920875052943667	0.9872023498694517	0.9920856297548605	0.9948497263157894	0.9864007388092134	0.9888055919615552	0.9885608506944443	0.9946019756200084	0.9945075998282523	0.9919095790378006	0.9872329130434783	0.9864228596262493	0.9945985061886471	0.989164914586071	0.9921438633487979	0.986468608695652	0.9935862270450752	0.9937834808259588	1.0	0.9943295626576957	0.9872038327526133	0.9865145104895104	0.988866491458607	0.9888754493643138	0.9940725408120552	0.9894762845849804	0.993953199498118	0.9892847740236946	0.991647462154942	0.9868421623968736	0.9944404508719694	0.9888338864628822	0.9938340890008397	0.9869298177083334	0.9860180255619215	0.9885116268788683	0.9943306377657356	0.9919929054054053	0.9889580306345732	0.9863705217391303	0.9937532581453634	0.9941131854332356	0.9894624835454147	0.9889276465441819	0.9946445093945719	0.9888968066491688	0.9932685177274668	0.9888303719912473	0.9818303996407725
scaffolds126VP	0.9960233513065118	0.9869222715173027	0.9864538427365617	0.9921315678856663	0.9921287788215201	0.9886183437221727	0.9866355427046263	0.9885394128113878	0.9884548530721283	0.9934548785683852	0.9932550498482878	0.9884297285269249	0.9887148214285715	0.9883512238540277	0.9957765458422175	0.999854486196319	0.9917979077711359	0.9877176577394462	0.9861385129118433	0.9927496527777778	0.9942825847457627	0.9956575757575757	0.9887605427046263	0.992240641025641	0.9884224099599823	0.9881375611927014	0.7510302702702703	0.9940543003851091	0.9886333481547355	0.9928319516407599	0.9935245598969514	0.9881141821477119	0.9884488434163702	0.9887071111111111	0.9942393810936837	0.7867549899531145	0.9924671167247389	0.9929308091735181	0.9930247933884296	0.9886227656736328	0.9929477960242005	0.9886341333333333	0.9885224988883948	0.9886460579064587	0.9511358187824446	0.9999551737304316	0.9933413191489362	0.994024533898305	0.9883482007996446	0.986808296164139	0.9885462839341344	0.9962585285655569	0.9916845365228535	0.9882582182628064	0.9926870588235294	0.9886405525846702	0.9931791089965398	0.9925154075970977	0.9922928292046936	0.9884155555555556	0.9960738085370907	0.9927482073434125	0.9882779857397505	0.9955020189003436	0.988514584259671	0.9925527850304613	0.9892537096040055	0.9883202543142597	0.9886461333333333	0.9931723870967742	0.9928531426094496	0.9886397333333333	0.9929232638888889	0.9944518502764781	0.9863615452930727	0.9884742996887504	0.9879793636765355	0.9942554054054054	0.9945596649484536	0.9919591046061128	0.9886140888888889	0.9863616955170883	0.9940839095177123	0.9884398308856253	0.9919303930131004	0.9864748556197246	0.9918605038428693	0.9937082150537633	0.9953597164303587	1.0	0.988617178460169	0.9865527117884356	0.9882087305122493	0.9882955921638469	0.9927064279551339	0.9884586714222025	0.991861298590346	0.988300713648528	0.9920162758620689	0.9882600177698802	0.9940533131225638	0.9884143999999999	0.993439409499358	0.9884023080337329	0.986823489932886	0.988180071333036	0.9933814121650362	0.9929850629613547	0.9886641551493536	0.9863567939609236	0.9915607843137255	0.9927677628732151	0.9883662806236079	0.9883945777777777	0.9933649212430821	0.9885609701824654	0.9933377325832972	0.9885922528940339	0.9818234410559853
scaffoldsARL081189	0.9885162090345437	0.989668794592565	0.9908583146067418	0.9860046153846155	0.9852148999574287	0.992942884468248	0.9908463670411984	0.9929133511859219	0.9929111068556108	0.9888779921087243	0.9883127498889382	0.99281106431853	0.9931668076923077	0.9928821975497703	0.9884337783711615	0.9865041986455982	0.9850600695954763	0.9933923782920989	0.9907642562757586	0.9877213600697473	0.9874492477876105	0.9880295060080105	0.9998905999358358	0.9851363405336722	0.9928930374904361	0.9929587289433385	0.7596829042224511	0.9886532768613464	0.9994554950336432	0.9872560922541341	0.987910730186999	0.9919102286401926	0.9928677258805513	0.9910972084130019	0.9879144818423384	0.7878505625	0.9878510489510489	0.9875949759720402	0.9869185852372583	0.9995550464594682	0.9881223801065718	0.999582858970259	0.99293623853211	0.999589910025707	0.9492170849845882	0.9869523486901536	0.988432347670251	0.9875265044247787	0.9929061138708444	0.9922902560183415	0.9929255262150786	0.9869365058670144	0.9849961739130434	0.9930060942889997	0.9868725558965367	0.9931239431206764	0.9871739587900044	0.9866006233303651	0.9872819886611427	0.9990565441650547	0.9885305580159433	0.988206517857143	0.9932335124760077	0.9869526221425371	0.9927973573343547	0.9878358143607706	0.9959934989043098	0.9902967829457364	0.9930370072713356	0.9899700314042171	0.9871037908496733	0.999420493115594	0.987594425087108	0.9870064872021181	0.9907075683776695	0.9929708157793948	0.9923644164759726	0.9876951251646904	0.9893105004468276	0.9881752351097178	0.9994898462524023	0.9906480373831775	0.9878922425323228	0.9929843032159265	0.9863004380201489	0.9906905011219148	0.9848623257839723	0.9850265188470065	0.9875512195121953	0.98658	1.0	0.9906056184012065	0.9929117579471468	0.9930635492525872	0.9872348451809857	0.9932589773164168	0.985353376906318	0.9931649635036496	0.9893592980856881	0.9989957931920361	0.9874052585451359	0.9927885189437428	0.9888617633828158	0.9990410141206675	0.9896019883040935	0.9908566705113419	0.9884863860277654	0.9877785527462947	0.9930146584804298	0.9905459287054409	0.9844234782608696	0.9873137991266375	0.9932245876486383	0.9928977446483179	0.9884529569892473	0.9930325545767904	0.9883817938420347	0.9929771943273284	0.9864621374652365
scaffoldsARL081437	0.9859917071018969	0.9977745945945947	0.999798231827112	0.9838623762376238	0.9835554455445545	0.9923398872180452	0.9997492454068243	0.9922908612260247	0.9922723100075245	0.989337972432192	0.9883662216288386	0.9921871563088513	0.9920193366000752	0.9922079066265062	0.9880922048997773	0.9842668312387792	0.9839040745557001	0.9924279654359779	0.9991724092409241	0.986282053532251	0.9862930161501529	0.9880826940231937	0.9921486090225563	0.9837760412194073	0.9922547233722244	0.9921924727135868	0.7670839388145315	0.9876607493309546	0.9920925535915757	0.9868612157534246	0.9863388694127959	0.9947375579598144	0.992267671439337	0.9920641651031895	0.986384017467249	0.7877212237093691	0.9880324276950044	0.9869124034334763	0.9879042666666668	0.9921775479503573	0.9884839698046181	0.9920147257700976	0.9922966178128523	0.9920922209695603	0.9498756370138578	0.984265890778872	0.9866161956034097	0.9863561572052402	0.9922584084084085	0.9973746164574618	0.9922155062100114	0.9842877942458587	0.9839331306990882	0.9921231725697061	0.9860940167179938	0.9920499432892248	0.985181151142355	0.9853046419098143	0.9881015789473685	0.9916489610880241	0.9860942554131684	0.9874717293906811	0.9920140866290018	0.9854356261022927	0.9920817086940157	0.9882392449517121	0.9915687573042463	0.9932269389284377	0.9922496800903274	0.9898887736699729	0.9862098597721296	0.9920956015037594	0.986320421607378	0.986190520282187	0.9998315341838404	0.9922192467043313	0.9926260439560441	0.9859658730158731	0.9887690529124055	0.9883322595078301	0.9919541556976306	0.9998071288423808	0.9875401248328132	0.9923169740308619	0.9863833840800348	0.9997016393442623	0.9840288135593221	0.9859168494953927	0.9856795096322242	0.9841173601789709	0.9920074576271186	1.0	0.9921185660377358	0.9922610609480812	0.9868456298200513	0.9921885574018129	0.9842497827975674	0.9922071401586702	0.9873782371649251	0.9916553383458647	0.9890987477638641	0.9921292261457552	0.986653946774921	0.9916586972891565	0.9953208622579467	0.9937031894934335	0.9866133243606998	0.9865513644366197	0.9919928463855423	0.999614436040776	0.9839025618758142	0.9868154043645698	0.9923197289156626	0.992281623449831	0.9865602333931777	0.9922080420894399	0.9881588340008901	0.9923522590361447	0.9876442387608613
scaffoldsARL0832	0.9885924611973392	0.992959375	0.9939296125815112	0.9874435067774378	0.9875970950704225	0.9995442468970144	0.9940431704501732	0.9996319234642497	0.9995451493789862	0.9895037727474478	0.9877776233183858	0.9994372858582464	0.9997788052649342	0.9996360160965793	0.9883835774522859	0.987724795640327	0.988283778966132	0.9986718436154949	0.994006245210728	0.9872576203208556	0.9884559789750328	0.9880920550377276	0.9947314230019493	0.9874445466491458	0.9996116068433414	0.9995880067001676	0.7702683643486777	0.9879921550946799	0.9944734916309849	0.9884262666666667	0.9884536456031816	0.9937477030352748	0.9994468299228446	0.9934966731898238	0.988572699386503	0.784985575679172	0.9871588962472407	0.9887226137377343	0.987671632471008	0.9944157465007777	0.9874074820788531	0.9943825748735902	0.9996486260053621	0.9944936551187232	0.9491224820143884	0.9880169922762381	0.9892223121907333	0.9881829396325459	0.9996039248574304	0.994357773512476	0.9996138776881719	0.9879696530522618	0.9884742410714284	0.9996716157205241	0.9870604380867232	0.9995432040472175	0.9880138099467142	0.9879910107334525	0.986559489211801	0.9941591351772497	0.9886311889973379	0.9875130710085934	0.9997136930860033	0.9883792452830189	0.9994332773109244	0.9874370026525199	0.9952214762465645	0.9949252411575562	0.9996694761584957	0.9894625451263538	0.987230311111111	0.9944346557759626	0.9872685383244206	0.9885011894273127	0.9940260484801847	0.9995622857142858	0.9948506424792138	0.9892433007985802	0.9889343349536014	0.9876348234242288	0.9944942068429237	0.9939168457405986	0.9882376242095754	0.9996404098085322	0.9866520444444444	0.9939784644913628	0.9880284632516703	0.9870194369973192	0.9883187637969094	0.9877443990929705	0.99441708836123	0.9939187911662147	1.0	0.9996448356807511	0.9881040408525753	0.9997907407407407	0.9885496653279785	0.999832303559436	0.9880275127373785	0.9940642829382044	0.9885778373547811	0.9996564852150539	0.9896706811005863	0.9941046195652173	0.992052494929006	0.9951043113772455	0.9893250786516855	0.987525457793658	0.9994323806321452	0.9938537129665257	0.9878452846975089	0.9882951045838897	0.999848541736507	0.9995385441127137	0.9893816629213482	0.9995368032236398	0.9879276653171389	0.9996635630252102	0.9894161648177497
scaffoldsARL0846	0.9885062389380529	0.9929337113805241	0.9941668721109399	0.9874788898601398	0.9876230870712401	0.9998722259583054	0.9942679521789433	0.9998268259845168	0.9997490057296934	0.9897006666666667	0.9876856115107914	0.9996734976367319	0.9998907582938388	0.9998119623655916	0.9884102712316585	0.9877096950386891	0.988156341789052	0.9988530090090091	0.994362	0.9874703868385949	0.9886024572180782	0.9882694395017794	0.9947936062378168	0.9878049934296977	0.9998058882907134	0.9997966084620551	0.7699455268389661	0.98848097605061	0.9947504096761608	0.9882934782608694	0.9883836653386454	0.9937926380368097	0.9996767881241564	0.9936753042795445	0.9885812198332602	0.7841929824561403	0.9870878533568904	0.9883464000000001	0.9883540829986613	0.9947310452418096	0.9875977517985611	0.9947021409108602	0.9995893638505554	0.9947239485981308	0.9488882538253826	0.9877044030866999	0.9894702654071076	0.9884690184049079	0.999866565758493	0.994324238921002	0.9997879554655872	0.9878521071115013	0.9882553969669937	0.9997645552560647	0.9874394995531727	0.9996528774542992	0.9881603639591656	0.9882631720430108	0.9871430402121079	0.9943965315666407	0.9885069561364642	0.9874638586956522	0.9996748561759731	0.988465617977528	0.9996930766632894	0.9872208130799824	0.9954298859614629	0.9948892641737033	0.9998122435250589	0.9899132851333032	0.9875036888888891	0.9947268302180685	0.9873956831330664	0.9883373292199207	0.9942383134385829	0.9997747638326585	0.9946539856441255	0.9893337023914969	0.9891047324192834	0.9881431319910514	0.9947205687573042	0.9941406237966885	0.9885146925858951	0.9997494450050455	0.9869047555555557	0.9942812885802469	0.9883024053452115	0.9874722966934764	0.9884003971756399	0.9875617059891107	0.9947214453125	0.9941046990291262	0.9998561172901923	1.0	0.9882816245006657	0.9998023295070897	0.9883548775055678	0.999932412398922	0.987925322878229	0.994506653696498	0.9889514528386232	0.9997590450571622	0.9895352093651509	0.9943597043951771	0.9919803985359903	0.9948816912644595	0.989429739442947	0.9875989755011136	0.999649258760108	0.9940573523736009	0.9882166518254676	0.9883027087033748	0.9998882392473118	0.9998286050420169	0.9894551708633094	0.9998302795554058	0.9876398739873987	0.9998287588294653	0.9894527027027027
scaffoldsTV10	0.9930947964750314	0.9871655422715627	0.9867884434968018	0.992476292925114	0.9919472527472526	0.98787104111986	0.9870204526046115	0.9877422270742358	0.9876549868766403	0.9944427731092437	0.994416638655462	0.9878562554680665	0.9880303891560996	0.9879009182334937	0.9944820534223706	0.991779157620495	0.9918743130724397	0.9876274186357558	0.9864042289619821	0.9917977050573735	0.9943520066197766	0.9944575782881002	0.9881548022598869	0.9915458316051432	0.9876684003496503	0.9877540244969378	0.7535810606060604	0.9946824472573839	0.9875093194625055	0.999529868173258	0.9942732611411913	0.9889902082410279	0.9877032765399737	0.9881900391474555	0.9943198678232136	0.7889607677293428	0.9948171868497709	0.9998614021862046	0.9933197594501718	0.9877432725694445	0.9946424968474148	0.9875903729401562	0.9877574049803408	0.9877728260869566	0.9491303086997194	0.9921759130434782	0.9931007209499576	0.9943484723369117	0.9876198080279234	0.9869837964942284	0.9878499344692004	0.9916473640167364	0.9916905179615705	0.9879672353455818	0.9916318766066837	0.9879773642732049	0.9928260127931771	0.992516694490818	0.9946055670959701	0.9876640624999999	0.9931096977329975	0.9939087800759814	0.9882219160104986	0.9921760878749472	0.9877547244094487	0.9951819508128387	0.9882964711071901	0.9880398525585429	0.98788031496063	0.9943065373260227	0.9915390451832907	0.9877652476107733	0.9918368197278912	0.9930648683092609	0.9868718309859155	0.9878707786526686	0.9885742918454936	0.9935926200873364	0.9939555318240068	0.9921826964362386	0.9875904555314533	0.9867935236472093	0.9948296703296704	0.9879112811543508	0.9946069151138716	0.9870531996587031	0.9915624323198668	0.9931105417891642	0.9935488731218698	0.9917414211438473	0.9876354013015183	0.9871324010327023	0.9876645979020978	0.9878890153172867	1.0	0.9884596583442837	0.9919618530884807	0.988304425942156	0.9909861184792219	0.9875203984408835	0.9944048791018998	0.9877393793706294	0.9926397610921501	0.9875641836292767	0.9875899740708729	0.9882716924398627	0.9929437579348286	0.9918831847133759	0.987796108439003	0.9868557356076758	0.991565610671113	0.9990736723163844	0.9883500657030224	0.9876843968531469	0.9931803813559321	0.987824048972453	0.9945788057190917	0.987857874015748	0.9818290250447227
scaffoldsARL08552	0.9887840089086859	0.9930193485086342	0.9940367205542725	0.9876042982456139	0.9876623950508175	0.999917782285328	0.9940150019282684	0.9999065922920893	0.9998900507614213	0.9898239323843416	0.9878111010830325	0.9998514905149053	0.9998622539035982	0.9998645565335139	0.9885387455516015	0.9878417958067456	0.9882437165775402	0.998986226893802	0.9942672061657032	0.9875349284436494	0.9887568980667838	0.9885015583259129	0.9945712666145425	0.9877311813790075	0.9999166779431664	0.999874466644091	0.7692290640394088	0.9884450882752377	0.9946641487279844	0.988504691689008	0.9887058170515097	0.9934094633346989	0.9998762436548225	0.9935231946624804	0.9887331134564644	0.7846412802090139	0.98714047829938	0.9885116227089852	0.988195342588446	0.9946237089201878	0.9876201532912533	0.9945887021110242	0.9998994256756757	0.9945665494333724	0.9487747629796839	0.9878310909090909	0.9896611663652803	0.9887626098418278	0.9999351689189188	0.9945547315565856	0.9999754653130287	0.987858205015398	0.9882177440927329	0.9999322033898306	0.9872770403587444	0.9997878900949797	0.9882521158129176	0.9886719227313567	0.9871120903454383	0.994326076742365	0.9887911398040962	0.9876830979498862	0.9998168192607664	0.9884803595505618	0.9998536403657297	0.9871362267493357	0.9953360474308302	0.994726320032245	0.9999304127198917	0.989947037539575	0.9873314897413024	0.9946196561156702	0.9874136790344211	0.9882556437389771	0.9939831854994214	0.9999177544808927	0.9944715582450832	0.9892619386393952	0.9894487566607459	0.988321534320323	0.9946132134480062	0.9939828648440507	0.9884402991840435	0.9998620304568527	0.9866427236315087	0.9940941040462427	0.988256595365419	0.9874919173776381	0.9882455309734514	0.987725	0.9945379647749512	0.9939378063010501	0.9999374025093254	0.9998770896785112	0.9884706696428572	1.0	0.9883214890771289	0.9999453527815468	0.9878307834955956	0.9943167643610785	0.988858366980709	0.9998939567859553	0.9897602169981917	0.9943208040593287	0.9919508557457212	0.9948659199999998	0.9896709575429088	0.9875018783542039	0.9997378048780488	0.9938856481481481	0.9882998662505572	0.9884952103849597	0.9998946567467029	0.9998993912749409	0.9896992776523703	0.999895471443055	0.9875700677200903	0.9999259810554805	0.9894260540970565
scaffolds129VP	0.9931814279643009	0.9858338189845475	0.9858788553953693	0.9936596869712352	0.9935629039207239	0.9891950551876381	0.9859996939221688	0.9892430212014134	0.9891898320070733	0.9959769132107738	0.9932839859216894	0.9892036235086168	0.9892180530973451	0.989169203539823	0.9955463517503164	0.991696488946684	0.9998534163835409	0.9892103542234333	0.9856699649737303	0.9918135637149027	0.9942433922558922	0.9955530603630223	0.9867865103936312	0.9938098951781971	0.9891791427308881	0.9891815812720848	0.7522089536138079	0.9943989464442494	0.9868216084843128	0.9924212962962963	0.9943438379530918	0.9870479452054796	0.9892008395934601	0.9879228217602831	0.9942144964180362	0.7877584585238406	0.9918551397849463	0.9924531394858829	0.9941684164479441	0.9867583296509058	0.9936127640845069	0.9867924061810154	0.9891748674911661	0.9868143992932861	0.951589318073438	0.9916322048611111	0.9936497180043383	0.9942152777777777	0.9890908208296557	0.9861119141480508	0.9892217410517014	0.993070598146588	0.9997201455381081	0.9892362068965517	0.9916036086956521	0.9893480266075387	0.9936513654096228	0.9941182704535821	0.9919105331040412	0.9864827433628318	0.9932516156462584	0.9930823971693942	0.9891562334217505	0.9923994811932555	0.9892220698805838	0.9919276010318143	0.9884463096309631	0.9862728328865058	0.9892433244916004	0.9958249131944444	0.9918086767895878	0.986699911621741	0.9918739619377164	0.9941821016659548	0.9858097944905991	0.9891616438356166	0.9868374125874125	0.9940166953528399	0.9943207064017661	0.9941830427201395	0.9866354553492486	0.9857899912587412	0.9944682337434094	0.9892094564737075	0.9919315812149936	0.9859048118985128	0.9997753523809525	0.9922273533136345	0.9939769004619909	0.9916153746210481	0.9867423773751658	0.9859281181137065	0.9891931446262716	0.9892355565371024	0.9925661746098693	0.9891715612560815	1.0	0.989231592920354	0.9918292870036101	0.98654940397351	0.9955306382978724	0.9891909010600708	0.9935329124945581	0.9865579620644023	0.9856090178571428	0.9864482666666666	0.9937166883398354	0.9918336076223474	0.9892014134275618	0.9857888500218627	0.9998326211369706	0.9924465937762825	0.9891946089262041	0.9892197705207414	0.9937529921942758	0.9892284893992934	0.9934438410596025	0.9892115724381626	0.9837718552036201
scaffoldsARL0839	0.98851203539823	0.9931474444010924	0.9941964354158681	0.9877403930131005	0.9878160000000001	0.9997413781512606	0.9942054189085319	0.9997900604432505	0.9996396905482677	0.9896185644661054	0.9876969574944071	0.9996975075783092	0.9998133355840649	0.9997494793416192	0.9884283939662821	0.9878964593735815	0.9882186500888099	0.9988836624775584	0.9942893307839387	0.9875561083962684	0.9888035041611913	0.9884226465364121	0.9947935847589424	0.9878677588466579	0.999748689516129	0.9997667561221069	0.7709271102284012	0.988458194881006	0.9948357337485402	0.988525554569654	0.988628148475475	0.9937816251531237	0.9996737743451981	0.9937725528582615	0.9888048641542507	0.7851221789883269	0.9871820704845814	0.9885757885384273	0.9882206144256457	0.9947035755926933	0.9877306797853309	0.9946832037325039	0.9998129368279571	0.99468547008547	0.9491401348314606	0.9879637352674523	0.9894061573033708	0.9887891856392296	0.9998567103935421	0.9945185270425778	0.9996472763954272	0.9879661842105263	0.9883049333333332	0.9997643577673166	0.9873371097234612	0.9996308992562543	0.9880227635075288	0.9884622152746763	0.9872501763668429	0.9944507201245621	0.9886519486271036	0.9873829652996845	0.999523844856661	0.9884768850987433	0.9995470212049814	0.9872802996914942	0.9954894385551629	0.9951207365892714	0.9998476959300371	0.9897199819981997	0.9873903325942349	0.9947733955659277	0.9874776888888889	0.9884254177660511	0.9942382341650672	0.9997157628831257	0.9947418174962295	0.9893322108994241	0.9894321696862572	0.9881868962432914	0.99474597745822	0.9941816647487532	0.9884551460674158	0.9995676628609806	0.9869598491570541	0.9943247311827956	0.9883224888888889	0.9874831249999999	0.9883328193832598	0.9878634179510427	0.9946686381322957	0.9939964064914992	0.9997491275167785	0.9997346308724833	0.9884892730496454	0.9997310646900269	0.9883772444444445	1.0	0.9879177337632428	0.9943171195652174	0.988941990182954	0.9997811092436975	0.9895135730337079	0.9944848932038834	0.9922331847649919	0.995331142970928	0.9894127076784913	0.9876047132058692	0.9996123947457056	0.9939322840690978	0.9883585593597154	0.9884291870279875	0.9998370767683541	0.9997929411764708	0.9894588684328693	0.999748016139879	0.9876034467323187	0.9998225437415882	0.9896685045616819
scaffoldsTV54	0.9935292529252927	0.9884633822181483	0.9887582238332578	0.9936145382235969	0.993277941834452	0.9883841284403669	0.98935618744313	0.9886994502977554	0.9885064649243467	0.994424932735426	0.9929267467734758	0.9884998625744389	0.9891215533088236	0.9885776859504131	0.9945573636363636	0.9924448628544862	0.9933291366906475	0.988449358386801	0.988490127388535	0.9988679067865904	0.9936231793960925	0.994356662119145	0.9905529411764706	0.9930272205037561	0.988649105914718	0.9885118240146653	0.7432507445589921	0.9933714541387026	0.9897303498409812	0.9934061151079137	0.9938603663985702	0.988862126092959	0.9882967461044913	0.9903058583106267	0.9936085701598577	0.7837685135135135	0.9934899596593455	0.9942428829643017	0.9983006234413965	0.989780881017257	0.9933198041833556	0.9899340898774398	0.9890336697247705	0.990238762511374	0.9506975478175574	0.9931096879366558	0.9933918521816563	0.993670781527531	0.9880371912168344	0.9890703804347826	0.9886647732478242	0.9920690103000448	0.9930711302768951	0.9890373793103449	0.9987315636665284	0.9887905920146856	0.9937099268069532	0.9931156626506024	0.9927885113991952	0.9895940962761127	0.9936023873873873	0.9916731096196868	0.9891514246323531	0.9913918558077437	0.9886086697247707	0.9942983348334832	0.9899390288593679	0.9877243857209088	0.9886501604768455	0.9941335127860026	0.9985008271298594	0.9896788181818181	0.9988428454284543	0.9937966530981457	0.9886883499546691	0.9885637196518551	0.9884992707383774	0.9928274563820018	0.9934193150684932	0.9939919606967397	0.990019554342883	0.9888658204895738	0.9936009852216748	0.9889509875976115	0.9917141377757767	0.989313572401271	0.9925910698096102	0.9927102333931778	0.993432433648223	0.992792472118959	0.9896132606721163	0.989384200913242	0.9882660403299726	0.9890572677092917	0.9932515519568152	0.9893516559337626	0.9933342045966651	0.9892179310344829	1.0	0.9902552476147206	0.9962235393734123	0.9884252293577983	0.9923948924731183	0.9896504308390023	0.9883421100917432	0.9878427586206897	0.9935370271473076	0.9988451639344262	0.9883865781035271	0.9893299409359382	0.992195831445401	0.9931107126848947	0.9893027126436781	0.9886289184234648	0.9933734966592427	0.9890147774208353	0.9935455031166518	0.9890578778135048	0.9840987890079181
scaffoldsARL081309	0.9886801336302895	0.9899692337164752	0.9911318563789152	0.9866014322916665	0.9858360259179264	0.9937156931464175	0.9911092125382263	0.9936791828793774	0.9933488127676138	0.9896388839285715	0.9886495745633677	0.993614302416212	0.9937769682726204	0.9936118380062305	0.9889819531953196	0.9870025091240876	0.9858251658558159	0.9939486094316807	0.9910279158699808	0.9885516629711752	0.9880282016956716	0.9889954914337241	0.9999066492829205	0.9859103655913978	0.9936432853250291	0.9935590183093105	0.7568866596638655	0.988870297029703	0.9997049656974845	0.9875087242437528	0.9880401165396683	0.9920133306484091	0.9936764705882354	0.9918771028037384	0.9880290941543953	0.7851224238496437	0.9886448490230905	0.987639420544337	0.9879541181736795	0.9995998367613451	0.9883649217002237	0.9997976570126911	0.9936692457231726	0.9997481033355133	0.949605251346499	0.9873986782133091	0.9887632007233272	0.9878956289027653	0.9937193548387098	0.9925078332034295	0.9936780506822612	0.987357218309859	0.9857163941670349	0.9935988304093567	0.9877610267857142	0.9938080954243254	0.9876845470692718	0.987117908438061	0.9885843833185447	0.9998215379602476	0.9886563474387526	0.9882731926358329	0.9937214843750001	0.9871332429990965	0.993616686159844	0.9887385777777777	0.9967259807549962	0.9909556390977443	0.9937585992217899	0.9902445549028468	0.9878986240568132	0.9997227509778359	0.9884686031042129	0.9876280843427546	0.9909410843833524	0.9934879035394788	0.9929853771760153	0.9881549440715884	0.9900065315315315	0.9889556007226739	0.999663440860215	0.9909372332317073	0.9884040935672513	0.9936895638629283	0.9870461709706144	0.9908622044241038	0.9857758529020824	0.9858972960793149	0.9881909332153913	0.9871440145653162	0.9996934399477807	0.9908436468330135	0.9933907530238003	0.9936017530190884	0.9873717229285401	0.9937096168881938	0.9861617464539008	0.9933542511700467	0.9894737299771168	1.0	0.9884235924932976	0.9936575486381323	0.9889323062981423	0.9997782933160286	0.9899314682539684	0.9912946687573501	0.9887954339963834	0.9886371060807813	0.993709972624169	0.9906334353481256	0.9856737261852015	0.9874691124780316	0.9936995323460639	0.9936621159082069	0.9887808318264015	0.9935526643329443	0.9885837146702557	0.9935869548286604	0.9874432268499796
scaffoldsTV49	0.9945796802692469	0.9868689016321129	0.9874454225352112	0.9927606995884775	0.9927826526315789	0.9882689123734038	0.9877488751654169	0.9883932628797887	0.988305993829881	0.9932884021693785	0.9924014925373134	0.9885209343323051	0.9893984056687333	0.9885395584988962	0.9935725021349273	0.9926667244367416	0.9942905179615705	0.9885520181405896	0.9870691696113074	0.995640790513834	0.9937729786342689	0.993190579710145	0.9890996017699115	0.9927085889570552	0.9884368165784831	0.9883776651982378	0.7482293122886133	0.9922660289115645	0.9874309784993416	0.9931607372481783	0.9934491287717806	0.9894748395967001	0.9883483686067018	0.9880091710758377	0.9937956048555882	0.7896232062055591	0.9911497455470738	0.9947016839378239	0.9951686413902054	0.987538876700307	0.9926381663113005	0.9876028094820016	0.9886139894086496	0.9878873517786562	0.9491379537953798	0.9941921201567263	0.9924284259652101	0.9937643605870021	0.9882319102112674	0.987455359505955	0.9885807404142792	0.9926962761506276	0.9941883564522909	0.9886425541316837	0.9951952380952382	0.9888658418029165	0.9933988331892826	0.9928383503401361	0.9910684322033898	0.9871362719298246	0.9945691077441078	0.9911766239316241	0.9897770833333333	0.9924317238458281	0.9882941383869546	0.9926265471617585	0.9877390758187528	0.9870567494356659	0.9884522026431718	0.9929351466213345	0.9954609504950495	0.9876462044756472	0.995600039510075	0.9931551107325384	0.9875703131892369	0.9882586707746479	0.9881689731159101	0.9936767006802721	0.9939912763214439	0.9934674012474013	0.9877532045654083	0.9875668430335097	0.9923803738317757	0.9891430150309459	0.9920824307036248	0.9876645631067962	0.9931332640332641	0.9932454774926379	0.9929764507989908	0.9928368898488121	0.9874843585237258	0.9877597517730498	0.9883896293027361	0.989113875386655	0.9930459854014597	0.990025554569654	0.9944089502300293	0.9900415815193248	0.995285934891486	0.9871212253829321	1.0	0.9883551101321585	0.9917863928112965	0.9873315374507228	0.9870620196604111	0.9872015232974911	0.9924023354564756	0.9953686808846761	0.9886191442434935	0.9874996475770925	0.9930404573804573	0.9929958493795465	0.9900100266193433	0.9884738000880671	0.9926748829289059	0.9886419127368885	0.992742826643894	0.9883323205636285	0.9831198108959928
scaffoldsARL071345	0.9885122791519435	0.9923368830159348	0.9936989682842949	0.9872501306620209	0.9871125382262997	0.9997056277056277	0.993711825487945	0.9996799400199935	0.9996701368034703	0.9895894993354009	0.9879368988764045	0.9995635270541082	0.9997019792016103	0.9996046628648105	0.988455137289637	0.9870086995922066	0.9880559893522627	0.998688066139468	0.993926923076923	0.9875346956908041	0.9885931728665207	0.9883659131205674	0.9944707090275087	0.9873154849934754	0.9996624375624376	0.9995961757799396	0.7711199214916584	0.9886152702702703	0.9942777131782946	0.9885379050155347	0.9884806722689075	0.9936350490196079	0.9995872872872873	0.9932832102603965	0.9885566739606128	0.7854580351333768	0.9873031374281928	0.988684362505553	0.9881607206405693	0.9943346511627907	0.9874192566054636	0.9942194659442725	0.9997027324225257	0.9941527981474334	0.9488107781753131	0.9871453273137697	0.9893567773788151	0.9886066929133859	0.9996868885191349	0.9941128254211331	0.99963761682243	0.9872235063235936	0.9881493339253996	0.9995614401076718	0.9872308377896613	0.9995480872483222	0.9877778464254193	0.9883262287756925	0.9873353798586572	0.9940728505034856	0.9885514588859416	0.9877870982344953	0.9996738348868176	0.9883451323463437	0.9995665448504985	0.9875386925795053	0.9950390320062451	0.9946638357256778	0.9997246835443038	0.9897012601260126	0.9873257307351638	0.994320394736842	0.9873801065719362	0.9880439666520404	0.993731637337414	0.99954331997328	0.9944395887850466	0.9891816046099291	0.9889303257042253	0.9879185880250223	0.9942379403794037	0.9937924722965227	0.9885209553853086	0.9996834611537179	0.9866842105263157	0.9937937954806587	0.9881149445676275	0.9870254448398577	0.9878962784588441	0.9868856433408577	0.9942115250291036	0.9935721601848286	0.9996143674293406	0.9996147167281261	0.9884447648624668	0.9996857478991598	0.988371003552398	0.9997901346801347	0.9878894518654998	0.9939933101314772	0.988958723784025	1.0	0.9894087601078169	0.9940471179883946	0.9914258454106281	0.9945944180522566	0.9893758295964127	0.9875565584704313	0.9994997996661102	0.9935986579754601	0.9881197870452527	0.988545887060916	0.9997730291848371	0.9996501164725458	0.9893910273665322	0.9997266822118589	0.9876329000448228	0.9997021333333334	0.9891553676759733
scaffoldsTV138	0.9959997879558948	0.9888741573033707	0.9892359170797658	0.9937398531951642	0.9933589356984479	0.9906823845809054	0.9894697611536728	0.9908358744394619	0.99085	0.9957683613445378	0.994362819956616	0.9908227802690582	0.9910859389038633	0.9906567652329749	0.9953285529715763	0.9936035729847494	0.994932647702407	0.9904610354223433	0.9891137432188064	0.9937902693310164	0.994645737425405	0.9950417563495481	0.9902082845565062	0.9930700656455141	0.9907748543254147	0.9906176681614349	0.7554406666666666	0.9950678648765698	0.9897603146067415	0.994599217731421	0.9947772452504318	0.9896830145719492	0.9906351254480288	0.990199638499774	0.9948489135066042	0.7851495557074505	0.994386260869565	0.9952032651284285	0.9946158972125436	0.989700224820144	0.994441594076655	0.9895970812752581	0.9906815777678172	0.9897437584497522	0.9493166905102527	0.9939806803314434	0.9993465497076024	0.9945904092071611	0.9905911856823266	0.9896822522522523	0.9906883856502243	0.9952136669470143	0.9947806239015817	0.9908731028289178	0.9937309503051439	0.9908006289308174	0.9938790992566681	0.9944611850579648	0.9943098218166014	0.9895109613656783	0.9959556639796351	0.9938886907351022	0.9909090664272892	0.9942061471861472	0.9907797576301616	0.9946810104529615	0.990955834092981	0.9906458198614319	0.9906966816143499	0.9964976052848884	0.9938423110338837	0.9896418876404495	0.9936767663632422	0.9944657192829034	0.9892215058611362	0.9906751680860602	0.9908919946332738	0.998594456023343	0.9946581110625273	0.9942437363596682	0.9897440951953301	0.9892098920863309	0.9950698789974071	0.9907091520861373	0.993539514348786	0.9893380459252588	0.9947995617879055	0.994214186248912	0.9954930352536543	0.9934405910473707	0.989596585804133	0.9894938636363638	0.9906638116591929	0.9907619111709288	0.9947595310464611	0.9912753036437247	0.994970100832968	0.9912088908845981	0.9937766216216215	0.9896515940727436	0.9946447689625109	0.9907636159712877	1.0	0.9895267055655296	0.988728221415608	0.9905321071752952	0.9993372029606544	0.9937979193758127	0.9905556104129264	0.9892775022542831	0.9948292854011399	0.9946554106910038	0.9913210337078652	0.990692069892473	0.9994818854694195	0.9907814798206279	0.994255043478261	0.9907509645580979	0.983646510560147
scaffoldsARL08902	0.9884617987533392	0.9899076070336392	0.9908634703196347	0.9863457179930797	0.9856610512710039	0.9934335406140693	0.990811961904762	0.993404349514563	0.9933706179556937	0.9894481102712316	0.9881345365418895	0.9932124124513618	0.9935688454011742	0.9933089070400621	0.988656988764045	0.9863973230490016	0.9852889378580872	0.9934321399839098	0.9909126620900076	0.9877047408063802	0.9876182465509569	0.988054447439353	0.9999306035889071	0.9856936426116838	0.9934488344988345	0.9932466562986002	0.7576308012486992	0.9880078888390856	0.9994059973924381	0.9872939248251749	0.9876465386333184	0.9915359469240048	0.9934104854368931	0.9913660216718266	0.9875457777777777	0.7847790592783506	0.9881065544729849	0.9877461335676625	0.986895537706381	0.9993623207301172	0.9877109034267911	0.9994829704257394	0.993449650621118	0.9995386749347259	0.949241722445337	0.9871233742610278	0.9882386241007194	0.9871026187305815	0.9934215283165244	0.9923715229215229	0.9933844479004665	0.9873439894319684	0.9854745366284202	0.9933838722243864	0.9870584594835262	0.9934862270776436	0.9876289590747331	0.9865584264640143	0.9875841431095406	0.9995775211450878	0.9884819314641746	0.9880428571428571	0.9937126122608356	0.9869996396396395	0.993190509529366	0.9885398933807197	0.9965879615952733	0.99074988170347	0.9934559394409938	0.989817199459703	0.9872868467670505	0.9994886718750001	0.9877491352549889	0.9874349305866548	0.9907599695585997	0.9934183054799844	0.9927751929012345	0.9879109228711547	0.9891252466367714	0.9880553659631791	0.9994540839570452	0.9907401670463175	0.9877725886047556	0.993496382730455	0.9860244129375276	0.9907806009889691	0.9850401147396295	0.985224012567325	0.9878974856638729	0.9866575702629191	0.999393747964832	0.9906894676369209	0.9932905799922148	0.9932798365122616	0.987022241681261	0.993763721657545	0.985884298982751	0.9936481828839391	0.989145938503901	0.9995744646333549	0.9878451871657753	0.99320101010101	0.9887633815551538	1.0	0.9895396913335971	0.9910546129788896	0.9883538219424461	0.9880444049733571	0.9933749122122513	0.9906521374045801	0.9846610572687224	0.9871971929824562	0.9937152496099843	0.9934296353762606	0.9882941070625281	0.9934562767197824	0.9882925379803397	0.9934139688715954	0.9869122990353698
scaffoldsARL05425	0.9885113138686131	0.9985468806346917	0.9975238839285716	0.9864616769095698	0.9862260087719297	0.9923988163265306	0.9977006322052809	0.992491135620915	0.9924022875816995	0.9903436421435059	0.9894332718894009	0.9924210053126278	0.9924963584288052	0.9921286180187526	0.9893619351894113	0.9872617255621846	0.9862071268489467	0.9929016508460586	0.9969850579006351	0.9883938044974759	0.9881654281830539	0.9893655393053017	0.9939315831663327	0.9860470948012232	0.992381651001226	0.992348487326247	0.7588947970863684	0.9893860508083142	0.9938044506816358	0.9892538800705467	0.9882953245574219	0.9972037386855569	0.9923549979600164	0.9928578431372549	0.9883937840290381	0.7865501632919661	0.9892624497094323	0.9894447484554282	0.9895465747126437	0.993761578525641	0.9893734834558825	0.99363632	0.9923618931048553	0.9938452656811825	0.9497687125057683	0.9876569463548832	0.9888754604051566	0.9881344499773653	0.9923573583367307	0.995138289525304	0.9925028594771242	0.9870127891156463	0.9866348471223022	0.992321586263287	0.9879365013774105	0.9925030699959067	0.9884962946226842	0.9881089790337284	0.9893611806797853	0.9932422783794624	0.9886010948905108	0.9889132005558128	0.9923647921760391	0.987614664230242	0.9923903462321793	0.9896608948545861	0.991811573688593	0.9946647428347075	0.9925360702614379	0.9908076568265684	0.9881953818015548	0.9937944711538461	0.9884437557392103	0.9882973660308811	0.9975059173799775	0.9924186683006538	0.9949188679245283	0.9887738950276242	0.9894572529465095	0.989695124195032	0.9936876251501802	0.9973395995550611	0.9891384508990317	0.9923325438954674	0.9887058797127467	0.99774312267658	0.9862985175202156	0.9879133818843879	0.987677687443541	0.987451009174312	0.993626372745491	0.997570770958084	0.9923189211279118	0.9921297551020409	0.9891005721830984	0.9925042161277118	0.9867559154295995	0.9923298733142624	0.9892845471521942	0.9932892141138734	0.9903040184757507	0.992502854812398	0.9887675276752768	0.9932708901363272	1.0	0.9946897555296856	0.9887324299494717	0.9884277981651377	0.9924689979550102	0.9972509687034279	0.9863654986522912	0.9890831718061676	0.9925110929185428	0.9924430379746835	0.9888989425287358	0.9924825980392157	0.9889515832950895	0.9924001224989791	0.9891937972166999
scaffoldsARL091265	0.9852104569420034	0.9908245269286755	0.9912795471146821	0.9828069286016056	0.9821203317737133	0.9917958988118052	0.9911363702623905	0.9916349808429119	0.9917287413660781	0.986849740034662	0.9857175414984297	0.991773292402149	0.9918031082118188	0.9916485220729366	0.9859164028144238	0.9844064761054041	0.9829052222701771	0.9922277401355122	0.9918142124542126	0.9835982555604014	0.9842095052083333	0.9857538698328935	0.9899851039697543	0.9820709075487701	0.9917874807987711	0.9916570771001151	0.7681992380952382	0.9852788409703505	0.9897340248962655	0.9857205944798303	0.9843929755671903	0.992813616686344	0.9917550557477892	0.9895367697594502	0.9844896222318714	0.787769987699877	0.9849867634500428	0.9859279079676182	0.9848657281126265	0.9898759259259259	0.9849719517641803	0.9897370900866943	0.9918323484267076	0.9898529102515958	0.9457897637795276	0.98492539114886	0.9862154671434958	0.9843279392624729	0.9916537519142419	0.9901435026138907	0.9917976583493282	0.9838996563573883	0.982843041792331	0.9917969242599002	0.9833642040457344	0.9917344098423684	0.9837095626072042	0.9844807420494699	0.984819855134214	0.9888841089670828	0.985247646282446	0.9847874775583484	0.991740490797546	0.985438879082083	0.9915973654066437	0.9852605386917486	0.9896732399697199	0.996498988250653	0.9917767343809888	0.987581659192825	0.9835762800875273	0.9896183634992458	0.9837403317328678	0.9838494609745579	0.9912452354874041	0.9916984267075978	0.9913309355199402	0.9857209677419354	0.9867287488908608	0.9855418719211823	0.9895471164719184	0.9913500547645125	0.9852957360861759	0.9916889953987731	0.9843337673611111	0.9912795545819642	0.9826864362850972	0.9831248814144027	0.9848376079447323	0.9845106553722692	0.9897712344280859	0.9912346323529413	0.9917083813917724	0.9916274645186037	0.9854112244897958	0.9919559061177375	0.9832721020761247	0.9917491721216789	0.9850948647409447	0.9889287330316744	0.9857996021220159	0.9915896183206107	0.9865352808988764	0.988893177534866	0.9907934548159166	1.0	0.9862853440571938	0.9840710848643919	0.991538873994638	0.9911356149341143	0.9826039308855292	0.985716482112436	0.9919511538461538	0.9917691334355828	0.9863434957532409	0.99174745308311	0.9854451006711411	0.9917486382815497	0.983950297029703
scaffoldsTV139	0.9953078381795196	0.9878952060931901	0.9884744719101124	0.9928640860215053	0.9928090467784642	0.9900812500000001	0.9885756404494384	0.9901344424460432	0.9900829662921348	0.9956200334588039	0.9938200346170488	0.9900771685393259	0.9901959964012597	0.9899336927223719	0.9948453145057765	0.9928468057366362	0.9941226579520697	0.9897238290131878	0.9882821541234791	0.9934069576490925	0.9945786350148369	0.9948202227934876	0.9891636486486485	0.9924319686411148	0.9900366171839856	0.9899973033707865	0.7549365448504982	0.9946364614722342	0.9889035087719299	0.994690665514261	0.9944874140893469	0.9883913142337426	0.9899216981132076	0.9895312839059675	0.9946975382003396	0.7849215901302262	0.9941009094846254	0.9949814798788404	0.9941386620330147	0.9887962213225372	0.9939008225108225	0.9886117040358744	0.9899243486073676	0.9887989644304368	0.9485906101048618	0.9931715093518922	0.9990759984490112	0.9945653813559322	0.9898149394347242	0.9889623201438851	0.9900426900584794	0.9948164291701593	0.9938968421052633	0.9900455895589559	0.993220199826238	0.990041828005403	0.9934257965953731	0.9940510474561778	0.9940832900432901	0.9887382749326145	0.9953557383966245	0.9934624891587164	0.9900858299595143	0.9938936801375754	0.9899866906474819	0.994503291468168	0.9902744058500913	0.9896219815668202	0.9901124606387766	0.996125974558884	0.9932119480519481	0.9888164118705035	0.9935080017301037	0.9940711613745107	0.9884507865168538	0.9899343216531896	0.9899190625000001	0.9979553235908142	0.993965156794425	0.9933506102877071	0.988733962264151	0.9884990130103185	0.9947244731182796	0.9899430755395683	0.993098814229249	0.9886366621682412	0.9939267015706807	0.9937665226781858	0.9953022678647839	0.9927269848156182	0.9886662168241115	0.98875430643699	0.9899956345634563	0.9900410786516853	0.9944697584124244	0.9904402884182065	0.9940319195452557	0.9903790184601531	0.9934822710951525	0.9887032315978457	0.9942746080139374	0.9900697119711971	0.9985940304330864	0.9886826145552562	0.9876118735891648	0.9894607239819005	1.0	0.9933942548596112	0.9899478397839784	0.9884377977528089	0.9940674956369983	0.9945719533275714	0.990502117117117	0.9900832884097034	0.9992078538102646	0.9900939775280899	0.9937695032397408	0.9899800449438202	0.9823953584558822
scaffoldsTV47	0.9932213468869123	0.9865344190140845	0.9864172383847156	0.9928589543021821	0.9926883720930232	0.9868601224311324	0.9870877772944758	0.9872296020988195	0.9871752080595708	0.9926959030100334	0.9923397941680961	0.9874859833552343	0.9880292490118577	0.9871833114323257	0.9931003424657534	0.9917848842289209	0.9916606655290102	0.9864230183609495	0.9862112031386225	0.9983500945179583	0.9932137181095777	0.9932089079229123	0.9890875164257555	0.9920158333333333	0.9875256241787121	0.9871814360770578	0.7507911281489594	0.9924782347900599	0.9874027838190518	0.9921280498281787	0.9929265505522515	0.9885108120437957	0.9868760822037603	0.9877594853903183	0.9930610204935174	0.7901184092366902	0.9920869860110217	0.9935924773022049	0.9979960859554875	0.9874029105125978	0.992751455479452	0.9877300565463246	0.9873475043782837	0.9879238012205752	0.9501130169172932	0.9930324703817464	0.992400722481938	0.9931825795644892	0.9868449737762238	0.9868969157254561	0.9872483588621443	0.9917287211740042	0.9919294420600858	0.9873212971078	0.9981300038270186	0.9873278142794568	0.9931128227194493	0.9918203569910752	0.9916112896405921	0.9871646394439617	0.9932310271646858	0.9909718937446443	0.9883754177660511	0.9909989438107308	0.9870577175338872	0.9933339011925043	0.9877622885129118	0.9858409762651142	0.9871619588981199	0.9927619718309859	0.9981345142857143	0.9874722681758816	0.9983673740053051	0.9920572035699108	0.9867209565217393	0.9872295146480106	0.9869100526777875	0.9925004317789291	0.9929201476335215	0.9936215184563758	0.9881494112516354	0.9864616587060355	0.9928723768736616	0.987513947368421	0.9911070758738277	0.9866968247063941	0.9907994057724957	0.9923680689945309	0.9923485617597293	0.9917914958569558	0.9873915615484994	0.9876720614035087	0.986829102844639	0.9878445761967501	0.9923678556080789	0.9885202553940995	0.9919616766467065	0.9883381329810655	0.9975464126469397	0.9874947482638888	0.9950926558158	0.9874364592462752	0.9914319658119659	0.9872980902777778	0.9869193232413178	0.9864027950310559	0.9923182011030971	1.0	0.9868179195804195	0.9871452961672473	0.9908563164610804	0.9921189802913454	0.9885178178618566	0.986964875491481	0.9922589460263492	0.9876079281646957	0.9928550792970424	0.9877610526315791	0.9827885304659497
scaffoldsARL08394	0.9889679447168971	0.9924847238542891	0.9936702692307694	0.987587532808399	0.9877483076923076	0.9997132432432433	0.9936236314572088	0.999748651382333	0.9997013180128421	0.9896923999999999	0.9880816501352571	0.9996236129905277	0.9997283018867924	0.9996607167004733	0.9886051362215276	0.9877054362722705	0.988424765310684	0.9987636462093862	0.9940817484662577	0.9876571300849353	0.9889089065255731	0.9885029937444145	0.9946712999216915	0.9877128440366971	0.9997662280701755	0.9996873776577794	0.7675408366533866	0.9884220308250228	0.9945982380579484	0.9886897767857142	0.9887974610244987	0.9937558015580156	0.9996404054054052	0.9935688159437279	0.9889661518093558	0.7843147615937296	0.9875154153709461	0.9888178890876566	0.9880718624385887	0.9946097847358121	0.987593837156995	0.9945296600234467	0.9996805668016192	0.9945619976589933	0.9490171325518485	0.9878623974475843	0.9897277173913044	0.988799207048458	0.9997135518756336	0.9942422958397535	0.99972527027027	0.9882963796909492	0.9885090013434841	0.9997629266644136	0.9874561128526647	0.9997379170879677	0.9884254448398576	0.9884848362494393	0.9874381987577638	0.9943057925636007	0.9889325011145788	0.9879019082235349	0.9998157575757577	0.988849388309923	0.9995202425058941	0.987689920071048	0.9950296106960284	0.9950800322061192	0.9996444632005402	0.9898034342521465	0.9875390645879734	0.9945920641125879	0.9876660857908847	0.9886816127603014	0.9937209633911368	0.9997011832319135	0.9946307663269158	0.9896989741302409	0.9895427301022678	0.9882028751123091	0.994534974599453	0.993635821469796	0.9885212341197821	0.99972147922999	0.987108140569395	0.9936657153875821	0.9882109919571046	0.9875769265434882	0.9883874889478338	0.9876406193078324	0.9945326155050901	0.993696001552795	0.999679600811908	0.999748091860858	0.9884050423917893	0.9998324864498644	0.9886130707251566	0.9998297562626945	0.9883307834955959	0.9943483203125	0.9889221873599282	0.9997646525679756	0.9899082955575702	0.9943206559937525	0.9919804144656644	0.995108243297319	0.9897731221719457	0.9878147651006711	1.0	0.9937306861989206	0.9882163985701519	0.9886115333035315	0.9997944988187648	0.9997054937647455	0.9898072883657765	0.999742832995267	0.9878626858945471	0.9997206617150575	0.989674930583102
scaffoldsARL09193	0.986214167031045	0.9975922408026756	0.9997116445021083	0.9840605375426621	0.9836857813834331	0.9926005981308413	0.9996759181020474	0.9925410534180052	0.9924768799102132	0.9893020677518699	0.9886029190623618	0.992393298390116	0.9924527736131935	0.9924320104829651	0.9883655658300309	0.9844437083148065	0.9837807890222985	0.9929720657276996	0.9990831812255541	0.9862876795820635	0.986107426597582	0.9880717429577465	0.9919189783743474	0.98416302771855	0.9925144835329341	0.9925116766467066	0.7679407088122606	0.9877492246344706	0.9918387313432835	0.9864855574324324	0.9862316154179298	0.994873343605547	0.9924057217651457	0.9916461308411214	0.9862721382289417	0.7880005739795918	0.9875185714285714	0.9865915218312844	0.9877419383259911	0.9919007086907868	0.9885194530216144	0.991699739486416	0.9924437803511394	0.9918341772151898	0.9501006651884701	0.9845061695517088	0.9870681818181818	0.9861595597755718	0.9924909260642271	0.997677935082873	0.9924669161676648	0.9847524731182794	0.9839988372093023	0.9924141198501876	0.9860219799389447	0.9923417417417416	0.9850868752716211	0.9850430506993005	0.9876321351234302	0.9914689305816135	0.9863325153374233	0.9874341777777779	0.9923720538720538	0.9857169001751314	0.9921490481522957	0.9877117850953206	0.9917078491727587	0.9930703481842005	0.9925508233532935	0.989725815096025	0.9863200869565217	0.9918686940298507	0.9863406794425088	0.9863058926233086	0.9996846478416097	0.9923638608305275	0.99254194606414	0.9859742669584245	0.9890451910408433	0.9883519607843136	0.991776165609847	0.9996669477781381	0.9873096332302254	0.9925007850467289	0.9864220215053763	0.9997266731643925	0.9841229112833766	0.9866483195111304	0.9860512364425162	0.9842805851063829	0.9917277072442121	0.9997137344669718	0.9924107865168541	0.9924326851159312	0.9862319679054055	0.9925774859287055	0.9843025817555937	0.9925003377110693	0.9875294594594594	0.9914453492715726	0.9886578900709222	0.9922674887892378	0.9872940385477363	0.9914761958146486	0.9952965492190339	0.993378669639539	0.9870720837043634	0.9866149279790485	0.9923732584269662	1.0	0.983845505376344	0.986378152678195	0.99265	0.992547047832586	0.9870620320855613	0.9925149794546134	0.9885684489615554	0.9925604416167666	0.987862925170068
scaffoldsTV77	0.9936605531914894	0.9853380764163372	0.9851146637744035	0.99295611814346	0.9929633748389867	0.9879606485539	0.9853678105994788	0.9881258560140475	0.9881972319859402	0.995380364715861	0.9932382106654914	0.9881122807017544	0.9887307048458149	0.9880126921387791	0.9949381331100879	0.9914103119584056	0.9995942825112107	0.9880876186172616	0.9847429939077459	0.9912122905027932	0.9934319095477386	0.9948547778709137	0.9862701676963813	0.9931999164926931	0.9880769332161687	0.9880278192189557	0.753145670995671	0.9937850831146108	0.9856543334799824	0.9918713807531382	0.9934684367034834	0.9876292201834862	0.9880159280386136	0.9870792693661972	0.9933376362112322	0.7885983660130718	0.9915602827763497	0.9927581757040773	0.9933316702819958	0.9855322481302242	0.9934277655354783	0.9855696091348266	0.9881884497145368	0.9859603873239438	0.9505390995260663	0.9921669852302345	0.9929885542168674	0.9935119546979866	0.9879152126260412	0.9853041775456918	0.9881606938954766	0.992581974069427	0.9995047023132348	0.9881945079086117	0.9908145446698317	0.9883967827236667	0.9928381567614126	0.9935906840117498	0.9912698032506415	0.9851917289925208	0.9935856231390898	0.9924723178807946	0.9888492945326278	0.9919180525635501	0.988060281195079	0.9921247529007307	0.9874130434782608	0.9853111012433392	0.988127711901625	0.9951949181739879	0.9908808785529715	0.9855258362676057	0.9909030941125913	0.9935942127659576	0.9850365017361111	0.9881487922705314	0.9866882096069869	0.9932817015818727	0.9935853070175439	0.9934488291413703	0.9857185462555067	0.9850416052060738	0.9936281714785653	0.9883103296703297	0.9915245081266038	0.9851254016500217	0.999224525493115	0.9917344365312109	0.9934964031785863	0.991382187635106	0.9855459542656112	0.985461952714536	0.988107334211682	0.9884979331574318	0.9921276729559749	0.9889524691358024	0.9995808421851291	0.9889152490083737	0.9908110707803993	0.9853695652173913	0.9949598812553011	0.9883099340659341	0.9929188311688312	0.9852050438596491	0.9849981382978723	0.9856580787959274	0.9931482150537635	0.9910135600516574	0.9881724956063269	0.9850714596003477	1.0	0.9920383103304056	0.988971698943662	0.9879756140350877	0.9933625322997415	0.9883202898550725	0.993032715231788	0.9884274846086192	0.9829913552453851
scaffoldsTV14	0.9931701561840438	0.9877464010282776	0.9872602228889841	0.99251510373444	0.9916446745562131	0.9880506590509667	0.9872087945087945	0.9878575624725996	0.9880378295254832	0.9944448188711037	0.9943725581395348	0.9878016673979816	0.9882522388059701	0.9882600087989439	0.9940945674885082	0.992047888550283	0.9917377389858687	0.98807655759749	0.9868177911474001	0.9916715506193934	0.9940925509779444	0.9940978251777499	0.9881951198257081	0.9913631776480399	0.988123868131868	0.9881217486818982	0.7500831735889244	0.9945472835314092	0.9877671596346237	0.9994120879120878	0.994030795119899	0.9891579273693534	0.9879938542581213	0.9885748474280732	0.9940332083333333	0.7893270006506181	0.9943249791492912	0.9997135689851768	0.9932136206896551	0.9878030896431681	0.9945366666666666	0.9877385584020842	0.9881065026362038	0.9876591739130435	0.9491518066635383	0.9924160628546487	0.9929666525063721	0.9939067775467776	0.9879937225636521	0.9874369303525364	0.9880293239683933	0.9919225168350169	0.9916537656903767	0.9881525296964365	0.9915250860585197	0.9880337142857143	0.9929185867237688	0.9920750418060201	0.9944269086357947	0.9876826162538028	0.9931332347972973	0.9933777871979652	0.9883696703296703	0.9925433121019107	0.9877414837576822	0.995246418098031	0.9881706531332745	0.9883273954703832	0.9881375659050966	0.9943506976744186	0.9915923670668955	0.9878697563098346	0.9917740582191781	0.9930869342442357	0.9872798798798798	0.9879873901581722	0.9892112882378286	0.9933388404533565	0.9941023146163737	0.992027974137931	0.9878704910908301	0.9872421955403088	0.9947282433007231	0.9882413186813187	0.9944510178645617	0.9875205756013746	0.9912982959268496	0.9930763413603717	0.9935452790600086	0.991982347826087	0.9876262402088773	0.9875657735522905	0.9880829375549692	0.9883659330985916	0.9989941710825133	0.9886655369718309	0.991925615352524	0.9884954185022027	0.9912896934695691	0.9875186036426712	0.9942857019064125	0.9878486605182257	0.9926186563970901	0.9877466145833335	0.9877845052083334	0.9883763691246226	0.9929072488342519	0.9918525865754596	0.9879815026362038	0.9872898370497427	0.991344449064449	1.0	0.9885922060766182	0.9880077226853884	0.9930847558386411	0.988002808249232	0.9945558090409802	0.9880647342995169	0.9817781110116383
scaffoldsARL0835	0.9885685917370057	0.9931529917872507	0.9941497499038091	0.9876176238491889	0.9877354966887417	0.9998450471698114	0.9941970316114109	0.9998177837655777	0.9997998650016875	0.9897350689808634	0.9879196219621962	0.9997020938872004	0.9998296885578876	0.9997933670033671	0.9884805073431242	0.9879538321167882	0.9883557289344629	0.9988885045045045	0.9942738260200155	0.9876174029451139	0.9887345646437994	0.9884738084632517	0.9947280031201247	0.9878114523913998	0.9997833501853726	0.999839878950908	0.7695127617148554	0.9885080018083181	0.9947600156188989	0.9884767007558916	0.9886750888099468	0.9939518867924528	0.999762887989204	0.9937525323910484	0.9887291428571429	0.7846654676258993	0.9871748672566372	0.9885323542501111	0.9883180599016541	0.9947394849785408	0.9878605132823053	0.9946489668615985	0.9998601144395829	0.9946701480904131	0.9491681879801175	0.9879855257168868	0.9895444745151106	0.9888024175824175	0.9998230795148249	0.9945296453353893	0.9998016874789065	0.9878912049252417	0.9883656110615522	0.9997960202360878	0.9873567144136078	0.9997070145713319	0.9880434473567303	0.9884949640287769	0.9871819628647215	0.994475487900078	0.9886700755891507	0.9876670294784582	0.999689644670051	0.9886007657657657	0.9996666328600406	0.9872277507733098	0.9953482907662082	0.9950553277040612	0.9998761792452832	0.9898805794477139	0.987453250222618	0.9947005843396961	0.9875244533690317	0.9883161446846052	0.994196530454896	0.9997931127616475	0.9947954253308129	0.9894268769435806	0.989635362061306	0.9881829596412556	0.9945818854694196	0.9942158644589911	0.9884566003616637	0.999833018549747	0.9868894128113879	0.9943003469545104	0.9883810075791352	0.987569385925594	0.9883064045936395	0.9878627843494086	0.9946562890624999	0.9941185947204969	0.9998957869902257	0.9998682935038707	0.9884918630502446	0.9997488513513514	0.9884371823450736	0.9998775757575759	0.9879284327323161	0.9944628504672898	0.9889205816554809	0.9998309323460116	0.9896411366711774	0.9944579049844238	0.9922658258746949	0.9952431254996005	0.9895570076611085	0.9876418490397498	0.9996032051282052	0.9940559027777778	0.988472403031654	0.9884513585746102	1.0	0.999826574604244	0.9895855405405405	0.9998355697909642	0.9878821090581341	0.9998631117111036	0.989821153081511
scaffoldsARL071384	0.988691785079929	0.9927510331384015	0.9938897740329375	0.9871250217959895	0.9873002195871762	0.9996458862876254	0.9939330902111324	0.9996497660427808	0.9996306327418816	0.9892715994683207	0.9875827555155335	0.9994281930942005	0.9996976641841571	0.9995667453625633	0.9882668444444445	0.9872143051771117	0.9879662956366875	0.9985736481614995	0.9940422826503256	0.9868452930728242	0.9883060526315789	0.9879706536238326	0.9945952492211838	0.9871159090909091	0.9996673905780155	0.9995450538358007	0.7704344246031746	0.988140018107741	0.9943611435239207	0.9883408362989324	0.9882872896368469	0.9938188524590164	0.9995631191432395	0.9933596793116933	0.9883476315789473	0.7843837540453075	0.9871206988058382	0.9885734256364447	0.9874907152376722	0.9943591916051303	0.9868861883408072	0.9943269902912621	0.9996995317725754	0.9943294094794095	0.9486750224215247	0.9875597367226512	0.9893291122127085	0.988163365468887	0.9996599397590362	0.99435379601227	0.9995551423785594	0.9876513620386642	0.9881613392857144	0.9995601754978063	0.986619982198487	0.9994544839255499	0.9881308444444444	0.9878820008932558	0.9868852097130243	0.9941391371939369	0.9886891159484672	0.9874967756584923	0.9996109616677876	0.9886311231393775	0.9994566442953021	0.9874037184594954	0.9950803220738413	0.99489172	0.9996407965194111	0.9892251351351351	0.9869157731501994	0.994362975912976	0.9869027087033747	0.9882983252534158	0.9937777522056003	0.9994697885196375	0.9945553921568628	0.9893947907390918	0.9887965547703179	0.9876561270125224	0.9943162267080746	0.9938632042928325	0.9880587222473947	0.9996448310471729	0.9862634027470093	0.9939966961198617	0.9878723631508679	0.9866072930648768	0.987975706713781	0.987205027173913	0.9943091050583658	0.9937829663962918	0.9995766531713901	0.9996198653198652	0.9880079661771249	0.999777747717281	0.9882808292465447	0.9998508113590263	0.9878177121771218	0.9940818711180124	0.9883714540588759	0.9995114639037433	0.9895472209670131	0.9941334497477687	0.9918759109311741	0.9949194367314559	0.9893626744709592	0.987253404539386	0.9994559636118598	0.9936352534562213	0.9876148510449088	0.988209443207127	0.9998260620364126	1.0	0.9893206756756757	0.999689353866756	0.9874978407557354	0.999779524924724	0.9894338479809975
scaffoldsTV137	0.995079311791859	0.9877714795008912	0.988189052725648	0.9926469755469757	0.9927216931216931	0.9897388119696294	0.9882585344057195	0.9896821875	0.9896466249441217	0.995426996672213	0.9936835705045277	0.9897731456657731	0.9898374216651746	0.9897584153983886	0.9947749893116716	0.992930438558402	0.9942806255430061	0.9894677536231885	0.9880209771402957	0.9934071675302246	0.994531146847228	0.9946558647260274	0.9888588814317673	0.9923415725456124	0.9896584711667411	0.9896252570406796	0.7548382675438596	0.994489175257732	0.9886617791685294	0.994334496124031	0.994440650406504	0.9885814376706096	0.9896603486812697	0.9894815080789946	0.9943316434305026	0.7852572987721692	0.9937992244722103	0.9947447948164146	0.9939185008665513	0.9886031724754246	0.9938097539922311	0.9885589206066011	0.9896759714158107	0.9886739713774597	0.9485513064133017	0.9930637429439861	0.9990010034735624	0.9942836079425433	0.9896754017857142	0.9886614215467144	0.9897008493518105	0.9946079616506879	0.9937804366812227	0.9897854138702461	0.9931639913232104	0.9898356471115092	0.9935280052264807	0.993706271331058	0.9938049137931034	0.9884250111656989	0.9951374684608915	0.9932849309153713	0.9897464669051879	0.9938191845493561	0.9896533303531516	0.9940632124352331	0.9898153950953679	0.9895643151626203	0.9897410897722198	0.9959200652528547	0.9931300605536332	0.9885716071428572	0.9934404576856649	0.993741785869094	0.9882042467590523	0.9896401160196341	0.9895345744680851	0.9975479651162791	0.9937127114967463	0.9935886472379295	0.9885602764155149	0.9882258597588209	0.9944451114922812	0.9898364490161002	0.9929520577933449	0.9882954382826475	0.9941186167899086	0.9937034007748601	0.9952552283397355	0.9926751948051948	0.9885008482142857	0.9883553402433529	0.9897471351835273	0.9898284563758389	0.9944526770293609	0.9902054708520178	0.9940906358885019	0.9899953405017923	0.9934626624831914	0.9884540311804009	0.9941707811825637	0.9898400447427294	0.9984593410852713	0.988517744092733	0.9878450697883837	0.9895534234234233	0.9990814500578481	0.9935006911447084	0.9896293959731542	0.988175592311131	0.994093568013907	0.9942871120689656	0.9901110165696373	0.989636813922356	1.0	0.9897123214285715	0.9939250431778929	0.989643858865565	0.9823471663619744
scaffoldsARL071195	0.9886433333333333	0.9927841673182174	0.993970563434266	0.9875147856517935	0.9876621693121692	0.999923889074507	0.9940239631336405	0.999882447342026	0.9998620020087043	0.9895028914590748	0.9879597109304427	0.9997624664879357	0.9997893134934053	0.9997864646464645	0.9883522899066252	0.9877486560364466	0.9880779661016951	0.9988606782106785	0.9940360429447851	0.9874944221329764	0.9885835820895522	0.9883369100623329	0.9945471183800624	0.9878257795344751	0.9998641686182671	0.9997770524899058	0.7685060098522167	0.9884812584880037	0.9945125925925925	0.9884619812583668	0.9885240017746229	0.993693382655158	0.9998166331321261	0.9934634222919937	0.9885719367588933	0.7844097258485639	0.987197032772365	0.9884683504693785	0.9883364042933812	0.9944954828660437	0.9875863124718595	0.9944607392996109	0.9999230023403542	0.9944336317633321	0.9488885238523851	0.9878267605633804	0.9896064647377938	0.9886097892888499	0.9998884396926161	0.9944263926238955	0.9998447200804559	0.9877422163588392	0.9880036160714286	0.9997509453072247	0.9873931065353625	0.9996622884224781	0.9880671263345195	0.9884475292003593	0.9872051792828687	0.9942558628749514	0.9886781583629893	0.987794712853236	0.9996870675176354	0.9886643243243242	0.9997556375838926	0.9872959698848539	0.9953140047206924	0.9947221999197109	0.9999109327983952	0.9895962946226842	0.9875209540793581	0.9945008952899962	0.9874214732142857	0.9880153812252094	0.9939853302611367	0.9997623576691227	0.9943818250377073	0.9891913662661326	0.9896145519077196	0.9882198833034112	0.9944416180474523	0.9940145489443378	0.9885549206349206	0.9999130143860824	0.9867538256227759	0.993982827506723	0.9880579580918414	0.9872665022421525	0.9880377041942606	0.987709681818182	0.9944196414653158	0.9938012369540008	0.9997077208361429	0.9997958936385055	0.988315528781794	0.9997769049224543	0.9882315037929496	0.9998170715249665	0.9880212401665895	0.9941513807856867	0.9888126678603402	0.999909081803005	0.9897036231884059	0.9942239984441851	0.9916950366151344	0.9948342766042249	0.9896188346883469	0.9875753798033959	0.9996283400809717	0.9938559615384616	0.9880651359786002	0.9884627179257934	0.9998818916189837	0.9998801337792643	0.9896032971996386	1.0	0.9877424064894098	0.9998094680495149	0.9894728605388273
scaffoldsTV58	0.9947881188118811	0.9878400798934753	0.987786946902655	0.9937431405656395	0.9936763157894737	0.9882690571049136	0.9876045595396192	0.988095221238938	0.9883114652501107	0.9942387676508344	0.9995644186046512	0.9880994694960211	0.9883748003549246	0.9881128875110718	0.9929462660944205	0.9931370840630472	0.9925546915725455	0.9875188789237668	0.9869420071047958	0.9941600604490503	0.9940064434082239	0.992719260533104	0.9889150309460654	0.9933270673486786	0.9881302304964539	0.9880304559539619	0.747519623059867	0.9955314506298254	0.9885978826643141	0.9954130305602716	0.9938994856408059	0.9884859276018101	0.9880410983170947	0.9888028206258263	0.9941008905852416	0.7844886017229954	0.993979846612697	0.9957150446238845	0.9939054112554111	0.988578287731686	0.999421734059098	0.9883875054993402	0.9882650132860938	0.9887797881729921	0.9507491733585262	0.9933435505028421	0.9939125751072961	0.9938836086404065	0.9879848364279399	0.9877099823321556	0.9881657661647476	0.9934447627191106	0.9925809565598946	0.9880038989809482	0.9936984789222078	0.9883493333333333	0.9938645575221239	0.9926308529155788	0.9940721535181236	0.9883973544973544	0.9947919862128392	0.9976662795354426	0.9881694112439132	0.9930103286384977	0.9879750110570545	0.9944622705932564	0.9892379775280898	0.9877907823741008	0.9882550487156776	0.9944236402569594	0.993897921177999	0.9884338475099163	0.9940747518342684	0.9937255124291321	0.9877444887118193	0.9881075254537406	0.9880991648351649	0.9938757602468047	0.9938351538794972	0.9922061931572109	0.9884644777434993	0.9876189571365445	0.9955604632263308	0.9883453014184397	0.9951721443736731	0.9877139946855625	0.9926439162668993	0.9938646570554828	0.9932930739632322	0.9930501527717155	0.9884377758164167	0.9883462739848281	0.9881167184035478	0.9883623670212766	0.9953264118895966	0.9885965364120781	0.9922810622551153	0.9882666518847008	0.9929260328742782	0.9884322324966975	0.9942609090909091	0.9881583259521699	0.9929934829520933	0.9883937858087262	0.9879263110712684	0.9876678555506019	0.9936740566037735	0.9940539160536563	0.9882368234250223	0.9877978318584072	0.9926049738219895	0.9949637134378975	0.9884930820399113	0.9881331711632022	0.9940203870967742	0.988391895482728	1.0	0.9884779600886918	0.985136588658866
scaffoldsARL071205	0.9885754775655266	0.9928085903943772	0.9940554147465437	0.9872856955952899	0.9873426813186814	0.9998340596714717	0.9941232602845059	0.9998261161463579	0.9998121558092681	0.9895054222222222	0.9879930536761391	0.99965956302521	0.9997328024398511	0.9997408645727796	0.9883580774365821	0.9875388052895577	0.9880994214508233	0.9987740700613941	0.9941732464545804	0.9873909090909092	0.9885824461064671	0.9883414699331848	0.9945319173811379	0.9875867396061269	0.9998014415018439	0.9997078219824679	0.7701147524752474	0.9883623869801085	0.9944713561964146	0.9885643048128341	0.9885935555555555	0.9936768947152805	0.9997470114170586	0.9935850588235294	0.9886951122853367	0.7844374754741661	0.9871227494456762	0.9885866964285714	0.9880599553571429	0.9944591669910472	0.9875733812949641	0.9944064566316608	0.9998167785234899	0.9943815707620529	0.9489043654365437	0.9876449044585988	0.9893351693002257	0.9886065963060686	0.9998110104061765	0.9945903535741738	0.9997819617064159	0.9876593846153846	0.9882210174029452	0.9995905743243243	0.9871312611806797	0.9995960637936885	0.9881012032085561	0.9881896010757508	0.9870543680709536	0.9941833657966498	0.9885701512455516	0.9876248181818181	0.9996916357504216	0.9885742663656885	0.9996139112903225	0.9872179236912156	0.995211968503937	0.9948411717495986	0.9998604096709202	0.9896468834688348	0.987300489541611	0.994467146749708	0.9873269728042801	0.9883101896779884	0.9941040369088812	0.9996631809011431	0.9946025670064174	0.9891626779359431	0.9890679628811312	0.9879704800358906	0.9943638273045509	0.9940728950403691	0.9882859339665307	0.9998120683875295	0.9865691692581073	0.9940833012697192	0.9882748775055679	0.9870414240931481	0.9881654882898806	0.9874815825375172	0.9943631578947368	0.9939625773993808	0.9996724324324323	0.9997228436657681	0.9884393398751113	0.9997470608108109	0.9883414884135472	0.9997590402162894	0.9878761200923788	0.9940427127866305	0.9888197227191414	0.9997463136729222	0.9894947963800904	0.9941446345256609	0.9918834549878345	0.9949373354607101	0.9893857916102841	0.9875544642857143	0.9995847789402632	0.9938692810457515	0.9880785396260018	0.9885212851405623	0.9998278771515356	0.9998097789685199	0.9893313628158845	0.9997592480698222	0.9877252588923908	1.0	0.9896777910210568
scaffoldsAR98565	0.9847436121323528	0.9902898958735056	0.9903592851592852	0.9851347129506008	0.984704427549195	0.9907647245342847	0.990427269200931	0.9907716779055931	0.9907828038125496	0.9854684137931036	0.9861040571692022	0.9906706629614926	0.9909302417756639	0.9906463065925337	0.9847444036697247	0.982557042253521	0.9850367989056088	0.990664077270859	0.9902163558663558	0.9849082336706532	0.9843038478949749	0.9847543158861342	0.9899811313131314	0.9846651266103953	0.9907304209690232	0.990663015873016	0.758009309623431	0.9840473391948171	0.9899020631067962	0.9841220648698037	0.9843735788994998	0.9913440476190475	0.990713611111111	0.9898932421875	0.9844853061224491	0.7856366059817945	0.9843516689529037	0.9841897119341565	0.9850479300827967	0.9898328756058159	0.9857792374827746	0.9898503835284619	0.9907235923869945	0.9898837630942788	0.9548863513513515	0.9828948874296436	0.9849488339552238	0.9844028985507247	0.990836388888889	0.9896623552894211	0.9906978951548848	0.9828536574284418	0.9848399544419134	0.9906398807157057	0.9844323339483395	0.9907567578279826	0.9839418999541074	0.9841302807179015	0.9842665296803652	0.989522420072845	0.9848556373676945	0.984958495821727	0.9906944290794154	0.9833991248272684	0.9907085013839462	0.9843861517367459	0.9890038208709944	0.9892638992152003	0.9907666269841269	0.9855698834498834	0.9845887408088234	0.9899311236863381	0.9848008739650413	0.9840468879668051	0.9903631517509729	0.9907000793650794	0.9921270650932623	0.9844793024323083	0.9847181483187472	0.9874846402214023	0.9898811793214864	0.9903481337480561	0.9840899027327467	0.9906756842522809	0.9829327364554638	0.9904819029126213	0.984885205479452	0.9826287179487179	0.9833720036596524	0.9827422336931018	0.9898030352084177	0.9902535797665369	0.9906757647993643	0.9907482320222488	0.984077960676726	0.9907125198728141	0.9850982664233575	0.990778861464968	0.9852268050967438	0.9896946370967743	0.9851065959409594	0.9908609486166009	0.9850064365671642	0.9896977419354841	0.9897794023904384	0.9895098969072165	0.9849887232059645	0.9848958601655933	0.9907254653465347	0.9903507578701904	0.9849672602739727	0.9841364135407136	0.9908114376489278	0.9907420134760205	0.984968313140727	0.9907633227597146	0.9858603305785124	0.9907198015873018	1.0
