	scaffolds102A	scaffoldsARL0567	scaffoldsARL09146	scaffolds123VP	scaffoldsTV44	scaffoldsARL071163	scaffoldsARL081256	scaffoldsARL071328	scaffoldsARL071286	scaffoldsTV123	scaffoldsVV11	scaffoldsARL071166	scaffoldsARL08391	scaffoldsARL0867	scaffoldsTV125	scaffolds128VP	scaffolds118A	scaffoldsARL08477	scaffoldsARL091374	scaffoldsTV20	scaffoldsTV71	scaffoldsTV98	scaffoldsARL08804	scaffoldsTV21	scaffoldsARL071198	scaffoldsARL0843	scaffoldsARL09542	scaffoldsTV97	scaffoldsARL081292	scaffolds071107	scaffoldsTV92	E_faecium_reference_sequence	scaffoldsARL071300	scaffoldsAR01139	scaffoldsTV43	scaffoldsVV15	scaffoldsTV18	scaffolds070381	scaffoldsTV78	scaffoldsARL081249	scaffoldsVV6	scaffoldsARL08781	scaffoldsARL07973	scaffoldsARL08712	scaffoldsARL09409	scaffolds125VP	scaffoldsTV162	scaffoldsTV73	scaffoldsARL071348	scaffoldsARL091209	scaffoldsARL071169	scaffoldsTV104	scaffolds127VP	scaffoldsARL08105	scaffoldsTV76	scaffoldsARL08339	scaffoldsIV28	scaffoldsTV111	scaffoldsTV52	scaffoldsARL081074	scaffolds109A	scaffoldsTV41	scaffoldsARL08484	scaffoldsTV45	scaffoldsARL08288	scaffoldsTV4	scaffoldsARL08983	scaffoldsARL091074a	scaffoldsARL071351	scaffoldsTV82	scaffoldsTV75	scaffoldsARL081077	scaffoldsTV12	scaffoldsTV55	scaffoldsARL081412	scaffoldsARL08428	scaffoldsARL04840	scaffoldsTV83	scaffoldsTV56	scaffoldsTV48	scaffoldsARL081215	scaffoldsARL09100	scaffoldsTV118	scaffoldsARL071139	scaffoldsTV57	scaffoldsARL081218	scaffoldsTV42	scaffoldsTV81	scaffoldsTV15	scaffolds126VP	scaffoldsARL081189	scaffoldsARL081437	scaffoldsARL0832	scaffoldsARL0846	scaffoldsTV10	scaffoldsARL08552	scaffolds129VP	scaffoldsARL0839	scaffoldsTV54	scaffoldsARL081309	scaffoldsTV49	scaffoldsARL071345	scaffoldsTV138	scaffoldsARL08902	scaffoldsARL05425	scaffoldsARL091265	scaffoldsTV139	scaffoldsTV47	scaffoldsARL08394	scaffoldsARL09193	scaffoldsTV77	scaffoldsTV14	scaffoldsARL0835	scaffoldsARL071384	scaffoldsTV137	scaffoldsARL071195	scaffoldsTV58	scaffoldsARL071205	scaffoldsAR98565
scaffolds102A	2576291.0	2207707.0	2211429.0	2315805.0	2287855.0	2211856.0	2208804.0	2212957.0	2210831.0	2293739.0	2255049.0	2211873.0	2209794.0	2209243.0	2297458.0	2311426.0	2282402.0	2165339.0	2206937.0	2270949.0	2323204.0	2293721.0	2217955.0	2313528.0	2211478.0	2211779.0	814003.0	2264852.0	2217751.0	2285531.0	2285492.0	2157851.0	2211331.0	2195046.0	2321456.0	1425433.0	2275341.0	2280288.0	2259527.0	2219338.0	2256248.0	2219570.0	2212754.0	2219562.0	2056652.0	2314424.0	2321018.0	2321432.0	2211823.0	2206131.0	2213186.0	2430665.0	2273005.0	2209082.0	2257912.0	2207965.0	2304839.0	2300826.0	2277345.0	2219138.0	2561557.0	2248659.0	2210694.0	2287624.0	2212781.0	2277792.0	2186974.0	2158724.0	2210748.0	2274803.0	2267106.0	2220084.0	2268262.0	2298011.0	2211110.0	2211661.0	2225478.0	2298181.0	2248584.0	2257300.0	2220075.0	2211006.0	2268781.0	2209770.0	2247829.0	2208143.0	2281784.0	2292296.0	2409922.0	2316716.0	2217276.0	2192818.0	2208406.0	2212340.0	2282227.0	2209444.0	2281227.0	2208568.0	2169828.0	2221515.0	2263532.0	2212148.0	2305975.0	2223424.0	2186691.0	2191841.0	2321721.0	2267934.0	2212083.0	2210955.0	2280254.0	2285534.0	2212096.0	2214687.0	2315778.0	2212398.0	2253054.0	2212962.0	2163481.0
scaffoldsARL0567	2200603.0	3010211.0	2878784.0	2276822.0	2272132.0	2525587.0	2877530.0	2524115.0	2522382.0	2207497.0	2173876.0	2519065.0	2515676.0	2521008.0	2189442.0	2179700.0	2232565.0	2426506.0	2858268.0	2191421.0	2218885.0	2187960.0	2550054.0	2280309.0	2521376.0	2519880.0	889408.0	2176725.0	2550256.0	2267735.0	2212989.0	2548739.0	2521637.0	2550090.0	2217143.0	1492992.0	2242972.0	2260396.0	2184023.0	2552509.0	2181660.0	2553579.0	2525729.0	2552219.0	2172366.0	2182365.0	2176239.0	2216479.0	2526114.0	2705186.0	2522072.0	2219279.0	2230926.0	2518146.0	2180014.0	2519334.0	2227111.0	2189878.0	2247207.0	2539844.0	2198799.0	2163321.0	2520076.0	2177118.0	2524157.0	2243527.0	2438110.0	2562114.0	2523369.0	2177200.0	2191836.0	2552364.0	2190430.0	2203751.0	2874023.0	2521051.0	2639011.0	2209162.0	2202721.0	2176130.0	2553163.0	2876251.0	2178346.0	2521569.0	2220660.0	2878696.0	2232304.0	2201843.0	2213373.0	2182728.0	2548128.0	2858353.0	2515741.0	2519474.0	2265205.0	2516714.0	2229618.0	2511867.0	2127618.0	2547648.0	2178933.0	2527831.0	2168953.0	2551513.0	2748315.0	2587210.0	2177190.0	2187031.0	2518324.0	2873343.0	2230621.0	2267022.0	2519063.0	2525253.0	2177740.0	2525457.0	2174983.0	2520978.0	2560139.0
scaffoldsARL09146	2218828.0	2891613.0	3008682.0	2264577.0	2258470.0	2593053.0	2986424.0	2592506.0	2590015.0	2199245.0	2184763.0	2589536.0	2583774.0	2587288.0	2197713.0	2179964.0	2254534.0	2492423.0	2967751.0	2222950.0	2241048.0	2194516.0	2596574.0	2267295.0	2589484.0	2589812.0	932261.0	2177328.0	2594452.0	2279312.0	2233252.0	2538439.0	2586347.0	2586985.0	2238530.0	1469715.0	2234587.0	2271851.0	2196247.0	2596746.0	2191795.0	2598720.0	2594593.0	2597800.0	2179203.0	2184252.0	2181146.0	2240071.0	2595266.0	2802980.0	2587831.0	2243345.0	2251685.0	2586630.0	2214292.0	2579390.0	2231603.0	2210193.0	2235832.0	2580438.0	2216449.0	2169036.0	2589636.0	2206036.0	2589778.0	2232277.0	2508309.0	2586231.0	2588167.0	2170050.0	2225365.0	2595574.0	2221399.0	2217983.0	2989317.0	2588091.0	2659274.0	2216924.0	2202375.0	2182110.0	2595441.0	2992724.0	2178476.0	2590474.0	2241241.0	2986160.0	2251527.0	2222601.0	2234643.0	2184229.0	2592595.0	2967421.0	2583560.0	2588232.0	2277171.0	2583621.0	2252320.0	2580618.0	2155361.0	2590962.0	2184765.0	2595743.0	2172621.0	2591866.0	2674946.0	2599632.0	2181809.0	2218007.0	2588386.0	2978955.0	2251659.0	2279699.0	2589943.0	2592555.0	2179967.0	2593036.0	2186818.0	2589022.0	2566438.0
scaffolds123VP	2321950.0	2256930.0	2243821.0	2635712.0	2514102.0	2250696.0	2242586.0	2250455.0	2250551.0	2344047.0	2290191.0	2249686.0	2247157.0	2252108.0	2301388.0	2259568.0	2302603.0	2193098.0	2237156.0	2326853.0	2329840.0	2299317.0	2253543.0	2542926.0	2249823.0	2252747.0	821150.0	2285239.0	2253192.0	2306987.0	2294248.0	2208047.0	2248853.0	2243913.0	2328865.0	1477961.0	2277631.0	2305587.0	2318557.0	2254154.0	2302055.0	2256771.0	2250693.0	2252421.0	2092327.0	2264266.0	2268467.0	2330078.0	2254986.0	2234120.0	2250704.0	2341052.0	2294343.0	2250228.0	2311498.0	2248427.0	2249987.0	2265872.0	2281933.0	2255815.0	2318705.0	2288476.0	2251464.0	2308352.0	2249726.0	2277763.0	2217231.0	2224064.0	2251518.0	2286927.0	2320850.0	2254726.0	2324446.0	2298940.0	2241392.0	2252150.0	2270373.0	2264781.0	2251701.0	2287628.0	2255711.0	2242314.0	2291031.0	2248028.0	2273620.0	2240883.0	2302937.0	2316203.0	2317348.0	2264951.0	2251772.0	2225802.0	2250749.0	2250724.0	2308006.0	2250846.0	2301626.0	2249302.0	2204310.0	2259977.0	2312325.0	2249794.0	2260024.0	2258319.0	2248289.0	2241732.0	2270033.0	2320893.0	2248691.0	2240810.0	2301214.0	2310390.0	2249609.0	2251859.0	2266573.0	2250826.0	2296249.0	2251170.0	2222336.0
scaffoldsTV44	2290383.0	2263496.0	2248617.0	2524804.0	2643638.0	2245094.0	2249977.0	2245326.0	2244180.0	2280296.0	2234142.0	2244695.0	2250359.0	2244313.0	2258355.0	2246674.0	2275535.0	2191755.0	2244275.0	2274010.0	2288956.0	2254163.0	2270800.0	2617455.0	2243428.0	2247506.0	827971.0	2244395.0	2273089.0	2279744.0	2275939.0	2209458.0	2243810.0	2240520.0	2291773.0	1481290.0	2250533.0	2274191.0	2283899.0	2272968.0	2245033.0	2276066.0	2246730.0	2272851.0	2093492.0	2247326.0	2222196.0	2289877.0	2249243.0	2238311.0	2245295.0	2317715.0	2265020.0	2244500.0	2277988.0	2251290.0	2284926.0	2261595.0	2251985.0	2278092.0	2288192.0	2245603.0	2253375.0	2263445.0	2252638.0	2247143.0	2239897.0	2215913.0	2244328.0	2238304.0	2287359.0	2272823.0	2273337.0	2278613.0	2248237.0	2245319.0	2260561.0	2248636.0	2232644.0	2252805.0	2273386.0	2250161.0	2253038.0	2243157.0	2233901.0	2248478.0	2278074.0	2261761.0	2292135.0	2250901.0	2271216.0	2235371.0	2245086.0	2245207.0	2278442.0	2244372.0	2275017.0	2240492.0	2179116.0	2277022.0	2275746.0	2252335.0	2210995.0	2278584.0	2252389.0	2238234.0	2223185.0	2270873.0	2252012.0	2246882.0	2277680.0	2278822.0	2243913.0	2247413.0	2220772.0	2246208.0	2240897.0	2244581.0	2221444.0
scaffoldsARL071163	2202541.0	2507062.0	2554421.0	2237502.0	2219094.0	2937546.0	2549524.0	2919539.0	2916074.0	2202654.0	2169391.0	2915491.0	2891974.0	2899917.0	2198328.0	2146793.0	2197407.0	2718194.0	2547022.0	2192854.0	2225079.0	2196551.0	2512364.0	2229763.0	2918719.0	2904197.0	908480.0	2160502.0	2510650.0	2202710.0	2207195.0	2402438.0	2915496.0	2498205.0	2224524.0	1443730.0	2217169.0	2198630.0	2187403.0	2511946.0	2175797.0	2514987.0	2920916.0	2514646.0	2155841.0	2150218.0	2167207.0	2225763.0	2920318.0	2536156.0	2916275.0	2220624.0	2195475.0	2898494.0	2182646.0	2888303.0	2198758.0	2181318.0	2217527.0	2514558.0	2199755.0	2152631.0	2907727.0	2176524.0	2911498.0	2216650.0	2501306.0	2446333.0	2916187.0	2166073.0	2193102.0	2515102.0	2191718.0	2218871.0	2551305.0	2914068.0	2603908.0	2206462.0	2215226.0	2179421.0	2515146.0	2551398.0	2157548.0	2919843.0	2198815.0	2548360.0	2198245.0	2179972.0	2213398.0	2150235.0	2510948.0	2532216.0	2896072.0	2904434.0	2202041.0	2898813.0	2197723.0	2897268.0	2122349.0	2516628.0	2184258.0	2921335.0	2164706.0	2518368.0	2414006.0	2461141.0	2168426.0	2190079.0	2898274.0	2546833.0	2198434.0	2199241.0	2904082.0	2923459.0	2167327.0	2921184.0	2173286.0	2921133.0	2472452.0
scaffoldsARL081256	2222682.0	2899877.0	2992579.0	2270153.0	2257701.0	2595633.0	3015548.0	2593214.0	2593813.0	2204740.0	2188288.0	2593419.0	2590148.0	2590283.0	2202510.0	2184045.0	2261068.0	2494268.0	2975166.0	2219198.0	2242930.0	2199463.0	2596129.0	2268074.0	2592479.0	2592360.0	942575.0	2175790.0	2592098.0	2287732.0	2235521.0	2547236.0	2590727.0	2590460.0	2240700.0	1471796.0	2236623.0	2281952.0	2189156.0	2595229.0	2193384.0	2600318.0	2596596.0	2599369.0	2181649.0	2189163.0	2185941.0	2242391.0	2597888.0	2805332.0	2591957.0	2250757.0	2257333.0	2590066.0	2211125.0	2583790.0	2232350.0	2215677.0	2235907.0	2579058.0	2219812.0	2173448.0	2593811.0	2213718.0	2595200.0	2232321.0	2511982.0	2591142.0	2591228.0	2174806.0	2221022.0	2594223.0	2218573.0	2224262.0	2992568.0	2590938.0	2664426.0	2215498.0	2201814.0	2181637.0	2595349.0	2994514.0	2177000.0	2592332.0	2247202.0	3002148.0	2257323.0	2227282.0	2237892.0	2189506.0	2593651.0	2970181.0	2585352.0	2592088.0	2286138.0	2589085.0	2257974.0	2582934.0	2155553.0	2589866.0	2181741.0	2597894.0	2177966.0	2589212.0	2681175.0	2607622.0	2186950.0	2215248.0	2591790.0	2981583.0	2256966.0	2286782.0	2591733.0	2596315.0	2185370.0	2594848.0	2192547.0	2592945.0	2573500.0
scaffoldsARL071328	2209737.0	2506367.0	2552852.0	2242186.0	2225129.0	2913798.0	2547586.0	2930494.0	2911273.0	2206964.0	2178464.0	2909317.0	2890974.0	2894166.0	2207624.0	2155386.0	2205196.0	2716324.0	2546178.0	2194525.0	2230569.0	2205557.0	2512817.0	2237401.0	2918716.0	2901766.0	904290.0	2169631.0	2510748.0	2202488.0	2213025.0	2402650.0	2914874.0	2501429.0	2230568.0	1443824.0	2218943.0	2200267.0	2192213.0	2514146.0	2181323.0	2514016.0	2917825.0	2515752.0	2164040.0	2159602.0	2172916.0	2230774.0	2914623.0	2540331.0	2914343.0	2230204.0	2204537.0	2896266.0	2187215.0	2886761.0	2204036.0	2187312.0	2220196.0	2513834.0	2209687.0	2161259.0	2910345.0	2179830.0	2907431.0	2219786.0	2497135.0	2440064.0	2914371.0	2171523.0	2199140.0	2515141.0	2195769.0	2224000.0	2549332.0	2907264.0	2603946.0	2208667.0	2216619.0	2188116.0	2517119.0	2552318.0	2168767.0	2916405.0	2205996.0	2547558.0	2205987.0	2189655.0	2222013.0	2160097.0	2510292.0	2531458.0	2892886.0	2899669.0	2202608.0	2893920.0	2205609.0	2897404.0	2123646.0	2517459.0	2188410.0	2918318.0	2172589.0	2518328.0	2417977.0	2453188.0	2174418.0	2193515.0	2898275.0	2547211.0	2204940.0	2198216.0	2902414.0	2919921.0	2175302.0	2916340.0	2178297.0	2915624.0	2469635.0
scaffoldsARL071286	2205963.0	2510939.0	2560033.0	2245214.0	2225472.0	2919284.0	2555235.0	2919223.0	2933400.0	2208579.0	2179818.0	2915436.0	2893805.0	2900709.0	2206542.0	2153121.0	2199557.0	2719923.0	2552801.0	2192361.0	2231680.0	2204169.0	2513706.0	2236209.0	2917697.0	2903090.0	903365.0	2168248.0	2513677.0	2203464.0	2214332.0	2405448.0	2916999.0	2502422.0	2230278.0	1455529.0	2219032.0	2199159.0	2189071.0	2514352.0	2185177.0	2517372.0	2921292.0	2517514.0	2162972.0	2155454.0	2171884.0	2232211.0	2919646.0	2543681.0	2917890.0	2227678.0	2196716.0	2898499.0	2183996.0	2887666.0	2205135.0	2185365.0	2218762.0	2518432.0	2203175.0	2159878.0	2910093.0	2181290.0	2914058.0	2218092.0	2501701.0	2444008.0	2913477.0	2172801.0	2194036.0	2515211.0	2191361.0	2222562.0	2554930.0	2909901.0	2609019.0	2208455.0	2218437.0	2185677.0	2516403.0	2557018.0	2165150.0	2913908.0	2202877.0	2554684.0	2199655.0	2186985.0	2218901.0	2154869.0	2514578.0	2537045.0	2898066.0	2900115.0	2201598.0	2897431.0	2198881.0	2896136.0	2121905.0	2519159.0	2186890.0	2918345.0	2170038.0	2520809.0	2421997.0	2456783.0	2173136.0	2189523.0	2897519.0	2551546.0	2199787.0	2199164.0	2903798.0	2919748.0	2171306.0	2918907.0	2183748.0	2917255.0	2474598.0
scaffoldsTV123	2300281.0	2200228.0	2196508.0	2335248.0	2259323.0	2208639.0	2196466.0	2210435.0	2208221.0	2537638.0	2264739.0	2208563.0	2210699.0	2210367.0	2308866.0	2232610.0	2285292.0	2148318.0	2194210.0	2284071.0	2311380.0	2306704.0	2199819.0	2289579.0	2209270.0	2209393.0	782952.0	2267205.0	2201231.0	2267535.0	2276818.0	2161790.0	2210058.0	2223108.0	2305505.0	1432824.0	2281747.0	2264456.0	2279436.0	2199350.0	2270392.0	2203010.0	2208969.0	2197255.0	2039565.0	2234209.0	2329417.0	2307436.0	2213251.0	2199116.0	2209490.0	2335328.0	2281298.0	2208311.0	2268713.0	2208582.0	2232959.0	2277610.0	2281244.0	2200688.0	2302625.0	2278318.0	2209565.0	2286697.0	2205413.0	2281554.0	2173581.0	2175808.0	2207756.0	2464775.0	2278115.0	2199990.0	2284115.0	2267429.0	2196282.0	2209216.0	2227666.0	2274957.0	2220409.0	2238803.0	2202324.0	2198339.0	2275119.0	2208091.0	2252461.0	2196648.0	2287679.0	2293146.0	2329981.0	2237408.0	2200912.0	2185595.0	2207674.0	2207621.0	2265348.0	2207867.0	2286321.0	2209093.0	2158775.0	2204760.0	2278827.0	2208279.0	2316511.0	2204624.0	2187976.0	2191785.0	2330868.0	2282015.0	2210342.0	2195038.0	2284882.0	2268385.0	2208117.0	2210299.0	2326851.0	2209203.0	2267556.0	2208816.0	2155775.0
scaffoldsVV11	2251430.0	2183006.0	2188568.0	2286827.0	2236704.0	2192233.0	2188986.0	2195018.0	2190943.0	2264654.0	2522043.0	2192388.0	2193567.0	2192535.0	2253542.0	2210482.0	2228955.0	2168027.0	2180966.0	2233796.0	2283316.0	2248366.0	2202217.0	2263400.0	2192460.0	2192910.0	798152.0	2381478.0	2204335.0	2283428.0	2259716.0	2156267.0	2190321.0	2196124.0	2284321.0	1410500.0	2273663.0	2279278.0	2231437.0	2204348.0	2483838.0	2206153.0	2194148.0	2202847.0	2047911.0	2211884.0	2252587.0	2283964.0	2194100.0	2195292.0	2193240.0	2255997.0	2213181.0	2191883.0	2221131.0	2189674.0	2189930.0	2222878.0	2275922.0	2199191.0	2251384.0	2421562.0	2195703.0	2270971.0	2192590.0	2272332.0	2168704.0	2155963.0	2193108.0	2264910.0	2232301.0	2204716.0	2239035.0	2218354.0	2187714.0	2194121.0	2206007.0	2209352.0	2229565.0	2239954.0	2206724.0	2189466.0	2379177.0	2191352.0	2276609.0	2189513.0	2220529.0	2223135.0	2258913.0	2215481.0	2205732.0	2174728.0	2192293.0	2191699.0	2282010.0	2192089.0	2227336.0	2191305.0	2179318.0	2207553.0	2232465.0	2194250.0	2244876.0	2205567.0	2161886.0	2175527.0	2251781.0	2235696.0	2194108.0	2186874.0	2219373.0	2282916.0	2193136.0	2194814.0	2252531.0	2193081.0	2502126.0	2192257.0	2147140.0
scaffoldsARL071166	2210392.0	2505756.0	2556950.0	2242821.0	2225602.0	2914201.0	2552977.0	2912918.0	2911060.0	2206785.0	2180298.0	2930306.0	2886710.0	2893564.0	2206092.0	2155610.0	2199592.0	2716563.0	2548010.0	2191652.0	2234144.0	2203855.0	2508569.0	2236793.0	2912509.0	2899346.0	902689.0	2166629.0	2507445.0	2201269.0	2215536.0	2402009.0	2909326.0	2497310.0	2231918.0	1450762.0	2218181.0	2196053.0	2190388.0	2510383.0	2186227.0	2512899.0	2915460.0	2511669.0	2163802.0	2159706.0	2172526.0	2233122.0	2913843.0	2539111.0	2914770.0	2232037.0	2196712.0	2894438.0	2184816.0	2883622.0	2201426.0	2180273.0	2217992.0	2512118.0	2208565.0	2161948.0	2904615.0	2180441.0	2912407.0	2216972.0	2496921.0	2441674.0	2905361.0	2171800.0	2194516.0	2510787.0	2190737.0	2220343.0	2551680.0	2903738.0	2599170.0	2209418.0	2213444.0	2184604.0	2511600.0	2554201.0	2164053.0	2910486.0	2201851.0	2551242.0	2199549.0	2184538.0	2221253.0	2159651.0	2508831.0	2533996.0	2895262.0	2895123.0	2199843.0	2891908.0	2198782.0	2893831.0	2120645.0	2513539.0	2184440.0	2911964.0	2170382.0	2513063.0	2414870.0	2451313.0	2173780.0	2189314.0	2892340.0	2550860.0	2199333.0	2197355.0	2898542.0	2914586.0	2172649.0	2912208.0	2182721.0	2913710.0	2468613.0
scaffoldsARL08391	2201364.0	2500371.0	2544058.0	2235651.0	2224210.0	2893958.0	2542920.0	2898821.0	2893717.0	2203034.0	2172816.0	2890858.0	2926483.0	2889138.0	2198183.0	2149896.0	2199692.0	2712174.0	2545330.0	2197834.0	2230443.0	2195803.0	2504397.0	2236027.0	2893835.0	2893974.0	905601.0	2164618.0	2500180.0	2198026.0	2213258.0	2401313.0	2892856.0	2505513.0	2228362.0	1454681.0	2218136.0	2196599.0	2193483.0	2502187.0	2173350.0	2506818.0	2897700.0	2509346.0	2160440.0	2154704.0	2165653.0	2229487.0	2896445.0	2533625.0	2892433.0	2219298.0	2198843.0	2891129.0	2188771.0	2904813.0	2199654.0	2179814.0	2217926.0	2502892.0	2201068.0	2152545.0	2908621.0	2178862.0	2902400.0	2216730.0	2496926.0	2439389.0	2893267.0	2168122.0	2200399.0	2505492.0	2198462.0	2220224.0	2541116.0	2895033.0	2606852.0	2199760.0	2205635.0	2183781.0	2508676.0	2543596.0	2162117.0	2895234.0	2200398.0	2540606.0	2199511.0	2178349.0	2220139.0	2153647.0	2502551.0	2521579.0	2889149.0	2890948.0	2198199.0	2891139.0	2199398.0	2888301.0	2127456.0	2509556.0	2182480.0	2907097.0	2165236.0	2508909.0	2417237.0	2449892.0	2166976.0	2197365.0	2910933.0	2539157.0	2198248.0	2192990.0	2894655.0	2896801.0	2167692.0	2895417.0	2172086.0	2893478.0	2481880.0
scaffoldsARL0867	2206246.0	2507984.0	2551029.0	2238221.0	2223912.0	2904683.0	2546421.0	2903116.0	2901091.0	2206734.0	2182246.0	2896850.0	2889460.0	2927081.0	2203963.0	2156669.0	2199269.0	2723641.0	2547196.0	2190766.0	2230285.0	2203769.0	2513863.0	2235196.0	2900115.0	2908736.0	902045.0	2168183.0	2513673.0	2201416.0	2212930.0	2402518.0	2899614.0	2500166.0	2230279.0	1456881.0	2222292.0	2197751.0	2187976.0	2515234.0	2183125.0	2517549.0	2904288.0	2514927.0	2158784.0	2160288.0	2171369.0	2231924.0	2906370.0	2537921.0	2899417.0	2226498.0	2199410.0	2903693.0	2182672.0	2887482.0	2206565.0	2185577.0	2225030.0	2514049.0	2207194.0	2165398.0	2892808.0	2181563.0	2895012.0	2222602.0	2500157.0	2436711.0	2903985.0	2168742.0	2197731.0	2515619.0	2191186.0	2220408.0	2547846.0	2900700.0	2602462.0	2208886.0	2212987.0	2186655.0	2517001.0	2551411.0	2167172.0	2900649.0	2202674.0	2549613.0	2200662.0	2187417.0	2220924.0	2161793.0	2515815.0	2526014.0	2903901.0	2905752.0	2203788.0	2898196.0	2198112.0	2902211.0	2116283.0	2519271.0	2184861.0	2904203.0	2170941.0	2518808.0	2420935.0	2448735.0	2172807.0	2188751.0	2898325.0	2543844.0	2201255.0	2198330.0	2908563.0	2900365.0	2171993.0	2902810.0	2180093.0	2899480.0	2470542.0
scaffoldsTV125	2290264.0	2197444.0	2203435.0	2301342.0	2248409.0	2205592.0	2201294.0	2208584.0	2206563.0	2304661.0	2253593.0	2207729.0	2207043.0	2205947.0	2521423.0	2236396.0	2331274.0	2166420.0	2198360.0	2243392.0	2292778.0	2509929.0	2187917.0	2279180.0	2206694.0	2207687.0	818021.0	2235595.0	2188772.0	2303947.0	2276176.0	2144754.0	2206195.0	2190000.0	2291726.0	1440873.0	2262399.0	2299361.0	2240199.0	2188901.0	2252830.0	2192426.0	2209041.0	2188302.0	2064697.0	2242208.0	2281735.0	2292971.0	2208859.0	2204499.0	2207152.0	2321106.0	2321880.0	2205199.0	2230046.0	2207666.0	2228682.0	2304614.0	2264043.0	2189334.0	2287784.0	2227055.0	2210293.0	2244901.0	2207415.0	2265009.0	2170599.0	2159598.0	2206732.0	2280534.0	2238886.0	2189457.0	2242278.0	2257078.0	2202374.0	2208530.0	2207939.0	2249987.0	2250873.0	2235604.0	2192947.0	2203900.0	2236823.0	2205038.0	2249199.0	2200251.0	2329862.0	2269909.0	2309579.0	2241978.0	2187716.0	2186835.0	2204950.0	2204851.0	2300541.0	2205882.0	2331122.0	2204050.0	2148682.0	2194516.0	2244527.0	2206814.0	2268358.0	2194180.0	2187548.0	2177580.0	2281438.0	2240631.0	2208123.0	2201686.0	2326588.0	2306214.0	2207773.0	2209591.0	2278765.0	2208219.0	2251481.0	2206975.0	2153826.0
scaffolds128VP	2315985.0	2169267.0	2160843.0	2276924.0	2248382.0	2161364.0	2159946.0	2161374.0	2162081.0	2246823.0	2211237.0	2163420.0	2161055.0	2162134.0	2249392.0	2525940.0	2253869.0	2124261.0	2157888.0	2216552.0	2263318.0	2247926.0	2161530.0	2245185.0	2161211.0	2163829.0	817494.0	2240407.0	2160804.0	2223015.0	2233397.0	2142157.0	2161919.0	2166330.0	2259431.0	1417853.0	2216764.0	2221412.0	2212052.0	2162172.0	2220037.0	2163259.0	2162833.0	2159204.0	2031365.0	2503192.0	2255456.0	2262373.0	2164713.0	2153295.0	2162319.0	2330676.0	2247567.0	2161794.0	2208089.0	2161668.0	2233162.0	2246334.0	2216693.0	2164337.0	2317191.0	2220972.0	2162300.0	2244302.0	2161548.0	2214465.0	2126337.0	2127410.0	2160562.0	2226641.0	2217849.0	2162049.0	2215236.0	2265268.0	2160574.0	2160859.0	2181863.0	2278808.0	2237297.0	2232821.0	2161536.0	2160884.0	2244998.0	2159073.0	2187583.0	2159491.0	2253784.0	2229528.0	2300383.0	2510621.0	2159812.0	2141866.0	2161900.0	2162070.0	2224252.0	2163459.0	2253465.0	2160132.0	2111357.0	2162986.0	2223725.0	2161140.0	2242225.0	2164864.0	2153851.0	2164783.0	2256419.0	2216484.0	2159135.0	2160972.0	2254903.0	2221678.0	2163281.0	2163363.0	2253109.0	2162365.0	2214227.0	2161755.0	2116501.0
scaffolds118A	2294022.0	2217561.0	2237592.0	2314752.0	2273758.0	2223822.0	2235644.0	2222130.0	2221337.0	2287601.0	2212205.0	2222443.0	2220614.0	2220860.0	2326488.0	2243591.0	2663321.0	2164454.0	2230840.0	2255583.0	2325086.0	2322920.0	2217556.0	2336878.0	2221561.0	2223948.0	836608.0	2222482.0	2219090.0	2323654.0	2303099.0	2148118.0	2222773.0	2224493.0	2325627.0	1443505.0	2271915.0	2320993.0	2234691.0	2220514.0	2214552.0	2222174.0	2223732.0	2220246.0	2052912.0	2245232.0	2260344.0	2326252.0	2223679.0	2227397.0	2222644.0	2317577.0	2581723.0	2223065.0	2247154.0	2216314.0	2262809.0	2314222.0	2272173.0	2217779.0	2293181.0	2200603.0	2221549.0	2265079.0	2221637.0	2271196.0	2179982.0	2193308.0	2220732.0	2252564.0	2251056.0	2219225.0	2253141.0	2288934.0	2236539.0	2221523.0	2247218.0	2271200.0	2223708.0	2242684.0	2218687.0	2237925.0	2224297.0	2221909.0	2269275.0	2235656.0	2614682.0	2315218.0	2327578.0	2248143.0	2219231.0	2221490.0	2220298.0	2223541.0	2321506.0	2222579.0	2602465.0	2219746.0	2169497.0	2222026.0	2291860.0	2222007.0	2247082.0	2224043.0	2196873.0	2199856.0	2262742.0	2251321.0	2221969.0	2235836.0	2611595.0	2328039.0	2222771.0	2224049.0	2258945.0	2223497.0	2208888.0	2222470.0	2169020.0
scaffoldsARL08477	2154437.0	2409615.0	2453543.0	2166495.0	2152351.0	2708497.0	2447677.0	2708422.0	2706745.0	2135385.0	2143309.0	2707654.0	2699396.0	2710286.0	2146565.0	2104732.0	2129847.0	2739787.0	2448215.0	2129364.0	2176135.0	2144551.0	2421757.0	2164441.0	2706857.0	2714556.0	867697.0	2127271.0	2421030.0	2159052.0	2172638.0	2394173.0	2707847.0	2397162.0	2174492.0	1422819.0	2152993.0	2153645.0	2126829.0	2423013.0	2143642.0	2422985.0	2710335.0	2421508.0	2093392.0	2106850.0	2133285.0	2175417.0	2709081.0	2441444.0	2705789.0	2158672.0	2127978.0	2710050.0	2119431.0	2697179.0	2135074.0	2138075.0	2155530.0	2419698.0	2152512.0	2124148.0	2704791.0	2143400.0	2704103.0	2153402.0	2408357.0	2379294.0	2706135.0	2132143.0	2132156.0	2424567.0	2128685.0	2146878.0	2449410.0	2703833.0	2489694.0	2138093.0	2168274.0	2146274.0	2422851.0	2452147.0	2127889.0	2708561.0	2151833.0	2450687.0	2128353.0	2115223.0	2149746.0	2106631.0	2420479.0	2429619.0	2712052.0	2708784.0	2156147.0	2704009.0	2129002.0	2710410.0	2115430.0	2424231.0	2117305.0	2706468.0	2131790.0	2424635.0	2386032.0	2397239.0	2134664.0	2126910.0	2705952.0	2447021.0	2127368.0	2154395.0	2713620.0	2709127.0	2134640.0	2706590.0	2141870.0	2707355.0	2377924.0
scaffoldsARL091374	2214815.0	2886863.0	2978702.0	2263601.0	2259059.0	2591607.0	2977031.0	2591221.0	2589403.0	2196917.0	2188460.0	2587884.0	2592342.0	2586669.0	2196703.0	2178679.0	2251733.0	2491584.0	3013568.0	2215160.0	2238820.0	2195199.0	2585754.0	2269543.0	2589462.0	2588054.0	932763.0	2173607.0	2588827.0	2285412.0	2230675.0	2536332.0	2591683.0	2589864.0	2236835.0	1465777.0	2232494.0	2279219.0	2190375.0	2587603.0	2194020.0	2589862.0	2593246.0	2591180.0	2182118.0	2180914.0	2178842.0	2238930.0	2592795.0	2802691.0	2590855.0	2237790.0	2250900.0	2587220.0	2209163.0	2588401.0	2234097.0	2209554.0	2234755.0	2570662.0	2214130.0	2174975.0	2597043.0	2203043.0	2598479.0	2228122.0	2514054.0	2584293.0	2588904.0	2164539.0	2220351.0	2589125.0	2216514.0	2218166.0	2979295.0	2588039.0	2651877.0	2211898.0	2201529.0	2180868.0	2587632.0	2981881.0	2174664.0	2590913.0	2245480.0	2979230.0	2250113.0	2218689.0	2229021.0	2182488.0	2585507.0	2958568.0	2584905.0	2586549.0	2283232.0	2584400.0	2249711.0	2579684.0	2149815.0	2583666.0	2184295.0	2601131.0	2171469.0	2584144.0	2666300.0	2599267.0	2180162.0	2213592.0	2596618.0	2974997.0	2250426.0	2284510.0	2586743.0	2591945.0	2180665.0	2589600.0	2187715.0	2587681.0	2562692.0
scaffoldsTV20	2280252.0	2197223.0	2219551.0	2338014.0	2276035.0	2211438.0	2216560.0	2214235.0	2211583.0	2298838.0	2249733.0	2214561.0	2211919.0	2211169.0	2256576.0	2210101.0	2263731.0	2161218.0	2211075.0	2560532.0	2305812.0	2254370.0	2207464.0	2306249.0	2211333.0	2213759.0	793394.0	2248751.0	2209342.0	2247925.0	2270656.0	2145262.0	2210830.0	2216750.0	2303569.0	1455717.0	2277837.0	2244075.0	2510966.0	2211186.0	2253385.0	2212579.0	2213818.0	2208982.0	2057256.0	2211375.0	2276312.0	2303235.0	2215202.0	2219939.0	2213449.0	2303411.0	2258067.0	2212366.0	2518122.0	2212075.0	2242183.0	2273271.0	2280592.0	2212322.0	2278798.0	2242292.0	2213124.0	2282806.0	2211935.0	2275062.0	2177023.0	2159740.0	2212414.0	2257502.0	2524337.0	2208797.0	2539480.0	2268180.0	2216829.0	2213032.0	2215565.0	2244522.0	2224325.0	2292917.0	2209513.0	2218369.0	2254217.0	2209770.0	2258560.0	2216439.0	2269332.0	2291677.0	2285942.0	2214806.0	2210080.0	2205942.0	2210914.0	2210818.0	2248156.0	2211332.0	2263071.0	2210914.0	2388522.0	2216368.0	2421660.0	2211528.0	2259963.0	2215304.0	2173531.0	2179753.0	2277653.0	2543744.0	2211967.0	2218959.0	2266051.0	2252849.0	2213109.0	2213623.0	2272835.0	2213165.0	2253635.0	2210528.0	2160885.0
scaffoldsTV71	2335542.0	2220303.0	2232370.0	2346699.0	2286096.0	2241767.0	2232187.0	2242518.0	2240224.0	2341537.0	2292852.0	2242129.0	2241710.0	2241149.0	2319824.0	2270562.0	2327422.0	2196402.0	2227578.0	2318218.0	2659615.0	2315916.0	2218146.0	2317770.0	2241249.0	2242513.0	805719.0	2319907.0	2219846.0	2334041.0	2599100.0	2157373.0	2239191.0	2232348.0	2645418.0	1443398.0	2319475.0	2330738.0	2303166.0	2219416.0	2296415.0	2223089.0	2242833.0	2216614.0	2122609.0	2274368.0	2316010.0	2652305.0	2245148.0	2232670.0	2242038.0	2368154.0	2319212.0	2240416.0	2300047.0	2236512.0	2263339.0	2321371.0	2321364.0	2219192.0	2335720.0	2297764.0	2242589.0	2326129.0	2241938.0	2317847.0	2198965.0	2174580.0	2242292.0	2317201.0	2310174.0	2220475.0	2314706.0	2459711.0	2231088.0	2242048.0	2239764.0	2293023.0	2250100.0	2306935.0	2223520.0	2232828.0	2318213.0	2240249.0	2284017.0	2232252.0	2331560.0	2308714.0	2319853.0	2276423.0	2221984.0	2216036.0	2240182.0	2241116.0	2332039.0	2239859.0	2327372.0	2240168.0	2203531.0	2223750.0	2295061.0	2241257.0	2303943.0	2224542.0	2191734.0	2201857.0	2317767.0	2316317.0	2243237.0	2229713.0	2329831.0	2329856.0	2240598.0	2243565.0	2319236.0	2242049.0	2294369.0	2241418.0	2186259.0
scaffoldsTV98	2286700.0	2198189.0	2205563.0	2299645.0	2246071.0	2204938.0	2203201.0	2209912.0	2205890.0	2307890.0	2253725.0	2207160.0	2206690.0	2207554.0	2515134.0	2234395.0	2328388.0	2167515.0	2203473.0	2244945.0	2294039.0	2525548.0	2183454.0	2279777.0	2208641.0	2207225.0	825813.0	2234563.0	2186587.0	2300225.0	2277736.0	2142764.0	2207001.0	2194867.0	2294305.0	1446275.0	2267048.0	2296272.0	2239409.0	2186068.0	2249582.0	2187733.0	2208795.0	2183918.0	2070299.0	2237502.0	2283094.0	2295179.0	2209881.0	2205586.0	2208673.0	2323413.0	2321962.0	2205829.0	2230144.0	2208180.0	2227051.0	2306181.0	2267794.0	2184665.0	2287485.0	2227124.0	2208810.0	2251537.0	2206832.0	2265414.0	2171171.0	2162249.0	2206937.0	2282337.0	2240776.0	2186516.0	2246133.0	2254904.0	2205234.0	2208729.0	2207013.0	2253347.0	2252186.0	2235837.0	2188937.0	2206862.0	2237196.0	2205350.0	2251854.0	2203512.0	2329772.0	2272823.0	2311537.0	2239383.0	2185642.0	2188047.0	2205849.0	2204523.0	2298911.0	2205013.0	2329238.0	2205065.0	2150086.0	2190568.0	2246950.0	2208000.0	2274020.0	2189626.0	2187124.0	2177626.0	2284437.0	2243625.0	2208691.0	2203768.0	2326505.0	2302474.0	2206589.0	2209017.0	2283206.0	2206942.0	2247928.0	2206437.0	2154745.0
scaffoldsARL08804	2204295.0	2576552.0	2588088.0	2273350.0	2279096.0	2531675.0	2586507.0	2534116.0	2528585.0	2213054.0	2191164.0	2529223.0	2520441.0	2530169.0	2191893.0	2158424.0	2229529.0	2438885.0	2582712.0	2220683.0	2202989.0	2188916.0	3049817.0	2291991.0	2532453.0	2528391.0	859566.0	2184894.0	3025763.0	2233130.0	2191818.0	2443501.0	2530456.0	2530442.0	2202812.0	1470781.0	2226246.0	2231598.0	2201587.0	3026139.0	2193172.0	3034346.0	2534617.0	3021912.0	2187101.0	2162768.0	2172889.0	2201791.0	2534313.0	2536135.0	2529578.0	2241904.0	2232919.0	2527694.0	2208368.0	2523128.0	2220761.0	2181509.0	2227599.0	3009175.0	2204679.0	2183315.0	2527713.0	2182089.0	2527100.0	2226519.0	2647956.0	2488755.0	2532803.0	2174521.0	2221138.0	3028081.0	2222034.0	2200618.0	2586140.0	2531492.0	2555364.0	2217968.0	2184137.0	2178880.0	3028224.0	2591095.0	2183294.0	2530156.0	2219588.0	2590499.0	2225744.0	2189068.0	2236996.0	2163144.0	3028612.0	2569075.0	2526636.0	2528219.0	2233865.0	2528587.0	2228824.0	2528785.0	2144524.0	3020149.0	2207017.0	2533459.0	2171086.0	3022224.0	2494919.0	2509161.0	2172857.0	2220887.0	2521371.0	2581997.0	2224193.0	2228197.0	2531635.0	2534349.0	2172294.0	2532867.0	2190890.0	2529802.0	2439045.0
scaffoldsTV21	2314596.0	2261657.0	2245977.0	2552458.0	2617749.0	2244460.0	2245581.0	2247827.0	2244241.0	2303585.0	2260457.0	2244386.0	2250205.0	2246310.0	2282801.0	2242383.0	2331329.0	2191419.0	2243264.0	2292762.0	2305761.0	2278282.0	2272405.0	2699663.0	2246188.0	2246074.0	822135.0	2262506.0	2273940.0	2302205.0	2282813.0	2207038.0	2245561.0	2246605.0	2305383.0	1473750.0	2265178.0	2296476.0	2299206.0	2273184.0	2267738.0	2273668.0	2247122.0	2272717.0	2103224.0	2241270.0	2248861.0	2306165.0	2248937.0	2238581.0	2246979.0	2333533.0	2319218.0	2243558.0	2295015.0	2251265.0	2283326.0	2282068.0	2267721.0	2273236.0	2313747.0	2265059.0	2252759.0	2282483.0	2254139.0	2263579.0	2247793.0	2221593.0	2245936.0	2259299.0	2304845.0	2274428.0	2294643.0	2283960.0	2245171.0	2246817.0	2260743.0	2245477.0	2243107.0	2296884.0	2273943.0	2249393.0	2271374.0	2244771.0	2258333.0	2247081.0	2333920.0	2280650.0	2314731.0	2245729.0	2269890.0	2233290.0	2245887.0	2244380.0	2302305.0	2244400.0	2329159.0	2244961.0	2201876.0	2275911.0	2331707.0	2255130.0	2239181.0	2277100.0	2256655.0	2233950.0	2250836.0	2292043.0	2251006.0	2244010.0	2333244.0	2304525.0	2245639.0	2247387.0	2248640.0	2245683.0	2264606.0	2244647.0	2231598.0
scaffoldsARL071198	2211571.0	2505000.0	2551952.0	2245722.0	2227772.0	2918095.0	2545802.0	2922919.0	2913206.0	2208349.0	2179517.0	2913443.0	2890360.0	2896332.0	2209688.0	2158869.0	2209389.0	2716763.0	2545530.0	2195712.0	2232244.0	2208513.0	2513502.0	2240891.0	2933378.0	2901270.0	904257.0	2168486.0	2511821.0	2202155.0	2214902.0	2404568.0	2917378.0	2502701.0	2232523.0	1449785.0	2221030.0	2198955.0	2193770.0	2515434.0	2183424.0	2514548.0	2919285.0	2515883.0	2167740.0	2161994.0	2174224.0	2232726.0	2916019.0	2538167.0	2917754.0	2232469.0	2207916.0	2897491.0	2188644.0	2886835.0	2205939.0	2193295.0	2221951.0	2514901.0	2212311.0	2161866.0	2909735.0	2180197.0	2911375.0	2221530.0	2499463.0	2443295.0	2916389.0	2172976.0	2201534.0	2515393.0	2197897.0	2223328.0	2548350.0	2909566.0	2602038.0	2208556.0	2219995.0	2188598.0	2517165.0	2551643.0	2166517.0	2917617.0	2206941.0	2547227.0	2208356.0	2190898.0	2222322.0	2163881.0	2510996.0	2530882.0	2896473.0	2901757.0	2202550.0	2897121.0	2208104.0	2897558.0	2126047.0	2518665.0	2189121.0	2923071.0	2173633.0	2519448.0	2421165.0	2454595.0	2175720.0	2195130.0	2900975.0	2546033.0	2208115.0	2197678.0	2901602.0	2924180.0	2176488.0	2916156.0	2179136.0	2921031.0	2471165.0
scaffoldsARL0843	2208145.0	2504201.0	2548376.0	2238615.0	2224737.0	2901428.0	2543406.0	2904668.0	2896526.0	2201654.0	2178386.0	2896943.0	2888210.0	2901131.0	2199372.0	2150924.0	2201849.0	2721730.0	2540843.0	2195434.0	2229085.0	2197363.0	2505720.0	2233760.0	2900042.0	2919118.0	897325.0	2166398.0	2504267.0	2202939.0	2211489.0	2403671.0	2896429.0	2495520.0	2226668.0	1442812.0	2217963.0	2198702.0	2191079.0	2506683.0	2181375.0	2511056.0	2901702.0	2508587.0	2155775.0	2154783.0	2172747.0	2229529.0	2899099.0	2534769.0	2896858.0	2224281.0	2197985.0	2901983.0	2186398.0	2884640.0	2203645.0	2182887.0	2217725.0	2508349.0	2206230.0	2162698.0	2892426.0	2177018.0	2892463.0	2217600.0	2490828.0	2435647.0	2898700.0	2169526.0	2197109.0	2509320.0	2193826.0	2218921.0	2544931.0	2895082.0	2599659.0	2210847.0	2210810.0	2181873.0	2509522.0	2546213.0	2164007.0	2901210.0	2202589.0	2542343.0	2201620.0	2186406.0	2217486.0	2155511.0	2505312.0	2525973.0	2898796.0	2906400.0	2201918.0	2894391.0	2201164.0	2900450.0	2124217.0	2513004.0	2183996.0	2901094.0	2170582.0	2511504.0	2413978.0	2447295.0	2174377.0	2192558.0	2897141.0	2541908.0	2200123.0	2200169.0	2908424.0	2903930.0	2172903.0	2899845.0	2178679.0	2900115.0	2464552.0
scaffoldsARL09542	798489.0	877206.0	896135.0	815063.0	803074.0	907953.0	895007.0	907873.0	907828.0	781854.0	779137.0	907535.0	901535.0	907920.0	794832.0	793794.0	822647.0	880705.0	892646.0	789651.0	802026.0	793036.0	848973.0	804108.0	906664.0	909854.0	3453410.0	784552.0	850981.0	820285.0	802077.0	871254.0	909156.0	884600.0	800550.0	814298.0	781336.0	818434.0	779078.0	853077.0	784487.0	853469.0	908026.0	853051.0	810835.0	794121.0	814645.0	801547.0	907126.0	874643.0	905744.0	809116.0	818893.0	909043.0	789750.0	896619.0	805667.0	796512.0	782306.0	853552.0	796510.0	783075.0	905213.0	789560.0	908995.0	779819.0	852178.0	900683.0	908111.0	790221.0	788836.0	851959.0	787923.0	788449.0	896069.0	907819.0	910442.0	803028.0	788318.0	785127.0	852166.0	895517.0	786889.0	908689.0	808986.0	893955.0	822113.0	803384.0	802889.0	794020.0	850237.0	892976.0	907049.0	908970.0	818840.0	905282.0	822117.0	905884.0	774216.0	852271.0	782373.0	906198.0	810984.0	852815.0	862268.0	909260.0	814670.0	785639.0	903964.0	894141.0	822617.0	820255.0	907548.0	909180.0	814079.0	908495.0	781745.0	906893.0	863129.0
scaffoldsTV97	2265422.0	2184621.0	2180277.0	2290442.0	2236163.0	2167046.0	2178325.0	2167650.0	2168382.0	2273113.0	2373992.0	2168152.0	2168223.0	2168183.0	2242497.0	2242215.0	2235543.0	2141000.0	2176396.0	2231994.0	2296730.0	2240164.0	2190094.0	2264385.0	2166087.0	2167947.0	809403.0	2532751.0	2190979.0	2262088.0	2269782.0	2138527.0	2167792.0	2188086.0	2291660.0	1448945.0	2304638.0	2258158.0	2225967.0	2191101.0	2370946.0	2194565.0	2168175.0	2188671.0	2045864.0	2244484.0	2260583.0	2294512.0	2172253.0	2183515.0	2167784.0	2276750.0	2232779.0	2167903.0	2217831.0	2168268.0	2209408.0	2223807.0	2304658.0	2186196.0	2265138.0	2399305.0	2166836.0	2280843.0	2167155.0	2304548.0	2150956.0	2143516.0	2166213.0	2265512.0	2225974.0	2191738.0	2232842.0	2239334.0	2179479.0	2165122.0	2194132.0	2214591.0	2206053.0	2239587.0	2193194.0	2181229.0	2515019.0	2164042.0	2263607.0	2179377.0	2234729.0	2226343.0	2267295.0	2244734.0	2191314.0	2166652.0	2166015.0	2165599.0	2259587.0	2166326.0	2233980.0	2163811.0	2160955.0	2190816.0	2236490.0	2166904.0	2246062.0	2189924.0	2159005.0	2167623.0	2259904.0	2232070.0	2167423.0	2178374.0	2234677.0	2261718.0	2166646.0	2168149.0	2255338.0	2166916.0	2373801.0	2165856.0	2138323.0
scaffoldsARL081292	2205728.0	2571078.0	2584770.0	2273638.0	2274917.0	2529602.0	2582438.0	2532503.0	2528672.0	2217082.0	2194662.0	2528067.0	2519211.0	2529320.0	2194618.0	2157626.0	2226012.0	2437942.0	2579093.0	2218607.0	2205846.0	2191901.0	3028299.0	2288013.0	2530838.0	2527254.0	863000.0	2185930.0	3041575.0	2235429.0	2194073.0	2444036.0	2528589.0	2527410.0	2205273.0	1474747.0	2224031.0	2235114.0	2200024.0	3026493.0	2196062.0	3029246.0	2533265.0	3017615.0	2189434.0	2162357.0	2175799.0	2203723.0	2534059.0	2532653.0	2529467.0	2243779.0	2229706.0	2525886.0	2208005.0	2521431.0	2221516.0	2182355.0	2225984.0	3002943.0	2206217.0	2184893.0	2524785.0	2182483.0	2527051.0	2225455.0	2643101.0	2488736.0	2530466.0	2175934.0	2220063.0	3021646.0	2219068.0	2200109.0	2582692.0	2529238.0	2553218.0	2216637.0	2184946.0	2180865.0	3023267.0	2586743.0	2185797.0	2528714.0	2221576.0	2585704.0	2222465.0	2190899.0	2241131.0	2161804.0	3024207.0	2565093.0	2524335.0	2527011.0	2234919.0	2527183.0	2224401.0	2527297.0	2141194.0	3014997.0	2206122.0	2531961.0	2174983.0	3015918.0	2494363.0	2509319.0	2176459.0	2218946.0	2520631.0	2579334.0	2221321.0	2230076.0	2529740.0	2532060.0	2175849.0	2530335.0	2194148.0	2528547.0	2438664.0
scaffolds071107	2300490.0	2269156.0	2270656.0	2339830.0	2294556.0	2221478.0	2265652.0	2223201.0	2222621.0	2298736.0	2290903.0	2223723.0	2223629.0	2219645.0	2309264.0	2223064.0	2328477.0	2183942.0	2264083.0	2259996.0	2326781.0	2306071.0	2234603.0	2325956.0	2222137.0	2223969.0	834204.0	2276905.0	2236954.0	2593312.0	2312407.0	2211738.0	2223809.0	2225556.0	2329337.0	1439979.0	2313785.0	2572441.0	2245757.0	2233620.0	2291773.0	2238666.0	2223008.0	2235015.0	2072349.0	2222866.0	2285613.0	2329687.0	2224280.0	2262220.0	2223940.0	2298924.0	2318894.0	2220747.0	2247959.0	2217694.0	2260405.0	2312748.0	2314905.0	2237417.0	2299017.0	2275793.0	2222533.0	2277654.0	2223306.0	2312462.0	2203166.0	2237217.0	2220628.0	2287018.0	2255857.0	2237649.0	2257775.0	2271065.0	2270517.0	2221192.0	2264229.0	2228466.0	2264614.0	2242032.0	2237449.0	2270160.0	2275303.0	2220991.0	2332264.0	2267605.0	2325548.0	2287471.0	2302764.0	2228143.0	2234016.0	2254492.0	2220835.0	2221118.0	2573212.0	2219919.0	2323469.0	2221466.0	2180793.0	2240514.0	2230106.0	2220936.0	2269427.0	2242040.0	2249744.0	2255073.0	2285880.0	2256807.0	2221943.0	2270189.0	2323998.0	2572455.0	2221240.0	2224606.0	2283229.0	2222200.0	2290896.0	2221894.0	2177752.0
scaffoldsTV92	2295770.0	2215170.0	2224353.0	2318936.0	2285946.0	2224718.0	2225250.0	2225541.0	2223206.0	2309862.0	2264869.0	2225491.0	2224994.0	2223924.0	2303649.0	2251037.0	2311775.0	2194202.0	2219390.0	2284263.0	2598018.0	2300111.0	2208561.0	2304407.0	2224302.0	2226086.0	812791.0	2295898.0	2210338.0	2317661.0	2627666.0	2156510.0	2221922.0	2227916.0	2602027.0	1441997.0	2302032.0	2314841.0	2272982.0	2210656.0	2269550.0	2213441.0	2226418.0	2208246.0	2123413.0	2248582.0	2286267.0	2603025.0	2227990.0	2225821.0	2225803.0	2343318.0	2305456.0	2224882.0	2267108.0	2220888.0	2258900.0	2291085.0	2301598.0	2209531.0	2296885.0	2272588.0	2224735.0	2308199.0	2224625.0	2299081.0	2196103.0	2167877.0	2225356.0	2293449.0	2279732.0	2211172.0	2283344.0	2450909.0	2222905.0	2226235.0	2233850.0	2271688.0	2241681.0	2279858.0	2213223.0	2226574.0	2297516.0	2224631.0	2266666.0	2225246.0	2310014.0	2275800.0	2284917.0	2253104.0	2211215.0	2209732.0	2223752.0	2224778.0	2316699.0	2224472.0	2311167.0	2221545.0	2196765.0	2215814.0	2269909.0	2224652.0	2274394.0	2215060.0	2185827.0	2197667.0	2286674.0	2283089.0	2224344.0	2223161.0	2307987.0	2314826.0	2222663.0	2226192.0	2285957.0	2225848.0	2267174.0	2225889.0	2176245.0
E_faecium_reference_sequence	2136486.0	2570830.0	2542955.0	2218715.0	2205994.0	2440881.0	2549965.0	2438482.0	2438942.0	2151335.0	2144049.0	2429546.0	2438034.0	2437854.0	2131748.0	2124005.0	2154352.0	2446695.0	2534990.0	2133275.0	2132461.0	2130406.0	2471140.0	2203225.0	2440926.0	2440436.0	934337.0	2122462.0	2469580.0	2200569.0	2128950.0	2933268.0	2437425.0	2484499.0	2132893.0	1448895.0	2157596.0	2196649.0	2123849.0	2467967.0	2142946.0	2473406.0	2441354.0	2471835.0	2077026.0	2129559.0	2140805.0	2126932.0	2440421.0	2435859.0	2427603.0	2130114.0	2156194.0	2439145.0	2118499.0	2440862.0	2157207.0	2155069.0	2155739.0	2474166.0	2135322.0	2135509.0	2439447.0	2145789.0	2441176.0	2153148.0	2414507.0	2470424.0	2439645.0	2146744.0	2127351.0	2468499.0	2132273.0	2119969.0	2542414.0	2435857.0	2612549.0	2119516.0	2161820.0	2131210.0	2472496.0	2541383.0	2119498.0	2436427.0	2189167.0	2546852.0	2152247.0	2135526.0	2132917.0	2129945.0	2467269.0	2529898.0	2437816.0	2439188.0	2198396.0	2440872.0	2155530.0	2439344.0	2129933.0	2469936.0	2123031.0	2439884.0	2135802.0	2473829.0	2565919.0	2515657.0	2141781.0	2131517.0	2440872.0	2541270.0	2149484.0	2200941.0	2438660.0	2441509.0	2137566.0	2441425.0	2147177.0	2442518.0	2471971.0
scaffoldsARL071300	2199945.0	2503936.0	2549705.0	2240170.0	2219202.0	2917723.0	2544798.0	2919596.0	2916092.0	2204752.0	2168161.0	2911633.0	2891741.0	2896750.0	2201178.0	2148178.0	2198874.0	2718953.0	2547419.0	2195761.0	2226719.0	2199504.0	2510540.0	2233461.0	2918273.0	2897682.0	914580.0	2162491.0	2509271.0	2201422.0	2210658.0	2403384.0	2933278.0	2500971.0	2226867.0	1454727.0	2214272.0	2198197.0	2193434.0	2513031.0	2171902.0	2512237.0	2919535.0	2514418.0	2167319.0	2151980.0	2168140.0	2227647.0	2915931.0	2538265.0	2917057.0	2223323.0	2197688.0	2899999.0	2187787.0	2886601.0	2200221.0	2183209.0	2216709.0	2512230.0	2198941.0	2148271.0	2909419.0	2176394.0	2910434.0	2215176.0	2497557.0	2443597.0	2912374.0	2167763.0	2199427.0	2511627.0	2196151.0	2217430.0	2546650.0	2908380.0	2601495.0	2201791.0	2216405.0	2183543.0	2513519.0	2551257.0	2161332.0	2916684.0	2203683.0	2546062.0	2198574.0	2179271.0	2215463.0	2151996.0	2507447.0	2528709.0	2893800.0	2896796.0	2201307.0	2894346.0	2198173.0	2895450.0	2123031.0	2516222.0	2188460.0	2917351.0	2166663.0	2516638.0	2419994.0	2455104.0	2169716.0	2193761.0	2897278.0	2544560.0	2197745.0	2196266.0	2901553.0	2920413.0	2169050.0	2914609.0	2169623.0	2916762.0	2474946.0
scaffoldsAR01139	2191337.0	2546039.0	2572014.0	2260656.0	2246399.0	2510441.0	2571507.0	2514053.0	2510869.0	2222907.0	2188866.0	2506637.0	2511867.0	2509957.0	2190411.0	2173620.0	2231069.0	2421291.0	2572487.0	2209356.0	2241157.0	2187604.0	2507270.0	2259472.0	2510765.0	2509212.0	912047.0	2179441.0	2508029.0	2239028.0	2234464.0	2459588.0	2512257.0	2900747.0	2238508.0	1458731.0	2190489.0	2234753.0	2182736.0	2511043.0	2190563.0	2509546.0	2514594.0	2511971.0	2133065.0	2175129.0	2179742.0	2241981.0	2510992.0	2500983.0	2510568.0	2221569.0	2229845.0	2507177.0	2201049.0	2513155.0	2227363.0	2207909.0	2192386.0	2503979.0	2191052.0	2173355.0	2516526.0	2196810.0	2515993.0	2188739.0	2454080.0	2491119.0	2512369.0	2185286.0	2211645.0	2507755.0	2208715.0	2205961.0	2572577.0	2510534.0	2661060.0	2200789.0	2183095.0	2154062.0	2509440.0	2576037.0	2177991.0	2511183.0	2219561.0	2573948.0	2228345.0	2166254.0	2215382.0	2175707.0	2503122.0	2573567.0	2506945.0	2507245.0	2240124.0	2504126.0	2229893.0	2505906.0	2150531.0	2511869.0	2187905.0	2521993.0	2170761.0	2513722.0	2434736.0	2482358.0	2179815.0	2206601.0	2517196.0	2569545.0	2227316.0	2235304.0	2508060.0	2512822.0	2180195.0	2511747.0	2190069.0	2509918.0	2525168.0
scaffoldsTV43	2337152.0	2221809.0	2229017.0	2346630.0	2290162.0	2240925.0	2228022.0	2242362.0	2239843.0	2338187.0	2288839.0	2241961.0	2239901.0	2240601.0	2318615.0	2264420.0	2332429.0	2198418.0	2224682.0	2320460.0	2645978.0	2316724.0	2219127.0	2319534.0	2241421.0	2241777.0	813470.0	2313686.0	2222348.0	2336364.0	2602124.0	2156741.0	2238890.0	2231841.0	2667148.0	1447742.0	2314442.0	2330939.0	2309585.0	2222391.0	2292951.0	2222649.0	2241890.0	2218262.0	2123103.0	2265531.0	2315450.0	2645202.0	2243803.0	2234449.0	2242464.0	2367127.0	2323460.0	2239370.0	2304137.0	2235359.0	2267661.0	2320683.0	2318351.0	2221399.0	2337432.0	2290384.0	2241878.0	2324574.0	2240923.0	2314112.0	2199424.0	2178896.0	2242040.0	2314969.0	2316305.0	2221287.0	2319323.0	2456520.0	2227485.0	2241644.0	2238624.0	2292639.0	2254207.0	2308737.0	2224026.0	2231678.0	2314201.0	2239190.0	2281472.0	2230213.0	2335653.0	2308659.0	2320711.0	2270015.0	2223188.0	2213538.0	2242001.0	2239822.0	2332532.0	2239548.0	2330672.0	2238990.0	2204452.0	2224895.0	2299603.0	2242198.0	2303008.0	2225995.0	2189735.0	2203180.0	2314921.0	2319383.0	2240479.0	2227176.0	2335670.0	2330897.0	2239694.0	2243032.0	2315229.0	2241656.0	2288756.0	2241049.0	2183739.0
scaffoldsVV15	1418649.0	1464801.0	1460197.0	1464748.0	1456274.0	1454760.0	1459380.0	1454021.0	1455173.0	1420663.0	1403476.0	1454488.0	1453394.0	1454344.0	1429676.0	1413017.0	1431911.0	1428324.0	1459745.0	1439486.0	1429675.0	1427813.0	1443832.0	1456766.0	1453098.0	1454841.0	812545.0	1428172.0	1446384.0	1431292.0	1428702.0	1421904.0	1454464.0	1444980.0	1429740.0	3035194.0	1434537.0	1426967.0	1441425.0	1445824.0	1411500.0	1447920.0	1453734.0	1447146.0	1469095.0	1414359.0	1391705.0	1429703.0	1456273.0	1461315.0	1453241.0	1437707.0	1423916.0	1453742.0	1431476.0	1454225.0	1440172.0	1409728.0	1435296.0	1452549.0	1417022.0	1416471.0	1452598.0	1418711.0	1455748.0	1433064.0	1431935.0	1444037.0	1452950.0	1394628.0	1439558.0	1443626.0	1437474.0	1439573.0	1460109.0	1452937.0	1463336.0	1410758.0	1407245.0	1404047.0	1446477.0	1461391.0	1429247.0	1452465.0	1417593.0	1458413.0	1433175.0	1416738.0	1424290.0	1411982.0	1445949.0	1453815.0	1454036.0	1453844.0	1431488.0	1452128.0	1429208.0	1450964.0	1394541.0	1449168.0	1436291.0	1453768.0	1383756.0	1451122.0	1450670.0	1450717.0	1392723.0	1438312.0	1453981.0	1459603.0	1432820.0	1431288.0	1452865.0	1454992.0	1389491.0	1454244.0	1408716.0	1454253.0	1440628.0
scaffoldsTV18	2261538.0	2241051.0	2230118.0	2272621.0	2228441.0	2215273.0	2228692.0	2217740.0	2215217.0	2270940.0	2257226.0	2216859.0	2215297.0	2214587.0	2251372.0	2196471.0	2263312.0	2163124.0	2224457.0	2248763.0	2283516.0	2250474.0	2201685.0	2255236.0	2216504.0	2216644.0	801146.0	2297289.0	2202225.0	2299944.0	2262882.0	2174441.0	2216810.0	2186652.0	2285472.0	1457797.0	2567082.0	2295732.0	2239599.0	2204090.0	2265266.0	2204808.0	2217419.0	2201146.0	2078896.0	2199244.0	2251439.0	2284623.0	2220457.0	2235051.0	2218375.0	2293554.0	2263826.0	2216174.0	2231851.0	2216963.0	2234026.0	2232947.0	2558599.0	2205506.0	2261217.0	2261555.0	2216726.0	2255898.0	2214693.0	2556347.0	2184468.0	2192695.0	2214650.0	2250303.0	2237024.0	2197973.0	2249872.0	2244801.0	2229552.0	2215624.0	2249092.0	2220302.0	2238162.0	2224754.0	2200443.0	2230235.0	2294477.0	2213611.0	2296577.0	2227647.0	2260745.0	2273703.0	2248608.0	2201310.0	2202452.0	2211390.0	2214387.0	2214630.0	2299298.0	2216176.0	2263468.0	2213931.0	2158465.0	2207305.0	2232374.0	2216050.0	2236514.0	2209687.0	2220954.0	2233426.0	2251720.0	2248372.0	2216709.0	2229675.0	2258177.0	2306126.0	2214078.0	2217835.0	2247275.0	2217536.0	2261341.0	2216820.0	2161673.0
scaffolds070381	2299072.0	2270631.0	2275236.0	2330776.0	2285188.0	2226646.0	2271789.0	2229549.0	2225498.0	2294406.0	2287844.0	2225974.0	2228845.0	2225581.0	2310233.0	2218455.0	2329090.0	2188332.0	2270273.0	2256557.0	2328731.0	2306365.0	2242796.0	2319727.0	2227448.0	2226452.0	838508.0	2276160.0	2245605.0	2575328.0	2311830.0	2209912.0	2228192.0	2234758.0	2329241.0	1444699.0	2312363.0	2593962.0	2242909.0	2242351.0	2283976.0	2244408.0	2228039.0	2242784.0	2078184.0	2221853.0	2277972.0	2330393.0	2229896.0	2267430.0	2229363.0	2300968.0	2321588.0	2226393.0	2246254.0	2223697.0	2266813.0	2308271.0	2314048.0	2243731.0	2297511.0	2269971.0	2227743.0	2276001.0	2226803.0	2312837.0	2213530.0	2243318.0	2227348.0	2283678.0	2256662.0	2244072.0	2256022.0	2268762.0	2273435.0	2225969.0	2273737.0	2222223.0	2263296.0	2238811.0	2244680.0	2275842.0	2273982.0	2226924.0	2328025.0	2272629.0	2324452.0	2286867.0	2309335.0	2223010.0	2242838.0	2258015.0	2225078.0	2225125.0	2572830.0	2227526.0	2324638.0	2226600.0	2179440.0	2247853.0	2229606.0	2228709.0	2266868.0	2249447.0	2250809.0	2259379.0	2279324.0	2256955.0	2228594.0	2273924.0	2323299.0	2567885.0	2228201.0	2228593.0	2279977.0	2227104.0	2285235.0	2226853.0	2178745.0
scaffoldsTV78	2270590.0	2192177.0	2197630.0	2333190.0	2287869.0	2203961.0	2194637.0	2204820.0	2201768.0	2295861.0	2240362.0	2205273.0	2204103.0	2201462.0	2249657.0	2203054.0	2247234.0	2152659.0	2188449.0	2511036.0	2293303.0	2246110.0	2195183.0	2318421.0	2201494.0	2204419.0	789430.0	2242513.0	2197750.0	2239865.0	2260269.0	2137954.0	2202574.0	2200438.0	2293602.0	1452784.0	2263164.0	2232428.0	2574572.0	2198015.0	2243575.0	2200388.0	2203280.0	2197377.0	2044985.0	2204502.0	2259081.0	2290648.0	2205791.0	2203803.0	2203189.0	2285658.0	2238836.0	2202162.0	2551274.0	2202676.0	2225631.0	2268959.0	2265787.0	2199039.0	2269362.0	2233879.0	2204015.0	2267797.0	2203763.0	2261285.0	2153903.0	2149429.0	2203154.0	2253605.0	2557447.0	2198906.0	2500994.0	2251905.0	2196287.0	2203546.0	2210312.0	2231565.0	2219756.0	2283437.0	2200213.0	2196262.0	2289327.0	2201083.0	2246437.0	2193937.0	2251774.0	2283112.0	2265770.0	2208284.0	2196310.0	2183731.0	2201579.0	2201975.0	2234793.0	2202797.0	2244772.0	2201609.0	2353532.0	2203377.0	2420290.0	2201943.0	2244698.0	2202905.0	2172530.0	2170255.0	2258950.0	2504770.0	2201427.0	2196986.0	2249193.0	2240511.0	2202984.0	2205551.0	2256264.0	2205524.0	2242316.0	2202467.0	2154927.0
scaffoldsARL081249	2208333.0	2572933.0	2583292.0	2274668.0	2277614.0	2529804.0	2579865.0	2533135.0	2527920.0	2214255.0	2189316.0	2529207.0	2518932.0	2528359.0	2191342.0	2156502.0	2227461.0	2439413.0	2579576.0	2221147.0	2206651.0	2188502.0	3025680.0	2288660.0	2531126.0	2528319.0	861159.0	2183951.0	3022906.0	2232825.0	2194508.0	2440856.0	2530546.0	2531659.0	2205812.0	1467692.0	2224437.0	2231629.0	2202240.0	3037785.0	2190405.0	3029725.0	2534336.0	3018848.0	2190860.0	2161077.0	2174566.0	2205448.0	2533428.0	2534767.0	2529135.0	2243582.0	2230034.0	2527092.0	2211132.0	2521497.0	2221604.0	2178077.0	2225763.0	3001252.0	2207931.0	2181038.0	2526192.0	2184892.0	2528565.0	2224349.0	2644202.0	2489913.0	2530807.0	2174478.0	2223319.0	3022255.0	2222352.0	2201473.0	2581230.0	2528670.0	2554107.0	2218416.0	2185214.0	2178724.0	3021658.0	2585011.0	2184481.0	2530860.0	2222244.0	2582409.0	2223412.0	2191050.0	2241283.0	2160545.0	3023978.0	2563929.0	2525238.0	2528063.0	2232246.0	2526838.0	2225612.0	2528457.0	2145596.0	3013324.0	2207544.0	2531832.0	2172234.0	3015553.0	2493391.0	2506183.0	2175229.0	2221418.0	2521168.0	2579150.0	2222081.0	2227523.0	2530713.0	2532558.0	2175718.0	2531075.0	2187142.0	2528875.0	2436957.0
scaffoldsVV6	2258008.0	2188062.0	2197449.0	2302715.0	2245915.0	2196698.0	2195805.0	2196673.0	2197110.0	2275123.0	2489543.0	2198803.0	2196275.0	2193976.0	2262135.0	2222636.0	2241183.0	2171612.0	2187402.0	2248124.0	2289207.0	2255023.0	2206244.0	2271358.0	2195489.0	2199024.0	803034.0	2383784.0	2208263.0	2291151.0	2265297.0	2158653.0	2193414.0	2199776.0	2290038.0	1421464.0	2282368.0	2284850.0	2245354.0	2210111.0	2518168.0	2212864.0	2197123.0	2209981.0	2052219.0	2223358.0	2260470.0	2290302.0	2197389.0	2203879.0	2197410.0	2266705.0	2222858.0	2195695.0	2235006.0	2191869.0	2198579.0	2230930.0	2281957.0	2207781.0	2255940.0	2421854.0	2197571.0	2280832.0	2197653.0	2280177.0	2170874.0	2166559.0	2195173.0	2273270.0	2241729.0	2209444.0	2248435.0	2222415.0	2195937.0	2195421.0	2214285.0	2218217.0	2235825.0	2243086.0	2210084.0	2193902.0	2383457.0	2192665.0	2288281.0	2194297.0	2230772.0	2230993.0	2272834.0	2225756.0	2209415.0	2182885.0	2195936.0	2195971.0	2287862.0	2194889.0	2239876.0	2195400.0	2189027.0	2211985.0	2242237.0	2195555.0	2245383.0	2210357.0	2170750.0	2184977.0	2260580.0	2245521.0	2195396.0	2195929.0	2229544.0	2292295.0	2195188.0	2199524.0	2256542.0	2197635.0	2497452.0	2197663.0	2156314.0
scaffoldsARL08781	2203730.0	2576059.0	2583865.0	2276534.0	2283703.0	2528979.0	2582076.0	2530034.0	2527567.0	2212800.0	2190842.0	2528489.0	2517556.0	2527105.0	2188561.0	2155213.0	2231211.0	2434443.0	2578715.0	2223124.0	2202211.0	2185500.0	3029802.0	2294103.0	2528392.0	2528624.0	856700.0	2183859.0	3024195.0	2237958.0	2190602.0	2442176.0	2526974.0	2527632.0	2201030.0	1473749.0	2226929.0	2233469.0	2204062.0	3024627.0	2195328.0	3046004.0	2532336.0	3022225.0	2190743.0	2159184.0	2174217.0	2202007.0	2532349.0	2531970.0	2526487.0	2240238.0	2231489.0	2524104.0	2210808.0	2520007.0	2218592.0	2180527.0	2228020.0	3009918.0	2201879.0	2182711.0	2523611.0	2178948.0	2527009.0	2224617.0	2647036.0	2490152.0	2528386.0	2174447.0	2221668.0	3026851.0	2221946.0	2196886.0	2582655.0	2528219.0	2553999.0	2217158.0	2181620.0	2177262.0	3027497.0	2585686.0	2182909.0	2526578.0	2218151.0	2583365.0	2227803.0	2188646.0	2234420.0	2159583.0	3029021.0	2565031.0	2520795.0	2527255.0	2236367.0	2522719.0	2229275.0	2523328.0	2144759.0	3020614.0	2208875.0	2528681.0	2168600.0	3021696.0	2493320.0	2510876.0	2174178.0	2220120.0	2519216.0	2579223.0	2227214.0	2232298.0	2527143.0	2532957.0	2171806.0	2530459.0	2192325.0	2528149.0	2439407.0
scaffoldsARL07973	2204590.0	2508276.0	2556942.0	2239463.0	2222394.0	2917618.0	2553913.0	2919385.0	2914287.0	2204524.0	2175874.0	2914182.0	2890342.0	2897788.0	2206333.0	2153325.0	2199951.0	2718350.0	2547931.0	2190932.0	2229072.0	2203925.0	2515642.0	2234902.0	2917264.0	2899751.0	905466.0	2165499.0	2513298.0	2203687.0	2212101.0	2400783.0	2914697.0	2501706.0	2229215.0	1439817.0	2217603.0	2200613.0	2188037.0	2516700.0	2179644.0	2517974.0	2932507.0	2516814.0	2160407.0	2157744.0	2172072.0	2229391.0	2918447.0	2539627.0	2914119.0	2229313.0	2199752.0	2896306.0	2183263.0	2886017.0	2202102.0	2183019.0	2219028.0	2515380.0	2203604.0	2157799.0	2909096.0	2181824.0	2911827.0	2218547.0	2500394.0	2439137.0	2913264.0	2168458.0	2194892.0	2517109.0	2191720.0	2222524.0	2552351.0	2910963.0	2605352.0	2208374.0	2215423.0	2184054.0	2519430.0	2555653.0	2164428.0	2916445.0	2201486.0	2553665.0	2200256.0	2185349.0	2220108.0	2157070.0	2515839.0	2534450.0	2896547.0	2897721.0	2204213.0	2896268.0	2200062.0	2895717.0	2121366.0	2519884.0	2186116.0	2919367.0	2171236.0	2520195.0	2417828.0	2453590.0	2173349.0	2189671.0	2897366.0	2549291.0	2200213.0	2200032.0	2904793.0	2917983.0	2173412.0	2917156.0	2176800.0	2915504.0	2470717.0
scaffoldsARL08712	2197446.0	2579459.0	2590399.0	2269740.0	2276466.0	2535961.0	2589174.0	2537657.0	2535797.0	2203650.0	2184999.0	2535987.0	2530202.0	2532209.0	2181846.0	2150078.0	2219422.0	2441177.0	2589100.0	2219584.0	2200240.0	2178310.0	3018683.0	2289169.0	2534818.0	2533790.0	868207.0	2177306.0	3014559.0	2231692.0	2188262.0	2443787.0	2535508.0	2532175.0	2198937.0	1481820.0	2223370.0	2229207.0	2199721.0	3015426.0	2188236.0	3022683.0	2538795.0	3043643.0	2179829.0	2153834.0	2163226.0	2199531.0	2538597.0	2540364.0	2535864.0	2233194.0	2219332.0	2531622.0	2208124.0	2532462.0	2223839.0	2173408.0	2224090.0	2997482.0	2195336.0	2175972.0	2537337.0	2171750.0	2539821.0	2223373.0	2650296.0	2495865.0	2534204.0	2161095.0	2217178.0	3014049.0	2217727.0	2201569.0	2589349.0	2533049.0	2560235.0	2210100.0	2181293.0	2167067.0	3018257.0	2590791.0	2176747.0	2533342.0	2215922.0	2590113.0	2215230.0	2179217.0	2230613.0	2152585.0	3016206.0	2571972.0	2529122.0	2533507.0	2229729.0	2531251.0	2218463.0	2532313.0	2145004.0	3006578.0	2202560.0	2539919.0	2159168.0	3009226.0	2500812.0	2512303.0	2164090.0	2217911.0	2533745.0	2588664.0	2214104.0	2226896.0	2534630.0	2539051.0	2161666.0	2536550.0	2186986.0	2534966.0	2443479.0
scaffoldsARL09409	2027099.0	2155333.0	2148972.0	2053510.0	2057716.0	2149514.0	2149818.0	2150858.0	2147283.0	1998267.0	2020590.0	2148752.0	2145997.0	2147869.0	2023586.0	1987417.0	2031209.0	2090246.0	2146652.0	2016299.0	2082505.0	2023243.0	2157269.0	2067950.0	2148166.0	2148219.0	800725.0	2014365.0	2157210.0	2041882.0	2075516.0	2044705.0	2147783.0	2120758.0	2082520.0	1486789.0	2058990.0	2039627.0	2016408.0	2159014.0	2025335.0	2160593.0	2150053.0	2160226.0	2764572.0	1989278.0	1996303.0	2082789.0	2151746.0	2134545.0	2149351.0	2056100.0	2030981.0	2147607.0	2007798.0	2149383.0	2033314.0	2003922.0	2059660.0	2153376.0	2024872.0	2000429.0	2147326.0	2005796.0	2149101.0	2056401.0	2119159.0	2111848.0	2151058.0	1973766.0	2015912.0	2156024.0	2014091.0	2054365.0	2149893.0	2148388.0	2179446.0	2024973.0	1994605.0	2019795.0	2158890.0	2149267.0	2015665.0	2147871.0	2021445.0	2146768.0	2029295.0	1998309.0	2020717.0	1987640.0	2160835.0	2131684.0	2145953.0	2148846.0	2040622.0	2147663.0	2028505.0	2144109.0	1954679.0	2162365.0	2012433.0	2149206.0	1989058.0	2165452.0	2111886.0	2121946.0	1997191.0	2013334.0	2146712.0	2147237.0	2029060.0	2040730.0	2149276.0	2150800.0	1995519.0	2150573.0	2024567.0	2149247.0	2153834.0
scaffolds125VP	2315244.0	2175958.0	2168914.0	2273443.0	2242827.0	2169684.0	2166327.0	2170859.0	2171097.0	2248258.0	2212505.0	2171486.0	2168118.0	2170009.0	2255562.0	2497051.0	2250009.0	2130906.0	2164411.0	2216711.0	2264690.0	2250142.0	2165752.0	2241978.0	2169322.0	2171178.0	820482.0	2246916.0	2165161.0	2230422.0	2235331.0	2141568.0	2171512.0	2164087.0	2259340.0	1420014.0	2211528.0	2228695.0	2212973.0	2164094.0	2218079.0	2166904.0	2172648.0	2162444.0	2033897.0	2527497.0	2255520.0	2262058.0	2174366.0	2162085.0	2171237.0	2330885.0	2247360.0	2169669.0	2205969.0	2170294.0	2232994.0	2251040.0	2213504.0	2167096.0	2313895.0	2220143.0	2171373.0	2235284.0	2171324.0	2213294.0	2124697.0	2127996.0	2169079.0	2227749.0	2216042.0	2166135.0	2213503.0	2266025.0	2168713.0	2170456.0	2185214.0	2281737.0	2234487.0	2227565.0	2165538.0	2169504.0	2250896.0	2167855.0	2195365.0	2167432.0	2250961.0	2230141.0	2300075.0	2510746.0	2162542.0	2149659.0	2168560.0	2169742.0	2229897.0	2170545.0	2250042.0	2168784.0	2112526.0	2164561.0	2227248.0	2169717.0	2244524.0	2167550.0	2162935.0	2167498.0	2257308.0	2214665.0	2168052.0	2169493.0	2251789.0	2228916.0	2171447.0	2172695.0	2253760.0	2171052.0	2217562.0	2169174.0	2119262.0
scaffoldsTV162	2310542.0	2171284.0	2166991.0	2259993.0	2207636.0	2165966.0	2166043.0	2168386.0	2167641.0	2332496.0	2248025.0	2166869.0	2167359.0	2167499.0	2273911.0	2238618.0	2231758.0	2143688.0	2160182.0	2245050.0	2293738.0	2270251.0	2161954.0	2232433.0	2166005.0	2168157.0	811950.0	2253367.0	2161168.0	2252296.0	2267643.0	2148271.0	2166228.0	2154601.0	2293545.0	1376990.0	2250529.0	2249347.0	2237791.0	2161690.0	2246002.0	2166461.0	2166789.0	2159271.0	2032467.0	2240201.0	2530531.0	2292823.0	2171778.0	2165185.0	2165832.0	2321669.0	2222891.0	2164904.0	2234979.0	2163477.0	2229716.0	2274302.0	2249713.0	2163505.0	2309394.0	2242048.0	2166362.0	2267141.0	2164179.0	2249032.0	2138247.0	2118123.0	2166535.0	2379128.0	2243024.0	2162913.0	2247845.0	2239831.0	2165803.0	2168017.0	2185794.0	2346136.0	2235589.0	2235304.0	2164736.0	2168653.0	2257616.0	2165513.0	2220517.0	2164813.0	2231471.0	2252488.0	2280169.0	2243881.0	2163240.0	2149267.0	2163765.0	2166181.0	2250709.0	2163954.0	2229530.0	2165604.0	2170893.0	2167534.0	2234119.0	2165898.0	2506323.0	2165543.0	2154233.0	2151224.0	2521438.0	2245754.0	2164719.0	2165479.0	2231357.0	2253025.0	2165043.0	2168762.0	2517204.0	2167646.0	2248865.0	2166536.0	2120190.0
scaffoldsTV73	2335223.0	2218635.0	2230034.0	2347851.0	2284483.0	2238256.0	2229546.0	2237688.0	2235359.0	2340153.0	2293784.0	2236905.0	2238174.0	2236916.0	2320770.0	2269592.0	2330991.0	2191493.0	2226154.0	2320937.0	2652537.0	2317866.0	2212994.0	2318160.0	2235789.0	2237698.0	802289.0	2317119.0	2214698.0	2336724.0	2601075.0	2157756.0	2235346.0	2231384.0	2644139.0	1440980.0	2314818.0	2335325.0	2305566.0	2214073.0	2295184.0	2217352.0	2238279.0	2211024.0	2126480.0	2272082.0	2311365.0	2660479.0	2241615.0	2232571.0	2237384.0	2367896.0	2321897.0	2235333.0	2302124.0	2232546.0	2263287.0	2320620.0	2317013.0	2213119.0	2335688.0	2299627.0	2238395.0	2322786.0	2236308.0	2315182.0	2193551.0	2173595.0	2238318.0	2316338.0	2314336.0	2215707.0	2316510.0	2458439.0	2229095.0	2238524.0	2239824.0	2292128.0	2253011.0	2303334.0	2218045.0	2231108.0	2317112.0	2236705.0	2284608.0	2229458.0	2333567.0	2309624.0	2319732.0	2274296.0	2216494.0	2213783.0	2235641.0	2237395.0	2335035.0	2237567.0	2330249.0	2234724.0	2205429.0	2217149.0	2298137.0	2238304.0	2300549.0	2219473.0	2188627.0	2203182.0	2314769.0	2319022.0	2237679.0	2228460.0	2331968.0	2331700.0	2237200.0	2238890.0	2315938.0	2238178.0	2295271.0	2237288.0	2184883.0
scaffoldsARL071348	2207527.0	2507759.0	2557710.0	2242138.0	2226385.0	2922039.0	2552450.0	2921710.0	2917932.0	2208546.0	2176667.0	2916819.0	2893855.0	2901786.0	2206708.0	2160813.0	2201486.0	2718458.0	2550513.0	2195989.0	2231610.0	2204354.0	2516597.0	2237147.0	2920419.0	2902536.0	904045.0	2171058.0	2516240.0	2201832.0	2213833.0	2403383.0	2916592.0	2501527.0	2230918.0	1444447.0	2219233.0	2199459.0	2189960.0	2518077.0	2180154.0	2520111.0	2924359.0	2518513.0	2168428.0	2164492.0	2176124.0	2232225.0	2940166.0	2541278.0	2916464.0	2231854.0	2200596.0	2895977.0	2185579.0	2889675.0	2208618.0	2185307.0	2219889.0	2520183.0	2207757.0	2159248.0	2909898.0	2186069.0	2912694.0	2219458.0	2498037.0	2439512.0	2916697.0	2170685.0	2198156.0	2521287.0	2195616.0	2226033.0	2553847.0	2914598.0	2609094.0	2213066.0	2218400.0	2188337.0	2519548.0	2557718.0	2167451.0	2919492.0	2202045.0	2553851.0	2202656.0	2192023.0	2224600.0	2163215.0	2516573.0	2534307.0	2897133.0	2903750.0	2202299.0	2899436.0	2201475.0	2895523.0	2123236.0	2521233.0	2185802.0	2922583.0	2175309.0	2521277.0	2421474.0	2457005.0	2177534.0	2194018.0	2900163.0	2547482.0	2201695.0	2197558.0	2904206.0	2921290.0	2177064.0	2922572.0	2178045.0	2919150.0	2476001.0
scaffoldsARL091209	2202842.0	2718351.0	2799445.0	2228791.0	2222857.0	2563847.0	2794874.0	2563915.0	2561672.0	2199762.0	2186010.0	2560379.0	2555519.0	2556282.0	2197767.0	2153947.0	2223804.0	2461345.0	2789030.0	2205931.0	2237428.0	2195153.0	2539485.0	2232139.0	2561006.0	2560146.0	886804.0	2173399.0	2539684.0	2252202.0	2228535.0	2426667.0	2562207.0	2498897.0	2236977.0	1465310.0	2232591.0	2246880.0	2187579.0	2538345.0	2194484.0	2541837.0	2565034.0	2539705.0	2173588.0	2158516.0	2173729.0	2236794.0	2565689.0	2903227.0	2563100.0	2231480.0	2220017.0	2553118.0	2200983.0	2552054.0	2223463.0	2193503.0	2233441.0	2524353.0	2202110.0	2168349.0	2560381.0	2195760.0	2562337.0	2229102.0	2533752.0	2500821.0	2560865.0	2171422.0	2209912.0	2539288.0	2206346.0	2213948.0	2796393.0	2562753.0	2566257.0	2212945.0	2202098.0	2173479.0	2539155.0	2795657.0	2175105.0	2561172.0	2229667.0	2794021.0	2220490.0	2220897.0	2215520.0	2159122.0	2534520.0	2775528.0	2554533.0	2556790.0	2248970.0	2560311.0	2220814.0	2553952.0	2143365.0	2532785.0	2179822.0	2563667.0	2166678.0	2535333.0	2538278.0	2520131.0	2174980.0	2201394.0	2553987.0	2794084.0	2219007.0	2251281.0	2557487.0	2566046.0	2174060.0	2566251.0	2189025.0	2562369.0	2480069.0
scaffoldsARL071169	2205569.0	2505124.0	2552618.0	2241172.0	2222430.0	2914994.0	2549102.0	2915663.0	2910875.0	2205672.0	2179415.0	2914512.0	2888150.0	2892994.0	2201952.0	2152177.0	2200037.0	2715344.0	2548608.0	2192400.0	2233811.0	2200328.0	2509592.0	2236866.0	2915919.0	2897999.0	905355.0	2169530.0	2508856.0	2199140.0	2215283.0	2402143.0	2914620.0	2498247.0	2231295.0	1455942.0	2218674.0	2196048.0	2189751.0	2510637.0	2183067.0	2511231.0	2916533.0	2513132.0	2163864.0	2156543.0	2171474.0	2234171.0	2913978.0	2538892.0	2932799.0	2225329.0	2199536.0	2895165.0	2184379.0	2882752.0	2201186.0	2183678.0	2218731.0	2511712.0	2205381.0	2158303.0	2906397.0	2178328.0	2910672.0	2216681.0	2497686.0	2444355.0	2908625.0	2169731.0	2196473.0	2511814.0	2193172.0	2220293.0	2549155.0	2904309.0	2596602.0	2206160.0	2213359.0	2183475.0	2511842.0	2551836.0	2166810.0	2912729.0	2205057.0	2549163.0	2200620.0	2182830.0	2218733.0	2156756.0	2508942.0	2531118.0	2891432.0	2895846.0	2199271.0	2894413.0	2199467.0	2891874.0	2121111.0	2514115.0	2185899.0	2915737.0	2170535.0	2516564.0	2414856.0	2451007.0	2172787.0	2191641.0	2895153.0	2547181.0	2200710.0	2194225.0	2898887.0	2916819.0	2173435.0	2910802.0	2179239.0	2914165.0	2468796.0
scaffoldsTV104	2435886.0	2219314.0	2217491.0	2334409.0	2300057.0	2223134.0	2219874.0	2223811.0	2221701.0	2350406.0	2254063.0	2221931.0	2219360.0	2225177.0	2323023.0	2326077.0	2302960.0	2165538.0	2209977.0	2290640.0	2361592.0	2318847.0	2220691.0	2324465.0	2221158.0	2223653.0	809538.0	2279981.0	2225026.0	2278636.0	2323472.0	2142656.0	2222427.0	2200785.0	2359258.0	1431862.0	2313874.0	2278223.0	2282921.0	2222695.0	2257416.0	2224521.0	2222760.0	2217579.0	2096251.0	2327231.0	2336675.0	2363253.0	2227158.0	2219474.0	2221576.0	2638731.0	2301186.0	2221758.0	2275779.0	2216560.0	2323210.0	2312809.0	2317905.0	2225938.0	2436913.0	2263149.0	2223633.0	2303299.0	2221145.0	2314839.0	2194572.0	2157569.0	2222884.0	2305509.0	2289212.0	2222307.0	2286297.0	2334550.0	2215767.0	2224534.0	2231564.0	2357739.0	2256890.0	2267468.0	2223922.0	2221429.0	2287768.0	2222399.0	2262495.0	2218442.0	2304918.0	2332103.0	2411530.0	2331144.0	2221637.0	2198104.0	2222824.0	2222969.0	2280189.0	2220991.0	2301522.0	2221331.0	2162696.0	2229005.0	2291340.0	2222894.0	2325930.0	2228078.0	2184826.0	2198013.0	2339061.0	2288474.0	2219844.0	2214773.0	2303053.0	2280360.0	2222432.0	2223602.0	2335036.0	2223173.0	2257213.0	2221991.0	2170324.0
scaffolds127VP	2289072.0	2223706.0	2244451.0	2304214.0	2263729.0	2226719.0	2241011.0	2226574.0	2223908.0	2287015.0	2196165.0	2225137.0	2223424.0	2224972.0	2315692.0	2242805.0	2586956.0	2168773.0	2236381.0	2251708.0	2319405.0	2313460.0	2222483.0	2325548.0	2226301.0	2226056.0	840369.0	2223504.0	2222890.0	2314888.0	2293973.0	2155903.0	2225107.0	2231511.0	2319301.0	1438200.0	2267645.0	2312696.0	2225022.0	2222751.0	2195913.0	2224285.0	2226500.0	2223968.0	2053133.0	2245967.0	2244672.0	2316424.0	2227552.0	2234410.0	2225988.0	2319993.0	2636512.0	2224261.0	2237563.0	2220109.0	2262187.0	2306236.0	2271292.0	2221170.0	2288979.0	2197588.0	2224354.0	2265150.0	2223670.0	2270160.0	2181828.0	2198907.0	2226160.0	2247634.0	2243188.0	2223814.0	2249312.0	2294212.0	2241937.0	2226274.0	2259873.0	2265865.0	2209843.0	2244010.0	2223013.0	2244700.0	2225393.0	2225481.0	2260919.0	2242784.0	2583093.0	2309449.0	2316531.0	2248808.0	2222243.0	2228099.0	2225142.0	2225789.0	2313604.0	2225307.0	2569572.0	2223948.0	2149770.0	2225665.0	2284260.0	2227175.0	2236816.0	2227893.0	2203556.0	2213266.0	2246148.0	2246405.0	2225051.0	2242835.0	2581528.0	2317171.0	2227081.0	2227194.0	2244451.0	2226427.0	2191209.0	2225352.0	2176775.0
scaffoldsARL08105	2204155.0	2506695.0	2551798.0	2239753.0	2220888.0	2898856.0	2547111.0	2901303.0	2894683.0	2205416.0	2180420.0	2893148.0	2888327.0	2899777.0	2203040.0	2152561.0	2200769.0	2722841.0	2545804.0	2199086.0	2227557.0	2200265.0	2506534.0	2233518.0	2898050.0	2904025.0	901996.0	2171994.0	2505086.0	2204961.0	2211862.0	2403063.0	2898714.0	2498585.0	2227853.0	1441266.0	2215288.0	2201639.0	2194697.0	2506682.0	2181110.0	2506823.0	2899535.0	2508782.0	2154449.0	2155654.0	2172450.0	2228167.0	2895384.0	2536252.0	2896902.0	2224935.0	2199744.0	2918067.0	2188993.0	2884288.0	2202526.0	2185058.0	2216759.0	2506495.0	2203031.0	2160366.0	2890045.0	2174047.0	2890729.0	2215713.0	2496110.0	2435729.0	2894944.0	2168771.0	2200762.0	2506662.0	2198607.0	2220103.0	2548552.0	2892845.0	2599222.0	2210039.0	2211063.0	2185232.0	2507993.0	2550603.0	2169851.0	2896849.0	2204364.0	2547183.0	2200846.0	2185034.0	2220101.0	2155914.0	2502762.0	2529836.0	2898000.0	2902304.0	2203788.0	2892167.0	2200190.0	2898193.0	2125803.0	2512774.0	2189725.0	2897283.0	2171022.0	2512833.0	2418530.0	2445931.0	2174021.0	2195676.0	2897084.0	2545790.0	2200117.0	2200399.0	2905755.0	2899420.0	2174194.0	2894768.0	2177290.0	2896546.0	2469944.0
scaffoldsTV76	2266469.0	2187196.0	2209700.0	2324099.0	2279004.0	2200791.0	2207622.0	2201897.0	2199302.0	2284925.0	2230876.0	2202426.0	2201467.0	2199692.0	2242947.0	2199456.0	2249303.0	2148698.0	2199819.0	2520279.0	2287857.0	2240319.0	2203944.0	2308169.0	2199136.0	2201517.0	793168.0	2229768.0	2205841.0	2232702.0	2254272.0	2135598.0	2200304.0	2210184.0	2287774.0	1442601.0	2255273.0	2225929.0	2552139.0	2205971.0	2233823.0	2208466.0	2200984.0	2206596.0	2039152.0	2199137.0	2254651.0	2286052.0	2203012.0	2213643.0	2201005.0	2279980.0	2240207.0	2199504.0	2583062.0	2200060.0	2224462.0	2263758.0	2257252.0	2206637.0	2264312.0	2221959.0	2201748.0	2264296.0	2200948.0	2253076.0	2166029.0	2146184.0	2200543.0	2241982.0	2564096.0	2207179.0	2509018.0	2248332.0	2208133.0	2202015.0	2206471.0	2229087.0	2213315.0	2274131.0	2209091.0	2208804.0	2278630.0	2199079.0	2243401.0	2206893.0	2253385.0	2273858.0	2261867.0	2203122.0	2205006.0	2196010.0	2199353.0	2199361.0	2227515.0	2200337.0	2247049.0	2199596.0	2363640.0	2211936.0	2407216.0	2199071.0	2241195.0	2211203.0	2167785.0	2165774.0	2255961.0	2512752.0	2198920.0	2208997.0	2250828.0	2232896.0	2200930.0	2202390.0	2253680.0	2202100.0	2232894.0	2198979.0	2151906.0
scaffoldsARL08339	2200951.0	2504492.0	2542141.0	2234447.0	2225420.0	2884378.0	2539384.0	2889879.0	2883714.0	2201425.0	2173275.0	2881185.0	2897575.0	2880859.0	2199754.0	2153511.0	2193750.0	2702069.0	2542426.0	2188788.0	2219456.0	2197996.0	2501471.0	2238463.0	2883585.0	2884097.0	898599.0	2163289.0	2498523.0	2188894.0	2202919.0	2400899.0	2884409.0	2503628.0	2218360.0	1451214.0	2218003.0	2185433.0	2188895.0	2500199.0	2172419.0	2503556.0	2888181.0	2507432.0	2157981.0	2157168.0	2165868.0	2220922.0	2884761.0	2530165.0	2883053.0	2219168.0	2193702.0	2881972.0	2183119.0	2915445.0	2201618.0	2177515.0	2218786.0	2499253.0	2200893.0	2159515.0	2899035.0	2177575.0	2893378.0	2218341.0	2488925.0	2425409.0	2885165.0	2165421.0	2194047.0	2503020.0	2189429.0	2216378.0	2538290.0	2881339.0	2599578.0	2199443.0	2204836.0	2178938.0	2505434.0	2543019.0	2162415.0	2883294.0	2193698.0	2539443.0	2194844.0	2177225.0	2215765.0	2157864.0	2499110.0	2518491.0	2878952.0	2881376.0	2189385.0	2881418.0	2194018.0	2879238.0	2117551.0	2505161.0	2182701.0	2897262.0	2165358.0	2505713.0	2415593.0	2440958.0	2167015.0	2187631.0	2900508.0	2536390.0	2194531.0	2185990.0	2885549.0	2886065.0	2167803.0	2884339.0	2171639.0	2882622.0	2477356.0
scaffoldsIV28	2306950.0	2235029.0	2230206.0	2272447.0	2290899.0	2223713.0	2228180.0	2225687.0	2224262.0	2254351.0	2201467.0	2224675.0	2228663.0	2224233.0	2248365.0	2233690.0	2265500.0	2167548.0	2226042.0	2237853.0	2272630.0	2242764.0	2230467.0	2287489.0	2223328.0	2224616.0	808882.0	2229210.0	2235106.0	2263925.0	2261880.0	2174242.0	2224172.0	2225899.0	2273557.0	1452330.0	2265741.0	2265221.0	2222939.0	2233294.0	2204860.0	2233825.0	2225372.0	2234517.0	2074848.0	2237721.0	2240400.0	2272770.0	2226283.0	2232551.0	2224331.0	2321720.0	2262443.0	2223451.0	2224646.0	2226915.0	2594779.0	2245940.0	2267235.0	2239387.0	2307405.0	2211678.0	2226982.0	2232154.0	2228317.0	2265645.0	2210406.0	2186440.0	2222710.0	2219566.0	2232471.0	2229952.0	2237339.0	2261854.0	2228246.0	2222500.0	2252823.0	2264637.0	2264623.0	2220417.0	2230222.0	2230909.0	2226716.0	2223660.0	2255145.0	2226428.0	2264301.0	2243958.0	2282804.0	2239241.0	2230854.0	2210769.0	2221990.0	2223548.0	2266441.0	2221735.0	2263930.0	2223733.0	2137215.0	2238946.0	2218983.0	2228423.0	2229905.0	2239230.0	2210777.0	2216266.0	2241888.0	2238124.0	2228124.0	2226513.0	2262268.0	2264734.0	2223512.0	2225252.0	2240497.0	2224405.0	2202999.0	2222866.0	2166863.0
scaffoldsTV111	2304998.0	2188777.0	2194976.0	2269120.0	2260886.0	2189951.0	2194563.0	2194749.0	2192105.0	2272904.0	2218307.0	2192683.0	2192656.0	2191175.0	2309398.0	2242788.0	2305787.0	2157590.0	2192736.0	2257387.0	2316260.0	2308385.0	2177719.0	2287152.0	2193257.0	2192985.0	809708.0	2232661.0	2179703.0	2286833.0	2286785.0	2156418.0	2191438.0	2193672.0	2314536.0	1405037.0	2239984.0	2282391.0	2250474.0	2182276.0	2219098.0	2181044.0	2194266.0	2175919.0	2040814.0	2243354.0	2285513.0	2313639.0	2194373.0	2193795.0	2194781.0	2310137.0	2296485.0	2190898.0	2256634.0	2188678.0	2239416.0	2571055.0	2238938.0	2179266.0	2306303.0	2212816.0	2192603.0	2258232.0	2191341.0	2237224.0	2153520.0	2161372.0	2192177.0	2262386.0	2261775.0	2176687.0	2257714.0	2261100.0	2193532.0	2192358.0	2201519.0	2248731.0	2224887.0	2239212.0	2178807.0	2195804.0	2243282.0	2190506.0	2240971.0	2193242.0	2307847.0	2246101.0	2293734.0	2247166.0	2180413.0	2179939.0	2188850.0	2191645.0	2283562.0	2190887.0	2304190.0	2189079.0	2174963.0	2181151.0	2244935.0	2192237.0	2273678.0	2183886.0	2174054.0	2181014.0	2285973.0	2254878.0	2192353.0	2194051.0	2305244.0	2289542.0	2190743.0	2193314.0	2282864.0	2192364.0	2219127.0	2192515.0	2144539.0
scaffoldsTV52	2260878.0	2234610.0	2226804.0	2276347.0	2231794.0	2219823.0	2225165.0	2223344.0	2218284.0	2276072.0	2263092.0	2220460.0	2218129.0	2220832.0	2256416.0	2193334.0	2261412.0	2165370.0	2222560.0	2250486.0	2282144.0	2257699.0	2196514.0	2257561.0	2221806.0	2220421.0	804346.0	2297985.0	2200806.0	2298486.0	2262404.0	2167689.0	2221633.0	2186464.0	2287774.0	1466631.0	2567046.0	2295769.0	2244005.0	2201277.0	2267831.0	2200942.0	2221644.0	2196573.0	2077772.0	2195274.0	2249501.0	2284656.0	2226768.0	2233790.0	2221825.0	2298786.0	2262998.0	2218915.0	2234546.0	2222406.0	2239362.0	2232529.0	2578630.0	2201909.0	2260344.0	2265317.0	2220055.0	2259795.0	2218971.0	2564237.0	2181795.0	2190382.0	2221160.0	2252168.0	2242337.0	2195842.0	2249227.0	2248774.0	2226434.0	2222301.0	2244295.0	2221227.0	2239956.0	2219443.0	2197152.0	2228923.0	2293832.0	2219562.0	2303808.0	2224616.0	2261949.0	2274790.0	2248925.0	2198381.0	2199537.0	2206562.0	2219504.0	2218708.0	2301734.0	2219508.0	2260423.0	2216945.0	2157669.0	2204274.0	2233730.0	2222340.0	2237838.0	2207345.0	2216927.0	2227936.0	2249491.0	2251642.0	2220254.0	2225424.0	2259886.0	2306916.0	2218297.0	2222176.0	2246782.0	2222164.0	2264955.0	2220542.0	2163962.0
scaffoldsARL081074	2199003.0	2548703.0	2557652.0	2258374.0	2267992.0	2516493.0	2553077.0	2516612.0	2515516.0	2198188.0	2185675.0	2515741.0	2501570.0	2513572.0	2173279.0	2150392.0	2210706.0	2434824.0	2553084.0	2203318.0	2199708.0	2171859.0	2989648.0	2273389.0	2513981.0	2514141.0	860013.0	2174972.0	2985762.0	2231697.0	2187796.0	2447508.0	2512210.0	2508926.0	2199099.0	1454668.0	2207037.0	2224437.0	2186948.0	2985482.0	2189505.0	2997694.0	2518470.0	2984965.0	2167321.0	2152590.0	2168700.0	2199999.0	2521616.0	2502273.0	2512480.0	2222889.0	2209018.0	2509448.0	2192638.0	2506134.0	2208273.0	2177895.0	2209552.0	3016561.0	2196855.0	2180375.0	2507608.0	2175788.0	2513784.0	2206046.0	2629438.0	2467202.0	2515987.0	2170278.0	2204403.0	2990533.0	2202680.0	2181046.0	2556458.0	2513868.0	2535638.0	2199255.0	2184744.0	2173353.0	2990721.0	2559450.0	2176373.0	2511750.0	2197427.0	2555517.0	2207472.0	2171126.0	2214888.0	2154402.0	2989457.0	2539129.0	2508583.0	2512630.0	2228526.0	2505429.0	2207072.0	2506732.0	2140127.0	3002497.0	2190368.0	2515873.0	2163361.0	3005429.0	2474647.0	2488040.0	2168607.0	2199754.0	2504593.0	2552215.0	2207892.0	2225050.0	2511194.0	2520111.0	2166777.0	2516775.0	2185726.0	2513233.0	2422148.0
scaffolds109A	2562869.0	2202028.0	2205490.0	2311935.0	2283602.0	2206747.0	2203643.0	2209415.0	2205434.0	2296121.0	2255822.0	2206840.0	2206504.0	2206652.0	2294013.0	2313912.0	2282658.0	2163457.0	2202069.0	2269288.0	2321806.0	2292307.0	2211364.0	2314946.0	2208825.0	2206594.0	819233.0	2266748.0	2210547.0	2282299.0	2284333.0	2149343.0	2208689.0	2190563.0	2321039.0	1431570.0	2277607.0	2280091.0	2257262.0	2212105.0	2254613.0	2210256.0	2209197.0	2210361.0	2058806.0	2314221.0	2321327.0	2319922.0	2207322.0	2203634.0	2209417.0	2431741.0	2275573.0	2206474.0	2256920.0	2205088.0	2305976.0	2304378.0	2278935.0	2209364.0	2575687.0	2250521.0	2207518.0	2287493.0	2207158.0	2279035.0	2185294.0	2153282.0	2207060.0	2272611.0	2267264.0	2212822.0	2272224.0	2295853.0	2205465.0	2207781.0	2218197.0	2298307.0	2252127.0	2258409.0	2212786.0	2206939.0	2272014.0	2206853.0	2245013.0	2204840.0	2281670.0	2293741.0	2414770.0	2319853.0	2210393.0	2187670.0	2206182.0	2207327.0	2280879.0	2205960.0	2282033.0	2206243.0	2167220.0	2213966.0	2266572.0	2209004.0	2309013.0	2216149.0	2182075.0	2186178.0	2321725.0	2270164.0	2208583.0	2204838.0	2282010.0	2281358.0	2209220.0	2209032.0	2316760.0	2206683.0	2252973.0	2207062.0	2157723.0
scaffoldsTV41	2254233.0	2182470.0	2180042.0	2299496.0	2250768.0	2179923.0	2178407.0	2181428.0	2181270.0	2285680.0	2426855.0	2181398.0	2181345.0	2180929.0	2237793.0	2222208.0	2228125.0	2153938.0	2174135.0	2239230.0	2288445.0	2235490.0	2198081.0	2277489.0	2179021.0	2181349.0	795556.0	2407537.0	2200964.0	2269235.0	2258472.0	2152507.0	2179593.0	2199143.0	2282889.0	1432285.0	2286292.0	2265567.0	2238135.0	2199435.0	2425237.0	2201316.0	2180871.0	2198681.0	2043029.0	2225067.0	2251002.0	2289443.0	2182005.0	2186264.0	2180050.0	2264602.0	2222837.0	2180013.0	2227948.0	2180650.0	2206991.0	2226511.0	2288482.0	2199630.0	2254185.0	2540276.0	2182408.0	2275321.0	2180877.0	2285832.0	2159944.0	2153774.0	2179729.0	2281505.0	2237793.0	2199123.0	2240689.0	2230533.0	2178803.0	2179633.0	2200698.0	2210223.0	2222433.0	2238970.0	2200558.0	2182131.0	2404753.0	2178078.0	2274653.0	2180256.0	2228806.0	2225736.0	2261219.0	2228656.0	2199484.0	2168747.0	2180770.0	2179277.0	2270771.0	2177705.0	2227062.0	2179338.0	2173350.0	2203110.0	2244805.0	2179979.0	2241804.0	2201518.0	2160908.0	2181782.0	2252936.0	2240413.0	2180922.0	2179496.0	2226888.0	2268380.0	2180885.0	2181876.0	2248467.0	2179949.0	2425078.0	2178853.0	2153106.0
scaffoldsARL08484	2212689.0	2506276.0	2555527.0	2244559.0	2234794.0	2908833.0	2551535.0	2915364.0	2907909.0	2208632.0	2181399.0	2908422.0	2904688.0	2890281.0	2210334.0	2159448.0	2206151.0	2715149.0	2552310.0	2192669.0	2237458.0	2207940.0	2508328.0	2245788.0	2910710.0	2896814.0	902258.0	2170171.0	2504846.0	2205194.0	2219079.0	2401706.0	2909323.0	2506511.0	2235640.0	1456661.0	2220317.0	2201647.0	2191320.0	2507300.0	2182792.0	2510176.0	2912677.0	2515188.0	2166951.0	2165346.0	2177199.0	2237543.0	2910036.0	2542501.0	2910365.0	2231961.0	2203833.0	2893070.0	2187055.0	2902532.0	2211393.0	2187036.0	2221719.0	2509577.0	2211771.0	2161568.0	2937148.0	2184559.0	2923134.0	2221479.0	2501590.0	2440650.0	2907679.0	2174465.0	2197325.0	2508971.0	2194163.0	2227744.0	2549232.0	2903948.0	2611385.0	2212562.0	2215071.0	2189757.0	2512183.0	2554615.0	2168781.0	2909430.0	2203083.0	2551623.0	2205817.0	2182751.0	2224912.0	2164554.0	2506488.0	2531019.0	2890957.0	2892280.0	2205116.0	2894056.0	2205668.0	2890539.0	2124170.0	2512086.0	2189240.0	2924405.0	2176681.0	2513886.0	2419198.0	2451172.0	2178841.0	2192336.0	2909383.0	2546665.0	2205386.0	2201280.0	2895293.0	2911239.0	2178615.0	2911924.0	2182341.0	2909786.0	2479346.0
scaffoldsTV45	2284989.0	2184628.0	2197996.0	2315021.0	2255663.0	2197117.0	2197204.0	2200873.0	2196653.0	2306817.0	2278528.0	2197995.0	2197130.0	2197123.0	2274992.0	2241842.0	2264674.0	2169732.0	2194587.0	2270787.0	2324670.0	2275014.0	2200913.0	2284687.0	2198166.0	2197887.0	796933.0	2289592.0	2203936.0	2268982.0	2297460.0	2158673.0	2197045.0	2209694.0	2321657.0	1430073.0	2281065.0	2264690.0	2261336.0	2204715.0	2283068.0	2205028.0	2198870.0	2201568.0	2060298.0	2240598.0	2286651.0	2323989.0	2202014.0	2203598.0	2199633.0	2313542.0	2260408.0	2197262.0	2256916.0	2195814.0	2227314.0	2271682.0	2283390.0	2200776.0	2285142.0	2280067.0	2197855.0	2530931.0	2196217.0	2277032.0	2182274.0	2175537.0	2199890.0	2284924.0	2267223.0	2205090.0	2269859.0	2259129.0	2198053.0	2196733.0	2224112.0	2245060.0	2236309.0	2250104.0	2204359.0	2196647.0	2298004.0	2195511.0	2237157.0	2197996.0	2264799.0	2293779.0	2278192.0	2244491.0	2203685.0	2185348.0	2198499.0	2197502.0	2267539.0	2196100.0	2263175.0	2196165.0	2190882.0	2204963.0	2262242.0	2198146.0	2273786.0	2207651.0	2174212.0	2193986.0	2287143.0	2270303.0	2199700.0	2195710.0	2264853.0	2270787.0	2195810.0	2200446.0	2286260.0	2198023.0	2278863.0	2198260.0	2159977.0
scaffoldsARL08288	2211837.0	2513694.0	2560201.0	2249408.0	2237155.0	2919389.0	2555872.0	2920215.0	2917957.0	2210538.0	2181485.0	2921734.0	2908963.0	2896888.0	2208788.0	2158478.0	2206099.0	2720756.0	2559378.0	2200683.0	2237245.0	2206544.0	2518704.0	2248496.0	2918197.0	2903144.0	918049.0	2172151.0	2516499.0	2204211.0	2218769.0	2409190.0	2917891.0	2514049.0	2235035.0	1464479.0	2223290.0	2199490.0	2200136.0	2520236.0	2187007.0	2523061.0	2921923.0	2528143.0	2170232.0	2161618.0	2176646.0	2236604.0	2919198.0	2544941.0	2919307.0	2232074.0	2203359.0	2898365.0	2194671.0	2905804.0	2210770.0	2187659.0	2223018.0	2521709.0	2209518.0	2160883.0	2929910.0	2189599.0	3549843.0	2222392.0	2506879.0	2451609.0	2913241.0	2176165.0	2204111.0	2520327.0	2199786.0	2228282.0	2554733.0	2909225.0	2618650.0	2209184.0	2220849.0	2191645.0	2521215.0	2556208.0	2169564.0	2915135.0	2206866.0	2555019.0	2205744.0	2189461.0	2228246.0	2162171.0	2518306.0	2536585.0	2896818.0	2900113.0	2202857.0	2901340.0	2205515.0	2897660.0	2129129.0	2523321.0	2193209.0	2933408.0	2174559.0	2522214.0	2428169.0	2462416.0	2178198.0	2198294.0	2914251.0	2554313.0	2205697.0	2199633.0	2902778.0	2921028.0	2176997.0	2919266.0	2184105.0	2919649.0	2488761.0
scaffoldsTV4	2264795.0	2237129.0	2227728.0	2275963.0	2228993.0	2222583.0	2225681.0	2225814.0	2221764.0	2272132.0	2261727.0	2223170.0	2222860.0	2224647.0	2256833.0	2197032.0	2267665.0	2166507.0	2222982.0	2248603.0	2278542.0	2257211.0	2201904.0	2254183.0	2224939.0	2222739.0	793739.0	2302917.0	2203021.0	2296277.0	2258758.0	2172958.0	2224846.0	2187520.0	2282383.0	1458905.0	2557997.0	2294569.0	2240076.0	2202776.0	2266088.0	2204496.0	2225400.0	2200066.0	2077394.0	2203981.0	2247224.0	2280430.0	2229109.0	2235681.0	2224871.0	2296999.0	2269510.0	2222075.0	2232648.0	2225401.0	2239290.0	2228925.0	2559462.0	2205180.0	2263208.0	2262959.0	2224898.0	2253902.0	2220833.0	2581744.0	2182126.0	2190362.0	2223805.0	2246567.0	2241008.0	2198381.0	2248703.0	2247525.0	2227352.0	2225196.0	2246200.0	2216922.0	2233548.0	2222162.0	2200034.0	2230269.0	2298120.0	2223573.0	2296735.0	2225941.0	2264279.0	2272187.0	2246078.0	2203075.0	2201267.0	2209925.0	2221094.0	2223246.0	2301095.0	2224127.0	2265627.0	2221971.0	2153698.0	2207411.0	2231369.0	2224842.0	2234712.0	2208541.0	2220395.0	2227392.0	2249964.0	2249372.0	2222465.0	2227680.0	2260758.0	2304131.0	2223144.0	2224763.0	2243806.0	2225947.0	2264729.0	2224142.0	2164535.0
scaffoldsARL08983	2187881.0	2429088.0	2482459.0	2214642.0	2230040.0	2504432.0	2479905.0	2506524.0	2503790.0	2171933.0	2149803.0	2502531.0	2496827.0	2503876.0	2159212.0	2115147.0	2169900.0	2430928.0	2480544.0	2172168.0	2189980.0	2157583.0	2637259.0	2240281.0	2504338.0	2502121.0	855637.0	2136188.0	2633635.0	2196329.0	2190147.0	2383633.0	2504228.0	2447708.0	2190758.0	1426764.0	2177637.0	2195860.0	2142657.0	2631995.0	2154517.0	2639297.0	2506180.0	2642519.0	2126772.0	2119768.0	2150263.0	2189341.0	2507520.0	2516046.0	2502802.0	2214389.0	2173285.0	2501543.0	2156277.0	2493622.0	2201775.0	2155568.0	2180651.0	2633997.0	2188471.0	2142351.0	2499767.0	2161732.0	2503328.0	2180843.0	2833092.0	2473566.0	2505192.0	2143761.0	2168572.0	2635490.0	2173867.0	2173216.0	2482464.0	2501996.0	2491733.0	2183423.0	2158920.0	2143674.0	2633922.0	2485937.0	2132703.0	2503373.0	2160201.0	2482220.0	2170091.0	2156376.0	2207034.0	2118912.0	2634653.0	2461948.0	2497485.0	2499566.0	2199328.0	2495733.0	2171598.0	2499791.0	2129670.0	2643932.0	2148719.0	2510342.0	2148729.0	2646056.0	2374475.0	2482080.0	2151687.0	2172846.0	2499565.0	2477444.0	2168923.0	2195654.0	2503985.0	2505917.0	2149552.0	2504445.0	2150756.0	2501954.0	2377450.0
scaffoldsARL091074a	2154197.0	2575925.0	2582484.0	2232352.0	2219860.0	2457670.0	2580105.0	2455726.0	2455044.0	2174083.0	2145486.0	2457793.0	2453463.0	2452447.0	2156690.0	2118647.0	2188080.0	2403351.0	2577466.0	2154953.0	2179960.0	2154042.0	2466731.0	2226712.0	2455923.0	2454698.0	908797.0	2131285.0	2467892.0	2227571.0	2174783.0	2455958.0	2456765.0	2485713.0	2179437.0	1437596.0	2194570.0	2222907.0	2140231.0	2469501.0	2156008.0	2469488.0	2456367.0	2477206.0	2133210.0	2122685.0	2130231.0	2178391.0	2458683.0	2510232.0	2456395.0	2172317.0	2187108.0	2452617.0	2139853.0	2446661.0	2170970.0	2161314.0	2194846.0	2460011.0	2151254.0	2134209.0	2458209.0	2160617.0	2463608.0	2193384.0	2485392.0	2937728.0	2454392.0	2136443.0	2149687.0	2465650.0	2153255.0	2173262.0	2579180.0	2452044.0	2524624.0	2142228.0	2155110.0	2131100.0	2470190.0	2579013.0	2133557.0	2457412.0	2196812.0	2578391.0	2184580.0	2175746.0	2188383.0	2123176.0	2468050.0	2579245.0	2448470.0	2455359.0	2226324.0	2453326.0	2186727.0	2451632.0	2100469.0	2469544.0	2133658.0	2464241.0	2119667.0	2470871.0	2538791.0	2877803.0	2130041.0	2151863.0	2453350.0	2575704.0	2182614.0	2223586.0	2452802.0	2457149.0	2128640.0	2457258.0	2154252.0	2457388.0	2386291.0
scaffoldsARL071351	2212350.0	2508568.0	2554638.0	2243623.0	2227599.0	2921134.0	2549558.0	2922794.0	2914499.0	2207864.0	2183324.0	2913260.0	2892400.0	2904438.0	2209128.0	2156838.0	2211210.0	2723424.0	2547948.0	2201010.0	2237575.0	2207840.0	2517817.0	2238361.0	2921374.0	2903985.0	901950.0	2170464.0	2514786.0	2206010.0	2218310.0	2406593.0	2914279.0	2503244.0	2235589.0	1443878.0	2223242.0	2203220.0	2194639.0	2518330.0	2185442.0	2520277.0	2921829.0	2518077.0	2170627.0	2160504.0	2178615.0	2237261.0	2920806.0	2541957.0	2914346.0	2232723.0	2209838.0	2899746.0	2190428.0	2890972.0	2211254.0	2191341.0	2224542.0	2518377.0	2211105.0	2163723.0	2910225.0	2181652.0	2912622.0	2222706.0	2499065.0	2444007.0	2942362.0	2172435.0	2203016.0	2521470.0	2201491.0	2227500.0	2551261.0	2915257.0	2607824.0	2214842.0	2220320.0	2188478.0	2522332.0	2554179.0	2168061.0	2918658.0	2207350.0	2550658.0	2212009.0	2192750.0	2221883.0	2161895.0	2515884.0	2532591.0	2900103.0	2906774.0	2206819.0	2899051.0	2211161.0	2897390.0	2127786.0	2522518.0	2188296.0	2925800.0	2177411.0	2523122.0	2420836.0	2460286.0	2180065.0	2198396.0	2900281.0	2544905.0	2211563.0	2202468.0	2905426.0	2923114.0	2180914.0	2922954.0	2180856.0	2919606.0	2475887.0
scaffoldsTV82	2277475.0	2179491.0	2173987.0	2281101.0	2222681.0	2180225.0	2173860.0	2181404.0	2180829.0	2463963.0	2265735.0	2180778.0	2179575.0	2177660.0	2284600.0	2212257.0	2259067.0	2153142.0	2165948.0	2246607.0	2292480.0	2280110.0	2180326.0	2246822.0	2180900.0	2181584.0	785465.0	2263241.0	2181691.0	2260341.0	2267272.0	2162432.0	2179350.0	2191510.0	2288293.0	1390671.0	2252829.0	2256160.0	2243959.0	2182233.0	2266826.0	2184264.0	2179817.0	2179830.0	2013609.0	2213402.0	2384894.0	2288951.0	2183408.0	2181019.0	2180755.0	2294401.0	2254075.0	2180374.0	2233933.0	2180375.0	2210474.0	2269111.0	2251379.0	2182533.0	2275419.0	2277428.0	2181113.0	2264548.0	2178998.0	2249163.0	2156630.0	2144554.0	2179428.0	2525646.0	2241126.0	2181570.0	2245627.0	2232606.0	2173611.0	2179890.0	2201813.0	2240715.0	2259439.0	2219096.0	2183387.0	2173572.0	2267545.0	2178035.0	2229225.0	2171880.0	2258132.0	2251837.0	2295901.0	2217618.0	2180519.0	2162698.0	2178835.0	2178743.0	2255794.0	2179310.0	2258344.0	2179519.0	2167392.0	2184632.0	2244276.0	2178188.0	2368824.0	2186241.0	2154086.0	2164553.0	2383986.0	2245390.0	2180211.0	2172843.0	2257044.0	2263164.0	2178262.0	2182068.0	2379887.0	2181259.0	2265654.0	2181061.0	2133066.0
scaffoldsTV75	2277431.0	2200460.0	2226697.0	2339163.0	2293149.0	2216675.0	2226346.0	2218846.0	2214925.0	2295120.0	2246841.0	2217745.0	2217000.0	2217146.0	2252264.0	2213139.0	2254094.0	2166081.0	2218082.0	2524554.0	2301810.0	2250690.0	2219836.0	2323765.0	2216214.0	2217830.0	799396.0	2245569.0	2222662.0	2243468.0	2268718.0	2145754.0	2216826.0	2219786.0	2302633.0	1452282.0	2262301.0	2239344.0	2560848.0	2222875.0	2250087.0	2223484.0	2217475.0	2218638.0	2051258.0	2213285.0	2265045.0	2300313.0	2219242.0	2228809.0	2217664.0	2293133.0	2247174.0	2215194.0	2565941.0	2215440.0	2238735.0	2274120.0	2265928.0	2222573.0	2277319.0	2237737.0	2217256.0	2272105.0	2216100.0	2260992.0	2180402.0	2162713.0	2217405.0	2250602.0	2588038.0	2222130.0	2521547.0	2262143.0	2225691.0	2217912.0	2219036.0	2241372.0	2224201.0	2291702.0	2225217.0	2227880.0	2294055.0	2215636.0	2248297.0	2226025.0	2258404.0	2287734.0	2271087.0	2217851.0	2221323.0	2212946.0	2217264.0	2215082.0	2242495.0	2214170.0	2251457.0	2215485.0	2369826.0	2228529.0	2418412.0	2216427.0	2250850.0	2227076.0	2184443.0	2180815.0	2263441.0	2523709.0	2215628.0	2225901.0	2256942.0	2244814.0	2216060.0	2218748.0	2261832.0	2217957.0	2247750.0	2215136.0	2163101.0
scaffoldsARL081077	2203896.0	2576899.0	2588633.0	2273024.0	2278531.0	2533443.0	2585770.0	2536555.0	2530877.0	2211036.0	2191606.0	2532348.0	2521979.0	2531831.0	2189847.0	2153449.0	2225906.0	2442067.0	2583809.0	2218146.0	2204611.0	2186356.0	3023413.0	2291461.0	2533567.0	2532294.0	859510.0	2182748.0	3019173.0	2235490.0	2193587.0	2439968.0	2532488.0	2530159.0	2203931.0	1469903.0	2220776.0	2231968.0	2203719.0	3022709.0	2194140.0	3028104.0	2537896.0	3017209.0	2189457.0	2156425.0	2173543.0	2204213.0	2539346.0	2536264.0	2530761.0	2239792.0	2227279.0	2528322.0	2210637.0	2525431.0	2215268.0	2174325.0	2222524.0	3004549.0	2203594.0	2182667.0	2527205.0	2178523.0	2530851.0	2219398.0	2642346.0	2491801.0	2535804.0	2172308.0	2223983.0	3050600.0	2219519.0	2197744.0	2586952.0	2533980.0	2552270.0	2218493.0	2181750.0	2176506.0	3028891.0	2591813.0	2183608.0	2532131.0	2220429.0	2589372.0	2221773.0	2188954.0	2235812.0	2157643.0	3022561.0	2569183.0	2527912.0	2530280.0	2232665.0	2528327.0	2222379.0	2529392.0	2140373.0	3016242.0	2207610.0	2535206.0	2170761.0	3016366.0	2493416.0	2508220.0	2173478.0	2216590.0	2524053.0	2582381.0	2221261.0	2229908.0	2533469.0	2536780.0	2174634.0	2534963.0	2190362.0	2531612.0	2439967.0
scaffoldsTV12	2278470.0	2197924.0	2221217.0	2337878.0	2278275.0	2210148.0	2221634.0	2213033.0	2209840.0	2291522.0	2246688.0	2211707.0	2210603.0	2211445.0	2248202.0	2210899.0	2257255.0	2160799.0	2212951.0	2536384.0	2294001.0	2248512.0	2215282.0	2309328.0	2210694.0	2211963.0	800396.0	2248880.0	2217537.0	2241163.0	2262206.0	2144898.0	2210024.0	2216505.0	2296735.0	1458767.0	2273100.0	2238864.0	2501771.0	2218585.0	2252688.0	2219029.0	2211684.0	2214373.0	2049698.0	2211425.0	2266470.0	2292374.0	2213039.0	2221316.0	2211898.0	2293342.0	2251573.0	2210542.0	2509214.0	2209241.0	2233147.0	2267016.0	2276754.0	2219187.0	2279955.0	2238638.0	2212180.0	2274984.0	2209330.0	2272889.0	2181704.0	2156264.0	2211877.0	2244543.0	2519559.0	2214910.0	2551700.0	2261408.0	2220451.0	2211650.0	2214355.0	2236097.0	2220669.0	2289860.0	2218429.0	2222461.0	2255643.0	2209482.0	2247724.0	2221051.0	2260939.0	2285727.0	2279997.0	2215589.0	2217713.0	2207707.0	2211614.0	2209501.0	2240772.0	2209952.0	2257024.0	2210388.0	2380611.0	2223842.0	2414232.0	2211021.0	2250237.0	2222567.0	2177270.0	2171861.0	2264712.0	2534271.0	2210346.0	2220764.0	2258863.0	2246275.0	2210977.0	2212057.0	2260735.0	2212088.0	2250757.0	2209465.0	2158733.0
scaffoldsTV55	2306814.0	2206322.0	2204082.0	2305818.0	2278997.0	2219706.0	2205393.0	2220748.0	2218293.0	2290086.0	2223190.0	2219929.0	2220074.0	2220014.0	2263906.0	2262480.0	2295297.0	2156856.0	2200580.0	2271056.0	2460030.0	2261195.0	2193886.0	2295724.0	2219262.0	2220410.0	788254.0	2256892.0	2196080.0	2267183.0	2445725.0	2135823.0	2218053.0	2201716.0	2461929.0	1452805.0	2275162.0	2261175.0	2258601.0	2195499.0	2223220.0	2198562.0	2220625.0	2195324.0	2091659.0	2265119.0	2251114.0	2462030.0	2222394.0	2210524.0	2220014.0	2342118.0	2294250.0	2218893.0	2253498.0	2217035.0	2256297.0	2264041.0	2276785.0	2196766.0	2307825.0	2235506.0	2222018.0	2257905.0	2219032.0	2273501.0	2177049.0	2167651.0	2221184.0	2247874.0	2263643.0	2192447.0	2272733.0	2638183.0	2203490.0	2222265.0	2217372.0	2248815.0	2219329.0	2257198.0	2193824.0	2206393.0	2263565.0	2219789.0	2248714.0	2204814.0	2296332.0	2289184.0	2296674.0	2268425.0	2194455.0	2189168.0	2216865.0	2219292.0	2267796.0	2218644.0	2290464.0	2217201.0	2159917.0	2201835.0	2253809.0	2221343.0	2240387.0	2199425.0	2181478.0	2191936.0	2251484.0	2270534.0	2218224.0	2202643.0	2293732.0	2272021.0	2218406.0	2220902.0	2248415.0	2220478.0	2221079.0	2220508.0	2152244.0
scaffoldsARL081412	2220686.0	2894599.0	2994393.0	2261754.0	2255582.0	2595806.0	2990690.0	2593931.0	2593703.0	2199095.0	2186381.0	2591632.0	2584858.0	2591147.0	2195706.0	2179349.0	2253550.0	2494885.0	2976301.0	2221417.0	2244098.0	2193762.0	2590457.0	2265480.0	2591672.0	2592758.0	944787.0	2177047.0	2589282.0	2279917.0	2237175.0	2537358.0	2591900.0	2588284.0	2242694.0	1471905.0	2234189.0	2271883.0	2194993.0	2591477.0	2193237.0	2593127.0	2595583.0	2592173.0	2180510.0	2183124.0	2181753.0	2244012.0	2598256.0	2809160.0	2592588.0	2243488.0	2250485.0	2588544.0	2213279.0	2579961.0	2230626.0	2207450.0	2235563.0	2577107.0	2217569.0	2169597.0	2590190.0	2207475.0	2592819.0	2231620.0	2504661.0	2586139.0	2591275.0	2170351.0	2224940.0	2592143.0	2219557.0	2218390.0	3007315.0	2589209.0	2656328.0	2218539.0	2199948.0	2177901.0	2588976.0	2995844.0	2177750.0	2592408.0	2245423.0	2990410.0	2251434.0	2228483.0	2232640.0	2184386.0	2586845.0	2973102.0	2586788.0	2592195.0	2277097.0	2586616.0	2251458.0	2584260.0	2153123.0	2585302.0	2184498.0	2595853.0	2173942.0	2585898.0	2673863.0	2603232.0	2182647.0	2217389.0	2589300.0	2983760.0	2250561.0	2277944.0	2591220.0	2596098.0	2181675.0	2594477.0	2188022.0	2591950.0	2562839.0
scaffoldsARL08428	2203561.0	2504789.0	2553087.0	2240616.0	2223772.0	2913117.0	2549030.0	2911714.0	2906795.0	2204888.0	2178601.0	2905361.0	2890423.0	2899867.0	2206692.0	2152589.0	2200161.0	2717178.0	2543304.0	2188345.0	2227594.0	2205026.0	2512284.0	2234446.0	2909513.0	2899400.0	902750.0	2164232.0	2509817.0	2202201.0	2209785.0	2400182.0	2906395.0	2499420.0	2226960.0	1438173.0	2218061.0	2199245.0	2184874.0	2511753.0	2183089.0	2514425.0	2914253.0	2514541.0	2163385.0	2157576.0	2170225.0	2227772.0	2913289.0	2536851.0	2907155.0	2229579.0	2200037.0	2896405.0	2180287.0	2886221.0	2201728.0	2182688.0	2220372.0	2511999.0	2203521.0	2161359.0	2902144.0	2180015.0	2901934.0	2219182.0	2498534.0	2438649.0	2909275.0	2168842.0	2192637.0	2514733.0	2189334.0	2221830.0	2548775.0	2925399.0	2603514.0	2210135.0	2214488.0	2184350.0	2516463.0	2552518.0	2160941.0	2911321.0	2200335.0	2549454.0	2200781.0	2185445.0	2217798.0	2157811.0	2510775.0	2530234.0	2894847.0	2897391.0	2204214.0	2899073.0	2199867.0	2894586.0	2117700.0	2516810.0	2186434.0	2912845.0	2169433.0	2516821.0	2416667.0	2453367.0	2171554.0	2187921.0	2896537.0	2546188.0	2200713.0	2199438.0	2901775.0	2910902.0	2172175.0	2914594.0	2179887.0	2910698.0	2475057.0
scaffoldsARL04840	2204922.0	2620200.0	2609207.0	2247250.0	2232840.0	2602757.0	2609608.0	2602891.0	2599792.0	2214014.0	2183233.0	2596849.0	2601063.0	2599890.0	2192964.0	2160302.0	2225943.0	2494892.0	2598288.0	2197340.0	2226449.0	2188408.0	2521401.0	2242071.0	2599172.0	2600101.0	917449.0	2177049.0	2518198.0	2248730.0	2217502.0	2562762.0	2598403.0	2638967.0	2222913.0	1460254.0	2234141.0	2245624.0	2187320.0	2518904.0	2188240.0	2523317.0	2603068.0	2521863.0	2180880.0	2162924.0	2187806.0	2226295.0	2602634.0	2529729.0	2597270.0	2235551.0	2228709.0	2597834.0	2187140.0	2600575.0	2228509.0	2195697.0	2235295.0	2520831.0	2203438.0	2170776.0	2603888.0	2200152.0	2603068.0	2234441.0	2480957.0	2502108.0	2601442.0	2180822.0	2195358.0	2519663.0	2195022.0	2205143.0	2605814.0	2600095.0	3073062.0	2209464.0	2205013.0	2175057.0	2520770.0	2607574.0	2174423.0	2599106.0	2234747.0	2609328.0	2220294.0	2205156.0	2225037.0	2159989.0	2515880.0	2592458.0	2593549.0	2600071.0	2247596.0	2593957.0	2226044.0	2594656.0	2136485.0	2526792.0	2182618.0	2612120.0	2181339.0	2529142.0	2497544.0	2524889.0	2188749.0	2193539.0	2604721.0	2600426.0	2219247.0	2247221.0	2599529.0	2601729.0	2184981.0	2603732.0	2187197.0	2600448.0	2576707.0
scaffoldsTV83	2307786.0	2230616.0	2222513.0	2286835.0	2265290.0	2242434.0	2221646.0	2241859.0	2239634.0	2309155.0	2210167.0	2242284.0	2239418.0	2239576.0	2274549.0	2282690.0	2290914.0	2159732.0	2213796.0	2251647.0	2299436.0	2272264.0	2222987.0	2263370.0	2239402.0	2242464.0	813716.0	2217369.0	2223281.0	2228961.0	2278078.0	2131900.0	2240273.0	2216965.0	2298595.0	1452289.0	2261317.0	2225479.0	2246359.0	2224911.0	2211489.0	2228271.0	2240688.0	2225548.0	2102587.0	2281193.0	2355893.0	2301404.0	2243686.0	2218150.0	2240789.0	2370446.0	2277890.0	2239629.0	2247408.0	2236414.0	2285738.0	2249163.0	2259770.0	2233772.0	2307529.0	2213031.0	2240834.0	2235151.0	2239742.0	2257550.0	2199768.0	2168029.0	2240523.0	2250648.0	2255310.0	2228342.0	2249705.0	2269310.0	2221278.0	2242059.0	2244256.0	2552500.0	2215709.0	2231392.0	2228652.0	2222908.0	2223686.0	2239614.0	2206383.0	2219968.0	2291845.0	2265152.0	2312444.0	2286753.0	2223328.0	2207396.0	2238062.0	2241776.0	2228934.0	2238504.0	2289035.0	2239257.0	2116367.0	2234505.0	2287847.0	2241410.0	2352697.0	2232102.0	2193543.0	2198347.0	2355431.0	2250088.0	2240627.0	2220353.0	2291658.0	2229160.0	2239280.0	2243171.0	2353791.0	2242430.0	2207109.0	2242199.0	2190309.0
scaffoldsTV56	2232930.0	2197019.0	2197401.0	2236845.0	2222354.0	2214172.0	2195010.0	2215379.0	2212405.0	2213681.0	2209772.0	2212250.0	2208146.0	2213103.0	2234053.0	2206101.0	2215790.0	2173322.0	2193050.0	2197051.0	2232677.0	2228975.0	2178390.0	2227400.0	2211784.0	2213852.0	792930.0	2194206.0	2179491.0	2235106.0	2217511.0	2157706.0	2212664.0	2173487.0	2233559.0	1419724.0	2231230.0	2231863.0	2196016.0	2180910.0	2210618.0	2180821.0	2214338.0	2179497.0	2027366.0	2210529.0	2231239.0	2232327.0	2213982.0	2203745.0	2213995.0	2240905.0	2208142.0	2212390.0	2185870.0	2209762.0	2252691.0	2222043.0	2233718.0	2181524.0	2231869.0	2195527.0	2211684.0	2203128.0	2211218.0	2230074.0	2159883.0	2152711.0	2215219.0	2244232.0	2194379.0	2180452.0	2197329.0	2205074.0	2193786.0	2214273.0	2211354.0	2196964.0	2490512.0	2209550.0	2183259.0	2194546.0	2194326.0	2212156.0	2213224.0	2194124.0	2219566.0	2204363.0	2235838.0	2213539.0	2178204.0	2173984.0	2213510.0	2213363.0	2233075.0	2212816.0	2215912.0	2209321.0	2120314.0	2182475.0	2206547.0	2213438.0	2222857.0	2183591.0	2176993.0	2184558.0	2231623.0	2195665.0	2210301.0	2196811.0	2217115.0	2235509.0	2213275.0	2214626.0	2231984.0	2213578.0	2206645.0	2212613.0	2134936.0
scaffoldsTV48	2262330.0	2187099.0	2183642.0	2276797.0	2238788.0	2185301.0	2185093.0	2185290.0	2184068.0	2241365.0	2238581.0	2184591.0	2183992.0	2185489.0	2230259.0	2223828.0	2242741.0	2159062.0	2177027.0	2278550.0	2284359.0	2227297.0	2183435.0	2300268.0	2183146.0	2183660.0	800319.0	2238089.0	2183488.0	2216252.0	2253344.0	2141057.0	2185078.0	2149119.0	2290216.0	1425594.0	2236281.0	2213373.0	2281190.0	2183432.0	2235349.0	2186241.0	2185771.0	2182139.0	2051421.0	2222803.0	2242560.0	2285258.0	2190006.0	2183001.0	2184673.0	2256227.0	2236138.0	2183991.0	2271924.0	2181609.0	2213693.0	2228484.0	2238646.0	2182515.0	2260936.0	2233379.0	2185472.0	2251237.0	2183462.0	2234323.0	2153212.0	2127606.0	2185087.0	2224643.0	2282137.0	2184603.0	2281881.0	2239458.0	2181663.0	2186797.0	2188809.0	2226757.0	2225026.0	2534339.0	2184393.0	2187216.0	2243371.0	2184062.0	2223541.0	2184910.0	2246941.0	2249747.0	2241906.0	2226368.0	2183204.0	2168337.0	2183836.0	2183130.0	2215951.0	2183690.0	2240313.0	2182685.0	2177660.0	2187122.0	2292000.0	2185146.0	2235860.0	2187591.0	2170722.0	2155552.0	2241484.0	2278751.0	2185357.0	2182037.0	2245260.0	2215049.0	2184258.0	2185338.0	2240694.0	2184667.0	2235855.0	2182978.0	2145217.0
scaffoldsARL081215	2212637.0	2569220.0	2581729.0	2277890.0	2281148.0	2529424.0	2579888.0	2534877.0	2528348.0	2215288.0	2193863.0	2528674.0	2520448.0	2529087.0	2192837.0	2159463.0	2227337.0	2436961.0	2578058.0	2222136.0	2208331.0	2189491.0	3020702.0	2292580.0	2532801.0	2528727.0	863184.0	2185011.0	3014458.0	2238997.0	2197469.0	2442914.0	2529600.0	2530194.0	2206881.0	1465058.0	2223281.0	2235895.0	2208902.0	3014749.0	2197038.0	3023491.0	2534526.0	3011634.0	2185960.0	2162794.0	2177997.0	2206886.0	2532289.0	2530358.0	2527888.0	2246391.0	2229684.0	2526578.0	2217625.0	2524825.0	2226942.0	2179014.0	2225933.0	2999710.0	2212564.0	2189222.0	2528079.0	2186196.0	2527470.0	2223089.0	2642133.0	2485989.0	2532850.0	2176098.0	2229501.0	3023192.0	2224510.0	2198867.0	2579739.0	2532443.0	2551952.0	2220396.0	2192875.0	2179156.0	3042233.0	2584673.0	2185498.0	2531372.0	2222515.0	2582218.0	2224511.0	2192991.0	2239974.0	2164138.0	3018667.0	2562559.0	2526539.0	2527402.0	2238716.0	2525780.0	2225001.0	2527715.0	2146444.0	3011441.0	2211660.0	2531282.0	2175329.0	3012009.0	2489226.0	2503219.0	2177906.0	2221566.0	2522365.0	2576965.0	2223453.0	2233866.0	2530250.0	2535243.0	2178156.0	2532809.0	2193766.0	2530749.0	2435876.0
scaffoldsARL09100	2221115.0	2894046.0	2993486.0	2262476.0	2255719.0	2596306.0	2991364.0	2594767.0	2594004.0	2201943.0	2187258.0	2593240.0	2587140.0	2593934.0	2200022.0	2182688.0	2256848.0	2498003.0	2977449.0	2223683.0	2245169.0	2198361.0	2596852.0	2265942.0	2594057.0	2591391.0	938733.0	2179619.0	2595562.0	2280265.0	2238456.0	2543066.0	2594011.0	2589179.0	2243503.0	1472160.0	2238312.0	2276475.0	2196335.0	2596562.0	2191409.0	2598747.0	2599154.0	2598072.0	2184890.0	2186450.0	2184700.0	2244617.0	2600443.0	2806427.0	2593210.0	2248168.0	2255110.0	2591082.0	2215361.0	2581900.0	2238099.0	2210515.0	2240414.0	2582802.0	2219702.0	2174296.0	2591609.0	2209163.0	2594632.0	2236434.0	2513813.0	2582556.0	2594085.0	2169186.0	2228101.0	2598513.0	2224131.0	2220835.0	2993486.0	2591988.0	2659345.0	2218714.0	2205471.0	2184066.0	2597323.0	3017667.0	2181560.0	2593225.0	2247703.0	2994342.0	2252832.0	2227493.0	2233690.0	2187323.0	2593640.0	2973656.0	2590206.0	2591798.0	2280889.0	2587855.0	2253678.0	2583269.0	2156031.0	2593426.0	2186247.0	2599766.0	2177325.0	2593198.0	2681765.0	2600233.0	2185823.0	2219587.0	2591838.0	2981452.0	2253096.0	2279883.0	2594094.0	2596890.0	2184892.0	2594143.0	2189064.0	2591757.0	2568762.0
scaffoldsTV118	2268230.0	2180776.0	2179263.0	2295075.0	2243025.0	2163521.0	2175768.0	2165917.0	2164239.0	2284165.0	2381671.0	2163962.0	2164830.0	2165745.0	2242971.0	2250307.0	2241951.0	2136689.0	2176356.0	2241339.0	2292966.0	2241868.0	2188840.0	2275214.0	2164115.0	2163731.0	803898.0	2513937.0	2190051.0	2262767.0	2264395.0	2134330.0	2164334.0	2183184.0	2286586.0	1437919.0	2298231.0	2263111.0	2277774.0	2189037.0	2377559.0	2191399.0	2164831.0	2189160.0	2043519.0	2252338.0	2260589.0	2290976.0	2169179.0	2182114.0	2164896.0	2286221.0	2238040.0	2164078.0	2269159.0	2164595.0	2205011.0	2234761.0	2299999.0	2184057.0	2271319.0	2402533.0	2165113.0	2292730.0	2163574.0	2299992.0	2146471.0	2144225.0	2164628.0	2273708.0	2277986.0	2189603.0	2244581.0	2245446.0	2179081.0	2163813.0	2186980.0	2224505.0	2212458.0	2242336.0	2191291.0	2181226.0	2586317.0	2162969.0	2266141.0	2179455.0	2239405.0	2242416.0	2272495.0	2254158.0	2189232.0	2167363.0	2163365.0	2163597.0	2262815.0	2163313.0	2238837.0	2164523.0	2166341.0	2189830.0	2247696.0	2165010.0	2248533.0	2187961.0	2158431.0	2166755.0	2260630.0	2242594.0	2165297.0	2178738.0	2239853.0	2262581.0	2165269.0	2164975.0	2256814.0	2163677.0	2379822.0	2163274.0	2131865.0
scaffoldsARL071139	2207949.0	2504443.0	2553086.0	2238392.0	2221824.0	2919468.0	2549030.0	2921527.0	2913402.0	2205740.0	2174593.0	2912885.0	2891713.0	2897490.0	2205602.0	2153562.0	2204288.0	2717773.0	2547056.0	2190227.0	2228690.0	2203589.0	2513936.0	2232845.0	2918933.0	2901479.0	912180.0	2165818.0	2512457.0	2201715.0	2211149.0	2401003.0	2913387.0	2499110.0	2228087.0	1445532.0	2218604.0	2199612.0	2185938.0	2514184.0	2178968.0	2515763.0	2921080.0	2515280.0	2163353.0	2159931.0	2171817.0	2229386.0	2920383.0	2539318.0	2913203.0	2228476.0	2203449.0	2896943.0	2181590.0	2886450.0	2201571.0	2183166.0	2219835.0	2512259.0	2207027.0	2157491.0	2910669.0	2184317.0	2909068.0	2219903.0	2497067.0	2440784.0	2915122.0	2170075.0	2193729.0	2515634.0	2191824.0	2224096.0	2550144.0	2914456.0	2604160.0	2210572.0	2214389.0	2186152.0	2518781.0	2551189.0	2164546.0	2937020.0	2202235.0	2549280.0	2204542.0	2187277.0	2219695.0	2159528.0	2512435.0	2530829.0	2894158.0	2902358.0	2203437.0	2896464.0	2204430.0	2896015.0	2121967.0	2518324.0	2185476.0	2919337.0	2171634.0	2518312.0	2414412.0	2454389.0	2173255.0	2189569.0	2898288.0	2546271.0	2204211.0	2198697.0	2901206.0	2919498.0	2174052.0	2919692.0	2176413.0	2920011.0	2469197.0
scaffoldsTV57	2234992.0	2229985.0	2236921.0	2294427.0	2247615.0	2219216.0	2235343.0	2220888.0	2218205.0	2269765.0	2278775.0	2218871.0	2217236.0	2218539.0	2260226.0	2194442.0	2269228.0	2179570.0	2230300.0	2252718.0	2280052.0	2256647.0	2210776.0	2277032.0	2217406.0	2220004.0	838064.0	2263841.0	2212585.0	2320603.0	2257361.0	2193987.0	2217047.0	2222830.0	2276304.0	1420276.0	2316436.0	2314909.0	2250111.0	2211785.0	2281412.0	2214556.0	2220051.0	2211816.0	2052773.0	2192160.0	2229380.0	2279627.0	2223467.0	2236323.0	2217620.0	2257870.0	2259223.0	2217342.0	2250061.0	2216099.0	2247860.0	2241108.0	2317660.0	2211985.0	2233462.0	2261323.0	2219173.0	2234535.0	2217857.0	2313184.0	2173108.0	2194398.0	2218451.0	2248834.0	2254013.0	2215237.0	2254448.0	2251253.0	2235818.0	2219655.0	2255768.0	2196154.0	2238103.0	2235975.0	2214987.0	2236589.0	2262030.0	2217126.0	2550918.0	2235159.0	2270835.0	2296627.0	2275624.0	2195691.0	2214092.0	2220044.0	2218564.0	2216697.0	2317551.0	2217499.0	2269190.0	2218457.0	2172182.0	2215943.0	2236980.0	2218849.0	2220803.0	2218893.0	2212945.0	2210147.0	2229927.0	2253288.0	2216826.0	2234924.0	2270343.0	2321561.0	2218519.0	2219391.0	2230754.0	2219762.0	2281968.0	2217336.0	2165511.0
scaffoldsARL081218	2221208.0	2900573.0	2995627.0	2264179.0	2259903.0	2597363.0	3003351.0	2598285.0	2595356.0	2200693.0	2190429.0	2595335.0	2588620.0	2596074.0	2200779.0	2182356.0	2260336.0	2501292.0	2979667.0	2218196.0	2246482.0	2199144.0	2599448.0	2273477.0	2596163.0	2594472.0	945992.0	2180859.0	2598121.0	2284657.0	2239033.0	2546560.0	2595833.0	2594382.0	2245800.0	1479157.0	2241688.0	2280123.0	2188492.0	2598161.0	2192776.0	2600827.0	2600156.0	2599925.0	2184123.0	2186922.0	2182429.0	2246184.0	2602138.0	2810006.0	2596934.0	2250174.0	2260467.0	2593048.0	2210806.0	2583095.0	2234767.0	2213326.0	2243531.0	2581533.0	2220933.0	2175409.0	2594951.0	2211260.0	2596158.0	2239707.0	2513383.0	2587913.0	2595516.0	2166985.0	2223909.0	2598272.0	2219828.0	2224392.0	2995728.0	2593256.0	2668163.0	2210541.0	2205048.0	2182698.0	2598001.0	3001060.0	2182358.0	2595265.0	2245684.0	3018923.0	2258957.0	2229619.0	2237093.0	2189051.0	2596617.0	2974327.0	2591853.0	2593190.0	2285534.0	2592933.0	2257718.0	2587805.0	2150546.0	2593882.0	2178318.0	2601463.0	2175993.0	2594924.0	2686491.0	2602912.0	2183349.0	2216250.0	2592956.0	2983180.0	2258198.0	2284179.0	2596702.0	2597826.0	2184073.0	2597241.0	2189080.0	2592990.0	2578653.0
scaffoldsTV42	2299757.0	2217064.0	2241217.0	2312217.0	2275048.0	2228350.0	2239138.0	2226094.0	2224956.0	2293230.0	2211738.0	2227260.0	2222682.0	2224245.0	2328428.0	2247951.0	2619599.0	2166296.0	2233569.0	2262665.0	2327021.0	2324275.0	2211609.0	2337592.0	2225549.0	2226821.0	833391.0	2227878.0	2213792.0	2327830.0	2299930.0	2148453.0	2226407.0	2223465.0	2325784.0	1438762.0	2273238.0	2322887.0	2241078.0	2214170.0	2212888.0	2216980.0	2226657.0	2216281.0	2053130.0	2247052.0	2258850.0	2324586.0	2227969.0	2234253.0	2226087.0	2324158.0	2582138.0	2225249.0	2252570.0	2220654.0	2262081.0	2321395.0	2274288.0	2215054.0	2299006.0	2205136.0	2222911.0	2267601.0	2224467.0	2271781.0	2182891.0	2196811.0	2225988.0	2256381.0	2255654.0	2214502.0	2259034.0	2291661.0	2240210.0	2225338.0	2249418.0	2276440.0	2224383.0	2248665.0	2213942.0	2241037.0	2228726.0	2224239.0	2276158.0	2238804.0	2633230.0	2322366.0	2328472.0	2251354.0	2213661.0	2225210.0	2224738.0	2225915.0	2323690.0	2224240.0	2581306.0	2223032.0	2154100.0	2218811.0	2295718.0	2225840.0	2246284.0	2221366.0	2196617.0	2202578.0	2260529.0	2257397.0	2226015.0	2239059.0	2627919.0	2330177.0	2225810.0	2228338.0	2257976.0	2227165.0	2207523.0	2225884.0	2169307.0
scaffoldsTV81	2288940.0	2188008.0	2196675.0	2312305.0	2246925.0	2184991.0	2194802.0	2184497.0	2184523.0	2304217.0	2214249.0	2185372.0	2182860.0	2184180.0	2268752.0	2217000.0	2304391.0	2130634.0	2189335.0	2277916.0	2290199.0	2265238.0	2166413.0	2278163.0	2185242.0	2185326.0	809435.0	2226040.0	2167046.0	2269325.0	2256751.0	2132132.0	2185989.0	2153789.0	2289555.0	1424606.0	2281496.0	2264885.0	2269575.0	2167138.0	2223040.0	2167635.0	2185601.0	2165131.0	2024817.0	2221910.0	2259209.0	2289129.0	2186625.0	2203033.0	2184889.0	2334674.0	2297986.0	2185842.0	2264363.0	2180513.0	2231489.0	2235955.0	2281855.0	2168058.0	2287440.0	2214465.0	2183719.0	2276764.0	2184552.0	2282493.0	2152600.0	2163337.0	2182903.0	2266396.0	2274536.0	2167697.0	2278239.0	2266523.0	2194701.0	2184488.0	2207535.0	2241681.0	2219416.0	2244158.0	2167460.0	2196213.0	2238113.0	2181783.0	2280043.0	2195962.0	2305112.0	2564340.0	2277805.0	2223054.0	2166837.0	2178388.0	2184961.0	2183243.0	2266076.0	2186648.0	2303522.0	2184724.0	2158359.0	2169848.0	2266965.0	2183256.0	2244698.0	2173985.0	2165099.0	2191974.0	2259529.0	2278012.0	2180577.0	2194154.0	2304943.0	2270535.0	2184435.0	2185840.0	2257719.0	2185192.0	2217545.0	2183848.0	2112713.0
scaffoldsTV15	2417776.0	2203541.0	2225317.0	2315592.0	2284094.0	2218614.0	2223935.0	2221867.0	2216682.0	2332602.0	2256533.0	2220325.0	2219718.0	2218623.0	2304734.0	2291156.0	2320980.0	2168335.0	2220091.0	2279599.0	2315877.0	2302643.0	2223682.0	2318179.0	2219915.0	2219457.0	825836.0	2261517.0	2225450.0	2299301.0	2280441.0	2143667.0	2218803.0	2216511.0	2312489.0	1436089.0	2267934.0	2297307.0	2258536.0	2225837.0	2263818.0	2225815.0	2221716.0	2228764.0	2054779.0	2291372.0	2310931.0	2314173.0	2221792.0	2220413.0	2220657.0	2414236.0	2304366.0	2219684.0	2261420.0	2216244.0	2287821.0	2299106.0	2269244.0	2226188.0	2418749.0	2249521.0	2222943.0	2278032.0	2224233.0	2267433.0	2207709.0	2187195.0	2220197.0	2295322.0	2271232.0	2225498.0	2276721.0	2291344.0	2224685.0	2220829.0	2241955.0	2300126.0	2250696.0	2243748.0	2226961.0	2225004.0	2263246.0	2218867.0	2284982.0	2223586.0	2318286.0	2292470.0	2549077.0	2296378.0	2223302.0	2211702.0	2218632.0	2217623.0	2301193.0	2218805.0	2320087.0	2218868.0	2169330.0	2228824.0	2268891.0	2223702.0	2296479.0	2230769.0	2196753.0	2197011.0	2312258.0	2275920.0	2221154.0	2224247.0	2316601.0	2303200.0	2219699.0	2220789.0	2308814.0	2219789.0	2259693.0	2218804.0	2155499.0
scaffolds126VP	2320131.0	2175527.0	2167210.0	2279496.0	2251354.0	2166980.0	2165308.0	2169090.0	2166234.0	2254460.0	2220617.0	2167763.0	2165142.0	2168786.0	2256571.0	2507870.0	2258291.0	2129142.0	2163900.0	2211321.0	2271184.0	2253740.0	2165908.0	2250572.0	2168584.0	2168526.0	822427.0	2248709.0	2164613.0	2230229.0	2242434.0	2143350.0	2168318.0	2171097.0	2267870.0	1412483.0	2214715.0	2226885.0	2206031.0	2164737.0	2223878.0	2165385.0	2169706.0	2161470.0	2037218.0	2512164.0	2262585.0	2269344.0	2171302.0	2160115.0	2168571.0	2335960.0	2256305.0	2166825.0	2201431.0	2167587.0	2232227.0	2254641.0	2217801.0	2166370.0	2322229.0	2227845.0	2167792.0	2243709.0	2167814.0	2216154.0	2128489.0	2128717.0	2169213.0	2232880.0	2212846.0	2165845.0	2211357.0	2271748.0	2167115.0	2169792.0	2185556.0	2284031.0	2238162.0	2235518.0	2166052.0	2169100.0	2253244.0	2167754.0	2198330.0	2168060.0	2258148.0	2232741.0	2308361.0	2532682.0	2163348.0	2148270.0	2167082.0	2167701.0	2231689.0	2168289.0	2257918.0	2166721.0	2105817.0	2167202.0	2221950.0	2170000.0	2251578.0	2168241.0	2161415.0	2166069.0	2263229.0	2211987.0	2165294.0	2167573.0	2259665.0	2227874.0	2169257.0	2169879.0	2261719.0	2168333.0	2222409.0	2167141.0	2120685.0
scaffoldsARL081189	2205480.0	2578427.0	2585108.0	2272173.0	2276698.0	2532215.0	2584513.0	2532652.0	2529304.0	2216081.0	2194103.0	2531309.0	2523467.0	2530513.0	2190244.0	2157084.0	2231194.0	2440238.0	2584827.0	2224398.0	2204000.0	2187815.0	3029991.0	2290230.0	2531848.0	2530926.0	858344.0	2187360.0	3026919.0	2236837.0	2192282.0	2442936.0	2530163.0	2529900.0	2202405.0	1476429.0	2226285.0	2234011.0	2205782.0	3027326.0	2195337.0	3034450.0	2534253.0	3021622.0	2192388.0	2160748.0	2174704.0	2203085.0	2534465.0	2535287.0	2531455.0	2240136.0	2234105.0	2528503.0	2211996.0	2523751.0	2220777.0	2182801.0	2227869.0	3006724.0	2206026.0	2184159.0	2528871.0	2183147.0	2529023.0	2224601.0	2646261.0	2494248.0	2530984.0	2175616.0	2225614.0	3028004.0	2226530.0	2200787.0	2583122.0	2529087.0	2551894.0	2217561.0	2183756.0	2178185.0	3028935.0	2588136.0	2185529.0	2530588.0	2218033.0	2587843.0	2227813.0	2186533.0	2236876.0	2161547.0	3047181.0	2564928.0	2527614.0	2528145.0	2236424.0	2526889.0	2230268.0	2527511.0	2146148.0	3018833.0	2210693.0	2532103.0	2171997.0	3020808.0	2495206.0	2511481.0	2175371.0	2226001.0	2524933.0	2581412.0	2227201.0	2230839.0	2530684.0	2533405.0	2175098.0	2530578.0	2190323.0	2528737.0	2436293.0
scaffoldsARL081437	2202561.0	2874956.0	2966884.0	2251017.0	2246885.0	2572450.0	2963083.0	2572115.0	2570232.0	2185771.0	2178487.0	2569511.0	2564968.0	2568889.0	2180742.0	2162659.0	2239341.0	2473454.0	2947682.0	2207724.0	2227166.0	2177952.0	2571284.0	2255287.0	2569662.0	2570472.0	937651.0	2170947.0	2568919.0	2264194.0	2217465.0	2528343.0	2567291.0	2581463.0	2225401.0	1463834.0	2221162.0	2258987.0	2181648.0	2569392.0	2184563.0	2572599.0	2573452.0	2571667.0	2160193.0	2168121.0	2167767.0	2225370.0	2574962.0	2782644.0	2569935.0	2227918.0	2236540.0	2568085.0	2202438.0	2558535.0	2211574.0	2194682.0	2220213.0	2557321.0	2199409.0	2162031.0	2568063.0	2200535.0	2568599.0	2218379.0	2485339.0	2585826.0	2569455.0	2156733.0	2211567.0	2569664.0	2206266.0	2200861.0	2968537.0	2566564.0	2639121.0	2204852.0	2184397.0	2171892.0	2569185.0	2968903.0	2172560.0	2569286.0	2232188.0	2963856.0	2235561.0	2208660.0	2219282.0	2167806.0	2565701.0	2990063.0	2564033.0	2571384.0	2262844.0	2564639.0	2236818.0	2562845.0	2142129.0	2568358.0	2170844.0	2573592.0	2158050.0	2564839.0	2657061.0	2579791.0	2167879.0	2203134.0	2567980.0	2956351.0	2235288.0	2264678.0	2569970.0	2573211.0	2166257.0	2572799.0	2181115.0	2569897.0	2562817.0
scaffoldsARL0832	2207151.0	2501850.0	2549244.0	2237330.0	2222859.0	2901476.0	2543508.0	2903561.0	2898869.0	2203126.0	2181811.0	2899534.0	2890020.0	2904409.0	2205314.0	2154963.0	2199434.0	2724286.0	2543111.0	2192164.0	2232193.0	2203569.0	2509600.0	2233979.0	2902776.0	2906287.0	904843.0	2169213.0	2508682.0	2203147.0	2215318.0	2401666.0	2899229.0	2497436.0	2232149.0	1451516.0	2219909.0	2198950.0	2188823.0	2511329.0	2182851.0	2510893.0	2904979.0	2510418.0	2157812.0	2157735.0	2172861.0	2232900.0	2902059.0	2536326.0	2899022.0	2227625.0	2198750.0	2903347.0	2183639.0	2887855.0	2202555.0	2186513.0	2222447.0	2508247.0	2206957.0	2162762.0	2893888.0	2182951.0	2895490.0	2219684.0	2495329.0	2432903.0	2898765.0	2167766.0	2197234.0	2510609.0	2193071.0	2221288.0	2543946.0	2897033.0	2599254.0	2210215.0	2213747.0	2186307.0	2512747.0	2548545.0	2166892.0	2899787.0	2199604.0	2547703.0	2199742.0	2185629.0	2219603.0	2158804.0	2508681.0	2525489.0	2920479.0	2903555.0	2205016.0	2897508.0	2198590.0	2904381.0	2120158.0	2513727.0	2186145.0	2899323.0	2172458.0	2515099.0	2416924.0	2445648.0	2174149.0	2190594.0	2896692.0	2541584.0	2200047.0	2199944.0	2908857.0	2902459.0	2174892.0	2900063.0	2178246.0	2899017.0	2468107.0
scaffoldsARL0846	2212785.0	2503756.0	2545473.0	2239400.0	2225176.0	2904615.0	2541262.0	2903336.0	2895626.0	2203085.0	2177780.0	2894640.0	2887874.0	2903818.0	2202467.0	2154485.0	2202930.0	2719336.0	2540519.0	2196307.0	2231950.0	2200616.0	2509527.0	2233152.0	2902846.0	2908164.0	898022.0	2165771.0	2507120.0	2206552.0	2214354.0	2406670.0	2894206.0	2493948.0	2230593.0	1449473.0	2218822.0	2203208.0	2190070.0	2508667.0	2179572.0	2512789.0	2900307.0	2512444.0	2159025.0	2160075.0	2175633.0	2232544.0	2901728.0	2531475.0	2895971.0	2227544.0	2199758.0	2902021.0	2185934.0	2884916.0	2203686.0	2186103.0	2218527.0	2510257.0	2210902.0	2160640.0	2889381.0	2179214.0	2891360.0	2218486.0	2494018.0	2436947.0	2901826.0	2168959.0	2196797.0	2511680.0	2195067.0	2220939.0	2544514.0	2895302.0	2599775.0	2213913.0	2214884.0	2185590.0	2511745.0	2544042.0	2163876.0	2902989.0	2200326.0	2540400.0	2203068.0	2187542.0	2219325.0	2159762.0	2505211.0	2523853.0	2898284.0	2924177.0	2206152.0	2894829.0	2203003.0	2900499.0	2124946.0	2514866.0	2186196.0	2902420.0	2173798.0	2514679.0	2414046.0	2450708.0	2177338.0	2193607.0	2899084.0	2539529.0	2202715.0	2203500.0	2907500.0	2905498.0	2175855.0	2900214.0	2177267.0	2903818.0	2466283.0
scaffoldsTV10	2300261.0	2269711.0	2271248.0	2334600.0	2288838.0	2222903.0	2268899.0	2226149.0	2222337.0	2293948.0	2289897.0	2223085.0	2224295.0	2224152.0	2311860.0	2226353.0	2323112.0	2184427.0	2266587.0	2259437.0	2330772.0	2310016.0	2237878.0	2323623.0	2224946.0	2222784.0	827292.0	2277098.0	2238751.0	2571884.0	2314621.0	2210830.0	2224642.0	2233320.0	2332672.0	1437942.0	2315948.0	2572508.0	2240791.0	2236741.0	2288892.0	2238013.0	2225454.0	2233423.0	2075252.0	2226909.0	2275731.0	2333872.0	2227514.0	2263239.0	2226002.0	2300956.0	2317090.0	2222399.0	2244610.0	2219874.0	2265139.0	2309168.0	2319270.0	2237440.0	2300105.0	2275101.0	2224254.0	2280995.0	2222008.0	2315910.0	2205602.0	2238920.0	2223925.0	2283033.0	2256571.0	2235917.0	2259320.0	2272604.0	2270031.0	2223469.0	2273865.0	2221104.0	2261487.0	2241575.0	2238160.0	2272591.0	2274859.0	2223781.0	2327786.0	2271073.0	2320116.0	2293239.0	2309834.0	2231032.0	2237672.0	2253139.0	2223923.0	2222094.0	2585338.0	2224298.0	2318868.0	2221783.0	2179310.0	2240561.0	2227591.0	2225096.0	2264668.0	2241933.0	2250187.0	2258530.0	2279889.0	2261956.0	2223239.0	2270691.0	2317996.0	2569127.0	2223779.0	2224995.0	2277489.0	2224280.0	2288158.0	2223466.0	2175558.0
scaffoldsARL08552	2202654.0	2501774.0	2550663.0	2240383.0	2222839.0	2898152.0	2546591.0	2898657.0	2895641.0	2205120.0	2179124.0	2893540.0	2887811.0	2892987.0	2208077.0	2156248.0	2203967.0	2710957.0	2543586.0	2192105.0	2231547.0	2205946.0	2508713.0	2236403.0	2897135.0	2894034.0	907310.0	2169794.0	2506511.0	2198490.0	2212812.0	2402897.0	2896346.0	2500353.0	2230087.0	1445171.0	2220818.0	2196382.0	2189270.0	2508135.0	2181151.0	2509392.0	2900452.0	2510484.0	2162863.0	2159515.0	2172841.0	2231572.0	2899324.0	2535136.0	2897640.0	2228876.0	2203518.0	2891726.0	2185196.0	2887264.0	2202064.0	2185724.0	2220173.0	2506125.0	2203622.0	2158737.0	2892110.0	2185027.0	2893224.0	2219743.0	2490439.0	2435774.0	2894345.0	2169535.0	2196954.0	2509889.0	2193262.0	2223602.0	2546234.0	2896036.0	2601062.0	2209961.0	2214966.0	2187498.0	2510052.0	2549823.0	2166854.0	2895176.0	2202554.0	2548323.0	2203865.0	2186787.0	2219396.0	2159826.0	2507109.0	2525054.0	2889456.0	2893950.0	2199857.0	2912634.0	2203539.0	2890343.0	2121641.0	2511300.0	2185474.0	2899930.0	2172932.0	2513584.0	2416428.0	2448237.0	2174114.0	2192137.0	2891426.0	2544980.0	2202603.0	2194258.0	2896732.0	2897093.0	2174883.0	2898614.0	2177982.0	2896931.0	2472223.0
scaffolds129VP	2296215.0	2216264.0	2238901.0	2312044.0	2273917.0	2220154.0	2237217.0	2218499.0	2217134.0	2286890.0	2217335.0	2218142.0	2216459.0	2216144.0	2319411.0	2250607.0	2601227.0	2160491.0	2232581.0	2254112.0	2321497.0	2316781.0	2210513.0	2335515.0	2217754.0	2219344.0	840012.0	2223407.0	2212014.0	2323761.0	2298313.0	2153663.0	2218062.0	2218828.0	2320208.0	1442901.0	2272089.0	2319880.0	2230198.0	2212426.0	2218121.0	2214467.0	2219338.0	2214674.0	2049263.0	2249881.0	2252764.0	2322032.0	2220484.0	2231130.0	2218372.0	2317373.0	2564105.0	2217898.0	2243223.0	2212772.0	2256280.0	2306969.0	2272749.0	2211027.0	2295519.0	2204697.0	2216637.0	2262384.0	2216329.0	2271047.0	2182091.0	2193056.0	2217162.0	2251095.0	2246284.0	2212742.0	2252081.0	2289828.0	2237109.0	2218154.0	2244536.0	2271192.0	2217568.0	2239957.0	2212045.0	2237652.0	2221892.0	2217358.0	2271493.0	2236074.0	2576602.0	2315697.0	2327402.0	2252931.0	2212199.0	2221852.0	2216791.0	2219343.0	2319519.0	2217826.0	2611869.0	2216108.0	2169190.0	2215234.0	2293760.0	2218526.0	2243939.0	2217471.0	2194375.0	2200464.0	2254319.0	2249494.0	2218740.0	2236920.0	2573305.0	2326148.0	2218897.0	2220685.0	2251707.0	2219544.0	2211781.0	2218902.0	2166700.0
scaffoldsARL0839	2205267.0	2503956.0	2550630.0	2237884.0	2221716.0	2899524.0	2543924.0	2904707.0	2896458.0	2204535.0	2182208.0	2895507.0	2889307.0	2901986.0	2202315.0	2152755.0	2202328.0	2723600.0	2547541.0	2195085.0	2230584.0	2200699.0	2510842.0	2235215.0	2901179.0	2905862.0	898477.0	2173422.0	2508319.0	2202756.0	2213452.0	2405699.0	2901567.0	2497816.0	2229741.0	1449570.0	2219680.0	2200460.0	2190503.0	2511715.0	2183894.0	2510841.0	2901317.0	2512103.0	2158141.0	2156466.0	2172697.0	2230066.0	2898050.0	2536718.0	2898960.0	2224944.0	2201821.0	2902662.0	2184874.0	2884793.0	2203065.0	2187076.0	2219202.0	2508733.0	2204954.0	2165608.0	2891369.0	2178442.0	2893425.0	2219070.0	2496729.0	2439442.0	2897211.0	2170176.0	2198258.0	2511267.0	2195309.0	2218996.0	2547857.0	2893921.0	2599581.0	2208498.0	2212839.0	2183508.0	2512752.0	2549177.0	2171625.0	2901064.0	2202692.0	2547302.0	2201840.0	2186075.0	2219816.0	2156637.0	2507647.0	2529269.0	2903432.0	2903277.0	2204878.0	2895358.0	2201616.0	2932978.0	2123684.0	2514967.0	2185863.0	2899155.0	2173343.0	2514932.0	2418026.0	2449862.0	2174031.0	2194069.0	2894525.0	2545244.0	2200580.0	2199637.0	2908308.0	2900764.0	2174574.0	2898264.0	2180746.0	2898351.0	2467847.0
scaffoldsTV54	2165602.0	2123839.0	2144057.0	2201686.0	2170525.0	2123804.0	2139483.0	2127248.0	2125245.0	2167812.0	2179594.0	2127272.0	2124897.0	2123054.0	2139632.0	2097617.0	2164931.0	2128494.0	2135256.0	2378175.0	2191040.0	2137506.0	2138010.0	2197699.0	2126067.0	2127057.0	780159.0	2169359.0	2139910.0	2161587.0	2179375.0	2128249.0	2124485.0	2145076.0	2190806.0	1392478.0	2171597.0	2156264.0	2340539.0	2141856.0	2181763.0	2142503.0	2127009.0	2139285.0	1979525.0	2099349.0	2184406.0	2191238.0	2127357.0	2145561.0	2127425.0	2170666.0	2145320.0	2123146.0	2349070.0	2125331.0	2131559.0	2179159.0	2173683.0	2140505.0	2164428.0	2164203.0	2126119.0	2179835.0	2125595.0	2168180.0	2126814.0	2100483.0	2126137.0	2166985.0	2353985.0	2139546.0	2371830.0	2149874.0	2142547.0	2126350.0	2143040.0	2123657.0	2131460.0	2176831.0	2140581.0	2143109.0	2167988.0	2122948.0	2157763.0	2141349.0	2142366.0	2163004.0	2161219.0	2100460.0	2140520.0	2130486.0	2125404.0	2123077.0	2160001.0	2124960.0	2163175.0	2124821.0	2411303.0	2142598.0	2292512.0	2124764.0	2170155.0	2143897.0	2122000.0	2117296.0	2185864.0	2372728.0	2126804.0	2140891.0	2140013.0	2165153.0	2125207.0	2127605.0	2182569.0	2126138.0	2181846.0	2124964.0	2091793.0
scaffoldsARL081309	2203521.0	2549076.0	2557820.0	2258372.0	2264533.0	2513784.0	2554785.0	2516863.0	2511820.0	2198164.0	2190453.0	2512563.0	2502462.0	2513617.0	2181494.0	2149087.0	2212474.0	2435526.0	2553677.0	2208353.0	2201939.0	2177679.0	3000780.0	2275719.0	2514921.0	2513230.0	853042.0	2177938.0	2993116.0	2235447.0	2191067.0	2440836.0	2512393.0	2511271.0	2200459.0	1450124.0	2209247.0	2233745.0	2189604.0	2993518.0	2192358.0	3004513.0	2518186.0	2990720.0	2174111.0	2153801.0	2172362.0	2201401.0	2518237.0	2506270.0	2510699.0	2228890.0	2215012.0	2512460.0	2196388.0	2505476.0	2208628.0	2178954.0	2211516.0	2999761.0	2203525.0	2184213.0	2509331.0	2176245.0	2510365.0	2209767.0	2635335.0	2467891.0	2515826.0	2171833.0	2209031.0	2998061.0	2209154.0	2184529.0	2556405.0	2515783.0	2537649.0	2199501.0	2181375.0	2175084.0	2999828.0	2560237.0	2179784.0	2513996.0	2203937.0	2557943.0	2209071.0	2174746.0	2221633.0	2154428.0	2995830.0	2540371.0	2507901.0	2512981.0	2235264.0	2508117.0	2210155.0	2510587.0	2146068.0	3022287.0	2192258.0	2516328.0	2169895.0	3011275.0	2468634.0	2489138.0	2172272.0	2207575.0	2505098.0	2553381.0	2207481.0	2230231.0	2514584.0	2516992.0	2172560.0	2515911.0	2189854.0	2513510.0	2421254.0
scaffoldsTV49	2290559.0	2193268.0	2194373.0	2334436.0	2282111.0	2197071.0	2192092.0	2197500.0	2195578.0	2305061.0	2252146.0	2196655.0	2191815.0	2194123.0	2254351.0	2226390.0	2313845.0	2137117.0	2187917.0	2430315.0	2296356.0	2253642.0	2194830.0	2345794.0	2194349.0	2198085.0	783263.0	2256605.0	2200571.0	2241758.0	2267399.0	2134102.0	2194745.0	2196256.0	2298320.0	1442510.0	2267135.0	2234454.0	2430480.0	2201472.0	2253686.0	2201475.0	2195281.0	2201186.0	2045960.0	2227283.0	2267595.0	2295944.0	2197765.0	2192200.0	2197013.0	2298726.0	2301505.0	2192507.0	2419803.0	2193756.0	2229506.0	2261687.0	2268850.0	2202103.0	2290400.0	2249203.0	2193699.0	2269738.0	2195621.0	2262354.0	2161710.0	2146634.0	2197128.0	2260906.0	2423922.0	2202365.0	2429188.0	2260984.0	2191856.0	2197297.0	2208230.0	2272391.0	2240728.0	2315431.0	2201510.0	2192360.0	2259815.0	2193998.0	2251312.0	2189864.0	2317094.0	2287900.0	2288960.0	2234111.0	2198692.0	2181332.0	2193900.0	2195860.0	2236327.0	2193808.0	2313150.0	2191309.0	2311459.0	2205921.0	2561563.0	2196542.0	2249561.0	2205413.0	2169085.0	2158650.0	2265691.0	2428133.0	2195063.0	2193001.0	2316103.0	2243302.0	2193916.0	2198575.0	2259677.0	2197946.0	2252069.0	2197464.0	2150259.0
scaffoldsARL071345	2212377.0	2512798.0	2558127.0	2242924.0	2234684.0	2921984.0	2553118.0	2922690.0	2914585.0	2206614.0	2178263.0	2914443.0	2905504.0	2901391.0	2208654.0	2157501.0	2207159.0	2719995.0	2556203.0	2196777.0	2232836.0	2206615.0	2519030.0	2246543.0	2922990.0	2902745.0	904059.0	2170524.0	2516913.0	2204252.0	2214802.0	2406397.0	2916874.0	2512796.0	2233678.0	1444143.0	2217645.0	2202840.0	2192845.0	2518264.0	2182200.0	2520545.0	2921939.0	2525299.0	2167293.0	2163278.0	2177634.0	2232932.0	2922035.0	2542637.0	2917851.0	2234638.0	2207105.0	2897876.0	2188575.0	2901776.0	2212641.0	2189171.0	2219190.0	2519556.0	2211874.0	2161006.0	2925023.0	2182278.0	2927764.0	2219067.0	2507907.0	2448062.0	2921087.0	2170918.0	2202356.0	2521314.0	2198313.0	2226047.0	2554135.0	2913801.0	2618514.0	2211589.0	2221746.0	2186320.0	2521055.0	2557306.0	2169539.0	2919402.0	2205180.0	2553960.0	2207902.0	2193582.0	2228403.0	2163358.0	2516176.0	2536255.0	2895182.0	2904074.0	2205961.0	2900279.0	2207277.0	2896502.0	2125277.0	2523913.0	2187633.0	2949517.0	2178174.0	2523051.0	2427294.0	2459940.0	2179072.0	2196005.0	2916168.0	2549806.0	2206652.0	2200492.0	2905461.0	2924923.0	2179345.0	2921619.0	2179521.0	2921267.0	2484483.0
scaffoldsTV138	2295723.0	2166609.0	2158608.0	2252646.0	2195912.0	2172458.0	2159053.0	2172656.0	2172565.0	2312882.0	2236769.0	2172468.0	2171983.0	2173743.0	2258400.0	2227822.0	2222006.0	2147264.0	2150447.0	2233193.0	2279088.0	2257694.0	2165632.0	2222752.0	2172411.0	2172937.0	804954.0	2237425.0	2166017.0	2235301.0	2253302.0	2147445.0	2172485.0	2157271.0	2280080.0	1372337.0	2238764.0	2235602.0	2228940.0	2165278.0	2231566.0	2167361.0	2173081.0	2161238.0	2032143.0	2230730.0	2503779.0	2279080.0	2176817.0	2159199.0	2172360.0	2309142.0	2216173.0	2170608.0	2226655.0	2168772.0	2220629.0	2261974.0	2239469.0	2167346.0	2296716.0	2229617.0	2173335.0	2248515.0	2169647.0	2239703.0	2139585.0	2111906.0	2172165.0	2355451.0	2234870.0	2166406.0	2238014.0	2223757.0	2157351.0	2173208.0	2184257.0	2340848.0	2226162.0	2228916.0	2168937.0	2162607.0	2241020.0	2171152.0	2204386.0	2160671.0	2219805.0	2233391.0	2266364.0	2234746.0	2167343.0	2141374.0	2171888.0	2171819.0	2237701.0	2170969.0	2221433.0	2172382.0	2160720.0	2168864.0	2226437.0	2172052.0	2511821.0	2168936.0	2149195.0	2144504.0	2504743.0	2237088.0	2170759.0	2157581.0	2218212.0	2237274.0	2171468.0	2173916.0	2503753.0	2172873.0	2234661.0	2171643.0	2123412.0
scaffoldsARL08902	2206960.0	2551864.0	2562509.0	2262188.0	2266997.0	2514859.0	2559055.0	2518003.0	2513343.0	2202344.0	2196846.0	2513324.0	2503164.0	2512922.0	2186731.0	2155935.0	2219204.0	2436388.0	2557610.0	2208390.0	2205573.0	2183039.0	3000284.0	2278516.0	2516066.0	2513359.0	857173.0	2182914.0	2995476.0	2236399.0	2194982.0	2444997.0	2514721.0	2519026.0	2204152.0	1456073.0	2213530.0	2231630.0	2191383.0	2995675.0	2198928.0	3005271.0	2519087.0	2995393.0	2179822.0	2158494.0	2177626.0	2206113.0	2518952.0	2510684.0	2513663.0	2228744.0	2220285.0	2510911.0	2198583.0	2507182.0	2208071.0	2184646.0	2216605.0	3001473.0	2206881.0	2186177.0	2509949.0	2182259.0	2512325.0	2211951.0	2636779.0	2472233.0	2517062.0	2175305.0	2209421.0	2998771.0	2208081.0	2188740.0	2560701.0	2515191.0	2543497.0	2203811.0	2186894.0	2180403.0	3001048.0	2565177.0	2182769.0	2513356.0	2207552.0	2561897.0	2216331.0	2177725.0	2227534.0	2158609.0	2998743.0	2542860.0	2510118.0	2512126.0	2234943.0	2509571.0	2216472.0	2509656.0	2145128.0	3009613.0	2196125.0	2516173.0	2173304.0	3025713.0	2471759.0	2491592.0	2177532.0	2207474.0	2505569.0	2557451.0	2215976.0	2229817.0	2514052.0	2519265.0	2176999.0	2516356.0	2196438.0	2512988.0	2429653.0
scaffoldsARL05425	2159028.0	2730628.0	2639399.0	2236916.0	2235886.0	2409687.0	2640909.0	2409124.0	2408136.0	2166507.0	2135925.0	2407484.0	2407425.0	2410584.0	2157745.0	2142547.0	2189301.0	2384301.0	2627858.0	2138922.0	2166465.0	2154550.0	2456954.0	2244171.0	2407246.0	2407787.0	866369.0	2128097.0	2453907.0	2227915.0	2162111.0	2507195.0	2408877.0	2402266.0	2164450.0	1443890.0	2200625.0	2226669.0	2136070.0	2455978.0	2141586.0	2457862.0	2410509.0	2461900.0	2122035.0	2145383.0	2136870.0	2165905.0	2413126.0	2504476.0	2409191.0	2167609.0	2187341.0	2407833.0	2134350.0	2404640.0	2174684.0	2152177.0	2201228.0	2452162.0	2158170.0	2122597.0	2413223.0	2147406.0	2411778.0	2201594.0	2360472.0	2506866.0	2409129.0	2133680.0	2145652.0	2455755.0	2139257.0	2162336.0	2636650.0	2408335.0	2503704.0	2142687.0	2168261.0	2138106.0	2457239.0	2645230.0	2129821.0	2407727.0	2187643.0	2641420.0	2186876.0	2156056.0	2176596.0	2143247.0	2455216.0	2622918.0	2407825.0	2408197.0	2228867.0	2406561.0	2186406.0	2407587.0	2104348.0	2453169.0	2129934.0	2412938.0	2131440.0	2453238.0	2861273.0	2530774.0	2138440.0	2138190.0	2408324.0	2634232.0	2186362.0	2227303.0	2406556.0	2409487.0	2138439.0	2409075.0	2140958.0	2408355.0	2468395.0
scaffoldsARL091265	2213779.0	2642783.0	2636415.0	2286743.0	2272051.0	2515630.0	2636763.0	2515507.0	2513868.0	2229642.0	2171742.0	2515277.0	2512076.0	2512153.0	2208193.0	2173959.0	2237458.0	2437880.0	2627933.0	2204306.0	2231729.0	2206437.0	2539166.0	2279319.0	2511734.0	2514112.0	940224.0	2164394.0	2542317.0	2276345.0	2222616.0	2483413.0	2508821.0	2520272.0	2229841.0	1501295.0	2266303.0	2272212.0	2191205.0	2537166.0	2179373.0	2542734.0	2515168.0	2549479.0	2192546.0	2176402.0	2178468.0	2231869.0	2517978.0	2571530.0	2512204.0	2250829.0	2245247.0	2510191.0	2190817.0	2505682.0	2245896.0	2197809.0	2268205.0	2534843.0	2211054.0	2169960.0	2515573.0	2200687.0	2520086.0	2264016.0	2542006.0	2928333.0	2514633.0	2171019.0	2200723.0	2542275.0	2202418.0	2236362.0	2636056.0	2511845.0	2593154.0	2218686.0	2200596.0	2170999.0	2543503.0	2635681.0	2165774.0	2513480.0	2232778.0	2633950.0	2234453.0	2238977.0	2239541.0	2177707.0	2539220.0	2617642.0	2508495.0	2513577.0	2274338.0	2510550.0	2235182.0	2509979.0	2122966.0	2543559.0	2183357.0	2522772.0	2168817.0	2544419.0	2598821.0	3099322.0	2179424.0	2200562.0	2512648.0	2630019.0	2232760.0	2271023.0	2511815.0	2516091.0	2177870.0	2517638.0	2180229.0	2515068.0	2431102.0
scaffoldsTV139	2311682.0	2174550.0	2166294.0	2262573.0	2209170.0	2169966.0	2166099.0	2170214.0	2171266.0	2326466.0	2246474.0	2171126.0	2169959.0	2170372.0	2274059.0	2240793.0	2236180.0	2146519.0	2158657.0	2249815.0	2293515.0	2270140.0	2168199.0	2234266.0	2168487.0	2171503.0	811179.0	2253368.0	2167602.0	2250112.0	2265590.0	2152940.0	2170038.0	2158457.0	2291829.0	1374273.0	2250440.0	2248711.0	2238332.0	2167899.0	2246422.0	2172824.0	2170919.0	2165977.0	2035299.0	2242837.0	2520956.0	2294358.0	2174886.0	2165333.0	2169531.0	2319626.0	2225926.0	2168163.0	2239406.0	2166477.0	2231268.0	2273102.0	2250340.0	2171313.0	2309602.0	2240110.0	2170229.0	2264502.0	2168371.0	2252221.0	2139025.0	2118843.0	2169130.0	2371529.0	2245240.0	2169226.0	2249553.0	2237470.0	2165243.0	2171405.0	2190204.0	2344731.0	2235513.0	2233844.0	2170909.0	2168458.0	2255649.0	2168633.0	2218033.0	2164652.0	2234095.0	2250876.0	2281457.0	2245035.0	2168266.0	2148800.0	2167440.0	2170640.0	2251612.0	2168641.0	2233345.0	2169061.0	2174673.0	2172406.0	2234852.0	2168785.0	2504668.0	2171112.0	2158879.0	2152751.0	2529247.0	2250439.0	2168172.0	2165602.0	2231912.0	2250730.0	2169034.0	2172327.0	2515355.0	2171585.0	2249426.0	2170476.0	2124375.0
scaffoldsTV47	2282017.0	2194549.0	2219269.0	2339829.0	2279321.0	2211534.0	2217420.0	2214125.0	2209900.0	2303711.0	2252228.0	2211750.0	2211109.0	2211080.0	2254041.0	2212439.0	2261673.0	2161136.0	2210741.0	2545421.0	2305996.0	2253010.0	2212094.0	2310138.0	2212030.0	2212090.0	805556.0	2250016.0	2216807.0	2247001.0	2270034.0	2143430.0	2211963.0	2218433.0	2305224.0	1459647.0	2276424.0	2244071.0	2508397.0	2219128.0	2255070.0	2217561.0	2212745.0	2213775.0	2052983.0	2211865.0	2273220.0	2303723.0	2214882.0	2220403.0	2212979.0	2300654.0	2253659.0	2210858.0	2517882.0	2211089.0	2241636.0	2266687.0	2280290.0	2218432.0	2280704.0	2246690.0	2211858.0	2279263.0	2212052.0	2274478.0	2179068.0	2160393.0	2214077.0	2258530.0	2526640.0	2214559.0	2539730.0	2269243.0	2217237.0	2214001.0	2215004.0	2241704.0	2224114.0	2294756.0	2215384.0	2219288.0	2254951.0	2209705.0	2258480.0	2216241.0	2266905.0	2295974.0	2282337.0	2216846.0	2217243.0	2203139.0	2211678.0	2209698.0	2248670.0	2210768.0	2260224.0	2209475.0	2384537.0	2222248.0	2422501.0	2212024.0	2260130.0	2222402.0	2173544.0	2178365.0	2276071.0	2557184.0	2212797.0	2216646.0	2262234.0	2250817.0	2210828.0	2214496.0	2272198.0	2212955.0	2254465.0	2210899.0	2159155.0
scaffoldsARL08394	2204612.0	2504646.0	2551473.0	2241626.0	2230780.0	2895437.0	2546923.0	2902541.0	2893710.0	2208214.0	2180637.0	2892569.0	2905515.0	2891462.0	2201527.0	2151141.0	2198874.0	2715515.0	2550803.0	2192393.0	2225307.0	2199193.0	2502844.0	2243752.0	2900462.0	2898211.0	901163.0	2165713.0	2501496.0	2200721.0	2207152.0	2404411.0	2894767.0	2507386.0	2222557.0	1446004.0	2214870.0	2198081.0	2192854.0	2503612.0	2182564.0	2505843.0	2899864.0	2511056.0	2160799.0	2155507.0	2170333.0	2225838.0	2894499.0	2535535.0	2895874.0	2222554.0	2196987.0	2896124.0	2186060.0	2902435.0	2206514.0	2186425.0	2216536.0	2503263.0	2204547.0	2163266.0	2907518.0	2171645.0	2903627.0	2215995.0	2498325.0	2438247.0	2896665.0	2172163.0	2197946.0	2505402.0	2193395.0	2216849.0	2547575.0	2893374.0	2605349.0	2206088.0	2210176.0	2184743.0	2507168.0	2550807.0	2163464.0	2896664.0	2202498.0	2546592.0	2199249.0	2178735.0	2221909.0	2155903.0	2501163.0	2528448.0	2890732.0	2897246.0	2200799.0	2890021.0	2198226.0	2891895.0	2121630.0	2509171.0	2186202.0	2913343.0	2169951.0	2508741.0	2420358.0	2449453.0	2171824.0	2191376.0	2926993.0	2545253.0	2198219.0	2197211.0	2899830.0	2902383.0	2171494.0	2894172.0	2179735.0	2899188.0	2474792.0
scaffoldsARL09193	2217726.0	2892495.0	2983149.0	2263922.0	2259093.0	2582930.0	2977951.0	2583349.0	2580048.0	2198912.0	2187750.0	2580370.0	2576736.0	2578931.0	2199446.0	2177471.0	2249984.0	2482290.0	2970450.0	2214823.0	2241752.0	2197922.0	2587017.0	2266490.0	2579413.0	2580961.0	933361.0	2181003.0	2583832.0	2286515.0	2233269.0	2535279.0	2580373.0	2581847.0	2240045.0	1462009.0	2238369.0	2279902.0	2190675.0	2584459.0	2192119.0	2589029.0	2583210.0	2589434.0	2173300.0	2182514.0	2178833.0	2240906.0	2584504.0	2801363.0	2580891.0	2242616.0	2247052.0	2578948.0	2210713.0	2572071.0	2229336.0	2209649.0	2238425.0	2570616.0	2214383.0	2173036.0	2581234.0	2209499.0	2582635.0	2236698.0	2505438.0	2581765.0	2579327.0	2169184.0	2218802.0	2584246.0	2214038.0	2219204.0	2980207.0	2577807.0	2646883.0	2216582.0	2203671.0	2180750.0	2584693.0	2980753.0	2183888.0	2581099.0	2243890.0	2978356.0	2246354.0	2213050.0	2230379.0	2182539.0	2582298.0	2960659.0	2577309.0	2580428.0	2285546.0	2578613.0	2247899.0	2575389.0	2152059.0	2580631.0	2180974.0	2583196.0	2169066.0	2580097.0	2667022.0	2595887.0	2179730.0	2211766.0	2577998.0	3014802.0	2245756.0	2288537.0	2581123.0	2583361.0	2178070.0	2583613.0	2187340.0	2580478.0	2555851.0
scaffoldsTV77	2294880.0	2220658.0	2244920.0	2310332.0	2274025.0	2229238.0	2242497.0	2226917.0	2225468.0	2292917.0	2207676.0	2227949.0	2223093.0	2225200.0	2328021.0	2247092.0	2617881.0	2166642.0	2236946.0	2258260.0	2326505.0	2323997.0	2211702.0	2337247.0	2225430.0	2227792.0	832121.0	2224668.0	2213730.0	2327714.0	2300688.0	2146163.0	2226425.0	2223962.0	2325719.0	1438302.0	2272584.0	2320703.0	2238283.0	2214093.0	2209369.0	2217269.0	2226858.0	2216344.0	2055218.0	2246577.0	2259290.0	2323699.0	2228113.0	2237056.0	2226195.0	2322499.0	2580359.0	2225461.0	2249448.0	2220854.0	2262025.0	2320245.0	2274087.0	2215011.0	2295157.0	2204186.0	2222439.0	2264550.0	2225127.0	2269734.0	2182247.0	2195286.0	2226554.0	2256180.0	2252872.0	2214180.0	2257562.0	2293527.0	2243810.0	2225874.0	2245702.0	2277598.0	2224209.0	2245785.0	2213513.0	2244679.0	2225686.0	2225239.0	2275069.0	2242874.0	2626318.0	2319973.0	2326360.0	2250956.0	2214015.0	2228565.0	2224897.0	2226524.0	2322833.0	2223871.0	2580575.0	2223479.0	2151307.0	2218408.0	2294858.0	2226245.0	2246571.0	2220584.0	2199659.0	2199223.0	2260705.0	2254375.0	2225854.0	2242734.0	2635774.0	2328955.0	2226254.0	2229212.0	2257812.0	2227770.0	2205062.0	2226220.0	2170290.0
scaffoldsTV14	2293176.0	2265480.0	2264253.0	2328004.0	2285057.0	2210402.0	2260546.0	2213256.0	2210291.0	2291019.0	2280314.0	2211614.0	2212529.0	2208612.0	2308447.0	2217476.0	2324587.0	2171346.0	2257110.0	2254709.0	2315686.0	2305686.0	2228984.0	2314887.0	2210772.0	2211080.0	838527.0	2267775.0	2229906.0	2564401.0	2295088.0	2207346.0	2211811.0	2224720.0	2312117.0	1440164.0	2313563.0	2557487.0	2238190.0	2227173.0	2283483.0	2232435.0	2211282.0	2229067.0	2066993.0	2217276.0	2273429.0	2316867.0	2211823.0	2255914.0	2212324.0	2290868.0	2313652.0	2207509.0	2241342.0	2207742.0	2256570.0	2306298.0	2313935.0	2230957.0	2290911.0	2268912.0	2210706.0	2271246.0	2211010.0	2310076.0	2202166.0	2228592.0	2210987.0	2280552.0	2248741.0	2228860.0	2251230.0	2264119.0	2262958.0	2209860.0	2262367.0	2221574.0	2255271.0	2233200.0	2230791.0	2262776.0	2263588.0	2210094.0	2323120.0	2259892.0	2322890.0	2283579.0	2301451.0	2221397.0	2227564.0	2246955.0	2208678.0	2209331.0	2561491.0	2210560.0	2319590.0	2208569.0	2175408.0	2233818.0	2225056.0	2211135.0	2258151.0	2234606.0	2239925.0	2248794.0	2276009.0	2252922.0	2209746.0	2263099.0	2320017.0	2583647.0	2209768.0	2214044.0	2272393.0	2213037.0	2281711.0	2212014.0	2169314.0
scaffoldsARL0835	2202212.0	2504247.0	2548445.0	2234309.0	2218157.0	2901187.0	2544868.0	2903681.0	2896041.0	2200930.0	2176633.0	2895785.0	2888801.0	2902285.0	2201291.0	2148340.0	2198218.0	2721982.0	2541520.0	2190157.0	2227563.0	2198991.0	2509402.0	2230239.0	2900054.0	2906364.0	897332.0	2166171.0	2506897.0	2203698.0	2209190.0	2401595.0	2897398.0	2496996.0	2227349.0	1442182.0	2215585.0	2201746.0	2186977.0	2509480.0	2176654.0	2511171.0	2904078.0	2511594.0	2153209.0	2152908.0	2170302.0	2227353.0	2899763.0	2533955.0	2897546.0	2223346.0	2198541.0	2902099.0	2182055.0	2885082.0	2200735.0	2179603.0	2217402.0	2508578.0	2200846.0	2158462.0	2891299.0	2175993.0	2891670.0	2217253.0	2498284.0	2437440.0	2899680.0	2164802.0	2194072.0	2512366.0	2190890.0	2218705.0	2544912.0	2895193.0	2598833.0	2207233.0	2209861.0	2181609.0	2512543.0	2547907.0	2165516.0	2899062.0	2199701.0	2544902.0	2198804.0	2182800.0	2217670.0	2153083.0	2506181.0	2526230.0	2899595.0	2903292.0	2204547.0	2895401.0	2198695.0	2902952.0	2119983.0	2514687.0	2184630.0	2902300.0	2170387.0	2514098.0	2415041.0	2448688.0	2171575.0	2188813.0	2896998.0	2542624.0	2198437.0	2200443.0	2921703.0	2902326.0	2172477.0	2899069.0	2173990.0	2896993.0	2467826.0
scaffoldsARL071384	2206237.0	2508105.0	2553430.0	2240780.0	2223780.0	2919012.0	2547872.0	2921732.0	2914053.0	2206578.0	2175533.0	2913345.0	2890894.0	2895061.0	2205007.0	2152988.0	2201958.0	2716914.0	2544026.0	2196979.0	2229369.0	2201725.0	2511262.0	2235196.0	2922182.0	2902012.0	899314.0	2162867.0	2509984.0	2200639.0	2211423.0	2404711.0	2915962.0	2500702.0	2228137.0	1453675.0	2216508.0	2195419.0	2195546.0	2512490.0	2182194.0	2514791.0	2919845.0	2513774.0	2164582.0	2156582.0	2171240.0	2229929.0	2916479.0	2538962.0	2914930.0	2226719.0	2199004.0	2896727.0	2190657.0	2887694.0	2202770.0	2188590.0	2218032.0	2513629.0	2205167.0	2157405.0	2908904.0	2175865.0	2910057.0	2216498.0	2498387.0	2444256.0	2915720.0	2171547.0	2200541.0	2513815.0	2196574.0	2221341.0	2549204.0	2908000.0	2604313.0	2205564.0	2215553.0	2184582.0	2515646.0	2551612.0	2160614.0	2917285.0	2203171.0	2546211.0	2202870.0	2185946.0	2217697.0	2157038.0	2509335.0	2530785.0	2894572.0	2901904.0	2199685.0	2893844.0	2201943.0	2894135.0	2125263.0	2516530.0	2188232.0	2920529.0	2169362.0	2517345.0	2419504.0	2459639.0	2172771.0	2194733.0	2900674.0	2546178.0	2202232.0	2197286.0	2901566.0	2933687.0	2171536.0	2915978.0	2178076.0	2920533.0	2473960.0
scaffoldsTV137	2313521.0	2182060.0	2173217.0	2263641.0	2206154.0	2179058.0	2173313.0	2180396.0	2177566.0	2330348.0	2248782.0	2179202.0	2177958.0	2176643.0	2272231.0	2237047.0	2238635.0	2152540.0	2165235.0	2244753.0	2293350.0	2268778.0	2175055.0	2235362.0	2177549.0	2179245.0	811220.0	2252488.0	2174015.0	2254234.0	2268526.0	2148336.0	2177050.0	2166749.0	2295081.0	1373456.0	2254735.0	2250957.0	2238904.0	2175352.0	2247530.0	2178080.0	2179900.0	2173254.0	2034468.0	2239518.0	2521325.0	2295857.0	2181354.0	2172579.0	2178582.0	2325222.0	2230193.0	2177138.0	2236128.0	2175192.0	2231111.0	2274275.0	2254249.0	2175895.0	2311840.0	2243488.0	2179802.0	2264846.0	2177228.0	2253374.0	2144637.0	2126883.0	2179463.0	2377957.0	2243373.0	2177017.0	2245459.0	2239431.0	2171905.0	2180866.0	2196678.0	2346783.0	2241535.0	2236273.0	2179559.0	2174075.0	2255387.0	2177428.0	2221526.0	2173036.0	2236040.0	2252035.0	2282473.0	2243924.0	2177122.0	2155783.0	2176113.0	2178042.0	2251364.0	2177139.0	2236083.0	2177081.0	2170354.0	2181078.0	2244890.0	2178328.0	2511626.0	2179510.0	2162415.0	2158100.0	2524152.0	2245512.0	2177151.0	2172243.0	2235797.0	2253399.0	2177894.0	2181443.0	2532880.0	2180785.0	2247404.0	2179376.0	2129007.0
scaffoldsARL071195	2207975.0	2506845.0	2556888.0	2240331.0	2222872.0	2922226.0	2552188.0	2923323.0	2916121.0	2204497.0	2175200.0	2915207.0	2892449.0	2900170.0	2206718.0	2154328.0	2202404.0	2718230.0	2546930.0	2193595.0	2232052.0	2203661.0	2515264.0	2233118.0	2918448.0	2903082.0	907007.0	2167401.0	2511891.0	2200751.0	2213847.0	2402418.0	2913750.0	2500078.0	2231141.0	1446584.0	2219156.0	2196611.0	2189242.0	2515237.0	2180425.0	2517442.0	2921789.0	2516503.0	2162779.0	2158934.0	2171503.0	2231774.0	2922216.0	2542022.0	2914939.0	2228795.0	2200834.0	2897469.0	2185296.0	2888470.0	2204539.0	2183623.0	2220010.0	2515342.0	2205971.0	2155657.0	2911042.0	2182270.0	2911930.0	2219410.0	2500492.0	2441794.0	2918828.0	2170234.0	2195075.0	2516265.0	2192815.0	2224277.0	2552453.0	2916205.0	2608237.0	2210226.0	2213429.0	2185551.0	2518441.0	2553471.0	2163861.0	2919180.0	2200407.0	2550818.0	2203106.0	2186078.0	2220528.0	2157552.0	2512982.0	2534019.0	2896943.0	2902166.0	2200034.0	2899987.0	2202722.0	2896601.0	2122920.0	2518612.0	2188222.0	2922852.0	2169494.0	2518945.0	2415367.0	2456537.0	2172893.0	2191526.0	2897484.0	2548223.0	2202871.0	2196594.0	2903749.0	2920515.0	2171889.0	2933720.0	2177406.0	2919165.0	2475954.0
scaffoldsTV58	2251702.0	2186003.0	2192369.0	2298546.0	2246727.0	2192215.0	2190702.0	2192550.0	2193032.0	2265630.0	2503350.0	2193955.0	2190630.0	2191462.0	2255410.0	2213215.0	2232286.0	2168458.0	2183077.0	2241283.0	2283692.0	2249941.0	2202104.0	2271268.0	2189368.0	2193976.0	800118.0	2383473.0	2203793.0	2285979.0	2258499.0	2160412.0	2189852.0	2202664.0	2282525.0	1415724.0	2274573.0	2283298.0	2236989.0	2203057.0	2494292.0	2208283.0	2191971.0	2204313.0	2052843.0	2215190.0	2258993.0	2283894.0	2193886.0	2195567.0	2191147.0	2260978.0	2212889.0	2191325.0	2227915.0	2186508.0	2190281.0	2222701.0	2274361.0	2204024.0	2250093.0	2419537.0	2193097.0	2269802.0	2191936.0	2274492.0	2165747.0	2162528.0	2191041.0	2263236.0	2235009.0	2204684.0	2243212.0	2219272.0	2190850.0	2191479.0	2213441.0	2205447.0	2232224.0	2238818.0	2204925.0	2192653.0	2383021.0	2189536.0	2281797.0	2189529.0	2222410.0	2220037.0	2265063.0	2216830.0	2201917.0	2177408.0	2190506.0	2191879.0	2283009.0	2189324.0	2230298.0	2190239.0	2186703.0	2207308.0	2235190.0	2190557.0	2244220.0	2204890.0	2165353.0	2180589.0	2258253.0	2238883.0	2189956.0	2191298.0	2222277.0	2286339.0	2192152.0	2194334.0	2251924.0	2192208.0	2529250.0	2190451.0	2156728.0
scaffoldsARL071205	2206212.0	2507950.0	2553007.0	2244051.0	2226269.0	2918306.0	2549812.0	2916427.0	2912077.0	2204527.0	2174254.0	2911608.0	2890831.0	2895501.0	2204558.0	2149939.0	2204397.0	2716936.0	2548021.0	2194332.0	2226262.0	2202480.0	2511436.0	2236790.0	2919093.0	2901655.0	901137.0	2167113.0	2510112.0	2201868.0	2209002.0	2406220.0	2913568.0	2499436.0	2224746.0	1443166.0	2214658.0	2198521.0	2190470.0	2513280.0	2180541.0	2515608.0	2915545.0	2515967.0	2160659.0	2154415.0	2172470.0	2226613.0	2913959.0	2539213.0	2913520.0	2226211.0	2200770.0	2897361.0	2186099.0	2884726.0	2200125.0	2186593.0	2214009.0	2512729.0	2203413.0	2156677.0	2905640.0	2176443.0	2910314.0	2213187.0	2496341.0	2442334.0	2913166.0	2170325.0	2196140.0	2513514.0	2193816.0	2220875.0	2550265.0	2908877.0	2603217.0	2208853.0	2218019.0	2182772.0	2515570.0	2549913.0	2164864.0	2918132.0	2201290.0	2547462.0	2203966.0	2186311.0	2217983.0	2154117.0	2509627.0	2532112.0	2893837.0	2903207.0	2200732.0	2896946.0	2203615.0	2895955.0	2124537.0	2517604.0	2186970.0	2918886.0	2170014.0	2516818.0	2419973.0	2454053.0	2173850.0	2192217.0	2899442.0	2548773.0	2202731.0	2198875.0	2899622.0	2921721.0	2172491.0	2914188.0	2177397.0	2937507.0	2470177.0
scaffoldsAR98565	2136275.0	2534380.0	2512947.0	2203834.0	2192935.0	2472145.0	2517325.0	2470335.0	2468238.0	2137925.0	2132630.0	2467818.0	2472508.0	2467719.0	2143469.0	2093551.0	2155792.0	2386965.0	2511474.0	2132568.0	2166315.0	2141571.0	2412313.0	2207717.0	2467252.0	2469298.0	862744.0	2120883.0	2409547.0	2152201.0	2156285.0	2399145.0	2468320.0	2499355.0	2163167.0	1450375.0	2150112.0	2149901.0	2131575.0	2412112.0	2137724.0	2414117.0	2471299.0	2418401.0	2169106.0	2095483.0	2111477.0	2165317.0	2470044.0	2443922.0	2467090.0	2156236.0	2157989.0	2465448.0	2123997.0	2472838.0	2135026.0	2135117.0	2152220.0	2410499.0	2133701.0	2115326.0	2478042.0	2131288.0	2476547.0	2150100.0	2376665.0	2364104.0	2469244.0	2110176.0	2133209.0	2411308.0	2131331.0	2134882.0	2508853.0	2468217.0	2569931.0	2148089.0	2128874.0	2133583.0	2413849.0	2510096.0	2119616.0	2469169.0	2133644.0	2514439.0	2153127.0	2100415.0	2145003.0	2094351.0	2408269.0	2508324.0	2465865.0	2467427.0	2150118.0	2465891.0	2155543.0	2462169.0	2079911.0	2417414.0	2125328.0	2479231.0	2110487.0	2417675.0	2460547.0	2363476.0	2112702.0	2130999.0	2473363.0	2510501.0	2152504.0	2149094.0	2468112.0	2472459.0	2111881.0	2471834.0	2136551.0	2469092.0	2849349.0
